# Kidokoro, Y.; Umemoto, K.; Hirose, K.; Ohishi, Y. Phase transition in SiC from zinc-blende to rock-salt structure and implications for carbon-rich extrasolar planets. Am. Mineral. 2017, 102, 2230–2234.
2007.0621468926556, 76.67692307692307
2120.762711864407, 74.95384615384616
2249.2937853107346, 85.29230769230769
2590.3954802259886, 78.61538461538461
2590.3954802259886, 91.32307692307691
2610.169491525424, 92.4
2689.2655367231637, 85.93846153846152
2911.7231638418075, 81.19999999999999