# time(ps) MSD_C MSD_Si
0 3.7101497835075645946e-24 5.3800376844945426483e-25
0.5 0.3214775719854037761 0.32159669883826785819
1 1.1375839293944567387 1.036995482477318653
1.5 2.7042529185152117677 2.026923574745078227
2 13.584646909567970496 10.054620217364684365
2.5 37.473568100062749409 30.108176197113653672
3 59.602150639542834654 49.778458097424000073
3.5 81.539411520437241165 69.326050968441322198
4 102.77909602867863725 88.373657603365614932
4.5 123.56262691112388552 107.13503602747054799
5 144.88536708326833491 126.37047114383835833
5 144.88536708326901703 126.37047114384031943
5.5 166.08237868602668641 145.75623112711122076
6 187.33613371508013756 164.68969790192304004
6.5 209.63657994050583966 184.464252962120554
7 230.32704777735952462 203.09103211893361163
7.5 252.1985109907725473 223.34041836818749971
8 274.04879523003978647 243.59282294050609607
8.5 294.57259876774514851 262.33639595452700632
9 316.23968498391650428 281.29564585880768846
9.5 337.00509350952802379 300.12664240665964144
10 359.04297736421693799 320.18578760549587514
10.5 380.95204872922397499 340.96410902644208818
11 402.14971630568390992 360.28494683795872788
11.5 424.65071318003617762 380.74090014232768908
12 446.49738653281241341 401.11586535976323376
12.5 467.50759056815104486 420.03958059699033356
13 487.3726179768953557 439.88522662072523417
13.5 507.75055949353583173 459.52487455217453771
14 530.12432432687444361 479.41245004369625349
14.5 550.71240225146050307 498.5037972359490368
15 572.56092377181596476 518.1163446281062761
15.5 595.27364393441109769 537.43654875346032895
16 616.82603822955536543 556.74023545794932488
16.5 638.6302470847153927 576.70825649398489077
17 661.97469880144103627 596.77712907764498595
17.5 683.51784314925475883 615.49832979328107285
18 705.1147435487077928 635.20392707914311359
18.5 727.60969976969420259 655.63185299750784907
19 749.15145717157520266 676.24601558134884272
19.5 771.40784937326679938 696.28949460676108174
20 791.95421221014487401 716.46711533879738454
20.5 815.28879941142383814 736.64425355029061393
21 837.22945185447269978 756.87864552852170164
21.5 860.70779002120605128 778.87183187910090965
22 883.09084593139823482 798.92398216436129132
22.5 904.20268537274932896 817.59072518939501606
23 925.33863179747368122 837.42117407526745865
23.5 945.97752890967888106 856.30357649788402341
24 969.93403703932551707 877.7174916835467684
24.5 991.59919477501227902 897.90665171654541155
25 1015.9084091808118728 919.42916353581267686
25.5 1037.1966212476131659 939.29303554201067072
26 1058.4250959301753028 957.73506992390980486
26.5 1081.4257317372148464 977.05214459537921812
27 1102.7425507669447597 997.44592220248262038
27.5 1125.5700203864000741 1017.0454377231908438
28 1149.1845901916633466 1038.1073865825128451
28.5 1166.3455290214783417 1057.5778618167519198
29 1188.0556278181838934 1078.6483968538468616
29.5 1210.7354209191125847 1099.1134232942581548
30 1230.5737913170735283 1115.5480722953498116
30.5 1249.3302256198217037 1133.3724243399160514
31 1272.5143647970469374 1152.6637908801194499
31.5 1295.5829323690495585 1173.7006699090081838
32 1315.7261951943403346 1193.3150844437916476
32.5 1337.6982762159755111 1212.9097190596908149
33 1359.7947782072094469 1233.9569921777278978
33.5 1380.3402681358104473 1254.0558787942597974
34 1401.0123148136137843 1274.7215803709166266
34.5 1421.7490433028794996 1292.5816114895442297
35 1446.6674309398515561 1314.8068394311897009
35.5 1470.979987131806638 1336.3618627184364414
36 1492.5354521472222586 1356.4472163735438244
36.5 1516.1405335800729972 1377.5286946158407773
37 1534.8323756198533374 1397.4121255102529631
37.5 1558.3011670182806938 1419.7589974865481963
38 1581.3791469658519873 1439.8372633716917335
38.5 1604.1294949359394195 1460.5723669612625599
39 1626.5738921270842638 1479.2869620100591419
39.5 1647.5073186926433664 1498.0526543298142315
40 1672.6991749655564945 1520.7081284721689372
40.5 1693.5297289257682678 1539.4689294435581814
41 1714.9917915521286886 1560.8241675620188289
41.5 1735.9536916996194122 1579.1553864238453571
42 1756.3237449467569604 1596.3906583289719947
42.5 1776.5019897549589132 1613.7416873195304561
43 1798.7118438340150988 1633.45876560943816
43.5 1821.3463515759779057 1651.7525459899716225
44 1843.4466572917565372 1670.5808552579751449
44.5 1869.1010696764719796 1693.3542071619958733
45 1893.9972701992976454 1714.0301816175565364
45.5 1915.2964658039256847 1733.078876341862042
46 1935.0514763033615964 1751.3286671512678367
46.5 1954.5679788181782897 1766.2842925719496634
47 1977.7172244867676909 1786.6750872588804668
47.5 2003.5701121074901039 1811.0344637983089342
48 2024.8091389020873976 1831.3055754461886409
48.5 2043.2366149899144148 1847.6741462724669418
49 2071.9030978431796939 1873.3170027743542505
49.5 2093.3701324177259266 1893.5135286191332398
50 2114.1611627423812934 1912.3078299459148184
50.5 2133.010369363746122 1927.6383701795812158
51 2156.4212008793761015 1949.9274881501662549
51.5 2179.0490126705863076 1971.7496780682583903
52 2197.3857263918198441 1986.3692176272484176
52.5 2214.1107977193814804 2000.6586179669839112
53 2238.7639419695174183 2021.1306863964452987
53.5 2255.2641704414636479 2038.2218583563922039
54 2277.8770394268840391 2057.7578696574887545
54.5 2298.8143877918787439 2077.2356467654203698
55 2324.0842154020951966 2100.1407384080866905
55.5 2344.4110660582905439 2120.0368907601205137
56 2361.7565711624210962 2136.3569967484022527
56.5 2385.642651352788107 2157.8176921233725807
57 2406.4244539952705964 2177.7108951996106043
57.5 2425.0810049517622247 2196.6085695486394798
58 2449.3131218209505278 2221.2733806574374285
58.5 2467.9963399507241775 2237.1041340160331856
59 2489.124692815067192 2258.679630642626762
59.5 2511.85435044861606 2281.5695930802553448
60 2532.6758157056196978 2303.5850056918998234
60.5 2549.856763542180488 2318.3185174657455718
61 2571.7081244000182778 2341.9797299263136665
61.5 2584.4271543140266658 2357.0043381327227507
62 2602.2555428863379348 2375.6186114606580304
62.5 2628.1095223533989156 2397.6110269615469406
63 2647.3034090388232471 2416.266766092067428
63.5 2671.957724839893217 2438.2003947897924263
64 2692.3986720340180909 2459.9612210988711922
64.5 2718.434104445601406 2480.1713082667165509
65 2741.3025877729978674 2499.704199644581422
65.5 2759.7282538254389692 2517.8433871878987702
66 2782.3708421428045767 2538.3567735965530119
66.5 2804.0022677083061353 2556.1952526272243631
67 2832.3950713071385508 2582.9719817433078788
67.5 2854.1298456844701832 2603.2846413241786649
68 2874.6141680812852428 2620.1092570410037297
68.5 2897.8642736590709319 2641.2097544341636421
69 2924.4931130319769181 2662.3850707822221011
69.5 2945.7464201050402153 2682.2392393199825165
70 2971.2897174838253704 2705.2469157618943427
70.5 2990.0183994835279009 2721.2023379003362606
71 3013.1238994197087777 2738.1386432003246227
71.5 3037.0375690304772434 2762.1066673434170298
72 3059.7726469808567344 2784.4637324495597568
72.5 3078.3833460960986486 2800.5093231897672013
73 3101.0832920330312845 2819.1231244285222601
73.5 3123.660241489668806 2839.2869584421264335
74 3152.7205649955944864 2863.1348368430622031
74.5 3177.5907222783712314 2886.2690274824167318
75 3202.7341703207775936 2909.2691173654338854
75.5 3222.5336390960906101 2928.2410997348029014
76 3239.7426964559867884 2946.1069961826938197
76.5 3261.2593509482830996 2968.939091531930444
77 3285.855152541964344 2993.357792547007648
77.5 3311.5161151983247692 3015.8015369378663308
78 3336.2353513219186425 3038.2420455804699486
78.5 3356.3902909616590478 3053.8394507117182002
79 3384.5822386472314065 3078.8695835611738403
79.5 3402.7201783501054706 3094.3871478328392186
80 3427.077471809004237 3119.0763752905381807
80.5 3452.948517589723906 3142.9216977526593837
81 3477.2739103290773528 3163.511754598317566
81.5 3492.3697205268881589 3178.8586914490456365
82 3509.7645242683829565 3193.6462523959994542
82.5 3531.1209949845811025 3213.2051120236260431
83 3556.3026822247893506 3238.6746916929701001
83.5 3575.856157623738909 3257.870602836764192
84 3599.1619105910076541 3277.6914529167206638
84.5 3615.6743755588722706 3293.5735742192332509
85 3634.0377346730056161 3309.6964820975285875
85.5 3654.9493212492780003 3328.3971079452985578
86 3683.398939893685565 3355.6217067685875008
86.5 3709.6579318534204504 3380.3408149651031636
87 3731.8498778110265448 3399.7474324072882155
87.5 3757.3903230520550096 3422.1951440753286988
88 3787.7336869789101002 3448.4987493405619716
88.5 3809.7446088137717197 3466.0357445531440135
89 3829.8231067760571023 3483.2064021027622402
89.5 3843.0011581736953303 3494.6516510882306648
90 3863.1806891885621553 3514.4196290184518148
90.5 3882.8880698008597392 3532.3471441478232009
91 3902.1464245288784696 3548.4646977538905048
91.5 3923.2020773052272489 3569.2842785368497971
92 3948.234881074426994 3588.7415528551682655
92.5 3970.5454590693116188 3609.8242983130444372
93 3993.137532598452708 3630.0275792201136937
93.5 4010.9757876129215219 3643.7640652432269235
94 4024.4253977261091677 3654.3012891146213406
94.5 4048.6111136412182532 3677.9634022508480484
95 4074.0330530215514955 3703.1472373330366281
95.5 4097.9477068028772919 3727.4163784843276517
96 4120.6502435561087623 3745.3565994160298942
96.5 4142.9194369890001326 3766.6233515568442272
97 4167.8213340417387371 3788.3335334950456854
97.5 4181.7729657953223068 3801.9508965031318439
98 4207.9790633845132106 3821.3443510430734023
98.5 4226.1389520454549711 3837.6998921494564456
99 4250.6160957065740149 3855.7856391581035496
99.5 4271.5126730925330776 3876.5438465737579463
100 4292.7576476319800349 3898.5512337783197836
100.5 4311.2820101530769534 3915.4821704484816109
101 4333.895616792952751 3938.1448945173096945
101.5 4358.7618611077396054 3962.7474807699186385
102 4380.5220437622292593 3984.6898808051873857
102.5 4397.4966714130941909 3998.4387962718478775
103 4423.3769596404081312 4022.4197080174494658
103.5 4442.7008085185771051 4042.357939851282481
104 4469.2777900716846489 4062.9023017145777885
104.5 4489.0525133575620202 4081.2665779087587907
105 4514.9995752708173313 4107.1201307560640998
105.5 4529.9655487027703202 4122.5675428700042175
106 4542.99056942437619 4136.8618082220555152
106.5 4570.8417847583405091 4160.8977569277994917
107 4597.2298519480482355 4183.4069578855951477
107.5 4616.0945634278023135 4199.9185051614676922
108 4633.9212753587371481 4217.6220869412636603
108.5 4656.3683082036432097 4243.3937059791223874
109 4678.9663286779632472 4263.8020271469476938
109.5 4699.46557384587868 4282.243911410228975
110 4721.0065173957564184 4300.5538368593042833
110.5 4749.4196890380599143 4326.3668690310678357
111 4775.5375087547872681 4345.1818779780414843
111.5 4793.8020030070638313 4360.1716824981722311
112 4827.2186661752766668 4390.4562650545631186
112.5 4845.7845121785567244 4406.5708047087682644
113 4868.0891127629656694 4428.6445386670475273
113.5 4889.3377981795911182 4447.4526667273567
114 4904.0730755193126242 4462.5395972767119019
114.5 4933.678822888614377 4485.9727785361837959
115 4954.1549891536487848 4507.5039845021819929
115.5 4972.4068378446927454 4524.4670701244931479
116 4990.9514588917490983 4546.1502158533485272
116.5 5004.872419310890109 4557.8572119627724533
117 5032.2691717398602123 4584.0977788688760484
117.5 5050.4169269593721765 4598.5489623904668406
118 5079.9652608639680693 4625.0422090434612983
118.5 5102.535811882946291 4644.3791657224082883
119 5118.272981633776908 4661.7111190853320295
119.5 5140.2184490708759768 4680.3164292231731451
120 5161.8500992389326711 4698.9543640762203722
120.5 5179.5565813841822091 4714.2337801534131358
121 5208.8073725428639591 4742.8654022006994637
121.5 5230.6269152891654812 4761.5327016607407131
122 5248.0601834564495221 4777.6895414654936758
122.5 5268.1840043644633624 4798.9567556396059445
123 5295.6859122835867311 4824.2653295881536906
123.5 5314.5446279005300312 4841.0430098641872974
124 5344.6183579635189744 4870.1839498973758964
124.5 5363.1946218691173272 4892.239548976858714
125 5375.0340963986936913 4907.6807285489003334
125.5 5394.9209670197851665 4927.0369573276193478
126 5408.1479942111709533 4941.1139698714341648
126.5 5425.9679401180592322 4956.6376176202356874
127 5444.3258537592346329 4973.9005498449832885
127.5 5473.6711483384297026 4997.6743720288986879
128 5497.2791279124312496 5017.1876483493788328
128.5 5526.4126039498032696 5041.3510764805769213
129 5549.5785868196016963 5067.0885213367846518
129.5 5568.2695381112189352 5084.977072831869009
130 5585.6493988624515623 5104.7145043299678946
130.5 5605.4801139505980245 5127.2156572599378705
131 5628.3249346496550061 5149.090949396329961
131.5 5646.0581909922702835 5166.06167105059194
132 5673.0541787471829593 5191.52329361039574
132.5 5703.150146816961751 5220.9224912717081679
133 5716.4417204546589346 5233.348173059196597
133.5 5732.5938278204275775 5251.0439313655160731
134 5759.6980414371391817 5278.5781651653469453
134.5 5781.2486638005029818 5293.8610551494366518
135 5794.2886414377026085 5304.6448592331880718
135.5 5831.7954351018515808 5334.6895239754085196
136 5842.8396100608852066 5351.8376333619671641
136.5 5856.3912470146606211 5367.93490032570935
137 5880.8361326286785697 5390.4186309818933296
137.5 5904.6701856121371748 5411.9207971541572988
138 5931.3918794436985991 5439.0870065082690417
138.5 5955.9047965874888177 5458.6841704408825535
139 5981.7128716710403751 5483.142115634404945
139.5 6000.0453337272729186 5503.1612221638997653
140 6031.0184158703677895 5531.3871172157860201
140.5 6053.8332765852164812 5552.3197408255246046
141 6075.0449253418810258 5574.9515424064657054
141.5 6096.3464087505371936 5591.995895042590746
142 6107.9874914579586402 5603.7648796700395906
142.5 6134.0079901520457497 5629.0052679343152704
143 6150.6285525622324712 5642.977006318506028
143.5 6180.9845366548534003 5670.1235389475268676
144 6187.1088442638101697 5676.0741030819144726
144.5 6208.9559919554922089 5690.3055255622166442
145 6233.0003605180754676 5706.3818375718619791
145.5 6255.9256604674246773 5729.0597147865919396
146 6288.4240840768734415 5757.0733485584214577
146.5 6310.2633057968996582 5778.3095869354510796
147 6329.939681086562814 5795.0290546258675022
147.5 6357.0323248832091849 5820.971507504078545
148 6381.6212667031240926 5846.8923274423332259
148.5 6405.0889516814449962 5873.2403151456983323
149 6425.691974542576645 5894.1987375459757459
149.5 6455.1562422460638118 5916.3875173465639818
150 6479.4382538484678662 5940.579094135622654
150.5 6507.2900837137631243 5968.4118415786970218
151 6532.2478129337659993 5987.0477002344669017
151.5 6555.1398451581881091 6005.1337337122768076
152 6587.0138854954884664 6036.3325995505419996
152.5 6615.24340600897267 6060.8145443580478968
153 6631.3132506084739362 6078.0550650788036364
153.5 6658.8205816917425182 6106.0417426139874806
154 6682.3363733661908554 6125.304561121444749
154.5 6706.4572907433066575 6148.9970682233424668
155 6722.5506238363350349 6163.8877336760788239
155.5 6744.3234825221134088 6180.4028389944451192
156 6758.1969077324174577 6188.5493148430532528
156.5 6782.7843021544595103 6212.8179573661200266
157 6798.1607236020390701 6222.1711479144551049
157.5 6822.5840983216703535 6245.4932587933590185
158 6855.5064797495551829 6277.2286089806248128
158.5 6881.7774004117100048 6304.4352853214595598
159 6899.3425127835480453 6326.4709614362845969
159.5 6928.9513369632604736 6355.4128439265605266
160 6931.6969358021478911 6357.128199628218681
160.5 6949.9107352613227704 6375.5083998913296455
161 6967.8983265140177537 6389.2419787735043428
161.5 6995.6530069364571318 6417.2016747617217334
162 7019.6007174448768637 6439.1671229198009314
162.5 7034.6569480397956795 6458.1957290009886492
163 7053.2807909343964639 6479.112748629951966
163.5 7080.6682632814918179 6498.4912459879060407
164 7098.0064363098435933 6515.1758523710259396
164.5 7107.6665555179151852 6522.012840891083215
165 7124.5361525107618945 6537.4013397487087786
165.5 7136.2301312525905814 6544.6154619479002577
166 7168.2130026654785979 6574.0257868189864894
166.5 7182.0840626657100074 6585.0847902076902756
167 7212.6352464633018826 6613.5360632677684407
167.5 7240.340114525422905 6637.3633988878082164
168 7261.4663060082448283 6656.2945096763487527
168.5 7265.503121697161987 6658.7857061433669514
169 7291.175610535053238 6686.735322272900703
169.5 7313.2641615570382783 6702.1521327806449335
170 7337.9250437529117335 6727.5437691200659174
170.5 7366.8343900022500748 6752.6716936467291816
171 7388.6735937335988638 6768.9363521897003011
171.5 7409.6410506818374415 6784.068820300905827
172 7427.8846116033555518 6801.4684138044003703
172.5 7450.705844063697441 6815.0838787690854588
173 7475.8717104385077619 6833.1044890463081174
173.5 7500.89289315467704 6851.7285256419409052
174 7525.6055563841337062 6872.8693556149028154
174.5 7538.7013911375415773 6880.2179622700487016
175 7562.4469717868933003 6903.6999309240200091
175.5 7574.2485796433084033 6919.5408197450615262
176 7610.4292775082449225 6949.2841101157328012
176.5 7619.5151217620496027 6962.4226419967862967
177 7637.0464071638880341 6985.7803248659211022
177.5 7656.4215705749684275 7001.5667034051402879
178 7677.6550270624329642 7020.4715038041695152
178.5 7705.0438570301057553 7044.0349173497588708
179 7730.5191612938206163 7064.019513617317898
179.5 7750.4435011119985575 7075.5369518811248781
180 7765.0876132021330704 7088.0469117157426808
180.5 7783.6220738105521377 7108.8472039026310085
181 7813.1045148009052355 7133.4230078035088809
181.5 7843.1265681977238273 7164.8877032806612988
182 7878.7983229066430795 7193.9391963544876489
182.5 7904.5161884735171043 7222.5208683383834796
183 7933.6636769879451094 7247.6683878655921944
183.5 7933.5825735802663985 7244.227874274446549
184 7946.1118326080777479 7250.0166961172762967
184.5 7972.9253006585122421 7272.3408649201001026
185 7992.4622035365046031 7291.3270153296007265
185.5 8008.0101320198855319 7305.0118189547065413
186 8029.5336380582257334 7325.2648392999271891
186.5 8045.6160866039517714 7335.2649454770780721
187 8062.1952952306710358 7353.4765788895783771
187.5 8082.5912347980283812 7377.3505871665238374
188 8110.7228880619277334 7404.3466563675001453
188.5 8122.4630979969733744 7420.2754512958608757
189 8147.591503903658122 7442.2140356179497758
189.5 8164.0362625343368563 7456.9728009462160117
190 8179.1763571452120232 7468.4831877911410629
190.5 8187.5861091620326988 7473.2975626824863866
191 8213.399307296547704 7491.7039820313657401
191.5 8235.0121889826696133 7513.2602704668288425
192 8260.8469551774633146 7538.077864691387731
192.5 8281.7400082845397264 7556.6986329299934368
193 8319.650685726728625 7586.825189332887021
193.5 8335.1211895475571509 7600.0243084654430277
194 8368.6299598711757426 7626.7810626001883065
194.5 8375.2502458594972268 7634.1576624575845926
195 8408.9858083243743749 7662.4515917484714009
195.5 8428.1417964358315658 7670.8711082698246173
196 8432.0849899217009806 7672.7885383383481894
196.5 8455.1329474347385258 7689.818718327723218
197 8480.7935298505908577 7705.3660694850823347
197.5 8505.1305884705689095 7722.2250435066243881
198 8512.2527987352968921 7732.2885721878010372
198.5 8538.761143747913593 7763.2260886146232224
199 8550.3114879347249371 7779.8553560505051792
199.5 8574.2396782454143249 7801.4586808495332662
200 8596.0721918628405547 7818.4660915631739044
200.5 8627.1823084104853478 7844.8558739526206409
201 8646.2671953326735093 7864.2207927514164112
201.5 8672.3146033622779214 7890.5747677541894518
202 8687.6107469646904065 7909.7350883449498724
202.5 8729.130397064227509 7949.1633349134308446
203 8747.7899105571741529 7967.5409114061885703
203.5 8772.2105024357206275 7990.5529049066517473
204 8786.7293957708570815 8004.2379593939504048
204.5 8802.8529700814633543 8016.465554788589543
205 8838.0075838066859433 8049.9925358798745947
205.5 8866.5959179712608602 8076.7527768892578024
206 8904.4286181353763823 8107.085943238593245
206.5 8919.1029256154051836 8116.4986417673653705
207 8938.1329976736778917 8128.5244309981126207
207.5 8962.1287357650853664 8149.057287748757517
208 8991.7977164347430517 8171.5735073870273482
208.5 8994.713689675067144 8171.3594964301910295
209 9009.1900644027591625 8186.588684649019342
209.5 9026.1366243832198961 8201.6601659937859949
210 9047.0038094609062682 8222.2671922500176152
210.5 9070.3742581592687202 8241.6166407892542338
211 9097.4526226321813738 8270.103746606320783
211.5 9118.7898439084365236 8296.4292839340487262
212 9129.6338725646201055 8309.4472236166784569
212.5 9155.9530862103802065 8334.2785390031549468
213 9184.1202310070875683 8350.6998976201102778
213.5 9208.9040648685095221 8377.7605065267543978
214 9214.1611329396200745 8384.8469518258898461
214.5 9235.0339343978866964 8400.3194958092972229
215 9261.2601942137189326 8421.0255450712738821
215.5 9283.9228381133725634 8439.9646433161451569
216 9306.7067960129388666 8460.9934726848423452
216.5 9341.3643921484963357 8497.3651944377888867
217 9351.6168062509259471 8506.2393308795781195
217.5 9370.8103661936456774 8526.4248018051166582
218 9391.1525402911884157 8550.345515976761817
218.5 9405.9172259868846595 8570.7991756566188997
219 9420.7892886254285258 8582.0529253080330818
219.5 9447.3440116698020574 8606.3575626934016327
220 9466.4661134716643573 8621.3322667768661631
220.5 9500.0285010147545108 8651.3947007668957667
221 9516.5502343723856029 8664.3331629036274535
221.5 9526.4014838107086689 8670.1378819573146757
222 9552.168972119643513 8694.6048764427941933
222.5 9568.659792610704244 8705.1024917327849835
223 9588.4696093926631875 8721.4957254541932343
223.5 9622.9634717335502501 8755.7926552097596868
224 9650.5543875860312255 8778.6955950119827321
224.5 9673.7954569152479962 8798.9607997004004574
225 9687.9426953098045487 8805.8037627257508575
225.5 9718.4540405796051346 8832.5405441758284724
226 9746.4691838360413385 8853.4102367457689979
226.5 9778.6814071846802108 8874.5335178625336994
227 9802.3492912123092538 8895.102523354391451
227.5 9820.6456455658299092 8912.6614436869185738
228 9842.3121218201176816 8939.5480468956793629
228.5 9870.8491815955094353 8962.8821228294636967
229 9892.5259439941692108 8982.2538479232316604
229.5 9904.1697674466959143 8986.4646906127145485
230 9932.1463185545017041 9016.1796821382522467
230.5 9956.1171951026935858 9040.903878637114758
231 9992.5821365415231412 9072.4812310001307196
231.5 10009.022113393748441 9095.6409675248542044
232 10040.96742490357974 9130.1977270709448931
232.5 10070.236400222704106 9157.2629508104582783
233 10099.225540412719056 9176.9953060478292173
233.5 10113.57635342229878 9191.6921914550239308
234 10150.830070900721694 9229.6175978980918444
234.5 10171.61696112343634 9251.1485208572066767
235 10176.310019932954674 9260.4963503847611719
235.5 10188.117187025580279 9274.143716652844887
236 10208.100386688998697 9292.7202138794982602
236.5 10242.327838762841566 9326.6883010520505195
237 10274.14135989269198 9348.7511171085006936
237.5 10285.91889546739003 9355.3620261318519624
238 10315.716023601924462 9386.4271075545948406
238.5 10339.420099284719981 9403.6580937862909195
239 10364.964325652736079 9430.2989445607290691
239.5 10399.855795572440911 9461.1455189814714686
240 10408.805455298677771 9470.3720874571936292
240.5 10428.117820107365333 9480.1822693385001912
241 10457.118002993125629 9499.7766288718157739
241.5 10487.821706676093527 9528.2234908746504516
242 10515.380237903818852 9555.5025747497438715
242.5 10527.807138663441947 9566.789520250633359
243 10530.992861617020026 9574.1997931085570599
243.5 10561.084261070089269 9609.801500421775927
244 10572.975821823863953 9619.0223058910432883
244.5 10592.567203676426288 9643.9881757907805877
245 10620.779674629226065 9673.3097411485687189
245.5 10638.78688857115776 9688.8880417851232778
246 10644.082102137992479 9697.3739363487256924
246.5 10673.39368235981965 9726.9887847212703491
247 10692.838055267002346 9747.8294407475059415
247.5 10699.836774087058075 9750.7278472768066422
248 10726.013788630913041 9772.0682975240670203
248.5 10731.894540487437553 9776.1408661770965409
249 10748.705182725960185 9793.9041081549203227
249.5 10758.199248151526263 9807.9061405652810208
250 10785.908483958013676 9837.9523471351240005
250.5 10800.642187798410305 9849.7091763283679029
251 10807.809574751445325 9859.2608054421889392
251.5 10830.078161435751099 9874.7547785312144697
252 10867.835135843606622 9915.6999551786993834
252.5 10879.136415694085372 9926.7145759739323694
253 10899.326931215486184 9948.5836140034061827
253.5 10907.304021339254177 9959.9888469458092004
254 10929.429791311020381 9982.6531306464166846
254.5 10972.50458414424611 10021.427727463638803
255 10992.946502471268104 10041.995981545655013
255.5 11019.582986577095653 10062.375883120883373
256 11043.119538422313781 10089.302585109680876
256.5 11065.205624727661416 10107.578281281703312
257 11073.819955637996827 10114.579507863178151
257.5 11071.203629307199662 10112.62657107704581
258 11094.075921363075395 10136.498696637028843
258.5 11115.989592558800723 10157.937111259616358
259 11141.550551484953758 10173.08768873608642
259.5 11164.755452971632621 10193.733923440046055
260 11169.652226896301727 10204.436118754056224
260.5 11199.45163841320209 10228.559036806524091
261 11199.686741013369101 10231.476148448080494
261.5 11224.321009305442203 10252.525377188463608
262 11255.747928044112996 10277.892065809903215
262.5 11287.297886182022921 10306.976218312796846
263 11286.144351365579496 10300.076320281916196
263.5 11332.566096332657253 10336.425723062033285
264 11354.489174461448783 10355.109451173695561
264.5 11386.478893532606889 10386.238438089663759
265 11408.886985683158855 10401.951990017521894
265.5 11419.737837839162239 10418.444170842563835
266 11448.00427188910362 10453.083332310145124
266.5 11474.81872458943144 10481.62921284892218
267 11499.995241467720916 10502.154666670716324
267.5 11540.116430582098474 10535.919363141651047
268 11561.66728745049295 10552.071975860044404
268.5 11577.538415600649387 10566.050371716442896
269 11608.802864986968416 10601.783313539637675
269.5 11614.975516274082111 10613.970709430081115
270 11628.859049417895221 10625.893726768275883
270.5 11653.10836536261013 10647.543869510749573
271 11673.431351219149292 10665.774593680156613
271.5 11686.178186496112176 10679.033851705744382
272 11730.451626757758277 10714.01716663510706
272.5 11762.760237376665827 10743.884973067839383
273 11794.499102082632817 10775.709948917914517
273.5 11817.895857819001321 10799.405546054846127
274 11841.313428109426241 10816.862952589352062
274.5 11874.199553497863235 10846.56111451898505
275 11880.605510333822167 10857.99547419652481
275.5 11900.082857834211609 10867.277740159459427
276 11939.000139463525556 10894.7897921156964
276.5 11959.192943382206067 10912.18036408568878
277 11980.644831310866721 10927.092213613292188
277.5 12030.846640775625929 10971.713734905062665
278 12052.620147100507893 10995.48100011110364
278.5 12074.711751699529486 11018.764187124266755
279 12099.812860895528502 11033.972992755898304
279.5 12122.23079603595761 11046.360525163920101
280 12144.189620909144651 11078.503947539586079
280.5 12168.265975414431523 11103.529059665603199
281 12217.764823092655206 11146.76170506643939
281.5 12264.699836993302597 11182.52810127824705
282 12282.174908069022422 11193.166373302414286
282.5 12309.627903890619564 11215.09369682574652
283 12331.618694269738626 11239.332691862931824
283.5 12379.780201529087208 11279.723566032580493
284 12419.74001071402563 11311.733050357690445
284.5 12458.363598679115967 11343.163605572657616
285 12484.620281560451986 11365.669973880125326
285.5 12500.482938850944265 11379.910793153325358
286 12511.405144734409987 11399.27638811475299
286.5 12552.173639695842212 11437.794117404238932
287 12558.009228133389115 11443.998142363372608
287.5 12564.024128988028679 11451.546714698544747
288 12573.552980592341555 11457.707902688196555
288.5 12615.483089549619763 11493.302852660683129
289 12647.843018418030624 11524.726160240566969
289.5 12687.648992248799914 11556.827664515369179
290 12699.25586734594981 11566.001066231247023
290.5 12764.473000332356605 11628.135057473473353
291 12793.353517068308065 11658.31191491169011
291.5 12840.133145053581757 11698.712940829786021
292 12856.546741911954086 11707.781098588475288
292.5 12867.925869784839961 11721.831544602937356
293 12869.651702809916969 11716.724979616823475
293.5 12892.313523384824293 11736.938841408891676
294 12913.493787625700861 11754.166802563713645
294.5 12937.180278043530052 11774.996210381837955
295 12966.66351228746862 11805.655143748343107
295.5 12966.00592855206196 11803.33611647037651
296 12967.758112943263768 11808.471955882492693
296.5 13016.059207322465227 11847.629736172182675
297 13047.080125218853937 11875.611194724126108
297.5 13073.357913025220114 11898.079394704329388
298 13092.600247798156488 11907.787389162427644
298.5 13156.604977304728891 11962.874010148518209
299 13181.592730389760618 11992.589414460888293
299.5 13176.944125620328123 11987.165371556968239
300 13211.979233384210602 12014.001606117151823
300.5 13219.724889618493762 12015.766697182854841
301 13209.062958188942503 12008.880127937143698
301.5 13244.814131815819565 12044.768058843983454
302 13264.529223433906736 12069.356630879752629
302.5 13259.809447524203279 12072.125690059639965
303 13274.146086354334329 12090.438328386431749
303.5 13277.099745026687742 12092.278366802232995
304 13289.597856609536393 12100.865633630042794
304.5 13294.009336489070847 12107.747877134675946
305 13294.465090242572842 12107.257120886115445
305.5 13320.28967228158217 12131.312971395744171
306 13334.468479570192358 12146.264031342094313
306.5 13360.367254339162173 12165.780300023627206
307 13366.216639766524167 12166.941634556960707
307.5 13404.448309338673425 12196.816489339087639
308 13389.953066359985314 12182.572729267954855
308.5 13412.916086846098551 12200.679267693254587
309 13435.87057085827837 12221.301693717405215
309.5 13462.719219853062896 12246.675277478640055
310 13484.871080716357028 12265.988590874265356
310.5 13531.155933361713323 12307.333238247651025
311 13575.052500095867799 12351.517184570864629
311.5 13609.593876966819153 12375.410503443632479
312 13624.951513561420143 12385.45512659277847
312.5 13635.843084472584451 12388.049277921445537
313 13639.501254610826436 12393.498030690636369
313.5 13674.028897037260322 12421.734456868805864
314 13708.199959750236303 12453.888985440298711
314.5 13728.815720012064048 12474.058144746795733
315 13783.007205742236692 12521.749317468767913
315.5 13793.842132567977387 12532.264404661153094
316 13829.536630207410781 12569.148644984679777
316.5 13880.418157958483789 12610.028311413887423
317 13922.02440973578814 12650.178534007618509
317.5 13957.173043644786958 12679.852893313138338
318 13983.955994899979487 12711.586737984258434
318.5 14007.51368492045367 12735.652675096807798
319 14065.959274298031232 12788.266590103583439
319.5 14076.72439175434738 12791.017918384373843
320 14085.747606416118288 12800.889156254303089
320.5 14121.34485372630661 12830.213162790621936
321 14162.644329032766109 12864.713679902506556
321.5 14199.852921154324576 12894.840822408446911
322 14221.233945956888419 12912.165151281396902
322.5 14281.783123040871942 12966.041331232316224
323 14307.607547318077195 12986.697836088329495
323.5 14352.397679760106257 13020.553151792832068
324 14406.288046519568525 13070.012442653916878
324.5 14414.858917839013884 13075.182469689645586
325 14438.893368053719314 13091.688751559469893
325.5 14505.01042088878603 13144.818586803990911
326 14517.4675330640639 13163.176110476100803
326.5 14515.502685756348001 13162.092237399576334
327 14551.441515645088657 13191.458513411624153
327.5 14593.707757285126718 13226.769573047147787
328 14634.903276326320338 13264.387036362228173
328.5 14661.922565521495926 13281.67015919568621
329 14665.937202505392634 13281.240888570398965
329.5 14657.553674457896705 13276.394049268290473
330 14676.974970416698852 13291.967030907155277
330.5 14722.462114284693598 13336.131489436966149
331 14720.339414317408227 13333.542207988206428
331.5 14742.093604624731597 13358.058757392136613
332 14774.293753099238529 13386.069876152036159
332.5 14799.021844334969501 13411.367167235703164
333 14823.021986507412294 13437.673640144712408
333.5 14838.688773732235859 13448.084092560886347
334 14862.472690608439734 13468.635991714585543
334.5 14904.920280426495083 13509.989495403182445
335 14904.434275412597344 13511.54087941706166
335.5 14936.740458904610932 13532.713833930924011
336 14958.179649798716127 13545.986976150417831
336.5 14982.523933144973853 13571.442013929050518
337 15017.728311549064529 13601.724135824875702
337.5 15065.94571034258297 13642.81350508011019
338 15115.364232594274654 13682.114753349735111
338.5 15159.630580917237239 13724.239454962986201
339 15170.597263980187563 13740.64596676158726
339.5 15170.950797946727107 13744.717530203701244
340 15187.044377468115272 13763.306358306024777
340.5 15228.438960095398215 13803.326316262111504
341 15242.929629447406114 13829.710428164402401
341.5 15288.063577485238056 13876.394226406271628
342 15304.854502263387985 13901.688537026480844
342.5 15285.481905625412764 13880.973232429909331
343 15303.871098275976692 13883.701260386444119
343.5 15330.651799775043401 13907.747937751295467
344 15335.487561816873495 13912.544489871288533
344.5 15365.841841380140977 13933.956592255366559
345 15395.632692014169152 13964.609575904900339
345.5 15434.717379760208132 14002.791090358683505
346 15432.052135320909656 13998.222951423929771
346.5 15422.602704734032159 13991.455029694428958
347 15420.508577004051403 13992.378456227057541
347.5 15408.203824243959389 13986.107992138347981
348 15421.487616622358473 13993.619468802200572
348.5 15466.732505742571448 14032.192602718107082
349 15510.160901470340832 14064.812565396741775
349.5 15532.204361408192199 14083.286987634433899
350 15532.723210762593226 14083.948380978585192
350.5 15545.282549761406699 14098.326089055255579
351 15575.608093693033879 14129.355624015366629
351.5 15611.997769715710092 14161.266267118497126
352 15626.08541738295753 14178.204429487694142
352.5 15637.194095633165489 14183.206354751815525
353 15642.801487815717337 14187.234825925808764
353.5 15656.047295202837631 14199.960025968535774
354 15671.585116881668 14213.105912487701062
354.5 15723.193529418493199 14260.005133152148119
355 15755.779182986278101 14289.084491014766172
355.5 15767.729462169951148 14303.043612498087896
356 15777.716004000320027 14316.665885043235903
356.5 15787.079727973166882 14330.345874808419467
357 15806.852177379267232 14352.701909140627322
357.5 15816.824888402821671 14366.518468134154318
358 15834.320974578417008 14380.342704044498532
358.5 15815.97193616351251 14360.537011867962065
359 15885.542440760866157 14433.347983719409967
359.5 15887.131709428293107 14435.513910092295191
360 15944.642995782929574 14492.362940689919924
360.5 15996.930684269253106 14535.299901957065231
361 16025.760133098274309 14564.34418201468543
361.5 16055.745137900852569 14587.437851423121174
362 16064.035352376842638 14600.380070919916761
362.5 16079.981646202608317 14607.767366819613017
363 16095.882398145131447 14611.363278417666152
363.5 16139.949163459381452 14645.552907440858689
364 16190.351622586049416 14695.379737988168927
364.5 16205.556414980592308 14713.162045307857625
365 16248.004277771475245 14753.272134924598504
365.5 16278.889459110676398 14780.877506142252969
366 16358.361404874685832 14851.915790444401864
366.5 16386.967747801671067 14883.488881579269218
367 16415.6134025248939 14912.076008097985323
367.5 16435.856464728905848 14941.113938851023704
368 16467.373426446247322 14975.934310475877282
368.5 16512.90720126701126 15018.514193846414855
369 16541.585856098288787 15040.130370848699386
369.5 16574.130370960108849 15071.542406164857312
370 16550.117608112057496 15049.665440344420858
370.5 16559.196877980131831 15052.232527660387859
371 16572.880023341855122 15059.966897379954389
371.5 16594.82625184502831 15084.18257476636245
372 16616.372644950683025 15104.282161691746296
372.5 16651.966865287187829 15135.299703955804944
373 16660.156746919754369 15141.376244732689884
373.5 16712.948812420148897 15185.740359902372802
374 16723.028802096272557 15189.253390110528926
374.5 16715.505685985386663 15173.398828834615415
375 16706.4703704726453 15163.455906681281704
375.5 16731.869440722301078 15184.575393013092253
376 16778.112028562856722 15228.743368100358566
376.5 16815.841344400880189 15267.469587532617879
377 16863.638628937293106 15310.316628271153604
377.5 16840.243506236889516 15288.288382732764148
378 16871.682105997373583 15316.162061566146804
378.5 16961.611330319541594 15398.462918574086871
379 16980.198880145617295 15418.630147712241524
379.5 16966.752989371285366 15399.9520900139687
380 16971.795939339466713 15409.589400799803116
380.5 16949.340410307071579 15395.144133434490868
381 16974.059852275284356 15421.020270089098631
381.5 16984.501984535105294 15425.575782897740282
382 16968.269822595673759 15409.549211413572266
382.5 16986.628446875944064 15423.135237554848572
383 16977.300027369648888 15420.026616301865943
383.5 16993.796670205530972 15440.70087636165772
384 17000.682248915403761 15455.305708104295263
384.5 17012.522794717180659 15468.329892021496562
385 17002.305547226969793 15455.136050458837417
385.5 17027.751428839263099 15476.628666827025882
386 17029.27531297760288 15482.31876206740526
386.5 17029.437180551554775 15477.947652535998714
387 17066.23797704853132 15498.067595897413412
387.5 17064.41006077576094 15497.389722871608683
388 17063.270086679800443 15497.115780627373169
388.5 17131.77460990542022 15557.506291282448728
389 17161.097490652373381 15585.443788957405559
389.5 17218.196652759899735 15636.500927223083636
390 17230.253952387931349 15643.499373206135715
390.5 17281.122103283083561 15677.432646741906865
391 17303.098949307761359 15694.134878688246317
391.5 17295.170421399619954 15683.647931735489692
392 17297.109661121248791 15686.353764061894253
392.5 17343.849603491646121 15727.753581842192943
393 17342.207171141548315 15725.19860302986126
393.5 17347.244403995235189 15737.459777279051195
394 17347.520253346698155 15734.942385489079243
394.5 17374.245742367020284 15766.935580121191379
395 17391.121889139587438 15777.566709385964714
395.5 17386.073527537417249 15772.019028352295209
396 17404.024571211939474 15788.202033608327838
396.5 17453.678806960855582 15829.661892013271427
397 17467.014538757062837 15839.21135163071267
397.5 17472.62248938990524 15844.376536679941637
398 17467.54393202495703 15837.993082514327398
398.5 17493.273987644359295 15859.830434915687874
399 17525.994285395496263 15888.985022425211355
399.5 17585.99388662630372 15944.584502387162502
400 17587.37012570938532 15944.548595806689264
400.5 17607.806205089349532 15955.00765924659936
401 17597.360850974422647 15943.955920311389491
401.5 17617.668995199124765 15952.116606956487885
402 17646.060877732488734 15974.991669644983631
402.5 17695.983103881593706 16010.576279848877675
403 17711.03925302535572 16026.014900245098033
403.5 17730.650553748713719 16042.620656562648946
404 17750.366645724534465 16055.689252343579938
404.5 17787.510228093742626 16086.576364188529624
405 17808.874425042948133 16104.086562162950941
405.5 17814.155144474269036 16108.353912739295993
406 17843.844893149842392 16136.390393320256408
406.5 17862.935375460023351 16153.036661957548858
407 17891.229259263887798 16177.496867730887971
407.5 17890.893678311040276 16185.369926625467997
408 17920.128889638705004 16208.803964454435118
408.5 17949.62256605305447 16237.117941426202378
409 17970.306766872472508 16256.838136759213739
409.5 17999.21803780522896 16274.963291328067498
410 18054.100447356377117 16326.879009318332464
410.5 18094.735049875158438 16362.089287261511345
411 18117.529546516274422 16373.107011634503579
411.5 18151.196185076929396 16390.381239647074835
412 18156.795379924180452 16393.783617933502683
412.5 18175.181021121945378 16415.092216168490268
413 18201.151083293061674 16438.404773214730085
413.5 18249.530564726046578 16478.02561281036833
414 18262.808669450609159 16490.668426618845842
414.5 18292.027905879233003 16522.807956387638114
415 18338.325266596555593 16554.052312242434709
415.5 18316.154100472740538 16542.702409793721017
416 18333.26175632567174 16562.25273172416928
416.5 18393.960160239217657 16614.991387333775492
417 18426.22163034991172 16644.648976390297321
417.5 18443.780808642186457 16670.844395187024929
418 18489.288151361386554 16707.746125970810681
418.5 18534.324277621297369 16753.798250724154059
419 18555.761642389359622 16771.407931441099208
419.5 18573.822223657803988 16783.574732360655617
420 18591.055807290395023 16802.801681407898286
420.5 18624.966559062333545 16836.605735354190983
421 18682.590141640317597 16889.177354924126121
421.5 18676.702281368965487 16889.684210600153165
422 18698.604880339931697 16905.640768030141771
422.5 18696.915460372671077 16909.792784523713635
423 18726.08872300605799 16940.886148268713441
423.5 18757.741739460361714 16978.025876393876388
424 18750.872172040904843 16971.523509550272138
424.5 18759.580735262494272 16983.309388774006948
425 18742.747816795243125 16971.345908572136977
425.5 18757.137310203586821 16982.326839192748594
426 18776.413713234862371 16998.65012775492869
426.5 18782.957620267912716 17002.332453834598709
427 18804.567221400477138 17022.50959973325007
427.5 18797.992180512930645 17011.379459109833988
428 18808.126920182538015 17016.642574008332303
428.5 18798.571155567213282 17008.60458514189304
429 18820.634203706242261 17033.055693525555398
429.5 18862.718152413832286 17078.399459953834594
430 18887.939562332649075 17095.776944427689159
430.5 18917.544032332931238 17124.013588285313745
431 18959.316205719500431 17158.516510684825334
431.5 19010.825886411490501 17215.315510351028934
432 19052.30376349751532 17257.411067068049306
432.5 19051.683915298392094 17260.775271122922277
433 19046.898143714803155 17256.229697157596092
433.5 19080.406276360983611 17291.667551110083878
434 19090.007115508768038 17301.125164117413078
434.5 19114.332662542954495 17319.96041981576127
435 19128.816354314647469 17339.813964388427848
435.5 19145.841576457587507 17357.46283479289923
436 19183.477088853996975 17392.654921172797913
436.5 19211.763267286900373 17424.756070932478906
437 19240.223120640745037 17448.623750345526787
437.5 19238.687279230456625 17442.441854968568805
438 19259.991347501811106 17457.140752789211547
438.5 19276.747606477219961 17475.944788760018128
439 19278.179518428936717 17475.826500152186782
439.5 19317.035254005175375 17506.654682092197618
440 19329.00403422069212 17508.27620976792241
440.5 19344.169546961398737 17528.996260573640029
441 19368.302525124945532 17552.876906003410113
441.5 19359.049848124377604 17547.598603784499574
442 19384.158427312362619 17562.331639375835948
442.5 19380.074171401611238 17558.696126679067675
443 19397.301262805201986 17584.365189349595312
443.5 19450.307664193536766 17627.535448861166515
444 19486.306938405312394 17662.802706244423462
444.5 19494.584843232511048 17677.014714871962497
445 19526.477289666901925 17703.690290021069814
445.5 19535.156448051649932 17714.513096416860208
446 19533.566143661562819 17716.599876791387942
446.5 19540.067275764857186 17723.541021668475878
447 19565.777923137768084 17750.57313983336644
447.5 19596.723850326983666 17769.865772977678716
448 19629.978629313052807 17808.387152297775174
448.5 19639.719742788976873 17821.061169488464657
449 19642.262700489558483 17832.641865441357368
449.5 19654.88809514348759 17838.227331497841078
450 19703.549371607266949 17873.694658358850575
450.5 19703.019765089211432 17867.783002355547069
451 19696.632103888219717 17856.748087587457121
451.5 19691.217199830527534 17852.115596119914699
452 19731.975557376012148 17893.226482368994766
452.5 19749.664755740355758 17906.870881964285218
453 19790.889113824014203 17941.896660940932634
453.5 19813.547950516483979 17956.306942200415506
454 19815.41157950226625 17961.958872190127295
454.5 19827.401218698887533 17967.969901078853582
455 19829.480708399783907 17967.592041678042733
455.5 19834.000114414171549 17971.178287514998374
456 19866.874422047236294 18007.357144832989434
456.5 19901.935366259556758 18044.090449428589636
457 19898.612151116976747 18046.739129014611535
457.5 19938.815582623192313 18083.742194032500265
458 19951.450274824681401 18093.030779632619669
458.5 19987.801987767059472 18125.876280359058001
459 20013.203445739254676 18144.709482841652061
459.5 20030.555396752119123 18162.224239502218552
460 20055.676861570016627 18184.586582824340439
460.5 20073.189241970245348 18201.148643418338906
461 20082.206211064760282 18213.805267799198191
461.5 20115.671826777204842 18245.082264390199271
462 20151.211924763636489 18284.635614068163704
462.5 20195.365492181499576 18336.003116671126918
463 20191.619908554654103 18333.06191766539996
463.5 20210.891177247707674 18345.695136668091436
464 20240.75297798032625 18371.230383774993243
464.5 20256.290023261626629 18384.987258564928197
465 20313.776346372429543 18440.620142605268484
465.5 20283.24250001364635 18415.226785144313908
466 20323.828418934434012 18465.892368151944538
466.5 20323.25095485428028 18470.337733888587536
467 20354.691660956195847 18497.962379187501938
467.5 20380.446620102502493 18518.9768311014559
468 20410.818403036348172 18543.515588421836583
468.5 20430.786733163964527 18562.920965699020599
469 20458.049387576742447 18580.84194997492159
469.5 20497.063798323841183 18610.386063737365475
470 20494.843603766395972 18608.665651495379279
470.5 20530.775132647329883 18644.997636589247122
471 20575.435817858964583 18684.028864457821328
471.5 20584.322106460967916 18694.440999407423078
472 20640.114558013880014 18734.225218415114796
472.5 20675.763886883803934 18765.784009825736575
473 20673.662745361943962 18772.204699428693857
473.5 20689.440972231943306 18788.781846284531639
474 20726.613235039680148 18817.963015112713038
474.5 20725.008734191556869 18820.622781436239165
475 20724.737090740200074 18813.036806841861107
475.5 20743.970983284634713 18829.160147058406437
476 20756.848540295042767 18839.384924772177328
476.5 20785.288698797110555 18864.330258717302058
477 20798.022002955298376 18880.027641171109281
477.5 20840.907473963645316 18912.555264052523853
478 20858.49270879767937 18930.034041961956973
478.5 20897.489898559753783 18962.062258867488708
479 20899.980096209706971 18964.412722766930528
479.5 20924.882430873843987 18989.662363861476479
480 20945.074441030352318 19006.853806194299978
480.5 20989.2300268437466 19052.49518573653404
481 21020.82338086454547 19080.670699673271884
481.5 21056.930439344003389 19114.467977053878712
482 21061.007771459473588 19116.672028924193
482.5 21085.489555979918805 19143.288838242635393
483 21100.446454897686635 19158.484080657119193
483.5 21154.010772026882478 19214.613154892354942
484 21131.885815857625857 19198.388576026667579
484.5 21149.267081888130633 19210.38543759987806
485 21155.806616382837092 19214.14925304011922
485.5 21197.201452429751953 19246.778262312320294
486 21225.548951428012515 19270.888048259621428
486.5 21292.2759691970532 19326.086414300563774
487 21343.618744100811455 19369.727363485781098
487.5 21338.1078428022156 19368.789340298244497
488 21370.338636455082451 19394.845428945685853
488.5 21384.065308460165397 19410.987418830787647
489 21403.94350865180968 19420.827786715122784
489.5 21445.940549850878597 19457.149812780131469
490 21503.68461675063736 19500.968406535772374
490.5 21556.163299998574075 19547.989799497576314
491 21578.951773783104727 19547.306430098480632
491.5 21607.967741412121541 19573.286281416287238
492 21657.658845238278445 19617.712024327971449
492.5 21688.047648277341068 19625.772782523770729
493 21726.590264648781158 19651.55295494729944
493.5 21739.950937784167763 19664.88545178615459
494 21763.830077427624929 19695.415402959926723
494.5 21818.418716539210436 19745.654802268596541
495 21850.583835387547879 19783.115135050513345
495.5 21828.789756891223078 19765.649976798791613
496 21826.182406945939874 19760.569526434523141
496.5 21839.643319273436646 19782.782975710702885
497 21913.043851236132468 19851.799134419150505
497.5 21944.537299812302081 19889.173797111994645
498 21967.925852271673648 19913.072514291139669
498.5 21965.615787627612008 19913.538084352618171
499 21980.11352412314227 19929.43016903672833
499.5 22005.235917699759739 19965.23353852621949
500 22047.053285236026568 20015.303072922357387
500 22047.053285236157535 20015.303072922539286
500.5 22041.298892314272962 20008.623441559684579
501 22066.532928172611719 20022.61795788623931
501.5 22067.024047537965089 20025.772062732823542
502 22054.427060569152673 20019.335501249122899
502.5 22057.447128233168769 20021.828848032982933
503 22100.007747091487545 20068.638885475491406
503.5 22108.960046907341166 20083.936673341249843
504 22179.161522225418594 20154.014381005676114
504.5 22202.896227256034763 20178.317311600028916
505 22237.86775360070169 20214.445465917389811
505.5 22255.915221569492132 20232.375587964390434
506 22284.292074842531292 20255.416990652280219
506.5 22289.799117161102913 20262.038471616564493
507 22273.403583882067323 20252.96290711234542
507.5 22334.790788242735289 20309.393021467458311
508 22362.084454774874757 20337.748140687450359
508.5 22401.971940195122443 20372.141910265305341
509 22447.456780470882222 20414.848463013899163
509.5 22514.288381831462175 20470.32121713523884
510 22475.21998784101379 20434.193687352853885
510.5 22468.28107409252334 20439.892268064573727
511 22504.626785974309314 20474.373772427767108
511.5 22521.102074878104759 20483.89094131551974
512 22542.537347265060816 20499.570222346515948
512.5 22570.825637371199264 20523.253286555922386
513 22588.603996197416564 20549.228050822635851
513.5 22605.685297124979115 20564.318860998664604
514 22620.530240969554143 20578.869556241828832
514.5 22639.973826475485112 20599.492263187203207
515 22584.887015933589282 20550.717812661128846
515.5 22612.493317691347329 20568.945333204406779
516 22593.207005027168634 20548.3124861246215
516.5 22617.609366441309248 20579.340480517239484
517 22617.934458290237671 20590.704164489859977
517.5 22610.692647702242539 20584.121944412781886
518 22638.503052522159123 20607.853274490509648
518.5 22629.916131754875096 20598.585976070040488
519 22643.364048663221183 20616.375851038330438
519.5 22664.286706473940285 20640.383577500131651
520 22670.110052109164826 20650.301081639943732
520.5 22667.357891227267828 20651.204767043516767
521 22697.633195348003937 20671.087146061865496
521.5 22667.845105372412945 20642.53180437694391
522 22713.466953576629749 20684.03891016399939
522.5 22769.657757427998149 20737.616575114163425
523 22787.071160395858897 20747.16604914171694
523.5 22817.625637882963929 20773.573389118224441
524 22850.181782802948874 20803.724146199561801
524.5 22850.179743595890614 20816.571523755777889
525 22902.552680894932564 20863.579686671550007
525.5 22926.82001329907871 20882.8032802001253
526 22935.183169549050945 20890.849021521960822
526.5 22950.82323960530266 20908.460944138023478
527 22969.509664895973401 20914.650325857935968
527.5 22998.245596121752897 20938.870660847431282
528 23005.215013397442817 20962.368984973058105
528.5 22998.708825725992938 20952.033321632097795
529 23016.734265345501626 20967.395777234378329
529.5 23030.780402275238885 20979.808268666231015
530 23074.057522513579897 21017.984393046350306
530.5 23124.851560819555743 21070.798665929611161
531 23147.063575223593944 21092.400585812189092
531.5 23203.868149588251981 21141.160632740506117
532 23213.50403703419579 21153.983061517890746
532.5 23247.762091832526494 21186.248121519958659
533 23294.293870056910237 21235.119038375083619
533.5 23320.106450387716905 21260.679205559674301
534 23367.651262212450092 21307.772542975086253
534.5 23367.385040497363661 21311.127313527758815
535 23440.540851263227523 21381.819142944306805
535.5 23491.877029871360719 21427.527645649493934
536 23529.181145695438317 21466.177886135992594
536.5 23584.884957686528651 21524.965018192026037
537 23615.614768461258791 21556.567512377339881
537.5 23609.084044029536017 21556.69177647923425
538 23571.937798833492707 21529.286522926693578
538.5 23602.829682852592668 21561.562795441484923
539 23617.817829128129233 21579.095073175394646
539.5 23617.794348154271574 21576.113737933141238
540 23625.090370799098309 21582.990371591764415
540.5 23610.846280883597501 21576.949177548627631
541 23633.494054709859483 21605.339400815584668
541.5 23615.549566740264709 21587.331805948953843
542 23636.136028925051505 21609.695509086348466
542.5 23668.761174489303812 21651.515607761699357
543 23677.589827144016454 21657.304227366119449
543.5 23681.702443735368433 21659.121499226021115
544 23697.130673322422808 21667.461797512725752
544.5 23688.970849231860484 21661.300429308179446
545 23717.647617452214035 21680.764069304583245
545.5 23736.414757481667039 21704.426784258084808
546 23721.023786831752659 21687.674677034541673
546.5 23722.819020185725094 21699.17079686573561
547 23779.744551499301451 21748.381892561577843
547.5 23862.606925454696466 21821.817371960751188
548 23868.51362798422997 21827.396750317748229
548.5 23878.101719804595632 21840.641232962858339
549 23919.654357325081946 21880.330878680764727
549.5 23954.224314584742388 21913.411682312980702
550 23968.775269194920838 21927.337320623424603
550.5 23992.510732894981629 21945.943448009296844
551 23947.278382801148837 21903.763488695458364
551.5 23970.96128475993828 21915.398519959351688
552 23969.165017474268097 21910.131213995544385
552.5 23987.220906628244848 21912.001939305100677
553 23997.691162057632027 21917.806901568412286
553.5 24015.545473543432308 21929.940143318715855
554 24017.290993318063556 21925.276583841638057
554.5 24041.655406370602577 21940.679022024425649
555 24068.147543349736225 21955.881324535908789
555.5 24091.305975368723011 21974.150644304932939
556 24149.49438843221651 22025.394639936715976
556.5 24177.35732731123062 22049.074462848049734
557 24255.619534071851376 22127.68687488906653
557.5 24290.273442757701559 22151.873175617958623
558 24296.151688687608839 22156.793641376436426
558.5 24334.665468608116498 22189.204889443451975
559 24402.626439178209694 22250.4546696029538
559.5 24416.323643251074827 22257.171753232967603
560 24455.038352614137693 22288.976444791089307
560.5 24482.954353327364515 22313.974574129504617
561 24519.443114289944788 22353.104738947506121
561.5 24507.492898379146936 22350.677039202430024
562 24541.813116001289018 22385.709089206036879
562.5 24554.485211262126541 22395.622024503296416
563 24634.917536310753349 22467.899599212265457
563.5 24660.696743888660421 22484.59205059281885
564 24702.369639483637002 22517.815308027482388
564.5 24714.869864567426703 22521.776297236141545
565 24711.213321401741268 22524.028994048654567
565.5 24710.889252344179113 22521.950617217033141
566 24722.495085830923927 22537.93392458791277
566.5 24717.212011746167263 22537.595291215991892
567 24732.507124977219064 22556.122601533883426
567.5 24744.110249104265677 22561.066046403204382
568 24810.852523437337368 22629.107995137528633
568.5 24882.892690834636596 22684.569234846658219
569 24870.584770163946814 22673.561698516787146
569.5 24879.534127348793845 22678.084326075801073
570 24952.485450032301742 22751.618720494261652
570.5 24990.546467879194097 22788.469743135257886
571 24992.601779204745981 22791.122949124455772
571.5 25043.712730363447918 22845.453250492730149
572 25095.565279721955449 22893.550968574705621
572.5 25153.137929066248034 22938.971830973659962
573 25167.366162393518607 22932.373068832162971
573.5 25162.280253118577093 22927.890774875544594
574 25193.683777555357665 22967.723152973667311
574.5 25227.75554642780844 22997.89573562005171
575 25255.88046392994147 23024.799998250378849
575.5 25248.513481650421454 23021.873338245117338
576 25258.752410510023765 23036.169354439167364
576.5 25215.343841818481451 22992.715682933870994
577 25221.228403978017013 23002.730491351223463
577.5 25192.838719864961604 22977.223684751141263
578 25206.339655850042618 22993.940551483392483
578.5 25200.486916875481256 22981.31858177034519
579 25216.745872669998789 22992.278194784881634
579.5 25202.70926962930389 22974.05060616339324
580 25236.701320931708324 22999.350003165676753
580.5 25202.901789543855557 22972.732130591095483
581 25265.233532757374633 23028.289173786368337
581.5 25295.149648071725096 23056.409325748867559
582 25325.540912217802543 23086.27082742249695
582.5 25346.597639132312906 23107.646947222157905
583 25401.553108070398594 23165.558829122623138
583.5 25462.596972934799851 23221.32190829744286
584 25448.085421057738131 23202.172102479758905
584.5 25505.51420979732211 23244.783510880359245
585 25535.283892351391842 23272.347615219790896
585.5 25546.136148401616083 23273.741563149247668
586 25588.41325230306029 23315.091626869496395
586.5 25662.655696779464051 23386.546548466249078
587 25713.704339114203322 23441.517774265925254
587.5 25700.944140270505159 23426.278661346848821
588 25709.422737052358571 23436.980276135109307
588.5 25694.483953261384158 23429.876767579611624
589 25672.482054121388501 23405.282680054970115
589.5 25734.893473389693099 23462.893254715756484
590 25742.338931328729814 23466.765341309954238
590.5 25781.221100845192268 23497.383497144477587
591 25779.328468609837728 23489.401409507448989
591.5 25786.429337517132808 23495.33767535996958
592 25748.62008531432366 23461.917641644966352
592.5 25799.775739487355168 23500.308939907474269
593 25852.529410247410851 23546.214534234168241
593.5 25827.079578858523746 23522.269736245165404
594 25835.574866589275189 23526.098674629040033
594.5 25898.694671901444963 23579.866064096186165
595 25944.074308208444563 23610.343973567927605
595.5 26012.415760086143564 23665.559562658421783
596 26015.873141522111837 23658.19978273677043
596.5 25986.201135086987051 23632.217922437415837
597 25925.089075833409879 23579.237606194350519
597.5 25966.365051985048922 23618.316492564052169
598 25989.265746762492199 23630.667841677961405
598.5 25964.165252957627672 23605.630921032025071
599 25970.013551042367908 23612.758634801342851
599.5 25930.49603527022191 23573.836736153356469
600 25964.698636725206597 23599.960446250868699
600.5 25933.855387373736448 23572.235815272833861
601 25938.646044611912657 23579.699268347805628
601.5 25953.575228128614981 23587.805862055971375
602 25959.710518875879643 23590.142633752115216
602.5 26037.433194726250804 23651.949037821796082
603 26112.555581542052096 23720.074230613048712
603.5 26135.706770058041002 23745.065802831926703
604 26130.283389829259249 23737.677270603566285
604.5 26173.77932326302107 23779.774667281159054
605 26158.663598846262175 23759.733823265913088
605.5 26172.327939611677721 23773.270815631694859
606 26219.740472046356444 23821.285276588856505
606.5 26279.181673541868804 23869.70391170118819
607 26238.232416621980519 23835.605585809862532
607.5 26244.097288822023984 23844.365732984319038
608 26332.415069225920888 23936.593546412994328
608.5 26362.419540535815031 23969.650457348780037
609 26373.289730938224238 23970.508188376439648
609.5 26386.854139047973149 23987.984500224636577
610 26412.195923769875662 24025.141818791766127
610.5 26384.338521454166766 23995.328331292676012
611 26398.472037183706561 24018.765902382590866
611.5 26399.91681089517806 24019.414822232076403
612 26413.837811504632555 24044.707114404161985
612.5 26431.418703841576644 24048.91883403823158
613 26439.905967847418651 24055.05887469211666
613.5 26455.034832036504667 24069.397625637328019
614 26482.488993779748853 24102.632965168602823
614.5 26490.916851704874716 24122.451077554913354
615 26492.56527908003045 24120.054164889999811
615.5 26477.656179643145151 24105.691184418494231
616 26462.16420948033192 24091.453956025176012
616.5 26504.432778589191003 24129.58759627335894
617 26546.846656849378633 24166.826896330825548
617.5 26539.820378645054006 24155.05404867992911
618 26551.359843198577437 24170.120983033964876
618.5 26614.864288437220239 24224.748784165174584
619 26664.00765117856281 24259.652606531868514
619.5 26636.719081051360263 24233.729423722605134
620 26646.582666234840872 24242.735193629934656
620.5 26705.185815931166871 24293.293930499810813
621 26788.468153352761874 24372.150213402437657
621.5 26819.059488027141924 24396.113590060718707
622 26791.56238088984901 24366.392755901448254
622.5 26797.895617629346816 24368.298428802601848
623 26820.008019649587368 24384.758392644271225
623.5 26806.696799276160164 24377.132975172517035
624 26786.266798494805698 24360.843566083931364
624.5 26792.074563427046087 24364.955133838400798
625 26768.967623492128041 24344.680788903147914
625.5 26813.655021817670786 24384.828554702340625
626 26848.328062659664283 24416.743958936251147
626.5 26914.414190296643937 24483.543808952304971
627 26887.375148623410496 24469.870791224966524
627.5 26863.790179252497182 24451.014548342569469
628 26867.777202196950384 24459.126371776874294
628.5 26889.350894700455683 24472.510997717683495
629 26869.413227324595937 24462.528232872798981
629.5 26892.44438845102195 24487.920277176901436
630 26916.969461997421604 24515.224224005080032
630.5 26958.851695638681122 24566.375606589994277
631 26937.075054496010125 24543.158987128514127
631.5 26985.148610035328602 24580.482033715034049
632 27036.036308535174612 24630.284703292792983
632.5 27063.265273550903657 24658.828728157121077
633 27060.595286350162496 24653.412880347157625
633.5 27068.410404019468842 24664.364048167713918
634 27091.277428353398136 24679.705735028775962
634.5 27143.390159180093178 24731.209654366710311
635 27219.136719090911356 24801.315074275644292
635.5 27219.94566750847298 24798.102659961234167
636 27259.227373960413388 24834.579601417688536
636.5 27288.922248578695871 24864.675369398297335
637 27302.127745785524894 24876.861606503229268
637.5 27356.440272737570922 24919.338218950058945
638 27315.172005378772155 24886.168723796250561
638.5 27350.670023666716588 24919.058251825252228
639 27390.319364229289931 24954.515786817439221
639.5 27352.050001899155177 24921.233599999759463
640 27320.583981546402356 24891.807131514557113
640.5 27327.221381212344568 24897.685138276650832
641 27383.182433670866885 24950.093499512458948
641.5 27371.562053369172645 24946.20073012253124
642 27367.133991164788313 24940.657820392720168
642.5 27386.252580567350378 24947.393854805086448
643 27367.59589220153066 24932.90789397050321
643.5 27381.750781900227594 24935.816279698599828
644 27412.290330140393053 24958.080390010265546
644.5 27414.781837431655731 24955.479283402048168
645 27470.694955769999069 25011.097883169186389
645.5 27487.121425633125909 25027.056700040287978
646 27491.062813081029162 25040.209321617443493
646.5 27495.52545595412812 25044.733608054957585
647 27492.351281974813901 25040.027491915279825
647.5 27489.74495349411518 25030.30791562588638
648 27518.84521120388672 25060.507806680587237
648.5 27504.467182451084227 25044.327901542750624
649 27527.727106455862668 25071.948000787546334
649.5 27565.936879531400336 25101.677830143700703
650 27560.634076992031623 25091.957824938621343
650.5 27544.050576091274706 25083.297238545656
651 27534.636276166304015 25082.337002200230927
651.5 27561.305720676427882 25100.778603026137716
652 27565.953063975372061 25107.674325919182593
652.5 27640.249941483765724 25180.903310630179476
653 27630.841506279499299 25172.899541712511564
653.5 27669.334573949658079 25209.212239465850871
654 27690.173675667618227 25224.109254674254771
654.5 27733.678170887182205 25265.380791956729809
655 27774.328042753557384 25305.481042824390897
655.5 27825.646515239015571 25346.28026418641457
656 27871.755977686127153 25383.97018853343252
656.5 27915.005774804125394 25430.427282693577581
657 27917.171322449648869 25430.999987994229741
657.5 27908.422633137026423 25430.246206039573735
658 27891.123919362224115 25420.510728174507676
658.5 27925.665388766326942 25455.419021902042005
659 27978.785973720147013 25509.394507417542627
659.5 28037.203996901844221 25563.321408708274248
660 28064.834765456129389 25588.138999164297275
660.5 28028.514060194243939 25548.31311507076316
661 28031.67246222378526 25547.536698310377687
661.5 28106.666530919635989 25620.418998575551086
662 28137.119508468571439 25651.3778685928919
662.5 28150.195877161691897 25661.396373784489697
663 28118.857980877070077 25631.55727255913007
663.5 28088.38704815280289 25601.027098616494186
664 28090.588295522804401 25600.932473337612464
664.5 28095.087812574613054 25603.689243132750562
665 28133.42791089802995 25639.949074071228097
665.5 28191.187060890479188 25693.56411163174198
666 28207.383634399466246 25709.362012382000103
666.5 28258.512284405507671 25748.529303481551324
667 28314.33019201121715 25808.486042868538789
667.5 28345.135932527544355 25841.340180758288625
668 28413.076218690173846 25902.832685034551105
668.5 28421.706782853223558 25914.134913820893416
669 28484.485633901338588 25965.70340446319824
669.5 28500.059655248714989 25984.540787134097627
670 28524.65907076770236 26013.200413444799779
670.5 28580.011574156022107 26072.617982921452494
671 28648.804929814963543 26129.024335899379366
671.5 28707.608312820506399 26188.533012876185239
672 28695.108339161084587 26179.586003812160925
672.5 28706.310821503506304 26183.429525568320969
673 28784.863044313762657 26258.946283256493189
673.5 28726.08438090279742 26198.471040526008437
674 28743.044660484600172 26216.980989722673257
674.5 28737.810504533179483 26209.338333659528871
675 28735.132443633330695 26201.687448759726976
675.5 28754.445224399863946 26221.104315705601039
676 28816.542209349820041 26268.684739744552644
676.5 28832.96335949587592 26286.216623831543984
677 28817.996189712644991 26281.605470807011443
677.5 28868.538503237399709 26327.199443755878747
678 28921.302783468978305 26376.355831700850104
678.5 28963.234556669071026 26420.47923715876459
679 28985.369187365078687 26444.902012637237931
679.5 28993.516406780421676 26448.560913518362213
680 29027.413943001178268 26483.802309948932816
680.5 29050.077268364628253 26507.510379437448137
681 29009.325310048876418 26472.162419525731821
681.5 29020.744829137707711 26482.109499440735817
682 29040.892237012791156 26511.773071561827237
682.5 29056.948884579411242 26525.22772692397848
683 29128.471824125510466 26580.274746539907937
683.5 29173.590715259531862 26616.971394797510584
684 29126.177503113212879 26573.458964825193107
684.5 29143.462743019816116 26584.812955345172668
685 29221.246020973849227 26660.537819729070179
685.5 29237.474546111418022 26675.293023160145822
686 29237.351946606388083 26680.212537054165296
686.5 29180.812701880979148 26635.840642182625743
687 29188.412392242160422 26645.505821120113978
687.5 29257.612342873049784 26700.12452711521837
688 29313.356708001556399 26753.990927305276273
688.5 29390.71047142505995 26826.205759583819599
689 29433.536998697163654 26866.983508212968445
689.5 29405.020956389060302 26845.846446167844988
690 29422.736088343906886 26860.080383294505737
690.5 29361.554262470759568 26789.144917013552913
691 29361.177658322674688 26785.334175427815353
691.5 29397.688758028863958 26814.12856773547901
692 29415.422419111251656 26837.867522568954882
692.5 29462.248924756611814 26875.34655114870111
693 29421.300268475482881 26826.133940377920226
693.5 29404.319022662628413 26822.888417301372101
694 29390.84889423902132 26811.192233179906907
694.5 29368.851452311904723 26786.747261484728369
695 29336.654929543248727 26762.799831881751743
695.5 29365.248718158276461 26794.610312484386668
696 29406.096219260856742 26833.474321851463174
696.5 29412.729698772425763 26838.825387064665847
697 29480.691729710848449 26906.292583403708704
697.5 29485.621118180955818 26913.969497170495742
698 29488.928172521922534 26917.760595764935715
698.5 29529.410737820329814 26962.237310368996987
699 29505.134332977344457 26941.417757361232361
699.5 29475.088846038401243 26913.978608493667707
700 29435.695646732470777 26876.154307086861081
700.5 29453.691068292802811 26894.055023920685926
701 29497.594422305457556 26925.64096924419573
701.5 29510.337142981788929 26934.070931466601905
702 29551.047220023319824 26966.984128958432848
702.5 29554.346093947930058 26969.325454841000465
703 29530.926476887216268 26951.234199525653821
703.5 29525.963358458597213 26945.956557932160649
704 29505.912071345846925 26924.838553648572997
704.5 29538.629607218106685 26966.732156950351055
705 29536.223683948614052 26973.251400395314704
705.5 29564.643744199485809 27002.515384760885354
706 29529.849358710682282 26970.610756540630973
706.5 29555.099669698764046 26993.832339068354486
707 29468.713016901794617 26920.076552937429369
707.5 29448.126073670111509 26906.538840966069984
708 29491.13279062870788 26946.356385833922104
708.5 29544.737497403642919 27002.438524647288432
709 29546.381159044340166 27006.435212822649191
709.5 29595.498994004352426 27050.157527146970097
710 29613.005386022301536 27069.90096528428694
710.5 29597.144165323828929 27056.965981028999522
711 29595.779024856637989 27049.242462864105619
711.5 29558.672787902181881 27015.088179571546789
712 29532.681816442982381 26996.050985793619475
712.5 29565.088975726899662 27025.68113308007014
713 29557.854424173132429 27026.351680308795039
713.5 29598.516925327814533 27056.554498830591911
714 29623.352417140817124 27084.250438573479187
714.5 29667.485674676423514 27117.686999983241549
715 29717.265207300635666 27161.387976220106793
715.5 29701.995736751887307 27142.576199767536309
716 29749.518442582600983 27189.667220267296216
716.5 29742.348824798657006 27183.298599908401229
717 29776.124070739442686 27217.398417537740897
717.5 29823.883714515512111 27259.045657381506317
718 29892.135430838996399 27318.641177722121938
718.5 29946.701903081215278 27364.397446543720434
719 29960.816201926438225 27379.594178758787166
719.5 29911.402577673015912 27342.381527616045787
720 29924.749641435835656 27357.05058733025362
720.5 29923.156279382194043 27356.981531334608007
721 29966.376335865381407 27405.579694184027176
721.5 29988.143135605929274 27434.931562973291875
722 29956.410803063648927 27412.470251219790953
722.5 29945.741218456576462 27401.900223593544069
723 29973.306247212025482 27417.838456403384043
723.5 29980.636023108723748 27417.745215170762094
724 30001.728088419917185 27438.671994546089991
724.5 29992.227923168815323 27431.398556905813166
725 30002.605290030995093 27445.972712401438912
725.5 30026.449704634636873 27464.859117632528068
726 30079.024284023878863 27510.298320475125365
726.5 30065.472621375920426 27495.634403755884705
727 30089.202833134997491 27518.285000070911337
727.5 30095.049240981239564 27523.899387265442783
728 30142.166359675713466 27565.97353537195886
728.5 30105.826718789048755 27534.096026510782394
729 30076.97204315525596 27505.820805982944876
729.5 30121.272203256379726 27537.051892695286369
730 30151.028117190533521 27558.091814982832148
730.5 30162.893534867103881 27566.604268513590796
731 30193.742579814152123 27590.384403106658283
731.5 30236.648172355507995 27633.212286260768451
732 30187.25437058391617 27586.581773293244623
732.5 30202.490832070649049 27597.404651697543159
733 30211.446252235222346 27606.375081968013546
733.5 30192.859319751911244 27596.937516827194486
734 30193.418553827537835 27596.459576525510784
734.5 30218.424680282896588 27619.85607819926372
735 30256.594893100882473 27660.086983040862833
735.5 30286.150396719567652 27690.928539481068583
736 30303.719861049878091 27705.125783448642323
736.5 30254.114663927557558 27664.901392884974484
737 30270.542685384589277 27684.115664310946158
737.5 30328.562777249309875 27743.482725392557768
738 30349.723157389104017 27756.861518803667423
738.5 30321.519695829683769 27736.031184882267553
739 30321.076550207468244 27741.735107351731131
739.5 30345.468686315354716 27768.482353618099296
740 30383.833309050602111 27813.567892228362325
740.5 30411.108082169015688 27830.782537020400923
741 30393.937776956001471 27807.405200854489522
741.5 30479.865238266036613 27888.76375345237102
742 30466.860101197369659 27882.63581683981829
742.5 30500.439771516728797 27906.92077155559673
743 30474.141257995150227 27894.483618325892166
743.5 30523.973673141128529 27935.185573311100597
744 30524.625123945363157 27932.699337029414892
744.5 30510.191557745903992 27916.034212678161566
745 30537.595521119423211 27949.429553654630581
745.5 30588.480249938038469 27994.07769657499739
746 30592.941535566846142 27999.827631444568397
746.5 30627.165720377521211 28041.211767136333947
747 30663.414089225407224 28075.737338297934912
747.5 30601.437791430893412 28014.432948877154558
748 30588.102741747468826 27999.46077907317158
748.5 30616.446104145121353 28019.606632662482298
749 30635.437145426818461 28037.871556020792923
749.5 30687.342952951446932 28084.766559625230002
750 30716.45336237074298 28109.416506824596581
750.5 30721.816082659570384 28112.142933112663741
751 30752.445862190201296 28142.022883969093527
751.5 30812.632685539258091 28191.121439495811501
752 30855.410617157911474 28233.337177151464857
752.5 30820.186412902425218 28198.540721784909692
753 30830.690714814838429 28206.848288583074464
753.5 30863.901274416282831 28247.375668010277877
754 30940.153690540835669 28303.102907719287032
754.5 30952.030893269442458 28313.828659259452252
755 30994.188172093490721 28355.479366055704304
755.5 31005.94620465373373 28368.574324930315925
756 30981.584163177853043 28346.192623953014845
756.5 30961.5472040918321 28325.270563561101881
757 30973.444149896586168 28333.778842109968537
757.5 31014.649368681304622 28372.388390280582826
758 31066.268171448067733 28422.70795041144811
758.5 31094.510699711019697 28444.050764987314324
759 31137.405076929986535 28480.054494021114806
759.5 31134.552202574057446 28475.44676474701555
760 31176.596566871943651 28511.542278582452127
760.5 31175.18106533853279 28511.56905449027181
761 31212.586040416939795 28549.756647413123574
761.5 31199.004125418639887 28534.739761028358771
762 31225.246014090193057 28550.671297547280119
762.5 31219.31740691255618 28548.407034773892519
763 31236.319202694023261 28567.10019792917592
763.5 31207.753285785416665 28544.497947802530689
764 31232.00620200387857 28573.410960625482403
764.5 31233.900545109565428 28573.013295956694492
765 31236.707550411752891 28580.993538074770186
765.5 31220.988448774929566 28571.246126921028917
766 31242.266012702002627 28593.848515608740854
766.5 31253.483298365012161 28604.682126268839056
767 31319.991062320772471 28663.875712625460437
767.5 31360.696157988164487 28700.091377630749776
768 31385.199910341896611 28727.817566291552794
768.5 31435.027687773730577 28773.791210573006538
769 31406.001724119174469 28751.213124254463764
769.5 31438.317516551207518 28780.816848920414486
770 31481.812467893178109 28821.465638944027887
770.5 31476.639040948026377 28823.411978963180445
771 31473.116314224214875 28824.859808742505265
771.5 31488.586129430175788 28838.838770158890839
772 31493.769092340749921 28844.221890851913486
772.5 31513.896923279386101 28865.427604181724746
773 31567.011366857193934 28914.68810750270859
773.5 31568.979237007439224 28913.658184930754942
774 31641.749490340156626 28974.03685839821992
774.5 31639.342612607102637 28973.203077318368742
775 31622.808983022092434 28961.382633104694833
775.5 31666.127651640035765 28999.173722801657277
776 31747.991012627291639 29065.31630626038168
776.5 31771.624354042531195 29086.52503915764828
777 31871.131669408692687 29168.973271431696048
777.5 31910.00278310030626 29199.627817192202201
778 31897.719148208772822 29190.617127705500025
778.5 31954.531181590726192 29236.823831189372868
779 32017.170941825996124 29299.163736093221814
779.5 32006.226821391570411 29286.852314282859879
780 32016.970027732288145 29303.539499608075857
780.5 31990.074367890083522 29292.515304502394429
781 31995.733916670709732 29294.820169447797525
781.5 31993.659837024031731 29291.043948626174824
782 32018.434380185582995 29319.231428191829764
782.5 32081.887640012431802 29387.214496789903933
783 32145.944309535538196 29443.827223963835422
783.5 32114.319847895701969 29423.74260960013271
784 32095.546653074710775 29395.57919667605529
784.5 32090.591624242846592 29387.92648550557351
785 32107.779442297080095 29405.556022351982392
785.5 32106.058285483017244 29402.32956949956133
786 32073.381137453343399 29373.654088304727338
786.5 32060.448842718018568 29364.775113234816672
787 32009.215425854035857 29315.497163122090569
787.5 31999.748294898592576 29302.83949140544064
788 32017.037043120821181 29302.579200075477274
788.5 32073.761803436354967 29355.678453683976841
789 32137.640805538972927 29407.041550407026079
789.5 32172.621857396701671 29439.854147146110336
790 32133.503141980920191 29405.638674670150067
790.5 32150.228970878186374 29415.211540651616815
791 32093.075448295949172 29361.629976642369002
791.5 32105.266100238404761 29365.898408627759636
792 32109.266500863101101 29368.400002409125591
792.5 32120.071181643765158 29377.996891553517344
793 32121.54049274503268 29381.55471067954204
793.5 32156.28729180485243 29405.900486494534562
794 32115.446900791292137 29367.262912224989122
794.5 32078.80939504912385 29342.591634840948245
795 32074.155481721521937 29333.095579403870943
795.5 32060.808706830572191 29319.909069340614224
796 32075.337453434352938 29339.049169333720783
796.5 32064.802620734197262 29323.297263501423004
797 32109.057164545851265 29361.517387815099937
797.5 32157.239453815596789 29392.650603393376514
798 32155.357501622616837 29391.215157838800224
798.5 32139.053077923512319 29380.165172361586883
799 32178.702247802517377 29417.732517677879514
799.5 32156.558464845355047 29396.0499483025269
800 32151.735344532786257 29392.185595783070312
800.5 32174.851601657275751 29416.171976973513665
801 32199.090990852062532 29447.085080488031963
801.5 32186.865697803030343 29442.314596405081829
802 32193.550061392543284 29444.314457084274181
802.5 32194.89323646619232 29447.560839398971439
803 32162.455599449280271 29424.934087760753755
803.5 32206.927237838332076 29466.218736475962942
804 32172.73851658314743 29442.249917771077889
804.5 32185.528170451794722 29460.656532530287222
805 32152.281800884782569 29432.638976692924189
805.5 32157.694567824208207 29434.927124954392639
806 32189.493433915678906 29473.625678032687574
806.5 32179.123287851754867 29472.202307339310209
807 32194.187941232110461 29482.436116749897337
807.5 32176.849115784843889 29468.027516506444954
808 32173.474524376579211 29460.626811148882553
808.5 32194.309734281636338 29480.470198870705644
809 32181.869310410773323 29469.525279321613198
809.5 32188.971742076806549 29480.289783884596545
810 32184.512329108190897 29479.92337105403567
810.5 32228.281773496473761 29507.975730654445215
811 32234.964583877339464 29514.73456084927966
811.5 32286.886295167703793 29564.168363323995436
812 32303.084677857899806 29585.011472015521576
812.5 32316.754183398879832 29595.166881716133503
813 32323.416131138175842 29613.926803199665301
813.5 32436.476136517994746 29713.509143696683168
814 32420.642365856798278 29698.5351289447608
814.5 32404.626553250745928 29678.417808413156308
815 32427.357677557902207 29705.120881598137203
815.5 32447.95223757858912 29726.266859490369825
816 32438.020029979667015 29711.625831314097013
816.5 32486.663131484026962 29770.851553747645085
817 32510.104346125943266 29803.380592542314844
817.5 32494.138121916916134 29785.057058938175032
818 32492.215589910309063 29793.108571327480604
818.5 32514.021576172945061 29817.249115886887012
819 32537.101882367715007 29841.747944252689194
819.5 32552.275190385742462 29852.171128076854075
820 32547.404336604744458 29850.082092980606831
820.5 32533.048122683685506 29848.316610029676667
821 32572.367322716170747 29886.16337427713006
821.5 32578.692245678357722 29895.370909742159711
822 32595.381329208234092 29920.691566512170539
822.5 32619.410854976867995 29943.953336734790355
823 32682.383753932052059 30003.170836531880923
823.5 32667.394536109291948 29987.338418328490661
824 32699.549764131254051 30023.323060856546363
824.5 32706.024164386493794 30035.675923223639984
825 32703.711517369665671 30025.730152896187064
825.5 32674.218078836591303 30005.563468988708337
826 32686.511138764140924 30021.57973713399042
826.5 32676.499855629204831 30012.607727370330394
827 32681.471268094905099 30015.432650340670079
827.5 32696.699812982613366 30035.464683348105609
828 32736.446979123040364 30072.192565224559075
828.5 32703.693281927935459 30049.644816037645796
829 32710.751348089517705 30056.977016814453236
829.5 32737.129200972605759 30080.827378418263834
830 32766.165089381029247 30114.209633748796477
830.5 32787.517700299809803 30128.081014835315727
831 32827.273986155632883 30166.271612745833409
831.5 32871.39417403160769 30211.905274812717835
832 32928.136944746787776 30272.433303205718403
832.5 32921.494266371664708 30274.395003551286209
833 32918.185254203512159 30275.186856629417889
833.5 32959.408709974071826 30316.621454268311936
834 33011.131262432150834 30367.978088182087959
834.5 33030.160834635651554 30392.683585940729245
835 33075.438616316416301 30438.004606364800566
835.5 33088.06822388915316 30459.964798201202939
836 33074.139613568557252 30447.294483329016657
836.5 33064.632856697222451 30451.451217873069254
837 33088.587361297366442 30472.914290355311095
837.5 33081.904965635512781 30465.493978284623154
838 33115.564418040317832 30495.592525234234927
838.5 33088.346185052942019 30470.656274518340069
839 33114.802865886602376 30498.785755734566919
839.5 33114.323910143975809 30494.476136268742266
840 33131.426844489826181 30513.421809033374302
840.5 33115.281910047502606 30510.289983233997191
841 33167.087976880422502 30553.945865242538275
841.5 33185.939428000441694 30567.964878166749259
842 33267.174002058913175 30645.423806310096552
842.5 33273.257070410094457 30648.966389894922031
843 33293.887254919834959 30663.320797851192765
843.5 33300.288713655638276 30675.437611124598334
844 33262.068576424979256 30633.0837327265981
844.5 33265.03422286312707 30628.692974888512254
845 33252.150488389277598 30613.310950000231969
845.5 33316.279558644870121 30682.235887747923698
846 33352.55513413476001 30704.95345458031079
846.5 33332.560813322517788 30689.154215648311947
847 33292.359467043432232 30649.401792989941896
847.5 33319.156846722296905 30676.795914608188468
848 33321.664238913530426 30674.679824004742841
848.5 33307.977098724179086 30670.352278161564755
849 33274.054703653535398 30640.726116328187345
849.5 33337.226895011233864 30696.261965165329457
850 33349.89259143275558 30710.128602456101362
850.5 33416.757267753055203 30773.345220964107284
851 33448.479322428895102 30802.098775934988225
851.5 33417.023815719345293 30780.455175144386885
852 33434.531638923494029 30796.716288599913241
852.5 33471.779974389341078 30833.886649942127406
853 33498.054836878924107 30863.261410520419304
853.5 33516.218103332510509 30886.94122680194414
854 33486.094078188645653 30855.335875435357593
854.5 33506.279423409403535 30878.21649384907505
855 33527.520981559617212 30897.444946373499988
855.5 33494.483376291260356 30868.599597112824995
856 33482.255440636894491 30849.603007994977816
856.5 33475.891999693274556 30847.500936484448175
857 33420.549533049554157 30792.826762907017837
857.5 33450.009266258690332 30811.256944205037144
858 33450.448814858704282 30811.588134883419116
858.5 33440.018671699501283 30802.554128449250129
859 33420.227086899540154 30782.650254941218009
859.5 33465.024423017086519 30819.299182907794602
860 33461.146695207011362 30812.725647972543811
860.5 33437.925485228624893 30790.104935643983481
861 33396.850872651259124 30750.45267173643515
861.5 33413.866567225726612 30777.779718994126597
862 33438.402472414920339 30806.077669087670074
862.5 33432.585199146597006 30802.754741713561089
863 33478.592675425279594 30843.08784737073438
863.5 33552.281071392797458 30900.516521359466424
864 33505.986227999645052 30861.407747928798926
864.5 33474.68261463016097 30831.074371627895744
865 33466.239711375957995 30835.874663859882276
865.5 33513.997174064221326 30878.402749495460739
866 33496.181120343200746 30867.813767933701456
866.5 33539.606228224474762 30907.091130205655645
867 33520.083766332594678 30893.770321947682532
867.5 33535.065900922687433 30909.650757617164345
868 33528.616954455552332 30914.926357745964197
868.5 33523.417427120082721 30918.589543570073147
869 33570.745740860344085 30966.992764639304369
869.5 33591.823254668321169 30989.751754728957167
870 33591.117133048166579 30999.126754349003022
870.5 33571.98548026924982 30975.932248268636613
871 33569.546661234446219 30976.116259350790642
871.5 33599.173123852691788 31007.673964042653097
872 33658.932051497409702 31044.921752347290749
872.5 33643.075544665960479 31021.111438935527985
873 33612.934934916134807 30991.022733802554285
873.5 33592.114282099151751 30980.204752318022656
874 33636.615940821327968 31018.603747265875427
874.5 33624.413639131220407 31005.264550401665474
875 33655.022239557525609 31028.374001596344897
875.5 33688.47464751280495 31054.805532321170176
876 33705.904855171706004 31065.741538064801716
876.5 33709.960047547589056 31074.608254406015476
877 33675.117882883612765 31042.713065029973222
877.5 33709.298060983237519 31071.164479265771661
878 33707.838721608219203 31075.221399588830536
878.5 33734.932173225504812 31105.39223493195459
879 33760.070026102213887 31126.754345472349087
879.5 33749.158263804536546 31132.771903395714617
880 33753.96314047738997 31136.015698759474617
880.5 33726.146210388316831 31117.533819224652689
881 33720.727541198721156 31121.325750809184683
881.5 33744.386827871450805 31151.706589697230811
882 33741.361952799823484 31155.825449474948982
882.5 33769.917022326677397 31181.787019282699475
883 33779.653228602684976 31192.260182677586272
883.5 33844.259817866346566 31260.033161631690746
884 33800.574203968026268 31222.116073841552861
884.5 33833.675224850863742 31256.987143237642158
885 33826.670090998683008 31247.508049686581217
885.5 33862.564909447261016 31283.741852802679205
886 33907.508361518215679 31327.718392650134774
886.5 33904.242291121241578 31334.793726817093557
887 33899.224036973449984 31334.43301795224761
887.5 33892.424531716846104 31324.68830667695147
888 33884.542681029328378 31321.376194672600832
888.5 33899.518226078042062 31336.531662854329625
889 33928.310499768100271 31362.658426403286285
889.5 33923.091230839709169 31362.715451452899288
890 33942.402708601330232 31384.976326280779176
890.5 33963.748317878984381 31403.080707500936114
891 33988.311507877988333 31435.813170790897857
891.5 33990.70357430887816 31436.6566760052483
892 33997.021304658912413 31432.7597813275097
892.5 33974.266371632031223 31416.577142368583736
893 34004.021840328954568 31436.493450955884327
893.5 34052.023719887649349 31473.103561967283895
894 34069.884520460836939 31494.176182027884352
894.5 34090.844504559128836 31522.255909265302762
895 34095.341186497316812 31527.472251552881062
895.5 34115.924465188079921 31551.994259654198686
896 34152.97046050591598 31582.047697243662697
896.5 34140.023540072645119 31566.193668817115395
897 34186.485180191943073 31610.146747981874796
897.5 34208.492198940286471 31630.806071689337841
898 34211.979272928503633 31642.328155990326195
898.5 34255.22121203981078 31688.170366024383839
899 34264.593802742470871 31704.551640301637235
899.5 34274.287517193733947 31707.338086884003133
900 34250.087810871526017 31688.29099250755462
900.5 34241.865609493295779 31674.935434679897298
901 34199.222545086231548 31638.115999212575844
901.5 34187.948681089954334 31625.640535797680059
902 34287.862271153040638 31717.659745368393487
902.5 34246.770629236110835 31683.371076837662258
903 34319.849747434425808 31753.163221018447075
903.5 34296.684169767460844 31735.738183325596765
904 34302.634985401164158 31747.774466886003211
904.5 34323.134570878064551 31771.738600701006362
905 34331.886498706735438 31781.220475478712615
905.5 34353.06658421872271 31800.047232931348844
906 34360.843160744050692 31806.251780773171049
906.5 34385.30683609694097 31831.684414506413304
907 34408.798737251418061 31854.719054996858176
907.5 34437.166302388955955 31879.768487277448003
908 34428.99375785880693 31874.686742415702611
908.5 34423.017391907094861 31868.293791473595775
909 34433.944068538308784 31879.355025522119831
909.5 34474.984956375556067 31915.226983001328335
910 34415.441000976890791 31859.800585452947416
910.5 34391.360225177370012 31846.338020547078486
911 34386.607225928870321 31843.988687489763834
911.5 34474.419918553998286 31923.866215391510195
912 34452.034980189149792 31896.336931869736873
912.5 34531.515449818056368 31966.999146575566556
913 34576.871663469370105 32007.049456118467788
913.5 34565.07055783161195 32003.240974700376682
914 34531.509256019715394 31968.00572303075387
914.5 34556.615189318792545 31997.232661809641286
915 34569.058063357479114 32014.649186988579459
915.5 34528.725955134403193 31984.861113364833727
916 34548.42630165672017 32004.192652178699063
916.5 34544.782335650983441 31997.489141765709064
917 34534.336080126391607 31989.363416768865136
917.5 34558.128040595656785 32020.907435946639453
918 34541.182065334178333 32005.541827109344013
918.5 34523.808040293835802 31992.048183990893449
919 34535.635425470907649 32002.158359949353326
919.5 34530.530241465625295 31995.954473598747427
920 34572.596650957493694 32029.981290642517706
920.5 34646.185295896750176 32099.891298536309478
921 34649.639724085420312 32098.396365338070609
921.5 34633.519811382000626 32099.037345838871261
922 34606.941285492677707 32062.433632915788621
922.5 34632.020226851840562 32088.852968622133631
923 34658.367987613215519 32113.025443228329095
923.5 34685.218591760480194 32139.184856731480977
924 34686.369168476616323 32148.493120578921662
924.5 34737.76894513926527 32198.847525934805162
925 34785.538723720805137 32245.640240479864588
925.5 34809.174391492990253 32267.105691053966439
926 34782.799847239439259 32243.455916095150315
926.5 34794.982793079398107 32253.344949593436468
927 34817.140993834516848 32271.018840564447601
927.5 34880.009392352578288 32321.545195994855021
928 34841.006386022163497 32293.666111994854873
928.5 34834.361489720453392 32292.354865914698166
929 34866.35117911373527 32328.331756078045146
929.5 34838.183891600456263 32303.960713981778099
930 34828.891229811837547 32299.632020940625807
930.5 34862.628746807473362 32331.747580032635597
931 34849.320527830350329 32309.099214521822432
931.5 34936.083498732608859 32387.882592300826218
932 34974.983011200900364 32421.051645730582095
932.5 35011.332716200166033 32460.380774112152722
933 35059.972002066329878 32499.434163794881897
933.5 35040.110470810504921 32487.413502668994624
934 35075.65871725591569 32516.56474215783237
934.5 35092.624321323572076 32529.071886267807713
935 35104.871279039689398 32538.22970088792863
935.5 35094.206250889132207 32537.661797453562031
936 35080.608000487198296 32526.847525793506065
936.5 35104.798961088308715 32551.716407883803186
937 35161.441174201208923 32611.760016864558565
937.5 35222.112360013852594 32660.147902042212081
938 35215.128061589392019 32649.490237190526386
938.5 35176.447380553516268 32612.450798071295139
939 35176.938800246243773 32621.602571696857922
939.5 35201.973858407996886 32653.043444454589917
940 35156.712738066664315 32612.069934410337737
940.5 35125.392362493112159 32589.39728132052187
941 35130.626768301903212 32596.794750975514035
941.5 35137.698234235482232 32603.720597905306931
942 35118.959931794342992 32587.809026140312199
942.5 35087.199564064510923 32562.662094609197084
943 35045.866942748354631 32537.403483952199167
943.5 35071.266111743105284 32561.230858212591556
944 35059.709983247819764 32546.366820102302881
944.5 35019.695630670641549 32506.643014314482571
945 35045.280867664543621 32536.525856564570859
945.5 35077.715578692695999 32571.307365964406927
946 35100.015498280445172 32594.295984691951162
946.5 35063.286895681900205 32567.745723360581906
947 35086.796419205071288 32585.136383456243493
947.5 35058.330741996738652 32555.460529199142911
948 35049.941123660559242 32542.87920974791632
948.5 35062.310105126758572 32555.908045695712644
949 35053.782744145944889 32538.078508463571779
949.5 35076.199274789782066 32559.81966464245852
950 35152.675269140498131 32626.78811920086082
950.5 35153.631613128505705 32622.839127325365553
951 35172.23954727252567 32640.623504422848782
951.5 35172.982112309306103 32636.123016533765622
952 35225.520366163043946 32681.332063324465707
952.5 35203.785873319553502 32664.610446001588571
953 35182.316733740066411 32642.7208059848017
953.5 35160.158240076998482 32623.058446506041946
954 35180.256315842569165 32647.540959107624076
954.5 35162.694718013270176 32642.224871626363893
955 35154.787695307946706 32630.022772117183194
955.5 35190.127638784906594 32661.006967566259846
956 35178.191698433351121 32646.629655331344111
956.5 35209.49700226852292 32679.451551571757591
957 35212.247223607504566 32686.015278299226338
957.5 35229.430588248200365 32707.379926921486913
958 35241.23446026835154 32714.63485638209022
958.5 35245.73713890263025 32717.465752713833353
959 35274.029240101510368 32740.263773259051959
959.5 35272.395981874986319 32740.471531102539302
960 35282.169509235136502 32747.260888914213865
960.5 35258.658273274428211 32726.418988358702336
961 35238.715573373658117 32708.028544969307404
961.5 35250.120036006221198 32725.964325440803805
962 35280.680909860537213 32755.6723521139902
962.5 35280.000975947477855 32771.522661930204777
963 35276.73555931384908 32763.818867714329826
963.5 35300.936392252668156 32787.13736395862361
964 35275.143998294377525 32758.190484567006934
964.5 35276.922616715950426 32762.20562603729195
965 35311.012641159184568 32800.129562557900499
965.5 35288.892223746537638 32783.649649220613355
966 35283.674078090945841 32786.040006976494624
966.5 35294.567260698684549 32788.26127932118834
967 35300.246856575089623 32790.523756285008858
967.5 35306.137320217188972 32795.66052424350346
968 35309.56493411246629 32803.359803652594564
968.5 35336.850554074495449 32828.347321557928808
969 35396.945410928914498 32891.32355149963405
969.5 35405.175849949584517 32903.654625114191731
970 35367.737433491842239 32872.120825857928139
970.5 35447.200099610658071 32946.390636799129425
971 35416.323764563247096 32925.204643102581031
971.5 35372.51387552889355 32882.840208500274457
972 35395.436973779302207 32907.883735486859223
972.5 35393.957499797004857 32912.335806429349759
973 35395.561723638209514 32918.729567401052918
973.5 35426.607504853032879 32957.211462809020304
974 35408.158515986746352 32938.968981717065617
974.5 35407.930082115453843 32933.699341545529023
975 35444.765574300094158 32965.81030866040237
975.5 35446.223341611759679 32971.904149277906981
976 35448.808486687710683 32980.635662595035683
976.5 35455.497695846817805 32993.700828776796698
977 35435.465167976857629 32972.780476575353532
977.5 35493.621802498266334 33029.178824927985261
978 35471.457642385044892 33005.165292612648045
978.5 35452.758195934780815 32986.813879168206768
979 35470.71630477533472 33004.516613920764939
979.5 35507.625748580852814 33050.388820315056364
980 35501.36997477793193 33048.947390298118989
980.5 35499.812645676443935 33051.37657190884056
981 35520.241373284246947 33079.30581328469998
981.5 35546.440257365466096 33109.112819549438427
982 35515.994581734477833 33096.656859827024164
982.5 35450.028054847760359 33038.691719356109388
983 35450.864011250370822 33047.097084571738378
983.5 35527.198941553353507 33125.580564200565277
984 35530.490798113271012 33125.191044417821104
984.5 35560.784303479849768 33159.766481342710904
985 35542.793129894751473 33141.142898016740219
985.5 35604.470246648874308 33198.934059135070129
986 35644.311818147376471 33238.181641949697223
986.5 35696.023834565377911 33290.750032959964301
987 35726.347554137159023 33323.186338915016677
987.5 35692.843655239812506 33292.977421716655954
988 35730.356472738450975 33336.117264401138527
988.5 35702.31111821239756 33318.682436518516624
989 35725.533182823528477 33343.781878512876574
989.5 35664.931679849862121 33294.035532195564883
990 35709.939238905179081 33336.002455111323798
990.5 35755.014410772986594 33385.277357440216292
991 35740.843794891705329 33370.750207920929824
991.5 35746.548345351613534 33382.450699954788433
992 35729.266922359049204 33366.733623773201543
992.5 35719.969010373628407 33357.838423940040229
993 35732.243101767162443 33367.235479239614506
993.5 35753.325133355981961 33397.331767690207926
994 35764.649065311183222 33411.185719452689227
994.5 35783.021248172408377 33438.581792645243695
995 35799.768365215371887 33463.146484875149326
995.5 35813.441833388344094 33479.184693822156987
996 35846.551920948491897 33516.921246961777797
996.5 35809.28932297618303 33486.784318952137255
997 35850.269013279888895 33536.326976971868135
997.5 35907.576390223533963 33587.510511346947169
998 35927.846121161521296 33612.041682894508995
998.5 35905.060301176235953 33596.607609913036868
999 35948.88573521222861 33630.849528818027466
999.5 35959.29903909015411 33647.169375550096447
1000 36006.982215251751768 33695.905745199481316
1000 36006.982215252093738 33695.90574519958318
1000.5 36049.298112470343767 33739.418427484823042
1001 35966.453912668890553 33660.205332565128629
1001.5 36010.983284335743519 33704.854052781018254
1002 36003.464342089435377 33704.684835930747795
1002.5 36021.64779994541459 33728.55028765044699
1003 36003.759588706379873 33710.212436475725553
1003.5 36032.171999059675727 33740.118075944832526
1004 35996.414560105469718 33713.666435075836489
1004.5 35989.892293743090704 33710.231816109626379
1005 36008.37809156163712 33730.398339103907347
1005.5 36091.432270086675999 33806.847681388615456
1006 36054.934787576581584 33782.009896734831273
1006.5 36068.607675400147855 33804.642638130426349
1007 36029.538254963801592 33773.74050225380779
1007.5 36050.236739140207646 33793.647102371542132
1008 36074.429039744427428 33816.310529945068993
1008.5 36138.302803971862886 33889.308818046272791
1009 36143.941652214845817 33893.673205948478426
1009.5 36094.534085184932337 33847.614532419313036
1010 36048.868129774979025 33809.588659537257627
1010.5 36041.980106237882865 33795.478895979460503
1011 36045.337225985625992 33802.900192228415108
1011.5 36040.210181202237436 33803.034333126321144
1012 36026.344076823734213 33797.231889048991434
1012.5 36032.429870943968126 33806.701880893568159
1013 36053.844146855684812 33837.733320962783182
1013.5 36052.607159821294772 33833.382981597838807
1014 36079.305306984300842 33864.527565953314479
1014.5 36060.824536377571349 33849.333681638796406
1015 36066.612781777505006 33861.560695489963109
1015.5 36119.146142082674487 33918.04907095166709
1016 36143.615283105616982 33938.760306803007552
1016.5 36140.691977493173908 33939.608061125523818
1017 36078.627222215625807 33889.584854598178936
1017.5 36115.745248647697736 33933.036577947546903
1018 36130.096111605598708 33950.026086990939802
1018.5 36151.519869461619237 33968.633626232098322
1019 36185.96646639550454 34006.65662247655564
1019.5 36216.952387828656356 34042.819694424877525
1020 36181.577470369244111 34022.197505177857238
1020.5 36192.517416197624698 34039.137541097567009
1021 36188.147206816742255 34038.277789361032774
1021.5 36176.86985450587963 34031.989281776375719
1022 36184.010348378957133 34042.630210975570662
1022.5 36240.137214432412293 34095.724968485978025
1023 36222.584357495514269 34082.190561706607696
1023.5 36264.086256900242006 34121.922066356346477
1024 36336.847071377880638 34197.036133902503934
1024.5 36250.311273286883079 34112.178373597475002
1025 36369.485815942432964 34229.249757601719466
1025.5 36285.976963131637604 34157.780286621069536
1026 36297.66195981609053 34178.928105390012206
1026.5 36348.30262892616156 34225.822159517287218
1027 36362.543710265177651 34242.371005404711468
1027.5 36362.90428743956727 34244.748486000746198
1028 36350.668610340697342 34253.420775419726851
1028.5 36316.308285761770094 34226.131011640478391
1029 36294.667679161255364 34208.924182720169483
1029.5 36321.171608085125627 34241.74327119805821
1030 36338.088458318823541 34267.466738843024359
1030.5 36359.956583008366579 34289.081580291895079
1031 36393.503002126519277 34319.608227814176644
1031.5 36374.276082633041369 34306.835304944208474
1032 36398.141183737294341 34327.968564463531948
1032.5 36440.129665662949265 34376.791005575774761
1033 36471.805331703792035 34408.617710989623447
1033.5 36447.778756714840711 34389.625912503215659
1034 36447.015171598060988 34395.578246580422274
1034.5 36477.117849386348098 34431.74259774829261
1035 36471.044408225483494 34437.121874493095675
1035.5 36479.24488654043671 34444.692472050905053
1036 36436.383964173794084 34410.665379552941886
1036.5 36478.218449600062741 34456.59042583937844
1037 36516.276114013584447 34492.899288344196975
1037.5 36497.965155871897878 34482.172155066800769
1038 36496.981749067999772 34482.749860367664951
1038.5 36519.223530338247656 34513.68717983066017
1039 36489.127617113146698 34490.526253369447659
1039.5 36485.373459421469306 34501.620414694334613
1040 36523.391922821479966 34547.435717335472873
1040.5 36575.166985097705037 34606.628687687159982
1041 36581.860230816084368 34618.533965443813941
1041.5 36537.74667216479429 34583.229765915915777
1042 36536.736173763529223 34586.623698119845358
1042.5 36514.213534528280434 34568.191914417424414
1043 36496.008809848193778 34552.545434099607519
1043.5 36506.321256163217186 34575.074151092652755
1044 36465.333174660001532 34539.614834174855787
1044.5 36462.238485219291761 34544.554752386626205
1045 36467.558364132193674 34558.789659103138547
1045.5 36429.659069027067744 34525.279444488063746
1046 36436.43299609136011 34544.099216100788908
1046.5 36498.527493664041685 34606.01740542351763
1047 36482.152296274878609 34594.510214670735877
1047.5 36479.399300850614964 34600.549800243556092
1048 36478.385860431051697 34610.768079139052134
1048.5 36546.605084682123561 34682.538467441074317
1049 36553.480578968497866 34691.84895871419576
1049.5 36550.20533998637984 34688.928525342489593
1050 36612.880921747120738 34743.117918662916054
1050.5 36637.300885504249891 34772.886939486554184
1051 36650.688247701567889 34786.099049798736814
1051.5 36700.766332380466338 34825.329003592516528
1052 36731.681619199451234 34863.04527065102593
1052.5 36753.319730688141135 34898.148214770422783
1053 36763.083557869744254 34899.689039036325994
1053.5 36761.556300038173504 34903.572061359700456
1054 36747.039256715506781 34898.67871132343862
1054.5 36814.947713495253993 34964.06058150602621
1055 36797.609358124915161 34948.467096397842397
1055.5 36856.890420930234541 35005.897658979229163
1056 36896.368702947424026 35053.768249616943649
1056.5 36944.238696221604187 35100.822891893425549
1057 36899.850915701201302 35075.149120858426613
1057.5 36957.537616678004269 35138.742003335915797
1058 36943.761835045552289 35120.194890389386273
1058.5 37004.325147471630771 35178.578781549462292
1059 37052.648561731191876 35224.672025922140165
1059.5 37058.727040278725326 35234.840090706980845
1060 37006.832150735717732 35194.286871185795462
1060.5 37014.160266552375106 35201.731686357437866
1061 37002.41795736891072 35197.375279166612017
1061.5 36963.524405505799223 35171.570049241745437
1062 36917.59744189408957 35131.407303642277839
1062.5 36948.630757072118286 35167.27960364761384
1063 36975.213117779589084 35196.995511826011352
1063.5 36918.882560773279693 35150.376942620030604
1064 36947.300657554304053 35181.139474627147138
1064.5 36961.178281362183043 35204.5314841836298
1065 36947.339858301755157 35201.272898599294422
1065.5 36921.107883292155748 35185.319239929536707
1066 36889.115924244390044 35159.98687154736399
1066.5 36921.313163145678118 35204.55252369469963
1067 36844.501722319306282 35132.384176014027616
1067.5 36900.386175155683304 35191.547689650120446
1068 36898.785623756586574 35197.590842029429041
1068.5 36922.794073569799366 35227.794515384812257
1069 36914.381262563030759 35224.432799171001534
1069.5 36887.444630964266253 35207.386558158817934
1070 36914.432464353885734 35237.944364741706522
1070.5 36940.929219969868427 35268.360484858327254
1071 36966.437966208141006 35291.346861401856586
1071.5 37036.115131126738561 35346.70822652647621
1072 37070.03525352528959 35373.856266551912995
1072.5 37081.557708542495675 35387.480946978888824
1073 37107.687500232757884 35423.162683167611249
1073.5 37128.937198538507801 35447.818820192478597
1074 37104.425208469307108 35431.983839229396835
1074.5 37115.098137908840727 35449.334321215945238
1075 37099.20833783056878 35439.061272249644389
1075.5 37076.18384543780121 35419.102833805816772
1076 37040.447715960537607 35393.439653351997549
1076.5 37061.887744208615914 35427.326214260465349
1077 37069.080166479638137 35440.328582621405076
1077.5 37088.594580239849165 35464.548753874303657
1078 37071.905724806150829 35457.639144684188068
1078.5 37052.336307138561097 35443.080805755758774
1079 37027.417149408487603 35432.125053116433264
1079.5 37049.527230141982727 35460.588535950584628
1080 37073.114322136992996 35488.409995857065951
1080.5 37058.729537965875352 35477.247689599789737
1081 37065.037826698768185 35487.100606788349978
1081.5 37046.630033632405684 35476.806083739473252
1082 37032.984573597204871 35469.88414030149579
1082.5 37045.265992138076399 35477.164957099848834
1083 37023.615468209070968 35463.132555881857115
1083.5 36978.781993650343793 35429.665597064486064
1084 36965.398592930585437 35423.420632416244189
1084.5 37013.000331141112838 35473.748509734927211
1085 37061.328598926200357 35531.762087904302462
1085.5 37061.410152016978827 35535.583643049045349
1086 37022.242278163139417 35513.595107610963169
1086.5 36999.848767117407988 35491.695339583275199
1087 37077.323745331807004 35569.191582290666702
1087.5 37119.430074913645512 35608.221007060434204
1088 37117.029872723105655 35609.353950824341155
1088.5 37145.455936877711792 35635.853023610710807
1089 37196.665231896018668 35697.620762507875043
1089.5 37154.84302124586975 35658.436399980317219
1090 37148.626284662350372 35663.396535416162806
1090.5 37172.990372485495755 35696.325634714026819
1091 37191.455523877892119 35726.876366410280752
1091.5 37207.425854847293522 35741.129850893841649
1092 37235.6157165890545 35770.784137684255256
1092.5 37306.886615800358413 35836.692224297046778
1093 37276.848672579500999 35816.94778599980782
1093.5 37352.365534091644804 35900.747604007374321
1094 37301.766356558051484 35861.054299324336171
1094.5 37367.436707841756288 35926.169316265979433
1095 37338.892548761294165 35906.070610999136989
1095.5 37379.093799665133702 35949.347858557972359
1096 37381.235152128116169 35956.716104173960048
1096.5 37415.381833485989773 35996.690827014761453
1097 37412.840799639852776 35997.311335975398833
1097.5 37421.826697592026903 36011.789981697962503
1098 37381.766603705713351 35969.473878029013576
1098.5 37454.440451511160063 36048.912134972313652
1099 37542.891918798341067 36141.895018594615976
1099.5 37515.305031348019838 36111.010519755967834
1100 37598.083244264409586 36196.398679971738602
1100.5 37599.967940711270785 36197.139368089083291
1101 37552.350862993684132 36158.762780146716977
1101.5 37549.542569169585477 36164.879192221349513
1102 37509.861332663909707 36136.777082701897598
1102.5 37490.171895918480004 36127.471308209947892
1103 37506.16617456318636 36141.90853200951824
1103.5 37466.241732917616901 36109.057250590580225
1104 37487.337004230983439 36136.650611361175834
1104.5 37568.584332626305695 36219.067597739885969
1105 37501.065427132838522 36161.183521576385829
1105.5 37484.221174505517411 36146.661248919604986
1106 37495.320359491692216 36171.929899199705687
1106.5 37533.183599322750524 36219.400814361673838
1107 37467.957242977296119 36162.463903057090647
1107.5 37519.35606515690597 36218.773317846054852
1108 37546.867083045195614 36256.90099774042028
1108.5 37559.506654371522018 36268.184759293479146
1109 37559.323507374610926 36274.982235096627846
1109.5 37531.395473782045883 36250.569394960031786
1110 37538.779532493026636 36269.765809050637472
1110.5 37608.575496356672375 36341.883324332819029
1111 37579.633270065292891 36323.93386030979309
1111.5 37650.815544432574825 36394.899337161841686
1112 37665.131810234801378 36420.738173030760663
1112.5 37762.002322910106159 36521.903529639581393
1113 37772.440009670332074 36533.631770850799512
1113.5 37800.603404781715653 36564.57818549444346
1114 37813.800512163128587 36584.467497753750649
1114.5 37829.816259091625398 36600.496654695976758
1115 37920.052052993305551 36686.268314040054975
1115.5 37937.116148687695386 36699.799817966333649
1116 37964.454750654469535 36734.059075680088426
1116.5 37978.371922291749797 36762.679462016669277
1117 38034.310971961094765 36818.496813095960533
1117.5 37997.028567687681061 36789.877216815017164
1118 37988.55890805679519 36785.346928217863024
1118.5 37996.469090957594744 36805.190963606255536
1119 38024.847648358401784 36836.635681868858228
1119.5 38027.999588134982332 36837.594773917502607
1120 38083.142155777932203 36896.030846823421598
1120.5 38079.571497573393572 36898.66285910908482
1121 38080.303960087199812 36905.583233929522976
1121.5 38023.934438331554702 36856.072867725539254
1122 37986.69492318052653 36831.270017209804791
1122.5 37913.530924131322536 36761.95887971274351
1123 37931.848315890834783 36786.76706640933844
1123.5 37998.667517188216152 36864.280617708405771
1124 37905.451342989683326 36789.763959148098365
1124.5 37898.456777457256976 36780.947465085198928
1125 37927.184729028806032 36817.309950473063509
1125.5 37851.110030597585137 36750.191149407779449
1126 37853.421778783937043 36756.804019891133066
1126.5 37837.706052091401943 36744.791500265178911
1127 37826.92475913270755 36743.473709308185789
1127.5 37792.387807951810828 36708.8303083096107
1128 37810.984309306601062 36731.454595319853979
1128.5 37759.627311186050065 36687.77528228207666
1129 37776.092014522226236 36709.335888862784486
1129.5 37799.65214248074335 36738.231238613734604
1130 37807.181077364533849 36748.191791895784263
1130.5 37848.848817344398412 36797.211273969129252
1131 37838.844538724180893 36792.654300712179975
1131.5 37908.881395935291948 36870.451880229629751
1132 37854.821131553508167 36820.722921906512056
1132.5 37847.860720275828498 36820.878708404583449
1133 37854.270103663802729 36828.788034526078263
1133.5 37869.348684723401675 36842.168887449879549
1134 37879.181540193691035 36851.561274556319404
1134.5 37817.177131516655209 36801.704331705790537
1135 37789.924425726065238 36777.780152131577779
1135.5 37779.578898818523157 36763.051474133208103
1136 37771.278599201381439 36761.694713977965876
1136.5 37736.362666171356977 36736.757943010583404
1137 37763.435010438392055 36763.458328266176977
1137.5 37789.593311607655778 36794.596779448293091
1138 37768.67679850384593 36780.015285284418496
1138.5 37715.744500660104677 36738.906099976440601
1139 37732.70385652504774 36758.633366267356905
1139.5 37758.413252890517469 36789.133367427006306
1140 37714.094918529888673 36759.057948638685048
1140.5 37694.514181982827722 36748.329363983379153
1141 37679.062121772163664 36747.785836220500642
1141.5 37685.501695094484603 36759.953380218692473
1142 37719.237925587556674 36800.631423443177482
1142.5 37710.93940136879246 36794.446107766831119
1143 37716.167313578989706 36800.897252492162806
1143.5 37696.537946158161503 36791.239443906662927
1144 37709.940829082996061 36817.220472847060591
1144.5 37718.675905347525259 36829.208917295254651
1145 37752.405534689853084 36872.198707967618247
1145.5 37706.178011081821751 36829.37648017189349
1146 37711.198137506013154 36841.530926590538002
1146.5 37694.344809583642927 36832.917326120950747
1147 37716.392645266081672 36864.750261030720139
1147.5 37710.579634143527073 36870.61712859927502
1148 37674.009228680224624 36849.935646473561064
1148.5 37685.323130636432325 36867.457057267478376
1149 37721.584796458140772 36905.818681491080497
1149.5 37735.687751604804362 36927.486110053716402
1150 37689.036106830622884 36891.951248198238318
1150.5 37765.136373440538591 36973.53159796386899
1151 37849.445016889170802 37050.431754223871394
1151.5 37767.516308929916704 36982.96145473215438
1152 37788.031526786915492 37014.58779795155715
1152.5 37772.97399156611209 36997.059744958278316
1153 37734.082684638153296 36967.491811905987561
1153.5 37774.961500007142604 37012.964105456339894
1154 37691.868633263969969 36938.882235495671921
1154.5 37759.505489164555911 37011.269739804905839
1155 37727.051104198930261 36984.141723497064959
1155.5 37796.965750290772121 37055.611547981796321
1156 37827.607220946767484 37097.225199598862673
1156.5 37862.581823923137563 37125.692012947023613
1157 37778.486033159817453 37056.481803580114502
1157.5 37842.505501929845195 37131.671615938925243
1158 37841.222424544161186 37146.997411010161159
1158.5 37852.602416235757119 37167.473267418223259
1159 37900.802309132777737 37218.724893703052658
1159.5 37930.878428711846936 37255.858658268734871
1160 37863.57953984089545 37206.192468103581632
1160.5 37849.942043933915556 37201.075651319937606
1161 37880.880950625512924 37227.801871632094844
1161.5 37907.540719074728258 37254.67323020571348
1162 37894.001457520484109 37251.954814433360298
1162.5 37892.527051405915699 37249.811384505075694
1163 37875.211172472525504 37241.756614642225031
1163.5 37884.548138915240997 37260.942587427671242
1164 37927.8626004085163 37305.257999150067917
1164.5 37932.315967568370979 37313.976529146457324
1165 37999.492057613570068 37387.470457847593934
1165.5 37964.353512110668817 37352.050388893359923
1166 37952.58297397786373 37346.647696121930494
1166.5 37997.239988818444544 37397.074666447260824
1167 37940.885446406951814 37350.468115380921517
1167.5 37976.501261689947569 37391.343736104528944
1168 38009.683874526861473 37421.48347437693883
1168.5 38065.423398299040855 37482.207502388097055
1169 38060.590845665763482 37488.025334099205793
1169.5 38085.953159090742702 37517.619834939425346
1170 38106.360332790311077 37543.773527964294772
1170.5 38092.944667776813731 37536.116577093031083
1171 38155.921098142949631 37617.564021945298009
1171.5 38097.840681865847728 37569.171942645451054
1172 38137.542952717616572 37611.511523333880177
1172.5 38089.130031804372265 37573.499489692105271
1173 38085.025739477525349 37582.776129641330044
1173.5 38051.255102344948682 37563.302610843886214
1174 38071.500277052960882 37591.729351891597616
1174.5 37991.381550421610882 37519.352138965135964
1175 37984.793520896288101 37523.891810225206427
1175.5 37931.435525062654051 37477.017718447874358
1176 37948.525359438011947 37497.451081646016974
1176.5 37951.870727718487615 37513.147795218559622
1177 37909.3836282258344 37476.090774912911002
1177.5 37965.750368629844161 37537.940004441894416
1178 37874.997875206834578 37454.304086087853648
1178.5 37875.733835929917404 37469.367768869829888
1179 37899.183321878052084 37506.007848500310502
1179.5 37843.702816158096539 37464.957659492138191
1180 37864.56237809000595 37493.534478093301004
1180.5 37810.934314224978152 37443.918890586857742
1181 37872.919855506173917 37513.198531242967874
1181.5 37950.006307912946795 37595.721971091086743
1182 37915.441473755097832 37580.156125497444009
1182.5 37915.056735733196547 37585.65725773502345
1183 37952.481865162531903 37627.686610708129592
1183.5 37951.928562062239507 37632.165723166093812
1184 38005.999416397011373 37680.454268672983744
1184.5 37999.046148471526976 37677.338005774414341
1185 38051.098996430548141 37748.522500502571347
1185.5 38076.501895102897834 37780.803802137932507
1186 38067.290423357568216 37780.023648452821362
1186.5 38032.255207915222854 37757.623891406095936
1187 38054.152162908605533 37776.611786579429463
1187.5 38100.775831390506937 37822.075160460241023
1188 38121.729559531297127 37853.779991151692229
1188.5 38116.912239135053824 37852.285611322804471
1189 38179.054563626967138 37914.227447708239197
1189.5 38121.527430718124378 37868.721860639394436
1190 38097.39282082025602 37858.027391529103625
1190.5 38119.458459574663721 37877.796874140243744
1191 38159.157050632376922 37914.586005770237534
1191.5 38187.700811888891621 37946.939218699080811
1192 38174.258427147629845 37941.323741483174672
1192.5 38105.032801695604576 37885.324433070993109
1193 38175.490198715604492 37966.937381876028667
1193.5 38152.35359842570324 37950.309045328416687
1194 38170.727875265794864 37977.296269899219624
1194.5 38136.802690681237436 37950.502520167006878
1195 38167.567729446091107 37984.836266555379552
1195.5 38197.343938040867215 38013.019531806006853
1196 38177.615999697380175 38000.173264887795085
1196.5 38247.035848478131811 38075.031331671765656
1197 38253.176908248693508 38091.072110752902518
1197.5 38225.215221709091566 38062.798288645877619
1198 38218.720477862363623 38061.175455061376852
1198.5 38215.026213674325845 38070.215220320293156
1199 38186.011286371765891 38046.713344212235825
1199.5 38194.628831395115412 38058.769231168254919
1200 38181.828769413215923 38054.933269886343624
1200.5 38161.989897471859877 38051.759917984898493
1201 38124.506157624884509 38023.120114371820819
1201.5 38057.490762094435922 37961.639454086580372
1202 38125.318505554030708 38034.394899507962691
1202.5 38071.605193387411418 37980.834042070026044
1203 38107.002494661232049 38029.668678610913048
1203.5 38100.344648042104382 38026.839043254309217
1204 38131.833749823315884 38066.220206348356442
1204.5 38153.955000975445728 38091.490073233813746
1205 38111.778566714368935 38057.997434292468824
1205.5 38187.383969554306532 38138.328821818038705
1206 38176.439870997201069 38134.966399533128424
1206.5 38185.104871583891509 38146.711337557142542
1207 38219.040718544674746 38188.532231143435638
1207.5 38274.039057847898221 38245.579873313145072
1208 38284.858616939658532 38268.530284769047284
1208.5 38332.070563351117016 38316.088087377262127
1209 38311.537530965186306 38295.065516903407115
1209.5 38326.192741269420367 38323.218307510534942
1210 38306.998425844976737 38316.122770598260104
1210.5 38323.271266701973218 38334.174199581728317
1211 38326.331078465984319 38340.062067482795101
1211.5 38303.89045853423886 38321.258990811700642
1212 38328.833665324476897 38354.482668840115366
1212.5 38311.3084850012674 38347.413064853739343
1213 38283.475077110822895 38332.164298600437178
1213.5 38234.247936458923505 38292.531432735144335
1214 38291.909051865906804 38359.197546423383756
1214.5 38256.324829314311501 38320.500771739418269
1215 38210.911557188795996 38286.239935120865994
1215.5 38167.796797502342088 38251.092683106391632
1216 38204.140294088363589 38290.194970017124433
1216.5 38170.36411315715668 38265.011337978066877
1217 38226.792816190922167 38324.272713791229762
1217.5 38236.635900016328378 38341.218111530957685
1218 38189.093768154292775 38301.774201460888435
1218.5 38200.336248179562972 38315.53615657237242
1219 38262.725012717935897 38376.505658926304022
1219.5 38238.966932753603032 38352.62315648177173
1220 38268.823366887379962 38389.443054435316299
1220.5 38299.197475017623219 38423.773086043911462
1221 38287.889184508123435 38422.774949017773906
1221.5 38373.496392153399938 38506.703461867335136
1222 38276.148685185507929 38413.047689534716483
1222.5 38307.760354700207245 38444.290349934773985
1223 38319.433416887681233 38459.777372643664421
1223.5 38328.677402266119316 38462.10864912699617
1224 38308.298416469726362 38449.722981124803482
1224.5 38277.472185241618718 38427.83812471969577
1225 38284.461289088249032 38452.9837706791659
1225.5 38261.955459485041501 38440.227558606027742
1226 38208.788658872414089 38393.092399823130108
1226.5 38259.070682279889297 38456.50328649282892
1227 38266.383579084038502 38464.811231882507855
1227.5 38304.776932632463286 38505.033008699501806
1228 38324.102023589868622 38526.435939918505028
1228.5 38392.810182531626197 38593.317529158186517
1229 38394.941633030815865 38603.123034297117556
1229.5 38496.437870484900486 38704.483854775062355
1230 38442.657070604051114 38656.039407879507053
1230.5 38426.449572307275957 38646.53218389354879
1231 38433.888500039909559 38665.063524598313961
1231.5 38436.348410629761929 38669.813126397661108
1232 38485.324573292018613 38723.84766845258855
1232.5 38459.096927624836098 38699.595649663315271
1233 38492.542491480977333 38738.491286857381056
1233.5 38428.637613475708349 38677.48383427526278
1234 38399.300625576550374 38658.952700538851786
1234.5 38436.305755410896381 38700.159900205406302
1235 38394.42565614340856 38669.443659138429211
1235.5 38384.191675110800134 38652.372148876609572
1236 38392.648000181732641 38676.755731145982281
1236.5 38364.040215210166934 38656.824397820695594
1237 38405.599978667174582 38703.106600237595558
1237.5 38400.695954087634163 38702.230565050937003
1238 38416.358833193749888 38733.236544943305489
1238.5 38387.974087330003385 38706.430237731648958
1239 38431.285606324629043 38752.238159347536566
1239.5 38420.775752710920642 38744.951825694508443
1240 38477.612711462148582 38806.904381846274191
1240.5 38469.298324367766327 38803.302508096516249
1241 38464.782571950730926 38811.613754086160043
1241.5 38456.791883631711244 38816.20891270825814
1242 38503.72120513900154 38864.601624898532464
1242.5 38528.254000474014902 38896.992657573791803
1243 38536.3344665238983 38906.204554536736396
1243.5 38565.853939355518378 38928.27190649008844
1244 38609.509806560366997 38977.868648743780795
1244.5 38606.609159101608384 38984.187978888323414
1245 38557.310893659952853 38942.811288266362681
1245.5 38561.706962703086901 38957.031558898052026
1246 38476.960003799198603 38868.140679131531215
1246.5 38518.864806782388769 38925.358099329110701
1247 38492.802400270782528 38913.270532784321404
1247.5 38477.17940019138041 38893.814871709262661
1248 38521.450428012227349 38945.013198090666265
1248.5 38503.729906654079969 38935.389925729708921
1249 38477.543011202476919 38917.194674308389949
1249.5 38473.081262126695947 38923.853899683526834
1250 38467.102265774730768 38920.942022714778432
1250.5 38520.34436789357278 38984.158949994576687
1251 38562.270085650408873 39037.79597322329937
1251.5 38525.990399839582096 39005.415478399918356
1252 38492.163408930508012 38979.423724659412983
1252.5 38593.167513663174759 39081.824925559376425
1253 38583.089901026047301 39079.778995380125707
1253.5 38537.849791856198863 39047.021923306165263
1254 38518.049679440053296 39030.830668551774579
1254.5 38593.620487938431324 39111.274928660073783
1255 38500.087610979324381 39042.055713557077979
1255.5 38508.104339274694212 39060.956507299633813
1256 38550.851335181294417 39113.631330760319543
1256.5 38559.109087534379796 39127.16413137348718
1257 38495.627974795359478 39076.32948371553357
1257.5 38520.328930010386102 39111.311836026507081
1258 38546.194278845541703 39159.37743449791742
1258.5 38540.350761768459051 39163.775256104796426
1259 38557.16839511107537 39182.279099443680025
1259.5 38508.36158850981883 39142.484258960066654
1260 38576.215748445749341 39208.336994642340869
1260.5 38599.780383276665816 39238.482503033934336
1261 38620.720121176469547 39262.074671944072179
1261.5 38641.964533031692554 39281.595022299610719
1262 38635.646741782729805 39282.229349101267871
1262.5 38629.439103483477084 39283.868353553771158
1263 38560.611189768867916 39227.83168776454113
1263.5 38682.020672091544839 39347.625267615432676
1264 38662.002339266844501 39334.296187765474315
1264.5 38695.293140735615452 39375.65957395566511
1265 38641.607487919747655 39326.9323997730462
1265.5 38607.846310172462836 39303.696289295236056
1266 38583.558146709794528 39287.64812873716437
1266.5 38582.073279439893668 39296.38702641454438
1267 38601.649874682552763 39328.473259642581979
1267.5 38606.083735312102363 39349.543746707022365
1268 38602.559379406033258 39351.423531189706409
1268.5 38583.013265711757413 39340.880347058453481
1269 38568.834787020539807 39334.015768512042996
1269.5 38551.604809858850786 39321.320248933239782
1270 38548.919753215835954 39318.48358866928902
1270.5 38546.371917581753223 39323.820885293243919
1271 38577.87085362047219 39359.710676867172879
1271.5 38622.651020594399597 39407.219260345773364
1272 38580.860154064263043 39371.785446660192974
1272.5 38584.613200682819297 39380.663547437121451
1273 38626.552715671139595 39429.753606697544456
1273.5 38651.24437561063678 39455.669834492131486
1274 38622.990738751381286 39428.946762099891203
1274.5 38661.198781469895039 39479.826751595042879
1275 38685.914281493605813 39510.279902684596891
1275.5 38680.128612695087213 39510.566909196655615
1276 38651.253617511349148 39489.943277951271739
1276.5 38639.238140420566197 39491.687144991577952
1277 38668.714045959321084 39529.004977920551028
1277.5 38676.23605119180138 39542.679269636762911
1278 38735.048330421457649 39592.895580407013767
1278.5 38799.566159520458314 39654.987106636559474
1279 38734.896655534721503 39589.498910463596985
1279.5 38661.41909804718307 39533.65133351284021
1280 38684.000993261273834 39563.648066810703313
1280.5 38616.854334953110083 39507.73123885372479
1281 38622.976007131459482 39521.663652847033518
1281.5 38596.435990513375145 39498.974482660494687
1282 38626.145784391665075 39532.795922360863187
1282.5 38630.90221895686409 39539.130450723932881
1283 38701.275327432784252 39611.570277827668178
1283.5 38705.004210963648802 39627.38314284326043
1284 38711.87520181502623 39645.429672629848938
1284.5 38714.300006211014988 39656.91639841550932
1285 38748.566039329089108 39691.715979303960921
1285.5 38766.468365201653796 39715.989701102495019
1286 38746.975265314475109 39701.971479834828642
1286.5 38799.75540426986845 39758.325800378239364
1287 38787.511102111355285 39749.913249318895396
1287.5 38777.439368045932497 39744.006787270205677
1288 38793.832847191901237 39769.204354038207384
1288.5 38808.132388200232526 39795.207665886016912
1289 38808.613825633605302 39803.124833000205399
1289.5 38816.861524547690351 39809.834551426232792
1290 38866.597384349195636 39862.233007468486903
1290.5 38912.814953209199302 39913.817329795769183
1291 38946.978189839712286 39953.208618243872479
1291.5 38958.911858775958535 39965.618677809507062
1292 39037.321907277422724 40046.832984487475187
1292.5 39046.206430373458716 40058.322144139638112
1293 39059.30851683459332 40071.887063485737599
1293.5 39114.390197406435618 40140.347880699016969
1294 39049.274280379293486 40079.163755086607125
1294.5 39024.66471745918534 40061.574900860810885
1295 39017.050024800024403 40055.961260447198583
1295.5 39067.284808036631148 40118.092205510511121
1296 39114.769763995616813 40167.796059707718086
1296.5 39151.723504959642014 40215.250748356607801
1297 39140.19404098301311 40207.531501817386015
1297.5 39139.52385741337639 40211.002859341431758
1298 39108.333172956234193 40188.185398997178709
1298.5 39124.812596196803497 40210.848881754704053
1299 39156.894750372732233 40250.870173111892655
1299.5 39092.876174244032882 40204.611745616275584
1300 39126.308144099741185 40241.573355642969545
1300.5 39093.469653322041268 40223.357789902642253
1301 39070.287866037331696 40204.748638440913055
1301.5 39111.858730695428676 40244.245937640574994
1302 39051.923504864294955 40189.561483685036364
1302.5 39114.978401468688389 40256.500568355928408
1303 39190.372808696505672 40339.819459159451071
1303.5 39104.385792462802783 40256.844620546056831
1304 39170.556599786177685 40334.637924919152283
1304.5 39211.996968009108969 40379.729437528454582
1305 39236.925000620634819 40407.352575227603666
1305.5 39273.573441616150376 40448.572914602009405
1306 39245.746456900829799 40425.5906190732494
1306.5 39255.460521688160952 40440.291237651079427
1307 39343.744692471780581 40535.856463404350507
1307.5 39349.386196101913811 40544.764451832590566
1308 39374.981319531922054 40576.569361273897812
1308.5 39311.522336424524838 40529.795219581639685
1309 39261.767365250627336 40488.599869908415712
1309.5 39283.009609963301045 40519.356357486867637
1310 39245.284282267202798 40486.789457898375986
1310.5 39223.331178442633245 40472.726370444863278
1311 39237.908380395972927 40498.669942772576178
1311.5 39208.807145081897033 40478.878256739524659
1312 39190.050938397005666 40462.214988492683915
1312.5 39164.198187740374124 40443.766133768265718
1313 39193.780906732885342 40482.644966619373008
1313.5 39157.984479975166323 40459.198664662791998
1314 39121.973215423502552 40429.592407385607657
1314.5 39081.252206876815762 40393.020022026757943
1315 39119.969995928891876 40436.90561277019151
1315.5 39127.433040432442795 40445.240699795678665
1316 39124.777254949978669 40434.89994062155165
1316.5 39139.283277793576417 40454.197205330274301
1317 39144.628452863551502 40460.12730931101396
1317.5 39189.643517654410971 40501.48596748138516
1318 39140.406482125057664 40460.774175470600312
1318.5 39182.995754353301891 40508.244382177654188
1319 39211.900214103305188 40549.001595933368662
1319.5 39252.972185758932028 40598.115121267830546
1320 39286.367825299901597 40632.476578566587705
1320.5 39283.079386712706764 40630.949010088057548
1321 39275.687894138267438 40626.286120311771811
1321.5 39295.849293361396121 40653.820775978623715
1322 39242.059130164489034 40619.539055683271727
1322.5 39229.829378049209481 40603.878935181157431
1323 39216.574881152169837 40601.882731006429822
1323.5 39183.518253127673233 40571.863141101908695
1324 39190.234443524437665 40585.344702122143644
1324.5 39155.668890468099562 40555.552416982434806
1325 39133.563489404645225 40552.476628757649451
1325.5 39167.167400816069858 40593.912537278956734
1326 39163.727723209078249 40590.666099109235802
1326.5 39167.690710008908354 40601.781473627932428
1327 39142.192435915254464 40581.940812672713946
1327.5 39171.426936128278612 40613.057865172544552
1328 39179.170085778619978 40627.904478811884474
1328.5 39182.417048148905451 40633.439851538838411
1329 39235.438185346487444 40688.261589798428759
1329.5 39205.756423878781789 40674.723905254199053
1330 39201.050701781750831 40678.462220773631998
1330.5 39215.619803608700749 40706.676629953049996
1331 39224.457598853827221 40729.148606129732798
1331.5 39270.655642446203274 40779.936806518111553
1332 39220.599276542074222 40739.168736057581555
1332.5 39247.521829256103956 40770.667328153402195
1333 39240.483916149387369 40769.890547484443232
1333.5 39318.045201433626062 40853.770254923743778
1334 39334.119817670005432 40879.078729492881394
1334.5 39387.610190194522147 40929.463781220169039
1335 39458.812475299127982 40996.440963287706836
1335.5 39446.180346181783534 40973.977202828151349
1336 39460.745452966402809 40996.921387283982767
1336.5 39540.873379358330567 41083.584307682816871
1337 39517.758139220233716 41066.012261629803106
1337.5 39540.289945365853782 41094.439463474605873
1338 39492.774775712779956 41055.352222457775497
1338.5 39424.799402374548663 40991.910852350971254
1339 39497.297930328357324 41074.607427558519703
1339.5 39521.028955911635421 41098.625114146823762
1340 39472.529410009185085 41052.941903978287883
1340.5 39518.408040924558009 41103.634073442794033
1341 39499.851694383207359 41084.459041153910221
1341.5 39501.435995401254331 41076.989049818163039
1342 39482.637734104013362 41064.580102834901481
1342.5 39494.584056482548476 41074.374442018801346
1343 39571.838972111778276 41152.984018702059984
1343.5 39607.76776300893107 41189.408677385596093
1344 39636.669098188438511 41237.405944168967835
1344.5 39571.157209240016527 41178.075125994138943
1345 39592.208526030837675 41211.69262375406106
1345.5 39577.378809656147496 41204.442019451300439
1346 39561.701353812837624 41184.506637870690611
1346.5 39510.266520972450962 41134.401080722876941
1347 39556.530227759947593 41182.697433448229276
1347.5 39585.042422702354088 41217.543358819595596
1348 39609.216802973984159 41240.658655744002317
1348.5 39584.696750122020603 41223.578374312695814
1349 39639.680386114756402 41287.277676892415911
1349.5 39676.984612469059357 41335.170319810262299
1350 39680.514302066119853 41345.115262592458748
1350.5 39624.153194412945595 41294.926684107391338
1351 39620.241145665117074 41299.027635969090625
1351.5 39679.826348987895472 41361.681490916613257
1352 39603.460219650092768 41299.606642030405055
1352.5 39589.273987257445697 41286.66709210616682
1353 39649.315098073777335 41351.986468869632517
1353.5 39692.465331656640046 41408.292704106097517
1354 39662.412744186251075 41384.141961728710157
1354.5 39590.657467173521582 41317.347265194504871
1355 39584.154538731505454 41324.811477281502448
1355.5 39627.029957594037114 41377.408643602204393
1356 39627.004256582222297 41392.308771228192199
1356.5 39608.553198368455924 41380.655993378233688
1357 39582.48583212102676 41355.787952227547066
1357.5 39659.233106510830112 41433.994847822730662
1358 39635.505279474724375 41410.124860774842091
1358.5 39639.973734574305126 41421.70420566656685
1359 39673.985350504830421 41453.098810364797828
1359.5 39646.349819665629184 41436.093658686710114
1360 39609.201600757100096 41413.937159145105397
1360.5 39601.791316535556689 41419.443034941534279
1361 39547.308763264707522 41380.858425733378681
1361.5 39612.118960505213181 41451.663651454691717
1362 39604.297569757516612 41447.342494352022186
1362.5 39598.949342003237689 41444.661557383456966
1363 39560.103019909183786 41416.08966664604668
1363.5 39666.048484679980902 41530.412178575417784
1364 39711.661391694069607 41573.430163452860143
1364.5 39756.229851706717454 41617.297866192551737
1365 39758.399975032472867 41622.990914910791616
1365.5 39711.459765555817285 41583.298906941592577
1366 39763.26526560021739 41640.457224760008103
1366.5 39795.184793049280415 41686.148333905395702
1367 39735.836827199447725 41622.957803791709011
1367.5 39863.598453456106654 41770.633813754589937
1368 39802.793618540286843 41715.362177280549076
1368.5 39864.982755212862685 41782.311844894640672
1369 39915.403739031513396 41836.805744726094417
1369.5 39899.061386459958158 41826.459197744559788
1370 39940.924684513563989 41877.463205644984555
1370.5 39892.036124289676081 41844.602681533011491
1371 39915.922557397374476 41872.870440595521359
1371.5 39979.337474655629194 41940.492779791704379
1372 39959.87103498767101 41927.705819630420592
1372.5 39967.952066258570994 41937.154094931429427
1373 39969.939911654902971 41953.97119846658461
1373.5 39927.14506107676425 41922.991438643970469
1374 40003.418080438561446 42007.559412254246126
1374.5 39972.219700611371081 41976.115958761663933
1375 40051.690131839633978 42065.1634452023427
1375.5 40140.024018127645832 42158.686188747808046
1376 40122.500165116798598 42153.086577631533146
1376.5 40142.395221155667969 42178.645258267533791
1377 40232.091228714409226 42280.694111740733206
1377.5 40275.707459755896707 42338.045828306887415
1378 40278.727185023621132 42340.983848415482498
1378.5 40308.527426579232269 42378.474064359499607
1379 40274.153656912931183 42349.445103798017954
1379.5 40278.236050489147601 42361.074595000645786
1380 40250.25860761156946 42339.543889515305636
1380.5 40292.174806132024969 42398.772593377994781
1381 40356.960037217853824 42469.064176261752436
1381.5 40383.162927523015242 42496.737898027597112
1382 40371.735229503385199 42490.61623546697956
1382.5 40448.90497411438264 42564.649000506855373
1383 40468.929585201563896 42586.344614221663505
1383.5 40438.769877907077898 42556.246520000029705
1384 40474.548186687701673 42595.773681113088969
1384.5 40481.040476435337041 42606.07563114608638
1385 40522.172715691209305 42660.008115554119286
1385.5 40435.292032098812342 42585.824419938697247
1386 40424.146598664934572 42586.116614213227876
1386.5 40397.093499773101939 42557.719294316259038
1387 40411.705071224372659 42582.388948413310573
1387.5 40409.758526427140168 42590.054497693941812
1388 40456.015137968643103 42642.439572007744573
1388.5 40409.25805274220329 42605.637960989879502
1389 40442.596426355368749 42654.835124939505477
1389.5 40423.921240534749813 42641.605671663754038
1390 40405.85240916130715 42636.054331976280082
1390.5 40324.190918019099627 42562.09119102954719
1391 40388.622759007026616 42641.345566108386265
1391.5 40320.471644518060202 42595.190973179720459
1392 40327.073143684981915 42605.739021704022889
1392.5 40289.844633149004949 42575.36168135322805
1393 40265.006836879831098 42559.254122861879296
1393.5 40204.201194353954634 42512.28963488714362
1394 40215.325940427726891 42538.082446290667576
1394.5 40152.785297846232424 42483.880883817189897
1395 40179.090299085532024 42517.842738085309975
1395.5 40126.445620946687995 42466.956420475631603
1396 40184.334923594535212 42533.035687559255166
1396.5 40100.725367975537665 42451.58027397620026
1397 40141.749512221584155 42501.048179633420659
1397.5 40081.756460573291406 42453.374738287217042
1398 40040.40054726452945 42425.121322663282626
1398.5 40121.207106453883171 42513.182360104947293
1399 40078.167053004232002 42473.397479443512566
1399.5 40087.536728843449964 42493.73017660179903
1400 40082.237586001327145 42486.676056910793704
1400.5 40101.254833337654418 42519.162573573143163
1401 40101.493753797018144 42525.802649863864644
1401.5 40057.270377266009746 42500.271263593007461
1402 40014.739476827766339 42476.011855277938594
1402.5 40016.62129118044686 42480.534975627611857
1403 40059.834279747126857 42533.495671110213152
1403.5 39992.147912870546861 42475.220145088693243
1404 40062.263590372349427 42558.348863954437547
1404.5 40015.241927625684184 42517.979692287684884
1405 40055.531024892916321 42571.620382742970833
1405.5 40060.297843582222413 42581.734471397809102
1406 40007.260875574727834 42538.371847187685489
1406.5 40030.482394108155859 42568.493371882897918
1407 40030.257534360345744 42578.944739291015139
1407.5 40065.948634364918689 42616.94538116894546
1408 40015.765477184482734 42574.420614552145707
1408.5 40044.655932201196265 42609.910483284991642
1409 40093.320531938581553 42660.510695759643568
1409.5 40100.880671413484379 42668.649436290412268
1410 40141.239165565995791 42712.366072150718537
1410.5 40126.372573690794525 42711.20135356800165
1411 40175.786972212132241 42776.077197417005664
1411.5 40172.446666937925329 42780.447466064848413
1412 40150.432476779024 42774.954484201109153
1412.5 40134.697888057788077 42766.296003329625819
1413 40078.621030905356747 42731.332950213371078
1413.5 40000.786186010023812 42665.124241582510876
1414 40005.153809467010433 42677.771556256331678
1414.5 40034.184428668595501 42718.61134800111904
1415 40032.600144930453098 42731.056284992431756
1415.5 40024.167393533942231 42732.275417971242859
1416 40129.23346764773305 42856.755542289844016
1416.5 40031.730936139218102 42772.798756733551272
1417 40047.044824195902038 42792.203838928318874
1417.5 40025.7989685691864 42784.548991444600688
1418 40050.384932554021361 42810.866084596455039
1418.5 40129.422052878471732 42894.998562999600836
1419 40150.789436639286578 42926.560897230861883
1419.5 40149.065718769932573 42935.862529792648274
1420 40142.088107123912778 42942.470586759241996
1420.5 40091.377490538267011 42907.195498555258382
1421 40156.167451225184777 42986.562738188265939
1421.5 40125.06692448175454 42963.339494168663805
1422 40082.944442714360775 42928.958782721267198
1422.5 40105.686088934373402 42948.44317619325011
1423 40112.765312602721679 42956.708453245410055
1423.5 40091.402039258100558 42940.279437226956361
1424 40143.021104480474605 42999.842922101626755
1424.5 40138.391884752236365 42996.006017445026373
1425 40149.456373303110013 43010.020709587042802
1425.5 40180.619253065509838 43044.513507661678887
1426 40215.898321223437961 43082.243719545520435
1426.5 40167.052455955461483 43042.714853821846191
1427 40120.173740666788945 43009.355653042570339
1427.5 40130.68642689743865 43024.879401065205457
1428 40172.964072196868074 43070.902231874832069
1428.5 40227.583680977215408 43135.413416295348725
1429 40206.44470364422159 43107.629022892942885
1429.5 40230.304089028570161 43136.535264631434984
1430 40198.233798817687784 43113.087083225109382
1430.5 40177.555347418725432 43096.352400619194668
1431 40189.575339556555264 43118.085683126679214
1431.5 40238.237753961300768 43174.857315908746386
1432 40249.393875564266637 43196.660783887564321
1432.5 40188.39387669669668 43147.69215071110375
1433 40243.536136377071671 43201.238090298989846
1433.5 40217.680129249783931 43190.91594513002201
1434 40205.884225889458321 43189.242835291006486
1434.5 40256.333211662968097 43253.676084889288177
1435 40261.102303104569728 43272.469696934196691
1435.5 40211.876292791253945 43226.426939026066975
1436 40219.641994159654132 43238.324024921719683
1436.5 40256.380864910221135 43285.350866022738046
1437 40256.482791175352759 43302.418023575664847
1437.5 40350.703092672643834 43414.641754962191044
1438 40298.871693747132667 43372.885854469284823
1438.5 40338.435800657578511 43421.200285242644895
1439 40338.814356753435277 43416.367480434491881
1439.5 40304.535627012483019 43389.520974167047825
1440 40233.251099340137444 43323.652359964820789
1440.5 40276.820577393344138 43370.235552788835776
1441 40275.674064054757764 43379.908739258957212
1441.5 40254.847863301620237 43372.109321049560094
1442 40309.98743397401995 43433.301516148203518
1442.5 40316.276290434994735 43449.271884918620344
1443 40324.652580100031628 43467.375075969786849
1443.5 40298.466681121499278 43453.607105213166506
1444 40267.379287654875952 43434.317292568761331
1444.5 40324.064616602314345 43504.652322107191139
1445 40287.808423905036761 43477.431198466518254
1445.5 40330.833379881383735 43538.864628059389361
1446 40334.888498030850315 43543.015285995250451
1446.5 40361.236891670203477 43581.96427881220734
1447 40331.261375514164683 43550.06804611710686
1447.5 40333.282250611911877 43554.295342331039137
1448 40369.110302577268158 43598.848792566008342
1448.5 40365.304350896374672 43586.77990030564979
1449 40398.647666425174975 43630.132146540112444
1449.5 40424.170804573230271 43661.136091998421762
1450 40484.147010078115272 43740.007538641555584
1450.5 40484.449724657009938 43757.445704656973248
1451 40500.697031475516269 43784.755776747500931
1451.5 40452.648831503611291 43745.501295347297855
1452 40464.814145400712732 43752.491428964240185
1452.5 40390.740840654616477 43679.530417886526266
1453 40384.187590120578534 43684.336829031475645
1453.5 40353.547335904862848 43658.27268508252746
1454 40322.481406969818636 43647.455680157036113
1454.5 40408.757186488612206 43743.199468331717071
1455 40281.306408077427477 43611.237601827750041
1455.5 40314.400589658340323 43653.695028132613515
1456 40339.774238856247393 43683.654503491692594
1456.5 40338.212658725133224 43691.10222112347401
1457 40306.985000049091468 43683.899619399060612
1457.5 40265.02626808117202 43636.795861866994528
1458 40226.700086982520588 43606.60876256955089
1458.5 40254.544939403123863 43644.333784148162522
1459 40232.270009109874081 43645.063896785090037
1459.5 40272.720820115115202 43692.821914500462299
1460 40254.020024132987601 43675.154192851121479
1460.5 40307.572805595125828 43749.05353988090792
1461 40289.341971224086592 43741.072368968154478
1461.5 40327.6057894188707 43784.904988652022439
1462 40391.810497570557345 43867.10554408144526
1462.5 40393.196553603047505 43860.437001003847399
1463 40387.514596413682739 43852.5459106336275
1463.5 40364.972906610586506 43835.938244229451811
1464 40423.226825352139713 43903.63278851495852
1464.5 40397.620206682360731 43884.981534123697202
1465 40391.279056921477604 43884.801383917838393
1465.5 40426.270716542443552 43927.850416765941191
1466 40396.275270454541896 43912.635066140195704
1466.5 40391.75971767930605 43904.592199534941756
1467 40373.539606816477317 43896.076726288345526
1467.5 40333.294662498112302 43866.876981543864531
1468 40409.646029570285464 43949.918672572697687
1468.5 40518.260500380856683 44071.785131916483806
1469 40461.069981594599085 44025.126671876576438
1469.5 40468.335189006997098 44036.093178284398164
1470 40451.6426277677092 44032.012052573430992
1470.5 40472.690634159429464 44060.189539798338956
1471 40555.364340694643033 44150.499762203835417
1471.5 40554.614624399247987 44165.870649294702162
1472 40517.00380456259154 44135.263296691737196
1472.5 40560.571515327210363 44178.498395900256583
1473 40524.362428945474676 44151.281862834970525
1473.5 40476.049242024710111 44106.146170376974624
1474 40514.191344022023259 44149.004778329108376
1474.5 40536.746434438202414 44174.122956590173999
1475 40552.270835476825596 44190.188204037374817
1475.5 40635.58024030575325 44286.484243576065637
1476 40598.858968269596517 44254.966170461477304
1476.5 40676.580391461786348 44340.890457662397239
1477 40651.136903411563253 44321.395817366312258
1477.5 40641.565335996107024 44327.631007015952491
1478 40713.478569061917369 44407.511459279055998
1478.5 40719.422722291281389 44418.891588832870184
1479 40680.650214582907211 44381.690448437489977
1479.5 40694.392471919345553 44398.975073829737084
1480 40714.156078557156434 44428.582254415989155
1480.5 40648.490642383017985 44359.512257571572263
1481 40755.483840983681148 44478.684152741465368
1481.5 40766.758492352506437 44492.683257358454284
1482 40777.520158486899163 44510.504588415991748
1482.5 40824.519744178454857 44559.985890995158115
1483 40810.543973527914204 44550.458934211710584
1483.5 40840.169364282701281 44585.626150805859652
1484 40810.282695046545996 44562.349036370454996
1484.5 40783.168428011886135 44529.887373013531032
1485 40814.330328516312875 44566.931085797841661
1485.5 40856.078359489547438 44613.007865453961131
1486 40890.989456260838779 44660.938032434452907
1486.5 40838.200460491709237 44609.327432294652681
1487 40902.548029912824859 44686.617660724237794
1487.5 40874.002843173388101 44672.629365271095594
1488 40815.116798199196637 44619.343239547320991
1488.5 40800.249717771512223 44608.633195093891118
1489 40780.749852158565773 44600.475346044884645
1489.5 40849.312901620243792 44673.635924867849099
1490 40746.045302872400498 44580.893757980236842
1490.5 40776.679984449445328 44622.004984543840692
1491 40692.092261774894723 44536.338595978551893
1491.5 40722.729268948714889 44583.08630848715984
1492 40698.716079193705809 44574.255955462402198
1492.5 40601.465951741971367 44480.230210473957413
1493 40602.378867193510814 44489.991505490215786
1493.5 40620.687411592014541 44524.271238133136649
1494 40691.630150343000423 44604.289428171890904
1494.5 40630.473544617401785 44547.008767582301516
1495 40616.194959405314876 44545.253175862933858
1495.5 40675.275155594637909 44614.897108263532573
1496 40694.120543940545758 44642.854739297581546
1496.5 40736.127640064310981 44694.773955746888532
1497 40768.651326597711886 44734.491006499200012
1497.5 40817.747718865335628 44791.465555871473043
1498 40856.998318205871328 44838.955481500932365
1498.5 40868.297462794784224 44851.817719168531767
1499 40865.764286514655396 44845.150742696016096
1499.5 40808.241823799777194 44805.777718536337488
1500 40829.291039211879252 44833.507983113457158
1500.5 40810.46106739865354 44805.499536333270953
1501 40807.646019607062044 44811.508759623517108
1501.5 40741.634167252974294 44751.279910625293269
1502 40766.976924101618351 44774.956662761564075
1502.5 40805.38190466369997 44822.204581210156903
1503 40838.149459556421789 44854.787791988586832
1503.5 40821.161639446108893 44837.382610275235493
1504 40917.448880040334188 44949.416356024077686
1504.5 40876.997222192680056 44919.162093772101798
1505 40894.023703465689323 44950.639658380627225
1505.5 40933.725078443370876 44995.204089553219092
1506 40910.178182517680398 44983.439809571158548
1506.5 40951.424818064173451 45041.439225812151562
1507 40946.930110494613473 45048.225016060292546
1507.5 40964.807200577452022 45076.586259087591316
1508 40904.732459137841943 45016.397470551426522
1508.5 40966.813637326267781 45089.738650296319975
1509 40977.567647511983523 45114.789748332848831
1509.5 40922.903386631820467 45071.075186563728494
1510 40845.894457484697341 45006.475880820034945
1510.5 40797.61470492900844 44965.135141461702005
1511 40749.854391774380929 44928.394260715998826
1511.5 40741.53266032790998 44938.232968972537492
1512 40704.518832229783584 44914.428847931303608
1512.5 40704.021794635875267 44923.884790547650482
1513 40686.206606801308226 44922.862426868152397
1513.5 40658.422443003764783 44900.242623402555182
1514 40630.342364267322409 44873.573338872593013
1514.5 40637.343321162894426 44889.700185849338595
1515 40590.097197368661 44848.64287087979028
1515.5 40646.434589512617094 44908.723619804775808
1516 40630.658489439971163 44891.856946481704654
1516.5 40581.661200429552991 44844.20643512456445
1517 40573.862158189651382 44830.643939018584206
1517.5 40595.336210362824204 44850.573678101420228
1518 40543.499450822200743 44796.188584723735403
1518.5 40553.047642760051531 44823.716060094135173
1519 40562.143435042897181 44835.452958457441127
1519.5 40575.274281688296469 44863.213922117276525
1520 40659.933487614987826 44965.722236598281597
1520.5 40625.706294557094225 44930.031320299793151
1521 40647.436610048309376 44959.423393573408248
1521.5 40712.714843314519385 45034.436196546783322
1522 40703.543774569036032 45037.327053389235516
1522.5 40753.035535217430152 45085.72552271369932
1523 40682.455365740832349 45020.90328156396572
1523.5 40763.727724701384432 45106.437908804531617
1524 40762.822239110304508 45108.170000555481238
1524.5 40787.060429354634834 45140.180731499531248
1525 40767.952446315139241 45135.984817530290456
1525.5 40787.556849272557884 45156.704068685932725
1526 40782.406591316670529 45149.892657444426732
1526.5 40810.965744177170563 45179.173225875718344
1527 40886.839583366185252 45271.603636285290122
1527.5 40874.677668091848318 45272.251641531853238
1528 40851.947987135055882 45259.2172537286242
1528.5 40953.832436408469221 45373.077220342187502
1529 40939.3783902147552 45363.863763308821945
1529.5 40996.539747288792569 45433.296988226924441
1530 40963.660007540405786 45402.190267089470581
1530.5 41000.557784970893408 45457.522923595293832
1531 40878.373322209881735 45331.666946865683713
1531.5 40905.079657506161311 45367.997340586531209
1532 40918.126920403010445 45382.764254714136769
1532.5 41032.225556874327594 45507.699255820320104
1533 40937.222436054369609 45423.769346604574821
1533.5 40916.123883767410007 45387.77130240148108
1534 40903.803895752862445 45381.329953738793847
1534.5 40875.610409212196828 45363.109073940417147
1535 40880.88740306134423 45377.252993449910718
1535.5 40919.793718219523726 45417.317704622495512
1536 40925.778139830108557 45423.972097883706738
1536.5 41031.37084308424528 45538.829316125338664
1537 41046.549466038028186 45558.131369667804393
1537.5 41016.044032917663571 45535.165973602619488
1538 41062.737444841943216 45589.84206350302702
1538.5 41094.997849094645062 45638.326936457837292
1539 41062.425132970602135 45603.56423505172279
1539.5 41045.393517568947573 45598.51614695850003
1540 41043.594057074871671 45617.720315787708387
1540.5 41036.70650902781199 45615.042607733455952
1541 41061.251522027865576 45643.761742546092137
1541.5 41103.486251359288872 45685.291340669115016
1542 41094.799878839672601 45677.672433445412025
1542.5 41101.264777117350604 45697.733738383067248
1543 41119.720266220581834 45735.71732726143091
1543.5 41126.919060605367122 45743.814423695592268
1544 41134.91076508758124 45756.9868104180714
1544.5 41122.115075435918698 45757.381739219912561
1545 41115.403403137272107 45760.770412316487636
1545.5 41122.178380014462164 45782.795953988104884
1546 41069.641043779251049 45728.165602411289001
1546.5 41124.813079641615332 45795.41251685620955
1547 41096.354502926857094 45769.293517755475477
1547.5 41093.356288150615001 45781.919763701655029
1548 41092.87286261155532 45787.833514266814745
1548.5 41114.091322406493418 45824.78595431092981
1549 41160.183995558749302 45875.798389145995316
1549.5 41139.352191630976449 45865.760063292640552
1550 41150.324010972406541 45881.152155573610798
1550.5 41178.461587326637527 45906.626911584426125
1551 41249.562016115291044 45993.563523406512104
1551.5 41238.366947349721158 45991.320439462069771
1552 41267.891082090056443 46045.379993292175641
1552.5 41177.045627238760062 45948.189698232403316
1553 41186.115928646569955 45969.048933667741949
1553.5 41122.110044249420753 45900.97383671526768
1554 41134.856550011601939 45933.050071924415533
1554.5 41083.439822521359019 45888.265840309504711
1555 41127.332278457339271 45939.150330758231576
1555.5 41060.606105605147604 45878.816359511947667
1556 41068.707224915495317 45884.384221548658388
1556.5 41041.03524315951654 45870.673094100908202
1557 41065.516724904635339 45902.691632528585615
1557.5 41024.407390827451309 45862.492231755786634
1558 41077.393940912879771 45934.943147146419506
1558.5 41056.325111778372957 45910.543601451601717
1559 41038.84190788189153 45897.224325867275184
1559.5 41101.060321983437461 45967.885692710871808
1560 41092.428514996398007 45967.02902898924367
1560.5 41165.581052922061644 46052.127520995338273
1561 41117.248686026548967 46005.186206046826555
1561.5 41195.074861405861157 46100.545755217695842
1562 41142.156093560544832 46062.605301677140233
1562.5 41103.233776223569294 46024.97142307748436
1563 41132.778451531587052 46061.715996517385065
1563.5 41118.406898470653687 46055.67476665173308
1564 41129.048424808082927 46071.294392852651072
1564.5 41102.109631653453107 46049.713101394801924
1565 41073.453485277714208 46037.274602560071799
1565.5 41123.332966058369493 46109.755491049021657
1566 41108.627032929689449 46088.79613301360223
1566.5 41116.53715302846831 46119.205605111957993
1567 41092.188299827881565 46102.574365737724293
1567.5 41086.477330314279243 46111.172456100895943
1568 41141.113980341506249 46175.41165016204468
1568.5 41124.579001978177985 46172.994600494035694
1569 41123.898255445026734 46184.877392253576545
1569.5 41170.443870913230057 46253.312513277451217
1570 41155.027526522331755 46249.073720993059396
1570.5 41176.241932562224974 46281.372079181935987
1571 41154.452892080786114 46256.687153215978469
1571.5 41122.098934276895307 46210.830403767038661
1572 41123.33386246025475 46219.642320918748737
1572.5 41078.38887004165008 46178.297658201343438
1573 41152.601784319122089 46274.9612212619395
1573.5 41159.994473967417434 46300.580214475921821
1574 41148.350198660962633 46301.037486557899683
1574.5 41078.214655329684319 46229.554284089870634
1575 41107.614419591154729 46286.965321162228065
1575.5 41078.90413649045513 46255.992742810201889
1576 41065.94363429879013 46246.433711926358228
1576.5 41072.010128121713933 46239.122045796306338
1577 41089.269578423052735 46268.031334470309957
1577.5 41114.632636775437277 46311.169624520189245
1578 41199.262080878987035 46412.212098473843071
1578.5 41260.139017272682395 46484.024432845893898
1579 41212.587815450475318 46432.465331565654196
1579.5 41225.637082966473827 46449.527735449366446
1580 41244.440888440651179 46477.310176253799
1580.5 41197.303091005735041 46432.481164525619533
1581 41283.353287967896904 46529.956259318212688
1581.5 41297.517180108901812 46556.217517286328075
1582 41349.016997397236992 46617.87692375354527
1582.5 41237.157556785445195 46497.783653573758784
1583 41196.406684471810877 46457.928505102689087
1583.5 41255.10578991175862 46528.762545192046673
1584 41290.058272130183468 46568.330267224213458
1584.5 41295.112611298667616 46575.319797686184756
1585 41284.705761391123815 46571.791299378957774
1585.5 41272.945842866683961 46567.936801609292161
1586 41244.227262566164427 46539.666000134981005
1586.5 41262.980009400846029 46570.654219932308479
1587 41251.060190205869731 46561.578417066608381
1587.5 41251.282600018028461 46567.919347533148539
1588 41227.798747786066087 46538.563708401423355
1588.5 41260.448099717978039 46583.352094004570972
1589 41300.182338988677657 46615.906366655297461
1589.5 41288.252178565657232 46613.289566342828039
1590 41224.957462421531091 46551.25114453619608
1590.5 41288.533505072256958 46613.350163540933863
1591 41265.897309121144644 46603.651521285057242
1591.5 41319.480861800555431 46666.1646041737622
1592 41290.904050430443021 46641.592040353963966
1592.5 41299.812201085056586 46664.670526904876169
1593 41259.949496281762549 46634.421788494553766
1593.5 41277.86583049895853 46652.055557570711244
1594 41255.254492755324463 46633.944703476496215
1594.5 41311.523287925410841 46714.464877919919672
1595 41278.295287004431884 46680.806724272028077
1595.5 41318.654683979140827 46724.570053647803434
1596 41352.101552671512763 46772.363621283664543
1596.5 41359.289686795134912 46783.54957102904882
1597 41387.964947439482785 46839.453957867794088
1597.5 41338.59982308166218 46788.431612757442053
1598 41339.572828343058063 46800.289580021919392
1598.5 41344.017579467603355 46815.514426454887143
1599 41308.822979498349014 46775.872960548338597
1599.5 41277.350117350804794 46736.230148425252992
1600 41293.818548667688447 46773.103834349036333
1600.5 41320.796873888764821 46812.530737672343093
1601 41297.87695131952205 46808.638170730766433
1601.5 41330.308848225780821 46847.518541137425927
1602 41301.428581289350404 46822.7204876921096
1602.5 41322.301165461154596 46853.169280367503234
1603 41336.406179822086415 46881.731948267537518
1603.5 41370.224542582451249 46941.483997960378474
1604 41347.776626530117937 46936.403528801289212
1604.5 41288.381939455131942 46865.623647942258685
1605 41302.934112442904734 46893.077579140350281
1605.5 41312.088814726208511 46911.223986229691945
1606 41284.032268674774969 46886.980908259756688
1606.5 41304.613997069631296 46913.120623979324591
1607 41343.3569026983605 46966.433573270012857
1607.5 41317.080787750455784 46943.918920840937062
1608 41334.666511216331855 46959.606287878283183
1608.5 41340.772901168362296 46971.821151479896798
1609 41342.88125338244572 46972.4594297679796
1609.5 41357.843074112628528 47015.823977997577458
1610 41344.305406014631444 47006.659089003711415
1610.5 41284.922001950762933 46950.314497016828682
1611 41361.601480850629741 47040.715073222992942
1611.5 41363.737003455906233 47062.935541735845618
1612 41420.424457726083347 47127.848251918941969
1612.5 41411.224406185348926 47131.204948166436225
1613 41403.980428370945447 47127.875739416362194
1613.5 41390.901216523656331 47112.414979669127206
1614 41344.865414047977538 47066.100212353936513
1614.5 41374.132730814533716 47101.625664724058879
1615 41408.975856109267625 47155.436076909791154
1615.5 41421.605654746650544 47167.059582006688288
1616 41448.72317649883189 47211.20037796273391
1616.5 41474.851026672491571 47256.550655507009651
1617 41487.561753786714689 47276.459375824859308
1617.5 41500.671663752429595 47299.101158986464725
1618 41498.380040182375524 47300.055920864280779
1618.5 41497.686952648829902 47306.710462892704527
1619 41478.411447952101298 47284.398226267978316
1619.5 41455.391020050126826 47263.264156701181491
1620 41461.40977273646422 47282.78700794276665
1620.5 41484.249157720907533 47310.846809606351599
1621 41427.280207319738111 47248.088861413314589
1621.5 41447.517807262040151 47280.129594526391884
1622 41454.02975172301376 47308.621918812408694
1622.5 41484.017125903214037 47328.85906579906441
1623 41447.900776251815842 47302.983886192370846
1623.5 41426.387659396539675 47287.202535483265819
1624 41416.556025234487606 47280.48753817765828
1624.5 41431.705506576668995 47307.921963062624855
1625 41399.911547827665345 47275.603951144272287
1625.5 41380.873295464909461 47245.528921957840794
1626 41407.173179213692492 47270.567648479198397
1626.5 41431.818945991370128 47309.9545657487688
1627 41406.339991427688801 47282.418961627081444
1627.5 41467.205286544289265 47361.617441199057794
1628 41530.930541799716593 47431.822719767660601
1628.5 41517.017766593889974 47419.479105392740166
1629 41497.81338641072216 47416.826297394225548
1629.5 41511.70292073492601 47435.187392924584856
1630 41498.290671806840692 47434.640473069674044
1630.5 41519.615916078328155 47476.298173799652432
1631 41485.759266125365684 47448.927225430197723
1631.5 41490.52680163749028 47471.642100410288549
1632 41420.230071161815431 47406.085416267182154
1632.5 41447.926064328064967 47447.279775197857816
1633 41440.056044856930384 47451.735123703685531
1633.5 41434.444136417281698 47460.264527837127389
1634 41451.509265175380278 47481.199599963627406
1634.5 41461.606623789703008 47498.188285665579315
1635 41529.846754077982041 47587.175846082165663
1635.5 41501.173703116248362 47552.207773486923543
1636 41494.695655924901075 47553.078092332027154
1636.5 41528.657249122508802 47592.473238118196605
1637 41482.629517800894973 47551.443153619664372
1637.5 41513.518128068579244 47587.53928156614711
1638 41525.839474615298968 47590.435743713045667
1638.5 41543.329583033038944 47608.808106726974074
1639 41515.348182539695699 47586.03346830465307
1639.5 41492.234535859199241 47567.342534679934033
1640 41500.36917147305212 47572.126467183363275
1640.5 41540.599772248817317 47626.136303891624266
1641 41643.79919832606538 47742.563389459122845
1641.5 41610.240616310264159 47723.852099281590199
1642 41579.393700194385019 47694.879668906600273
1642.5 41521.081742278642196 47645.348978604182776
1643 41565.482186141809507 47703.084555218702008
1643.5 41521.574498417838186 47646.174992636711977
1644 41486.070371119858464 47620.051473574574629
1644.5 41515.90081566801382 47665.69968583148875
1645 41606.264254913206969 47766.022205317014595
1645.5 41554.852185399686277 47711.144515348394634
1646 41522.468467982704169 47677.325467927112186
1646.5 41598.885796019203553 47759.924081851000665
1647 41599.639483635764918 47770.593772113876184
1647.5 41562.750766989200201 47725.470792079140665
1648 41584.190083220295492 47757.255613039582386
1648.5 41594.329693687082909 47782.075798178397235
1649 41643.164545348772663 47855.04474745628977
1649.5 41647.49091193935601 47870.833083227837051
1650 41608.695247466741421 47831.122837912087562
1650.5 41581.217588492596406 47814.206351278910006
1651 41588.428830408018257 47819.423260116767779
1651.5 41537.807315511687193 47763.188879970861308
1652 41600.292322640227212 47835.319552989596559
1652.5 41588.847318101987184 47829.169863067181723
1653 41599.1152776332965 47850.695171494626265
1653.5 41599.01949710365443 47859.299410888081184
1654 41544.830981938568584 47806.707545135446708
1654.5 41595.398305136404815 47860.889021175717062
1655 41621.043594093978754 47898.317977147133206
1655.5 41643.894592034237576 47923.332207854720764
1656 41620.380799225371447 47902.290062882071652
1656.5 41624.571261458921072 47915.657075513467134
1657 41696.664836088137235 47996.030622293183114
1657.5 41733.240098378439143 48033.719534020368883
1658 41750.882763177149172 48059.479197597967868
1658.5 41693.595823329575069 48014.211694616649766
1659 41653.312692258346942 47987.287879725437961
1659.5 41641.830707804459962 47985.607391818899487
1660 41642.965718128056324 47986.821246688938118
1660.5 41635.841296247112041 47984.237462125027378
1661 41602.442849893886887 47962.236534516319807
1661.5 41652.830457676092919 48041.665733160487434
1662 41677.635354438236391 48071.717884937817871
1662.5 41619.094868721716921 48013.11790992821625
1663 41619.48456971867563 48011.649281187281304
1663.5 41583.296336155195604 47983.366720139121753
1664 41631.03852960968652 48050.191828479335527
1664.5 41572.773055089746777 47992.596180900436593
1665 41617.404692492862523 48054.424860814884596
1665.5 41657.725890005567635 48105.08768789950409
1666 41666.967925096359977 48121.913960760852206
1666.5 41531.31122486829554 47975.656445863161935
1667 41596.112073693759157 48049.99131877925538
1667.5 41638.342934262276685 48105.65169590296864
1668 41627.646146654478798 48099.70487678173231
1668.5 41662.845377569312404 48150.229825573173002
1669 41667.809580534609267 48166.717926438759605
1669.5 41690.936014760613034 48192.241789066509227
1670 41682.203345551279199 48197.159429127212206
1670.5 41675.250468824728159 48187.57591879022948
1671 41746.395635860499169 48263.310586394160055
1671.5 41666.010392591750133 48169.233521722366277
1672 41725.032772481019492 48239.073140692707966
1672.5 41707.113088696387422 48226.962599288934143
1673 41750.913715748560207 48277.309827392156876
1673.5 41790.562180174209061 48317.329393152496777
1674 41738.528817906459153 48284.962081868681707
1674.5 41750.216946298809489 48298.86367166632408
1675 41741.188885620089422 48303.030114478802716
1675.5 41752.523332266966463 48316.108962530415738
1676 41740.993907042960927 48303.919370212810463
1676.5 41695.136092361113697 48256.891385406495829
1677 41783.102231495664455 48354.834103433990094
1677.5 41796.119783430309326 48377.029118479731551
1678 41751.874003899778472 48321.532700322641176
1678.5 41765.539391364742187 48350.387680713414738
1679 41824.898784308134054 48430.111454728154058
1679.5 41854.384188307223667 48470.225789121774142
1680 41825.258019658263947 48441.80170303468185
1680.5 41916.363121290130948 48541.476597293214581
1681 41890.033600160451897 48523.996509918230004
1681.5 41926.44645484395005 48566.502383414604992
1682 41880.168760738648416 48518.309575462299108
1682.5 41787.769265553732112 48414.995694006320264
1683 41832.217204350381508 48485.749260495744238
1683.5 41833.951766219004639 48484.071855945730931
1684 41877.886568032750802 48546.922789410971745
1684.5 41881.234678354761854 48569.313800924646785
1685 41871.446314342065307 48560.076969670197286
1685.5 41961.255265362247883 48657.426709178762394
1686 41906.413779329137469 48605.524513237149222
1686.5 41866.375679924196447 48557.084923642192734
1687 41894.722784268531541 48583.965181331353961
1687.5 41855.392756460874807 48565.674672621338686
1688 41920.04890314455406 48648.725076316346531
1688.5 41857.040772476393613 48588.525699254882056
1689 41829.165187302249251 48572.372030264363275
1689.5 41814.424369836422557 48570.592922881864069
1690 41803.353916390304221 48566.046642518667795
1690.5 41846.868565763768856 48631.068151238134305
1691 41760.501672149628575 48539.769407783962379
1691.5 41776.063572850776836 48572.262788874177204
1692 41853.467762848813436 48653.009338587071397
1692.5 41745.556272097739566 48548.376770179245796
1693 41810.690935729151533 48634.614053114419221
1693.5 41782.333445107367879 48618.714556909697421
1694 41787.73975792312558 48640.126877529313788
1694.5 41798.452342490505544 48659.03446761824307
1695 41816.691145788019639 48687.791164836555254
1695.5 41730.161385930543474 48598.749211279086012
1696 41763.125134496222017 48640.524863064332749
1696.5 41777.161919729958754 48670.678719709794677
1697 41807.29077900678385 48705.891499259261764
1697.5 41885.400425086758332 48806.89754143479513
1698 41833.453458349555149 48767.451725926868676
1698.5 41876.614771281929279 48817.692967450100696
1699 41887.78098654004134 48845.238423766546475
1699.5 41892.681039227296424 48848.167480671610974
1700 41911.746030139853247 48878.095889513897419
1700.5 41901.222187189487158 48873.14305466604128
1701 41899.550015087872453 48883.666847749358567
1701.5 41946.113659344933694 48932.925771961432474
1702 41937.660989995310956 48929.856614271084254
1702.5 41990.067860157098039 48982.195534543709073
1703 41986.965119139080343 48984.737262286733312
1703.5 41990.872165749264241 49016.458385632919089
1704 41989.205147981498158 49012.198427667943179
1704.5 41996.946287254526396 49032.315214782494877
1705 42032.611630727522424 49078.218353009760904
1705.5 42105.037792516566697 49168.530482038833725
1706 41988.810206196460058 49048.783242041747144
1706.5 41988.940501462639077 49045.538445085403509
1707 42041.391270618478302 49103.113321467957576
1707.5 42079.488798087739269 49163.393462031075615
1708 42029.345999445584312 49108.963959349450306
1708.5 42090.178785531912581 49180.506260512353037
1709 42022.329319094569655 49103.765689433457737
1709.5 42019.262488532665884 49107.872671587479999
1710 42043.067720982726314 49134.675047391152475
1710.5 42110.162254205184581 49223.954500420513796
1711 42086.506309801989119 49213.388112891661876
1711.5 42019.243921960434818 49133.552951998688513
1712 42002.266769248242781 49125.317660794687981
1712.5 41971.701836164284032 49099.303932012087898
1713 41976.895642045703426 49121.052144567234791
1713.5 42009.493674567202106 49180.069972692137526
1714 41971.118398060250911 49144.043182563007576
1714.5 41990.662123780632101 49189.730791366564517
1715 42051.033987991700997 49256.993678078695666
1715.5 41999.513497320651368 49204.903384855002514
1716 42087.727010784408776 49301.422098129740334
1716.5 42077.684994738061505 49292.774280570498377
1717 41968.294115263212007 49172.410953610189608
1717.5 41967.200282272373443 49185.979050833375368
1718 42005.950396717242256 49222.748568715454894
1718.5 41953.152188173633476 49174.330303740629461
1719 42005.501579642681463 49234.584837705086102
1719.5 42023.60081433688174 49269.838943985298101
1720 42028.455037101375638 49280.086450896320457
1720.5 42072.203555576998042 49338.676723564938584
1721 42094.084642118403281 49372.700427273943205
1721.5 42095.927342478396895 49386.366268682591908
1722 42090.056591738422867 49390.899071286527032
1722.5 42182.370736489392584 49500.150912529570633
1723 42182.750069800793426 49516.896278308471665
1723.5 42215.716576851955324 49554.135090789743117
1724 42253.523011042227154 49602.243249136125087
1724.5 42191.084305871641845 49541.256853368817247
1725 42194.839362219994655 49545.758879077344318
1725.5 42253.174674917281664 49627.521050827555882
1726 42319.394370160305698 49712.04416010982095
1726.5 42269.22932796801615 49664.057595452934038
1727 42245.383768975669227 49645.451051512514823
1727.5 42208.380100481110276 49617.465755018296477
1728 42226.873895069918945 49650.570810973069456
1728.5 42154.479456141714763 49586.067872538493248
1729 42095.622898684145184 49512.773830203994294
1729.5 42150.676963427795272 49577.941895939664391
1730 42196.97783615962544 49642.132824272812286
1730.5 42225.717776365214377 49682.019266926574346
1731 42216.848300766163447 49673.970879201675416
1731.5 42207.703252513987536 49662.635760446843051
1732 42224.857556957511406 49674.678846914794121
1732.5 42230.671504943202308 49678.02711419082334
1733 42292.547737032313307 49746.966889378185442
1733.5 42293.000236061707255 49757.116994599156897
1734 42331.312731765683566 49809.633903854970413
1734.5 42361.674386929473258 49851.520961912938219
1735 42283.175009812468488 49778.05197222634888
1735.5 42202.519381756756047 49690.406652514022426
1736 42233.478407886730565 49729.936110809881939
1736.5 42191.226172907059663 49687.0991319997338
1737 42275.098796392841905 49788.374525810897467
1737.5 42248.482961881294614 49764.240832435338234
1738 42248.56575212986354 49774.296494488189637
1738.5 42258.486492050542438 49787.378895238522091
1739 42283.875633787174593 49832.880011896624637
1739.5 42306.381209028928424 49873.252736502639891
1740 42286.31254974402691 49848.520578445961291
1740.5 42278.220670510709169 49848.703461773657182
1741 42293.394481406125124 49872.636540868763404
1741.5 42409.198418946740276 50011.614741941790271
1742 42417.054982727044262 50036.23850033096096
1742.5 42392.71936043916503 50013.95611861989164
1743 42441.602693414315581 50076.942295838140126
1743.5 42357.603430096372904 49976.721562639737385
1744 42381.94466331894364 50020.201453302710433
1744.5 42360.012988549475267 49998.173659250001947
1745 42363.101160091289785 50010.641476658005558
1745.5 42376.175190111003758 50039.264592721687222
1746 42383.288106644584332 50059.414086454882636
1746.5 42340.666382173658349 50005.799755432512029
1747 42312.634379233692016 49980.108037448793766
1747.5 42377.873876298166579 50046.577284033184696
1748 42395.938331660669064 50065.837239188535023
1748.5 42371.361501867737388 50035.030564283559215
1749 42280.064861462189583 49943.778511808661278
1749.5 42336.336497764641535 50007.429694297970855
1750 42318.09755671111634 49980.560396069726266
1750.5 42324.22605472846044 50005.519122729288938
1751 42312.472951772462693 49979.684080588063807
1751.5 42273.499440735657117 49958.582375518330082
1752 42276.746627266329597 49966.13227945665858
1752.5 42274.747058590917732 49979.0353755842807
1753 42263.734250439993048 49978.285153004042513
1753.5 42275.75635904459341 49996.265883473584836
1754 42359.865536385528685 50104.750857441031258
1754.5 42319.236415676372417 50057.935719382534444
1755 42398.375167794612935 50153.09697734565998
1755.5 42389.070561502529017 50137.680920336635609
1756 42360.019600448904384 50116.008381462386751
1756.5 42429.500579848776397 50196.92418824928609
1757 42404.160681099543581 50184.30445404654165
1757.5 42345.620451058210165 50130.716514277446549
1758 42355.056725884038315 50160.627381223079283
1758.5 42374.209482433572703 50197.897731124758138
1759 42378.862200451083481 50206.601481306352071
1759.5 42327.51245766167267 50162.506423570004699
1760 42278.788938117337239 50112.550174735879409
1760.5 42289.448400072891673 50132.786677141833934
1761 42343.301270699193992 50209.90133216608956
1761.5 42294.397186314570718 50155.88199715592782
1762 42395.311306737945415 50282.033845484198537
1762.5 42315.065860714385053 50199.971134589359281
1763 42368.555301606662397 50274.65439478209737
1763.5 42411.833321227721171 50332.311161568766693
1764 42383.529737944947556 50321.410123945686792
1764.5 42366.795204213784018 50303.630341488948034
1765 42383.83717020383483 50341.796735913951125
1765.5 42315.363628919141775 50274.860721208948235
1766 42315.299058059739764 50284.002960610181617
1766.5 42279.787933591913315 50253.057987338121166
1767 42346.445414439440356 50321.949351994742756
1767.5 42387.371396560207359 50371.681301240372704
1768 42422.542388532980112 50404.116076386548229
1768.5 42447.894381728372537 50439.560886394137924
1769 42470.877094688352372 50465.689165673036769
1769.5 42440.333042476449918 50441.10781473507086
1770 42444.82916483511508 50434.393925054289866
1770.5 42469.486995674655191 50458.762988923088415
1771 42462.299046724656364 50466.286101449142734
1771.5 42447.872614425337815 50465.982291833170166
1772 42380.958916839968879 50409.548621685047692
1772.5 42419.562442483300401 50461.935136141459225
1773 42459.635589364974294 50513.712063760605815
1773.5 42437.866350068274187 50511.525802430740441
1774 42430.98745291880914 50508.629338829763583
1774.5 42466.760852837476705 50555.394931745620852
1775 42418.995387171453331 50514.031287109915866
1775.5 42460.184559427769273 50575.083756049134536
1776 42430.164062297139026 50548.859550776513061
1776.5 42449.571002675242198 50579.254670617141528
1777 42484.204745078459382 50616.657253441946523
1777.5 42473.89555863669375 50619.504112851471291
1778 42394.812375964254898 50535.494097059090564
1778.5 42433.67637305065 50587.974920121669129
1779 42408.138842784530425 50571.927546021091985
1779.5 42489.733133357876795 50673.51605489989015
1780 42447.439009801993961 50637.244171831764106
1780.5 42493.978839867733768 50690.488904989906587
1781 42534.440510909073055 50750.757740836896119
1781.5 42507.367935342532292 50736.418437787564471
1782 42525.711357611085987 50761.02235437912168
1782.5 42550.97298573700391 50791.78619949217682
1783 42490.343859759028419 50742.152975139812042
1783.5 42505.056185328670836 50762.711498125441722
1784 42545.815191248861083 50827.823258454256575
1784.5 42512.093875621074403 50803.41209125770547
1785 42478.031004642376502 50778.098798156941484
1785.5 42506.268672400510695 50822.175216205476318
1786 42542.369735143860453 50861.037865987796977
1786.5 42615.640024789914605 50950.976792741435929
1787 42629.816959571478947 50965.476596398286347
1787.5 42587.731336925193318 50925.57762825617101
1788 42573.881295084102021 50905.444734402175527
1788.5 42546.934120466430613 50887.769520201763953
1789 42550.60467166332819 50905.854853134456789
1789.5 42493.703042933964753 50842.421253896252892
1790 42548.859107493430201 50923.445803421549499
1790.5 42473.074433130714169 50849.090591921070882
1791 42471.998383136873599 50871.737817510555033
1791.5 42499.147274553630268 50913.141942409449257
1792 42476.720380587823456 50894.384490448945144
1792.5 42448.969891873159213 50885.148931789794005
1793 42361.626079608671716 50795.241202478624473
1793.5 42391.353630396450171 50836.210178592627926
1794 42397.995614693572861 50842.092900142743019
1794.5 42440.748790602185181 50898.514105374575593
1795 42490.437630605782033 50966.270067705634574
1795.5 42457.610392581285851 50938.00453632225981
1796 42538.815367718554626 51024.858134941401659
1796.5 42523.618264518110664 50999.016920529618801
1797 42526.900556692977261 51010.964067416483886
1797.5 42529.059152719426493 51025.595266126627394
1798 42507.400382081985299 50997.371493576254579
1798.5 42460.548832022876013 50959.934540353002376
1799 42531.214582647808129 51051.077540109727124
1799.5 42553.511615121955401 51088.697461211639165
1800 42513.905853984491841 51051.601399475424842
1800.5 42536.655266316432972 51092.877828523087373
1801 42633.597547628756729 51215.746718882292043
1801.5 42701.660873688546417 51308.56817327853787
1802 42668.969888098697993 51275.054503042243596
1802.5 42674.205451617570361 51308.936870435260062
1803 42682.486436150487862 51324.724108534202969
1803.5 42609.815769906745118 51245.493802871635125
1804 42684.040927318987087 51328.859046660538297
1804.5 42704.314007005472376 51359.527240921976045
1805 42734.930331851792289 51397.54565255343914
1805.5 42694.983724351790443 51371.497716889876756
1806 42684.239124842621095 51355.213501400277892
1806.5 42692.710600469588826 51371.371133483211452
1807 42690.016501794452779 51369.726060735236388
1807.5 42655.010121334904397 51344.019489638922096
1808 42602.319935949628416 51290.732218949444359
1808.5 42630.299897927354323 51316.979856316916994
1809 42653.39113094205095 51346.536730960026034
1809.5 42684.362500950577669 51384.33504676866869
1810 42635.453652655174665 51343.695657733922417
1810.5 42580.3603730975301 51290.370844540397229
1811 42571.601881463830068 51287.30385362378729
1811.5 42555.359984876828094 51266.807551518766559
1812 42652.695821262677782 51389.839643626473844
1812.5 42621.011195318496902 51363.76616377580649
1813 42561.549668738312903 51295.857237758646079
1813.5 42591.558045573947311 51343.985211383696878
1814 42568.158841249896795 51331.758275505366328
1814.5 42579.279249488681671 51354.945313442665793
1815 42498.505370139355364 51281.030111563530227
1815.5 42556.400880773297104 51357.284446383426257
1816 42575.662366018841567 51385.700402727663459
1816.5 42602.332573310508451 51417.802322504147014
1817 42560.883186806931917 51364.603653245401802
1817.5 42574.000675842675264 51387.61388117694878
1818 42604.969363214717305 51418.799901828089787
1818.5 42662.862209306011209 51494.025382126914337
1819 42565.914835993818997 51392.381063197499316
1819.5 42689.591342061925388 51541.939917091440293
1820 42643.424196971383935 51496.206483250127349
1820.5 42624.840992630262917 51480.477920131146675
1821 42688.245612486374739 51567.194140550396696
1821.5 42683.011754915460187 51572.761122889882245
1822 42755.246210446995974 51651.418187826086069
1822.5 42737.986393616862188 51631.065658290797728
1823 42713.216389693414385 51606.901542533007159
1823.5 42782.766068755547167 51696.566052067078999
1824 42745.729845188870968 51670.290780653638649
1824.5 42726.347773221212265 51648.43498797990469
1825 42664.042065190405992 51575.763645210681716
1825.5 42631.657818381878315 51546.892978038617002
1826 42601.449855905259028 51516.623533785968903
1826.5 42572.665277700325532 51484.194644076189434
1827 42563.255578472177149 51477.93540152512287
1827.5 42560.904284774711414 51490.332572098064702
1828 42633.402604410468484 51588.134019903831359
1828.5 42565.260666636982933 51523.019554272148525
1829 42620.660790294634353 51598.226855423359666
1829.5 42624.945342834682378 51601.829685210526804
1830 42585.408185398468049 51550.56043180609413
1830.5 42680.896067650028272 51658.113093338812178
1831 42661.129483185221034 51652.602991297651897
1831.5 42605.773476921742258 51588.824085055770411
1832 42674.003197197496775 51678.557048680115258
1832.5 42613.023354011689662 51612.512901659538329
1833 42610.069233778689522 51619.355232579146104
1833.5 42612.571739146631444 51634.951061706124165
1834 42641.856254450525739 51682.089039654740191
1834.5 42648.122756626078626 51700.930429984458897
1835 42696.011215580787393 51756.491056492341158
1835.5 42630.815168106913916 51675.05563417715166
1836 42596.249963718706567 51629.299930524728552
1836.5 42675.238105409778655 51730.05046195621253
1837 42729.314667500562791 51799.995445756620029
1837.5 42711.04087247588177 51780.618823696255276
1838 42800.585312133691332 51896.221087405676371
1838.5 42804.195128660547198 51921.348095240966359
1839 42747.91145849107852 51871.992763166272198
1839.5 42787.257866632608057 51922.165228013560409
1840 42712.031800594064407 51843.686282618757105
1840.5 42709.537669077821192 51857.278663448814768
1841 42734.107169287526631 51879.523818115936592
1841.5 42704.552741974526725 51847.734644109033979
1842 42709.255146930736373 51849.298019064823166
1842.5 42749.840534006907546 51914.165572498801339
1843 42786.350434596613923 51969.673875092252274
1843.5 42741.776843559578992 51921.919472723304352
1844 42787.550324347066635 51988.271843063477718
1844.5 42836.254266293966793 52057.448007479106309
1845 42838.543593787726422 52050.815214567162911
1845.5 42849.308693793864222 52079.019097500757198
1846 42830.974630553551833 52076.003518680292473
1846.5 42853.507349503976002 52122.106399507480091
1847 42786.094966081960592 52049.986934083892265
1847.5 42786.104998299400904 52055.751555423055834
1848 42831.058191234020342 52116.28913111469592
1848.5 42743.664097094435419 52023.825066638659337
1849 42772.685060271942348 52067.058825907282881
1849.5 42842.176878172016586 52163.321483318068204
1850 42708.533269198538619 52010.232229426677804
1850.5 42754.421447830638499 52057.124403632558824
1851 42720.708100875846867 52024.159602667241415
1851.5 42745.752817825006787 52059.721713142243971
1852 42793.000994072666799 52121.851631383520726
1852.5 42826.61567922764516 52170.409127054248529
1853 42822.191457741653721 52161.697191714520159
1853.5 42743.658751390983525 52071.663617543825239
1854 42812.792110112917726 52162.171576833090512
1854.5 42827.684298179752659 52176.445880336425034
1855 42861.287594506604364 52212.683906197125907
1855.5 42803.817102490087564 52162.003333500608278
1856 42879.977495530401939 52256.060354676454153
1856.5 42866.929270298853226 52252.748731727195263
1857 42800.506435700895963 52200.334652077028295
1857.5 42795.647442935667641 52219.442324430361623
1858 42794.251178084552521 52227.774208471077145
1858.5 42818.56059700903279 52279.179631764869555
1859 42799.774616550435894 52264.997997929349367
1859.5 42735.656340427311079 52198.442555652509327
1860 42667.617602385689679 52121.170858542784117
1860.5 42810.037762108659081 52287.47989351421711
1861 42760.882233978241857 52246.164362272771541
1861.5 42733.387959615662112 52215.058796658318897
1862 42756.015156683693931 52255.48633469989727
1862.5 42759.252862762790755 52265.515774203289766
1863 42799.80462822325353 52315.23822109275352
1863.5 42873.018595078778162 52401.727694359433372
1864 42878.637828796672693 52419.69839436042821
1864.5 42925.101425827044295 52483.829045337341086
1865 42984.485547978452814 52558.141891888917598
1865.5 43048.839609711525554 52639.448884972080123
1866 43026.273019398053293 52620.140239580476191
1866.5 43101.029906307536294 52712.113434743958351
1867 43078.751216469565406 52682.958349517706665
1867.5 43043.892679918157228 52657.264867848585709
1868 43049.02774043170939 52681.219166468959884
1868.5 42991.642505616917333 52622.83943732806074
1869 43006.531314866624598 52626.725351000110095
1869.5 43006.353589065765846 52636.370226898652618
1870 42992.605285460049345 52627.058410552774149
1870.5 43029.836866694357013 52667.94457547149068
1871 43101.569652444413805 52756.527898036241822
1871.5 43098.017304810615315 52770.26271406871092
1872 43075.589546164097555 52769.773960170947248
1872.5 43049.723333378031384 52746.145837719312112
1873 43102.41627923768101 52801.982215185882524
1873.5 43069.641098824220535 52782.794156891177408
1874 43045.376009907711705 52766.934696827156586
1874.5 43050.645704008231405 52777.894169454040821
1875 43003.001565821730765 52733.961961474553391
1875.5 43061.041572135327442 52822.517318922597042
1876 43092.748299294595199 52870.838601124640263
1876.5 43033.573915394765208 52817.51448308093677
1877 43021.628949728306907 52814.215064784671995
1877.5 42969.48977566215035 52768.394035379547859
1878 42939.595324418296514 52722.156033113467856
1878.5 42944.935605795151787 52744.573578590141551
1879 42990.346244720494724 52801.767141400661785
1879.5 43070.215185111999745 52894.207628991229285
1880 43111.9224295804961 52950.957145956534077
1880.5 43058.925959118721948 52891.745383901266905
1881 42987.802052286147955 52811.976909192067978
1881.5 42993.948153308956535 52831.013615681302326
1882 42994.865187113879074 52824.589116002447554
1882.5 43029.548392925869848 52860.796734295443457
1883 43031.182272785539681 52876.199518401946989
1883.5 43107.473483068592031 52959.325418374297442
1884 43060.430302663517068 52913.632484836605727
1884.5 43045.643045758377411 52893.333170870537288
1885 43091.597420019992569 52955.569828888154007
1885.5 43061.160479206984746 52928.048467054963112
1886 43098.424578198093513 52969.992956735492044
1886.5 43109.168440478344564 52996.822843395631935
1887 43139.504897974613414 53039.271602504144539
1887.5 43058.178952271329763 52953.726573724350601
1888 43152.13566895454278 53066.256305378301477
1888.5 43084.878159645777487 52995.461724260814663
1889 43173.385807819613547 53098.697062765051669
1889.5 43136.809977781929774 53044.792081451116246
1890 43163.616666274683666 53090.550221052573761
1890.5 43181.564717124958406 53105.131047605449567
1891 43205.22327985510492 53141.738687966084399
1891.5 43236.78964322713 53184.642173862732307
1892 43118.548089908261318 53065.760243928096315
1892.5 43099.785044952324824 53050.6482016210648
1893 43151.139855300491035 53120.297520245134365
1893.5 43190.455201181328448 53173.879367793604615
1894 43178.944430949952221 53167.340863085380988
1894.5 43233.090160205385473 53242.94082594865904
1895 43248.769489694321237 53271.41332182806218
1895.5 43233.558480439685809 53251.976907587559253
1896 43221.906787906293175 53244.802128081602859
1896.5 43178.982567709063005 53197.218090945199947
1897 43114.740394752683642 53135.159469346574042
1897.5 43222.336054697174404 53265.596642060183513
1898 43175.350783940833935 53203.918473379686475
1898.5 43211.697398848758894 53245.731310622497404
1899 43227.291929544611776 53285.256787090547732
1899.5 43226.692159396072384 53288.962602985571721
1900 43143.18949440796132 53186.828536691107729
1900.5 43162.561818317626603 53212.704191236494808
1901 43066.329518350939907 53095.37281107083254
1901.5 43100.970378641228308 53143.808022511242598
1902 43166.663098688579339 53232.244051512752776
1902.5 43131.298305614101992 53203.986123220041918
1903 43127.301628918743518 53210.347867696553294
1903.5 43084.235531841637567 53186.986746437687543
1904 43114.778799781983253 53235.577926011268573
1904.5 43099.636167768469022 53216.113142048001464
1905 43065.310004817372828 53180.09654048520315
1905.5 43046.006214266562893 53171.585923597158398
1906 43060.503772225638386 53196.977318315352022
1906.5 43101.543334801761375 53263.86105711676646
1907 43094.949058871090529 53254.004078925296199
1907.5 43177.799497977968713 53359.976222785429854
1908 43205.817639346882061 53401.642981646298722
1908.5 43200.733062666178739 53395.944168289119261
1909 43175.778226053596882 53374.686546520715638
1909.5 43233.89640507374861 53448.089524548435293
1910 43273.706700082628231 53508.781683587862062
1910.5 43217.709303248338983 53449.027917326551687
1911 43170.950997426793037 53400.778614774237212
1911.5 43194.034225725212309 53439.212709383406036
1912 43232.295835922283004 53482.976153201154375
1912.5 43175.084257175883977 53400.970565618685214
1913 43299.160672039120982 53546.428549461073999
1913.5 43389.492156579290167 53661.883782268727373
1914 43435.740041572484188 53716.07883463777398
1914.5 43438.508288863216876 53720.56033395689883
1915 43501.857833161076996 53792.583504193906265
1915.5 43486.574985466060753 53782.903298389115662
1916 43429.069823360980081 53724.250591948504734
1916.5 43401.899384213669691 53690.51204697227513
1917 43405.489959872036707 53699.954116246131889
1917.5 43432.22948880684271 53739.200654802218196
1918 43401.243321791531343 53707.653412524312444
1918.5 43405.499433363038406 53721.082836902860436
1919 43388.209482591359119 53712.929603374286671
1919.5 43407.954888926680724 53752.353814110334497
1920 43359.041154700789775 53718.869832891847182
1920.5 43413.023892886150861 53801.857564347577863
1921 43361.493392894240969 53752.455788619721716
1921.5 43399.461692730692448 53806.111910124673159
1922 43398.498674524693342 53801.84124963710201
1922.5 43378.80754110810085 53790.231839973246679
1923 43446.566846201698354 53889.056937308057968
1923.5 43371.404204543461674 53797.670528048860433
1924 43424.226199729360815 53853.664450418560591
1924.5 43472.636753625592974 53918.030091002314293
1925 43493.681570216787804 53969.605094776663464
1925.5 43441.658248490115511 53919.469161283217545
1926 43463.892630200120038 53947.479102911092923
1926.5 43428.458256493191584 53907.463186571760161
1927 43412.207048369651602 53896.755650533363223
1927.5 43472.882511057170632 53969.916045898731682
1928 43467.850068265492155 53955.515722695490695
1928.5 43458.835696125141112 53955.050727317451674
1929 43402.133281330286991 53887.862046529044164
1929.5 43423.76669832967309 53915.384105319586524
1930 43423.398030623116938 53920.127055485310848
1930.5 43393.421495564332872 53900.34861981918948
1931 43408.482947001568391 53934.804365790907468
1931.5 43351.529082591892802 53872.194862829499471
1932 43332.677488686102151 53874.381579448949196
1932.5 43342.312972263411211 53890.298825050042069
1933 43392.549137280366267 53953.737142986268736
1933.5 43310.088274676629226 53873.328600718006783
1934 43333.389965461632528 53905.601944097725209
1934.5 43346.414086625314667 53923.393819822558726
1935 43287.758689255184436 53863.345863444475981
1935.5 43375.082490155138657 53979.024130925725331
1936 43398.841457542621356 54007.174054800307204
1936.5 43422.184875590268348 54036.540739494987065
1937 43348.736674836749444 53963.001261519129912
1937.5 43311.144050840244745 53915.554203451858484
1938 43320.753409298267798 53930.008661273874168
1938.5 43320.162352591010858 53939.341765618162754
1939 43378.922503393019724 54016.151803672873939
1939.5 43278.103207036205276 53902.102198321714241
1940 43307.479320694837952 53944.357799047334993
1940.5 43274.965622407769843 53921.744557195153902
1941 43294.1742285121436 53964.442093696379743
1941.5 43324.203276918837219 53998.345805669065157
1942 43336.746712088184722 54028.286979590397095
1942.5 43341.809705549749197 54048.043522488522285
1943 43337.349215941059811 54051.798743766645202
1943.5 43328.262302948969591 54044.070808296637551
1944 43365.310524874279508 54099.067692782875383
1944.5 43344.581150667829206 54063.019781794326263
1945 43371.236812696355628 54099.724503972815
1945.5 43439.793985394586343 54193.576710896595614
1946 43390.859198845690116 54148.380200139195949
1946.5 43437.946904619268025 54209.422620731667848
1947 43437.488371681858553 54226.105818435302353
1947.5 43463.360264264294528 54274.310801529944001
1948 43428.960228399409971 54249.753036371803319
1948.5 43475.444808444204682 54307.560059859861212
1949 43501.077491188472777 54346.079538255595253
1949.5 43592.438434745141421 54462.640689971347456
1950 43514.499491596667212 54367.165971393747895
1950.5 43536.087020562503312 54402.364787239581347
1951 43648.159439536037098 54555.859333883847285
1951.5 43666.29908112805424 54573.24631361374486
1952 43669.982251754234312 54595.594801875791745
1952.5 43713.54940717783029 54662.436298220578465
1953 43793.744238048493571 54764.384686550853075
1953.5 43713.525489579122222 54661.425487065294874
1954 43751.467881892815058 54710.912508140281716
1954.5 43733.27901098284201 54694.123383514059242
1955 43729.439177932406892 54695.08520380264963
1955.5 43805.137669153067691 54799.95790863584989
1956 43816.762780576966179 54824.658747208159184
1956.5 43784.371366647261311 54792.044389082700945
1957 43774.345300541557663 54799.968155663351354
1957.5 43718.265484851064684 54739.221324929480033
1958 43779.146550666715484 54823.362352762400405
1958.5 43752.258771569926466 54807.042608730334905
1959 43693.363772579614306 54743.748991723114159
1959.5 43705.172632439069275 54773.559779471695947
1960 43611.34684495881811 54666.873530586432025
1960.5 43547.109392677732103 54598.516202673046791
1961 43626.331687703735952 54701.749687903480662
1961.5 43589.823523976891011 54673.406737700141093
1962 43639.989481498094392 54745.057781972362136
1962.5 43642.197200974696898 54761.939175155850535
1963 43603.2712364304316 54722.365928736944625
1963.5 43538.321450457719038 54647.810975418127782
1964 43527.587175866501639 54636.834715440418222
1964.5 43422.808066710662388 54523.743732438000734
1965 43479.676892673094699 54583.580227562735672
1965.5 43512.673153107825783 54620.905628120905021
1966 43520.691718846472213 54633.388754732113739
1966.5 43575.876113493512094 54698.67866458028584
1967 43614.458570450893603 54734.470604979316704
1967.5 43649.938743644110218 54793.603978933824692
1968 43677.505439564862172 54828.531500959696132
1968.5 43658.65920866549277 54813.197315425109991
1969 43627.948905847784772 54791.334021298411244
1969.5 43667.379244578667567 54839.878417088199058
1970 43701.477099605726835 54891.804607338446658
1970.5 43701.412832730951777 54904.682503546689986
1971 43711.313067540628253 54918.850113946195052
1971.5 43656.005670652695699 54856.913955246382102
1972 43644.723076745925937 54849.962611993403698
1972.5 43657.65577768998628 54871.598344182370056
1973 43664.2305754031986 54875.835876560857287
1973.5 43674.07562991866871 54878.023938397986058
1974 43740.281736478595121 54961.381922470376594
1974.5 43730.147286788000201 54955.396678614160919
1975 43794.98244867692847 55056.778442373339203
1975.5 43804.393773006944684 55079.780806100134214
1976 43780.243836912566621 55054.511188959753781
1976.5 43722.418768250186986 54992.69463097264088
1977 43689.626940531394212 54966.805849635893537
1977.5 43782.411000009895361 55082.862999197022873
1978 43742.088027909769153 55048.716603030632541
1978.5 43702.153394880297128 54999.561466885948903
1979 43705.585645723193011 55001.678107443607587
1979.5 43679.321419818799768 54967.823872297609341
1980 43652.603937436950218 54947.247098626823572
1980.5 43648.35436034257873 54941.20591850404162
1981 43659.836305748365703 54946.399263491810416
1981.5 43732.005697553133359 55047.470698857025127
1982 43778.903533278884424 55115.233165598096093
1982.5 43749.673314391322492 55080.53359374251886
1983 43786.35160459826875 55132.948119620712532
1983.5 43790.977811762306374 55152.379875670536421
1984 43822.251479384227423 55199.366164482329623
1984.5 43892.931866546299716 55285.866886474352214
1985 43836.316326635649602 55230.262086542563338
1985.5 43838.430602083259146 55230.796836921908834
1986 43799.704085055636824 55217.860134227878007
1986.5 43842.045038880925858 55281.438312173748272
1987 43882.324406397070561 55330.008788845923846
1987.5 43869.767116071161581 55331.835985560581321
1988 43839.821408010582672 55316.177363915317983
1988.5 43787.887149719223089 55255.641446107001684
1989 43801.682461303709715 55278.296559609181713
1989.5 43719.489433046146587 55183.235149444168201
1990 43727.63090604658646 55196.98755696931039
1990.5 43837.699382087099366 55337.103913237748202
1991 43845.709107782407955 55347.96996551209304
1991.5 43805.015219400949718 55302.952380386770528
1992 43795.209722194143978 55298.441007062188874
1992.5 43851.914747699454892 55373.234526076892507
1993 43856.503589810272388 55383.675726436260447
1993.5 43824.285370780482481 55354.470236677283538
1994 43755.644617364618171 55278.860112141999707
1994.5 43683.249408688810945 55198.045483033441997
1995 43735.098419580928748 55263.351985214023443
1995.5 43748.780115345995 55280.636322269238008
1996 43721.112391090078745 55252.416579101489333
1996.5 43699.125888868860784 55232.065516959846718
1997 43792.367640549746284 55357.014137870122795
1997.5 43775.784055167750921 55352.527834213477036
1998 43727.580938738057739 55299.325670813537727
1998.5 43772.365074390581867 55372.064538259306573
1999 43750.276731943413324 55341.249005197249062
1999.5 43809.560000206329278 55420.39754575547704
2000 43770.346544508014631 55383.409428221275448
2000.5 43777.113873336325923 55396.4459424935485
2001 43763.803316744488257 55373.378112655191217
2001.5 43751.312850404130586 55365.628251931724662
2002 43719.514032614104508 55340.414955690466741
2002.5 43756.110663105311687 55389.295391777915938
2003 43846.031061018657056 55502.401725964758953
2003.5 43788.460467217009864 55444.539672410450294
2004 43832.961730713650468 55519.168532196737942
2004.5 43842.201321479245962 55530.96901284960768
2005 43807.896878606952669 55495.619805295660626
2005.5 43977.703112557937857 55709.358280734399159
2006 43935.819140790219535 55668.436687593581155
2006.5 43944.723611948269536 55676.002003564186452
2007 43942.808458226856601 55681.459523434641596
2007.5 43964.934837977794814 55727.17953028955526
2008 43979.881874507678731 55742.490995134554396
2008.5 43961.900218601062079 55726.907360271987272
2009 44019.506454418107751 55816.67723463378934
2009.5 44051.947223350041895 55857.754902659922664
2010 44054.048919825443591 55864.944055749787367
2010.5 44062.557881870918209 55889.612066749730729
2011 44029.906869985294179 55860.350872392489691
2011.5 44044.773934440374433 55890.358560073305853
2012 44101.135431747803523 55960.37984461094311
2012.5 44100.655807939168881 55969.756454937225499
2013 44122.621220398097648 55995.19267628583475
2013.5 44135.605514157672587 56005.831159629851754
2014 44034.621531478311226 55908.645545475614199
2014.5 44086.436029229364067 55972.702143077680375
2015 44121.416165073984303 56027.244256012992992
2015.5 44094.724852655315772 56012.997250377498858
2016 44184.47011581951665 56120.773912342527183
2016.5 44197.509962879492377 56150.343421322570066
2017 44248.206542690713832 56218.552389536052942
2017.5 44294.51804069984064 56280.67224219108175
2018 44380.531402588982019 56394.862996433941589
2018.5 44428.888560077401053 56451.338713683529932
2019 44445.366338464256842 56472.67354822926427
2019.5 44396.002489747937943 56426.428221447291435
2020 44390.463558629795443 56429.947481852068449
2020.5 44332.083047231004457 56354.384308443302871
2021 44412.921635403734399 56469.718489534207038
2021.5 44432.888173761755752 56504.760390418792667
2022 44353.424579842205276 56421.138968266299344
2022.5 44333.783533815367264 56397.107487469897023
2023 44325.651348060586315 56395.00570864045585
2023.5 44422.379302982037188 56524.779324613671633
2024 44441.831548368412768 56547.839131118438672
2024.5 44495.579782444285229 56614.526659205766919
2025 44543.359956191809033 56687.928951553491061
2025.5 44491.689923111705866 56630.284644793187908
2026 44464.506616215745453 56611.156373098368931
2026.5 44594.873405026701221 56764.776497224826016
2027 44513.71448253258859 56682.555950693102204
2027.5 44468.043064921796031 56626.48440193663555
2028 44398.772794819553383 56553.749065794501803
2028.5 44413.406101339423913 56582.093537431552249
2029 44371.158184865998919 56535.464621974206239
2029.5 44359.339404033256869 56518.550114672187192
2030 44459.296664963374496 56648.689556424404145
2030.5 44403.101177651027683 56572.155877639583196
2031 44421.491318958062038 56600.054514688032214
2031.5 44395.424583321721002 56568.051244548383693
2032 44394.85540680608392 56575.87414433529193
2032.5 44393.584377881641558 56588.423262404379784
2033 44326.950958214591083 56513.206491614400875
2033.5 44416.259306837433542 56620.782006487170293
2034 44412.577201671127114 56631.161751222403836
2034.5 44415.176796364976326 56632.071814975446614
2035 44399.489977627905319 56619.677510186345899
2035.5 44359.974334971069766 56586.538748355604184
2036 44254.666875598479237 56454.806196618228569
2036.5 44221.205075572848727 56430.862490546227491
2037 44249.87393094736035 56463.039444288362574
2037.5 44309.448362362447369 56535.196823682606919
2038 44290.739355536738003 56508.233598988437734
2038.5 44199.723328580461384 56413.423282175084751
2039 44330.929656154228724 56573.83953725068568
2039.5 44370.970528233316145 56628.137171629263321
2040 44415.548163546467549 56682.172441063121369
2040.5 44362.67323249434412 56618.471383334755956
2041 44397.02002169215848 56664.497022988703975
2041.5 44437.397520837315824 56727.531021083777887
2042 44413.361639508002554 56698.665140248507669
2042.5 44385.546716920434847 56662.425835531379562
2043 44327.475106996869727 56605.182199112612579
2043.5 44337.066672702545475 56635.974056819468387
2044 44347.716818494824111 56666.410333971762157
2044.5 44323.059672869101632 56655.82578051249584
2045 44364.890995130539523 56712.041174950019922
2045.5 44361.050015404201986 56720.491777451301459
2046 44401.436417569042533 56773.367518490224029
2046.5 44324.287858104573388 56694.346636631918955
2047 44256.563647554350609 56626.125969979635556
2047.5 44266.638436375658785 56653.570447366771987
2048 44325.020102373251575 56730.210844033848844
2048.5 44286.460407922968443 56686.603757025441155
2049 44393.065179604345758 56819.378864422658808
2049.5 44418.326945523520408 56837.889338774199132
2050 44503.537104285845999 56948.823137407067406
2050.5 44469.097523043550609 56916.92077329444146
2051 44422.459982902997581 56862.039455621321395
2051.5 44485.524373796593864 56938.784155483524955
2052 44444.954889046071912 56904.161626649081882
2052.5 44383.709772406567936 56831.144454224668152
2053 44361.976976999321778 56814.992331071021908
2053.5 44378.305593513970962 56847.918586315863649
2054 44311.655247444046836 56785.239454010581539
2054.5 44274.780852537085593 56746.151932435052004
2055 44297.725691709703824 56782.443874713215337
2055.5 44232.585840949621343 56714.11092067068239
2056 44212.844434042650391 56695.18762731795141
2056.5 44239.212970171603956 56718.9367086086786
2057 44202.185355884990713 56671.285760845021287
2057.5 44354.137533536260889 56858.979885290042148
2058 44394.980839145340724 56910.788246712552791
2058.5 44382.199683911247121 56898.018303323478904
2059 44314.704229162802221 56829.70957499970973
2059.5 44327.343914725730428 56862.679035591027059
2060 44357.461828856328793 56907.457686383531836
2060.5 44396.553789498873812 56957.299542598229891
2061 44431.765757436092827 57001.704989222089353
2061.5 44500.244930619897787 57082.739646410365822
2062 44576.503393996223167 57180.074096225762332
2062.5 44558.665276262960106 57154.159053293034958
2063 44622.087085528997704 57241.845654533659399
2063.5 44551.817984458342835 57170.352111431238882
2064 44551.903943256453204 57176.25996348875924
2064.5 44489.357491793227382 57112.932808628269413
2065 44462.649208370807173 57082.369657269708114
2065.5 44388.370640157190792 56995.687081209391181
2066 44444.418256080338324 57068.622792235772067
2066.5 44491.328101372375386 57124.371807608724339
2067 44542.782047502616479 57186.94852557619015
2067.5 44534.912286052989657 57163.121663372978219
2068 44595.799716566412826 57229.838755477387167
2068.5 44648.320250928132737 57296.061009027725959
2069 44583.443828696617857 57244.025895355145622
2069.5 44617.901063201359648 57294.870168124041811
2070 44603.733566399416304 57279.921191250898119
2070.5 44584.368228553714289 57252.862689838424558
2071 44559.876309158171352 57226.103365953160392
2071.5 44621.076156565111887 57308.60670133036183
2072 44752.950877998344367 57472.492517493650666
2072.5 44731.13019828380493 57451.495449452086177
2073 44709.95263977572904 57428.323254859955341
2073.5 44746.822146217811678 57482.031188504683087
2074 44758.259907300802297 57504.535665000534209
2074.5 44794.348393560336262 57565.467940247683146
2075 44840.236736508035392 57604.830699066500529
2075.5 44825.131857681473775 57592.560035449438146
2076 44839.334311805847392 57621.134705091404612
2076.5 44799.541270035872003 57579.369958634895738
2077 44779.380011775945604 57557.688606751791667
2077.5 44820.081362923861889 57614.613388754347397
2078 44776.854367741805618 57577.49177202332794
2078.5 44846.977342508303991 57674.89514384308859
2079 44781.31062016227952 57602.28996850024123
2079.5 44849.088348112025415 57694.425396699203702
2080 44766.032096133705636 57591.705454272698262
2080.5 44857.74636357135023 57723.475994232074299
2081 44887.464710484469833 57763.562301830868819
2081.5 44933.448031134066696 57832.819066365686012
2082 44987.318721919793461 57900.595521197610651
2082.5 44980.04035196438781 57888.0976366051691
2083 44998.226128706141026 57919.82871407224593
2083.5 45007.186453234840883 57937.41416909302643
2084 44957.030609929432103 57886.293572338989179
2084.5 44903.780781741748797 57810.427669538235932
2085 44822.013230153650511 57737.02591838457738
2085.5 44793.130535376789339 57711.194862782074779
2086 44784.582230177307792 57707.332728349159879
2086.5 44743.861047209415119 57676.999543023419392
2087 44795.271623920853017 57742.543115128602949
2087.5 44755.882865222702094 57687.322456146779587
2088 44792.29538083573425 57756.146936844626907
2088.5 44763.175587819729117 57703.558243083905836
2089 44729.555752031781594 57664.028156905296782
2089.5 44756.136105628524092 57690.007423089686199
2090 44761.270760550432897 57696.13190230091277
2090.5 44802.469158209343732 57743.927475349875749
2091 44785.255116509535583 57746.5132443958355
2091.5 44683.819502489001025 57617.414084623975214
2092 44679.825814055133378 57615.755117092914588
2092.5 44672.871942942147143 57618.517841265500465
2093 44663.476263095733884 57602.058406345779076
2093.5 44665.16095536192006 57612.550151441588241
2094 44619.548461876875081 57568.148478837167204
2094.5 44672.239141330690472 57634.413231193284446
2095 44745.489737365343899 57728.7280370370936
2095.5 44760.165343936118006 57751.013715354143642
2096 44757.00758287847566 57759.807086773435003
2096.5 44787.085765564108442 57788.818535858787072
2097 44803.063005324147525 57817.126258435295313
2097.5 44738.288727592946088 57744.623542901150358
2098 44825.634859184021479 57855.729995077716012
2098.5 44830.874713256191171 57878.339636748431076
2099 44797.862993597213062 57846.253272316214861
2099.5 44826.531717691315862 57890.634015784227813
2100 44812.127738529772614 57882.593674017123703
2100.5 44864.924854946664709 57962.746214694088849
2101 44897.262778746677213 58003.990971964049095
2101.5 44885.546480891345709 58010.201659323887725
2102 44865.733838949810888 57978.866417616707622
2102.5 44923.621329885245359 58060.226574424908904
2103 44881.47063065761904 58023.295309068569622
2103.5 44790.334368171759706 57919.484883534998517
2104 44800.577417392792995 57941.52847278930858
2104.5 44826.794429711466364 57971.887815709094866
2105 44897.741988938658324 58056.531538424002065
2105.5 44953.507076924426656 58132.609112374506367
2106 44991.98912332499458 58188.42280745231983
2106.5 44913.769742938733543 58092.015499466549954
2107 44947.265905572319753 58137.527655388192215
2107.5 44854.637404419852828 58029.490800427476643
2108 44823.329714146719198 58008.422472890779318
2108.5 44731.963437052465451 57905.868515658963588
2109 44720.497716697238502 57895.788685495041136
2109.5 44773.946452457836131 57965.360545251693111
2110 44844.513810569369525 58043.682767874168348
2110.5 44841.600459469897032 58046.330409341499035
2111 44918.497826147031446 58136.696007705242664
2111.5 44931.174384261226805 58161.557219199938118
2112 44864.53244044278108 58089.627750013496552
2112.5 45008.585361876910611 58277.563237147936889
2113 45030.182300438013044 58304.11306631872867
2113.5 44995.917213673543301 58281.82322198957263
2114 45029.847428398577904 58336.05738447226031
2114.5 45029.454491901939036 58347.741225419151306
2115 45066.333605114632519 58400.608969372609863
2115.5 44993.732647777302191 58305.983877169870539
2116 45109.498947101339581 58471.018495429852919
2116.5 45052.838035534099618 58417.349493416695623
2117 45030.823628765821923 58408.162138526218769
2117.5 45062.035674924263731 58452.048885789117776
2118 45008.549232308199862 58400.650692564122437
2118.5 45009.540554811173934 58401.216241755537339
2119 44975.572594491655764 58358.749283624762029
2119.5 44896.467493051684869 58265.337470222955744
2120 44885.517873290802527 58273.878714644888532
2120.5 44936.412168743503571 58332.495406996102247
2121 45012.207241214106034 58433.685832172828668
2121.5 45088.840076965228945 58531.173688537935959
2122 45077.725408325335593 58519.445245594339212
2122.5 45076.235813614657673 58522.372196790711314
2123 45006.63870799192955 58441.57956877376273
2123.5 45031.010437918826938 58482.707821367272118
2124 45087.324482542011538 58546.322643909268663
2124.5 45105.075143338755879 58579.126074947969755
2125 45024.326372244220693 58479.843789947110054
2125.5 45084.127256371408293 58565.63217767833703
2126 45110.922518214953016 58609.308535672200378
2126.5 45129.763990379367897 58651.513447775236273
2127 45059.946083985647419 58557.370051913181669
2127.5 45043.313246557037928 58544.871066061925376
2128 45006.528968498438189 58502.061164857121184
2128.5 44984.932898314473277 58484.676649116147019
2129 45018.359043590295187 58527.062415105887339
2129.5 44983.085285403496528 58505.170941670548928
2130 45045.54070048363792 58575.531806659142603
2130.5 45032.280996423694887 58567.877299988816958
2131 45139.177144361405226 58715.904589854981168
2131.5 45113.02129870569479 58700.52788307240553
2132 45269.092741059153923 58904.006914533332747
2132.5 45252.16286328361457 58908.912808588473126
2133 45183.628064134405577 58825.6911080955324
2133.5 45342.919758558353351 59017.835295705925091
2134 45366.891265316451609 59061.44814658240648
2134.5 45310.522684064417263 58993.807423718688369
2135 45347.628543201382854 59056.048731108137872
2135.5 45289.216875524034549 59008.231738953989407
2136 45323.823408132942859 59072.566697719455988
2136.5 45382.857657996239141 59154.225638812771649
2137 45326.197062298364472 59087.221198709281452
2137.5 45322.920628021987795 59096.556141393077269
2138 45334.007892476707639 59121.664636599896767
2138.5 45241.548613455619488 59021.731741489827982
2139 45150.61253912349639 58919.394741933552723
2139.5 45134.519633976677142 58908.431325890946027
2140 45202.272866116654768 59010.792568391058012
2140.5 45168.442974308869452 58971.348508253147884
2141 45231.92700409515237 59055.408335152489599
2141.5 45217.851843210548395 59039.572472036161344
2142 45233.857795915522729 59067.10643490516668
2142.5 45195.394846256065648 59007.463894821943541
2143 45191.605454054908478 58999.310631070271484
2143.5 45266.964311062780325 59081.451266138676147
2144 45245.418903913829126 59055.804018063216063
2144.5 45298.900810752085818 59127.276183147419943
2145 45258.265801929963345 59093.107627875811886
2145.5 45150.09946713228419 58963.32099816743721
2146 45228.865541912360641 59073.364990782698442
2146.5 45174.332360954809701 58999.737064578017453
2147 45218.173016555891081 59048.747940579611168
2147.5 45193.526490053489397 59012.745628578770265
2148 45251.263328725217434 59090.882059615047183
2148.5 45189.709592282211815 59023.062255981421913
2149 45220.053594767072354 59068.369203482296143
2149.5 45187.156481250298384 59026.039487576825195
2150 45224.803232149934047 59087.87740749270597
2150.5 45241.70678827255324 59119.049818096238596
2151 45322.128526845634042 59226.584865246193658
2151.5 45377.791366880061105 59307.066463939358073
2152 45234.827582355421328 59136.131762812125089
2152.5 45358.104623286497372 59303.662646919481631
2153 45322.979627785185585 59253.944242894576746
2153.5 45353.069954475147824 59308.127728427563852
2154 45468.641296504800266 59451.483508976765734
2154.5 45516.077077704278054 59512.742529956172802
2155 45381.793878633863642 59340.371948312982568
2155.5 45343.372404699854087 59297.633803222553979
2156 45326.566459705456509 59280.610285361362912
2156.5 45357.917080912338861 59334.618099116945814
2157 45341.022931442756089 59306.584806435908831
2157.5 45399.570345808991988 59384.502053108815744
2158 45375.723897643169039 59347.449118772485235
2158.5 45376.636386763333576 59365.297853637777735
2159 45305.74516680756642 59291.843091586939408
2159.5 45248.877552249126893 59251.23287150561373
2160 45209.132915748676169 59190.049679651012411
2160.5 45225.156294688138587 59225.590405920869671
2161 45164.688251206847781 59158.762077374238288
2161.5 45264.235349473819952 59279.38069639976311
2162 45235.52970657748665 59270.634272280243749
2162.5 45217.012578004025272 59244.232200739636028
2163 45226.812349498315598 59273.105593393178424
2163.5 45193.61961360553687 59235.936371783565846
2164 45233.592631006824377 59287.352125147008337
2164.5 45202.590083675539063 59251.081136206295923
2165 45226.436362364896922 59301.080613997204637
2165.5 45177.21353868724691 59259.318154496628267
2166 45230.647499973652884 59332.595492293323332
2166.5 45280.79292261214141 59395.857744057298987
2167 45270.624700342399592 59391.929923766125285
2167.5 45339.946019725262886 59479.844218038742838
2168 45317.275441265526752 59457.182251257443568
2168.5 45333.589529488417611 59497.643230169691378
2169 45297.641781449710834 59461.34048270455969
2169.5 45289.368077487080882 59467.304686303970811
2170 45321.269500446134771 59512.897025801023119
2170.5 45337.075776293757372 59539.363504161396122
2171 45460.484642547409749 59696.196192611765582
2171.5 45420.371314814015932 59654.44827406998229
2172 45444.545296841621166 59702.11016599262075
2172.5 45460.130568150590989 59729.83109951170627
2173 45419.758024012371607 59688.973253384472628
2173.5 45382.157798249310872 59649.742899359676812
2174 45464.748461363495153 59761.513788571137411
2174.5 45493.069037035529618 59813.272321636221022
2175 45494.902222176700889 59819.06941185251344
2175.5 45434.06964274757047 59752.192893498337071
2176 45505.960079508571653 59859.373688900333946
2176.5 45481.089354222065595 59821.302298204347608
2177 45608.870663309142401 59977.635426980043121
2177.5 45651.22103311601677 60027.294097080608481
2178 45557.928361670594313 59919.064975642497302
2178.5 45588.955843612646277 59958.364230493563809
2179 45672.842366492659494 60059.65942614802043
2179.5 45669.170556939177914 60062.749783666731673
2180 45744.812785872563836 60164.922552912852552
2180.5 45717.426927470041846 60136.801812507837894
2181 45715.883836914304993 60132.94153500610264
2181.5 45679.480627990764333 60097.617484545007756
2182 45731.851762940801564 60174.210414964734809
2182.5 45683.271962713559333 60136.063058242267289
2183 45622.664222509185493 60066.773088491841918
2183.5 45627.670675782777835 60097.115914178801177
2184 45612.974192720874271 60077.504313649318647
2184.5 45636.418561085250985 60112.842268436819722
2185 45578.840273587833508 60037.13456994232547
2185.5 45633.953949832059152 60115.92734251969523
2186 45653.99655987686856 60161.618808814062504
2186.5 45655.61297460062633 60171.472169285159907
2187 45708.406401113061293 60251.266825564474857
2187.5 45735.319049592697411 60289.491606041956402
2188 45765.796361070264538 60329.509572456066962
2188.5 45719.488699708315835 60267.984634422282397
2189 45739.801614960910229 60308.550047753866238
2189.5 45842.596716522915813 60451.120488794724224
2190 45872.451043631612265 60505.320587372531008
2190.5 45904.069231525820214 60543.818589630027418
2191 45945.201081296283519 60610.491475496353814
2191.5 45945.385526307145483 60621.801151636027498
2192 45829.23913765962061 60478.689817505561223
2192.5 45804.39778745649528 60462.141427388232842
2193 45838.99806134901155 60512.401678774862376
2193.5 45796.56677352697443 60448.08242639911623
2194 45854.503705409639224 60531.640279403247405
2194.5 45801.013179056724766 60469.858534188344493
2195 45802.768059904985421 60487.971106813201914
2195.5 45907.859608289465541 60626.485934780561365
2196 46009.539260907600692 60759.243471135603613
2196.5 45988.961545637495874 60731.251964051509276
2197 46031.607865802157903 60794.488352817541454
2197.5 45884.319348520635685 60624.176130061918229
2198 45881.387398307932017 60613.808262848535378
2198.5 45833.304005326477636 60571.857209280606185
2199 45843.745021350201569 60593.063467528379988
2199.5 45859.812306965060998 60612.327815068536438
2200 45865.088047072356858 60637.232849198218901
2200.5 45885.816910874906171 60663.581062900331744
2201 45958.538491436003824 60754.947089677480108
2201.5 45944.375897399251699 60741.087373390495486
2202 45993.845044996007346 60795.829614280002716
2202.5 46058.948082684335532 60888.4229922682498
2203 46047.903147791570518 60887.984672169892292
2203.5 45953.444253283589205 60776.334583672549343
2204 45957.303759210881253 60799.749079564862768
2204.5 45965.094966871554789 60818.181999367079698
2205 45963.747327404256794 60818.308071695289982
2205.5 45852.951232102837821 60698.136609017456067
2206 45875.242123281153908 60744.124773425253807
2206.5 45977.33463395270519 60893.531956510916643
2207 45851.950748249706521 60736.898747922234179
2207.5 45946.249373060214566 60864.72688350424869
2208 45988.633977065554063 60934.46586703529465
2208.5 45953.867094791094132 60884.036279671505326
2209 46071.250431122040027 61030.409967257110111
2209.5 46140.893598817747261 61130.73471426753531
2210 46098.302038328081835 61069.987714972310641
2210.5 46064.129014027290395 61040.154195590912423
2211 46046.183102834562305 61029.317390418626019
2211.5 45973.419622271416301 60947.608128486368514
2212 45870.91643733750243 60847.715338660207635
2212.5 45878.436330475851719 60865.757681734728976
2213 45979.275182237011904 60991.929125182119606
2213.5 45973.78369349885179 60973.542354383796919
2214 46013.786304526838649 61022.426596992445411
2214.5 46008.640806129544217 61008.000364159634046
2215 46035.450995326355041 61053.476643179805251
2215.5 46000.776441471236467 61007.186025291164697
2216 45893.811099492486392 60887.303564967180137
2216.5 45842.483043383661425 60846.412975953004207
2217 45878.050639974935621 60913.283008197708114
2217.5 45832.8329248312657 60875.503857589530526
2218 45913.396087389461172 60989.152816921596241
2218.5 45916.507451888930518 61002.178570614407363
2219 45859.482993559460738 60932.227053231283207
2219.5 45922.333511693344917 61019.623066300511709
2220 45859.294462067802669 60947.153376849295455
2220.5 45894.576060152379796 60989.977726320823422
2221 45810.820625890424708 60895.102699219940405
2221.5 45843.511687609694491 60951.28182344148081
2222 45885.88903719188238 61002.521203967946349
2222.5 45813.311138092845795 60920.706371459906222
2223 45829.25527243790566 60954.136916217488761
2223.5 45830.362577878193406 60963.187085731304251
2224 45845.374582318923785 61009.83903470999212
2224.5 45905.334925636314438 61070.594664355558052
2225 45912.633807063619315 61073.720274679806607
2225.5 45972.469798193735187 61150.531348684147815
2226 46091.521488596423296 61316.513392852968536
2226.5 46014.973290783382254 61230.523892741359305
2227 45965.830562069299049 61167.886686159654346
2227.5 45984.610465686564567 61199.034736135370622
2228 46021.094673769606743 61257.195151073319721
2228.5 46048.693944501421356 61306.056933149469842
2229 45937.753559078861144 61168.546404941349465
2229.5 45857.56413420374156 61078.314259679296811
2230 45800.097757671894215 61011.51107228940964
2230.5 45909.314665923957364 61162.215175444129272
2231 45952.417299217529944 61224.158497618787806
2231.5 45909.209540254618332 61173.513386729944614
2232 45914.061397864708852 61182.710800831111555
2232.5 46047.172936684961314 61356.366925011163403
2233 46069.930063352752768 61384.945212990700384
2233.5 46027.754339977189375 61339.292492105028941
2234 46014.049822163789941 61322.581112364394357
2234.5 45954.424846324553073 61253.580911663870211
2235 45961.663353003532393 61256.031630677978683
2235.5 46017.435989780831733 61339.543331661705452
2236 46072.344656871653569 61401.90096681729483
2236.5 46048.345393809569941 61377.40542265350814
2237 46031.046544339966204 61368.712162972289661
2237.5 45995.966159440366027 61340.050872340696515
2238 46051.120648940515821 61410.201683395171131
2238.5 46060.484626779478276 61435.368149998656008
2239 45973.437086355232168 61353.930937182019989
2239.5 45939.41018669330515 61330.734180275518156
2240 45904.062108932921547 61276.076294666883769
2240.5 45905.37551451537729 61302.200140114538954
2241 45891.758216613648983 61284.706441945607367
2241.5 45861.290814238956955 61259.486264196668344
2242 45899.882288514192624 61300.513739504014666
2242.5 45943.84834854464134 61380.92885294235748
2243 45897.922894228533551 61336.746423423675878
2243.5 45887.266328422781953 61329.04731994838221
2244 46002.272359644433891 61498.446697300030792
2244.5 46049.435967481411353 61569.685414776555263
2245 46071.269642349958303 61593.56643029373663
2245.5 46042.006651809191681 61555.781938193140377
2246 46046.908106121940364 61589.032953750102024
2246.5 46127.823138294224918 61692.455970520728442
2247 46066.21285801717022 61627.302761584462132
2247.5 46111.940874374362465 61681.326887021299626
2248 46099.89840542145248 61673.269966520376329
2248.5 46142.375174896296812 61731.414816033437091
2249 46093.607817063682887 61693.260619249245792
2249.5 46090.794570443802513 61693.348460480716312
2250 46040.435811380426458 61644.726797552655626
2250.5 46089.101954395249777 61717.508396029108553
2251 46078.676411423490208 61713.632506353838835
2251.5 46163.596094381689909 61825.007333236702834
2252 46176.554729437855713 61845.33236919977935
2252.5 46079.170907792737125 61718.796755208568356
2253 46213.451876273109519 61908.955973637872376
2253.5 46210.433646325247537 61910.822528960947238
2254 46204.997404941095738 61895.654027461350779
2254.5 46214.885441683749377 61932.385115876844793
2255 46114.174700111878337 61820.774381162678765
2255.5 46216.356836681290588 61968.24112793878885
2256 46212.510467273605173 61979.302136742364382
2256.5 46217.921137512057612 61987.383838203633786
2257 46180.812365188525291 61935.896150864653464
2257.5 46139.567064793496684 61884.725094791370793
2258 46224.004738048366562 61986.25073514070391
2258.5 46264.868927019117109 62037.79263035654003
2259 46146.772231652314076 61900.579928453706088
2259.5 46217.468985359970247 61996.749652366503142
2260 46213.523882182860689 61995.105439589417074
2260.5 46149.635192403373367 61909.23117575491051
2261 46107.774577240037615 61872.753567526480765
2261.5 46128.797775585619092 61920.936955569079146
2262 45983.143690583317948 61760.37724603699462
2262.5 46001.103760788573709 61798.033394850368495
2263 45973.198551316301746 61774.366905037059041
2263.5 46078.543482807282999 61899.064565294211206
2264 46086.384947844722774 61913.320795755236759
2264.5 46134.863008462059952 61995.225756861371337
2265 46194.061163780585048 62063.276341761957156
2265.5 46176.765128629347601 62052.767954862851184
2266 46302.805927950321347 62204.629698636883404
2266.5 46262.694004060555017 62167.523182561068097
2267 46259.671577558059653 62176.471603766498447
2267.5 46256.855749507907603 62196.081370602696552
2268 46157.287575811395072 62064.033447442459874
2268.5 46162.981064980340307 62083.480776660166157
2269 46243.884598593562259 62203.09812254186545
2269.5 46240.283405040529033 62215.260155189913348
2270 46164.111805749977066 62120.76386032353912
2270.5 46034.479478539760748 61971.473317097341351
2271 46032.512367911593174 61958.359117203217465
2271.5 45979.138223431982624 61898.646456363792822
2272 46048.641257309383946 61992.468245286661841
2272.5 46097.842153400866664 62054.580870023826719
2273 46066.878863943078613 62019.824453970562899
2273.5 46108.831142975599505 62088.381284282048
2274 46192.478424890672613 62209.804723305620428
2274.5 46136.577318512951024 62156.156406453141244
2275 46160.232907263743982 62183.462332877927111
2275.5 46058.420772714875056 62051.13483467399783
2276 46011.463444272354536 61988.755559822282521
2276.5 45958.893566103368357 61921.14873165928293
2277 45923.241341663808271 61885.878913089174603
2277.5 46031.612553174680215 62018.03376623638178
2278 46064.040566477684479 62070.095749078886001
2278.5 46134.18043619042146 62150.736873803427443
2279 46111.475414265449217 62122.727310712536564
2279.5 46096.845211272222514 62117.307229062957049
2280 46139.126183578642667 62177.052674899612612
2280.5 46146.236485404311679 62178.061797725356882
2281 46206.853069742195657 62256.929223973209446
2281.5 46316.239949617091042 62404.904886180040194
2282 46377.516287759746774 62481.450288738582458
2282.5 46405.954163777692884 62531.47932409272471
2283 46380.588089152639441 62519.081899010663619
2283.5 46391.765596440520312 62523.9104226721538
2284 46399.803499152774748 62541.61832119578321
2284.5 46419.983013894037867 62568.942612233091495
2285 46312.618639427681046 62440.11150462184014
2285.5 46388.878811157956079 62541.729677455165074
2286 46447.756939976017748 62609.797955384579836
2286.5 46410.940119842649437 62567.947273508325452
2287 46391.752090235117066 62540.257301243422262
2287.5 46352.042439079137694 62501.56737842586881
2288 46430.878714058104379 62614.595976151867944
2288.5 46375.328978404526424 62561.344370641119895
2289 46324.515566954563837 62509.831380778065068
2289.5 46297.362167347120703 62495.896985899722495
2290 46252.383837236091495 62452.452299812473939
2290.5 46262.331834363394591 62474.192504710736102
2291 46264.496689566687564 62483.941984715667786
2291.5 46247.615358684692183 62456.905180329493305
2292 46306.017026812325639 62545.325031814092654
2292.5 46352.212162934658409 62599.529182486316131
2293 46373.648129424036597 62629.394702487676113
2293.5 46278.781669933821831 62517.618647324277845
2294 46339.093821901769843 62607.184891317578149
2294.5 46269.732165248853562 62528.21884388961189
2295 46250.002386821470282 62528.960787313939363
2295.5 46309.454622309771366 62598.478567481455684
2296 46358.21484596884693 62655.221578427786881
2296.5 46437.310572141657758 62759.782938521719188
2297 46370.078227685378806 62694.566782991918444
2297.5 46346.381601521221455 62667.991105270899425
2298 46323.96678419928503 62649.077870376735518
2298.5 46323.256619477353524 62656.568806111921731
2299 46283.696624435498961 62623.699572906029061
2299.5 46310.303869129704253 62652.621819127292838
2300 46264.926467248937115 62599.43333687082486
2300.5 46278.76382749844197 62640.672970408275432
2301 46189.716469366743695 62512.910746047433349
2301.5 46266.248596766010451 62619.557339026585396
2302 46265.249314314569347 62624.360291478849831
2302.5 46249.002308124079718 62618.950821147707757
2303 46138.164682269765763 62476.158319984999252
2303.5 46055.786218203807948 62388.303661650221329
2304 46032.885900383735134 62367.316760961097316
2304.5 46143.089401335470029 62519.753790836672124
2305 46145.919343461639073 62507.565725146065233
2305.5 46095.405808508316113 62460.323922705261793
2306 46065.649770117423031 62439.242063328936638
2306.5 45976.911264503738494 62335.755190508352825
2307 46017.69427315788198 62383.270380635447509
2307.5 45983.521962835373415 62328.751084272669686
2308 45901.501079474190192 62220.194875858098385
2308.5 46015.149944374075858 62374.306782199520967
2309 46015.558875746857666 62388.954532976691553
2309.5 46062.01448722070927 62437.670499091313104
2310 46163.005864682490937 62567.238367217869381
2310.5 46163.829702153612743 62562.323128194810124
2311 46042.117872295501002 62408.167173686895694
2311.5 46054.825394244697236 62444.548343108544941
2312 46008.594057016205625 62395.63229452293308
2312.5 46013.467720954533434 62411.268477897952835
2313 45961.16750711214263 62352.714101408419083
2313.5 45912.634152972008451 62301.481997043112642
2314 45950.048407939073513 62369.737858920838335
2314.5 45908.091621976927854 62334.966360474543762
2315 45872.938074623903958 62306.470258596120402
2315.5 45834.569596240769897 62268.625398526965
2316 45796.048944198948448 62216.383298571090563
2316.5 45742.228819909687445 62147.456522014181246
2317 45745.407211585697951 62167.81478448962298
2317.5 45699.047881246049656 62111.395030440769915
2318 45707.963303134791204 62133.734141587228805
2318.5 45737.883531918057997 62165.954695490174345
2319 45646.102094270005182 62065.825697880551161
2319.5 45678.989630970347207 62118.212890882576175
2320 45711.824846036521194 62177.339806406656862
2320.5 45676.399932481792348 62135.338385537455906
2321 45774.49970709583431 62264.552969548509282
2321.5 45717.251597710077476 62200.445612786264974
2322 45731.85452722444461 62220.583426446457452
2322.5 45750.901108068144822 62261.304637970897602
2323 45779.104908376080857 62298.165728796171607
2323.5 45809.939836143414141 62332.983909319103986
2324 45843.598714558946085 62392.461487704873434
2324.5 45848.035877251808415 62410.713931898200826
2325 45736.40344377465226 62268.193780040506681
2325.5 45878.273225656172144 62459.985097652373952
2326 45829.683230016409652 62399.221854389375949
2326.5 45906.647846935287816 62502.354115395595727
2327 45951.966998385854822 62567.327997954183957
2327.5 45888.604549187984958 62492.823840227807523
2328 45989.844887029175879 62615.892495421678177
2328.5 45954.274489748786436 62584.336051963466161
2329 45942.777983308624243 62572.961276000038197
2329.5 45946.867786486269324 62596.218286883537075
2330 45837.028366656348226 62468.224776733761246
2330.5 45992.589626540073368 62652.409332434981479
2331 45897.455399856364238 62535.504775185218023
2331.5 45960.9099151483897 62620.466691764289862
2332 45934.374410963755508 62589.047803303335968
2332.5 45951.185744356225769 62621.338153247823357
2333 46064.64871023404703 62751.200194219687546
2333.5 46116.790027852861385 62818.326316011094605
2334 46150.137686990958173 62848.547837328187597
2334.5 46138.357589082028426 62840.213674769955105
2335 46110.643886430902057 62799.688867735072563
2335.5 46203.463091395482479 62934.090190739101672
2336 46242.774589748529252 62975.5692772009279
2336.5 46274.936728912696708 63013.497075989296718
2337 46250.272611207547016 62985.692096522259817
2337.5 46203.325073869244079 62941.209841717878589
2338 46071.82031747992005 62783.487615631609515
2338.5 46098.360651364477235 62811.08675317534653
2339 46143.24184950554627 62869.093986321233388
2339.5 46004.871238267456647 62713.948974781800644
2340 46021.431147572970076 62733.622258744733699
2340.5 45969.180777386041882 62672.969932710540888
2341 46013.223115133027022 62737.243832432970521
2341.5 45980.490510077208455 62698.180097262018535
2342 46067.972946475703793 62807.17518592353008
2342.5 46087.299939738230023 62829.817329303870793
2343 46115.851604535309889 62880.403455833977205
2343.5 46165.175409631272487 62957.203716754731431
2344 46096.799689790896082 62874.144417560251895
2344.5 46135.764329811929201 62931.336265591387928
2345 46133.061280395282665 62929.44213469580427
2345.5 46176.367943697448936 62977.494422250536445
2346 46195.221718625551148 63009.819474086834816
2346.5 46183.993599660898326 62998.830232837943186
2347 46190.70631120998587 63010.787489435257157
2347.5 46276.628500164180878 63111.32502656467841
2348 46274.612089756927162 63130.909206521173473
2348.5 46293.100722463539569 63153.833245773770614
2349 46255.502935617681942 63105.03567088276759
2349.5 46263.463221066405822 63118.62017142566765
2350 46256.81796159545047 63127.451287497533485
2350.5 46271.591906192872557 63151.901017689036962
2351 46263.302726531364897 63146.445623478233756
2351.5 46215.654088162780681 63091.032744981319411
2352 46218.523602599096193 63100.624195458287431
2352.5 46285.823190656010411 63186.168934400215221
2353 46272.159782237358741 63167.761580575082917
2353.5 46208.958542702719569 63094.778673483255261
2354 46142.510903066431638 63019.003307009123091
2354.5 46165.952720241104544 63060.638323341467185
2355 46121.17697971178859 63013.440817149748909
2355.5 46129.547582286068064 63035.595672881499922
2356 46071.341221162416332 62955.760273836116539
2356.5 46124.927036628738279 63026.659235290811921
2357 46089.626898057256767 62983.249808785469213
2357.5 46064.717419592263468 62954.354555091202201
2358 46133.985894406978332 63067.818778414839471
2358.5 46158.93751967332355 63102.343466270533099
2359 46167.102132210762647 63128.638850778690539
2359.5 46198.059430377230456 63166.848879906254297
2360 46308.956448449367599 63309.436410410140525
2360.5 46292.405182549133315 63295.404755909519736
2361 46326.317279062983289 63362.520477086211031
2361.5 46329.211602870127535 63388.212665193103021
2362 46341.599382681750285 63424.320861392494407
2362.5 46299.717849369881151 63384.099818644252082
2363 46333.200076724016981 63431.340932743514713
2363.5 46458.440116314937768 63582.429320696013747
2364 46371.577477107537561 63487.220385843364056
2364.5 46435.731919561811083 63581.762760086305207
2365 46410.420217410777695 63546.711825931473868
2365.5 46436.357585872145137 63593.551347337517655
2366 46494.285658359389345 63668.100620250261272
2366.5 46425.659079169126926 63581.8160497384888
2367 46388.01172325668449 63560.807210569451854
2367.5 46368.043745266331825 63540.015008928807219
2368 46388.82857995917584 63571.833626300358446
2368.5 46453.901620085744071 63665.364767637482146
2369 46431.54894378764584 63655.717699791195628
2369.5 46369.539943019772181 63579.313933035846276
2370 46299.122289553379233 63505.680254149228858
2370.5 46218.940761245044996 63421.699178465882142
2371 46228.999332796833187 63437.581973953114357
2371.5 46175.386397278227378 63381.608069144254841
2372 46267.028690811239358 63504.392137445865956
2372.5 46254.733732678898377 63511.504582566034514
2373 46247.499605016790156 63496.990310462897469
2373.5 46308.911879207189486 63575.606907241752197
2374 46379.85695504535397 63633.758525459961675
2374.5 46403.217548166510824 63683.965678722830489
2375 46400.773749830885208 63675.534974236310518
2375.5 46431.487193844892317 63714.168755160309956
2376 46397.247245988764917 63686.41372267112456
2376.5 46364.561095300487068 63649.610364915737591
2377 46427.798907112068264 63742.760900149085501
2377.5 46350.617612194386311 63653.776369196304586
2378 46350.518102333488059 63664.982981978042517
2378.5 46473.703107675464707 63820.736306216211233
2379 46475.956837705976795 63834.783204527964699
2379.5 46412.172752805483469 63758.844537141689216
2380 46448.471050530992215 63822.892879584440379
2380.5 46570.79136891442613 63984.267160382951261
2381 46531.158188122542924 63929.572265371723915
2381.5 46540.22382490052405 63940.021805734046211
2382 46592.301210480742157 64011.479052772832802
2382.5 46512.068738223606488 63921.918433446800918
2383 46407.920858901496103 63800.21243914533261
2383.5 46433.046241933210695 63855.35915812858002
2384 46439.132376979876426 63862.567900858601206
2384.5 46506.825192105345195 63961.957596908890991
2385 46506.956220838867011 63963.507470029166143
2385.5 46525.417389951770019 63996.164981554720725
2386 46557.377237289729237 64062.178174147906248
2386.5 46536.350382584125327 64038.585789622084121
2387 46585.793200671832892 64115.910608601108834
2387.5 46594.992327506210131 64126.376255346316611
2388 46623.381522778297949 64167.551136796260835
2388.5 46636.870420626320993 64201.777289862111502
2389 46635.218731880937412 64219.70899140308029
2389.5 46654.467381694397773 64251.78318369059707
2390 46576.746125522557122 64166.897722822490323
2390.5 46560.593122569720435 64159.792080656035978
2391 46667.628741636690393 64302.016911814956984
2391.5 46766.870761334852432 64441.969757852973999
2392 46777.674066524748923 64463.306699305692746
2392.5 46789.941041511607182 64467.703730909990554
2393 46841.71655746014585 64531.903281870472711
2393.5 46855.021823780713021 64563.031966957139957
2394 46819.689271386938344 64529.125457515518065
2394.5 46789.937992067214509 64497.175449021204258
2395 46793.143370251527813 64515.578338566927414
2395.5 46687.729478013068729 64383.862323037334136
2396 46692.980327102079173 64389.336766693071695
2396.5 46783.95781360300316 64495.863180428372289
2397 46821.309985870153469 64547.828797455840686
2397.5 46771.882424549963616 64499.131060486659408
2398 46709.155744744639378 64421.002046897272521
2398.5 46719.064886136213318 64447.246849066352297
2399 46721.581537470803596 64444.065741373757191
2399.5 46684.704114255582681 64401.104306547698798
2400 46694.268938134046039 64423.686843682786275
2400.5 46598.990321889396 64296.799088609652244
2401 46610.805021361484251 64327.724668276845478
2401.5 46597.157134700544702 64310.220897294762835
2402 46529.365334586691461 64229.052719434286701
2402.5 46599.428814737206267 64331.930600811065233
2403 46592.5909918916077 64312.283690055402985
2403.5 46730.642707460050588 64501.636578793208173
2404 46665.998900341626722 64411.706263120169751
2404.5 46721.412468888294825 64476.661944826337276
2405 46731.309741278768342 64507.177155344194034
2405.5 46578.29623252843885 64319.653833903743362
2406 46639.384122507093707 64406.338780306577974
2406.5 46598.962820738961454 64362.876059696718585
2407 46590.452671437349636 64358.234804595260357
2407.5 46650.096155333216302 64438.632564818195533
2408 46650.825925239012577 64432.182093735747912
2408.5 46691.968320284991933 64489.248917945536959
2409 46583.63223341947014 64346.473247140515014
2409.5 46673.940666578120727 64465.540904392415541
2410 46646.822627330780961 64442.070102793390106
2410.5 46594.004761707641592 64379.833576238168462
2411 46628.456448186378111 64427.311212426240672
2411.5 46608.478431472925877 64417.375796676591563
2412 46528.549878914898727 64332.275885127630318
2412.5 46510.080446762287465 64316.283138490725833
2413 46491.612336113503261 64310.391318817441061
2413.5 46463.238983724397258 64288.221440402776352
2414 46584.380316384333128 64442.549773640246713
2414.5 46563.850871814858692 64422.590410093413084
2415 46623.175871864201326 64486.420824767337763
2415.5 46605.553302514432289 64470.987801812232647
2416 46668.423110552830622 64543.499974348203978
2416.5 46694.809069302849821 64567.077428051707102
2417 46700.586665155045921 64590.553988275976735
2417.5 46661.93936719775229 64531.739051863907662
2418 46642.548178673590883 64527.97384277322999
2418.5 46637.363133233520784 64546.821589201994357
2419 46655.429516811404028 64566.305078109799069
2419.5 46772.747200877107389 64718.284209194789582
2420 46793.406504429622146 64758.424302238941891
2420.5 46863.236273882917885 64865.675524652433523
2421 46820.908575948000362 64813.072685658087721
2421.5 46821.553446775251359 64815.48731155769201
2422 46709.248685586760985 64671.405470233337837
2422.5 46761.545142166403821 64765.042230005026795
2423 46751.870571679450222 64762.16616271177918
2423.5 46698.813269887054048 64707.876168754351966
2424 46606.817807765073667 64607.012180570505734
2424.5 46645.765306121880712 64660.979546783557453
2425 46648.071661233181658 64660.637352012156043
2425.5 46690.286314657998446 64732.90089298690873
2426 46654.265964589059877 64700.816581041479367
2426.5 46617.999115628575964 64659.380314025460393
2427 46595.34729842467641 64654.915640179613547
2427.5 46598.552811602072325 64655.967174595250981
2428 46621.79303455256013 64704.1798557756847
2428.5 46570.443043848543311 64629.644155430061801
2429 46598.160084562165139 64679.825279109587427
2429.5 46535.488750304968562 64607.830166582090897
2430 46514.085757340610144 64597.891315818771545
2430.5 46481.372018837915675 64569.845236825363827
2431 46499.516635885716823 64581.095659853548568
2431.5 46569.474341687753622 64678.656022076582303
2432 46615.033189048757777 64745.851463926301221
2432.5 46598.369411208710517 64740.235405142906529
2433 46637.706590052082902 64794.687540216946218
2433.5 46634.806741851367406 64785.215698027590406
2434 46649.682062917607254 64811.566683682176517
2434.5 46667.166137684449495 64827.727401869080495
2435 46655.451181463598914 64836.801333506758965
2435.5 46687.651150848410907 64871.04288823207753
2436 46683.477498799999012 64875.17213426278613
2436.5 46706.634128436475294 64933.182768654587562
2437 46747.706447040880448 64975.094803755593603
2437.5 46753.309679465455702 64988.757638973998837
2438 46831.347182982237427 65098.862842157817795
2438.5 46806.807223365882237 65073.081095589033794
2439 46859.29108116246789 65147.643311157735297
2439.5 46858.64818173454114 65150.494005304150051
2440 46920.422191171899613 65241.403958915099793
2440.5 46878.252868821844459 65187.619107651167724
2441 46818.129269701159501 65136.091989748281776
2441.5 46774.921154113908415 65091.171532764958101
2442 46770.532114197238116 65105.528934382287844
2442.5 46791.141082430178358 65134.128293153939012
2443 46759.920002033999481 65104.966784540760273
2443.5 46674.466628200738342 65030.647905328558409
2444 46668.311323936301051 65052.504121509104152
2444.5 46694.681198347367172 65092.063665354296973
2445 46711.264567445941793 65124.537781901199196
2445.5 46761.46716434895643 65182.795106811718142
2446 46680.749092990328791 65107.280389582752832
2446.5 46645.087008023940143 65062.975784874921374
2447 46717.131851120619103 65158.471145186151261
2447.5 46673.955252510546416 65098.446757181183784
2448 46646.776532412950473 65073.911441232994548
2448.5 46595.070469962010975 65029.92443788775563
2449 46586.068291277602839 65024.697057241632137
2449.5 46492.977044416446006 64910.755244700572803
2450 46540.332422777559259 64980.796355703074369
2450.5 46547.948947582823166 64997.584565106102673
2451 46535.55664366370911 64995.379169885032752
2451.5 46597.848497567836603 65071.754575349397783
2452 46559.408963798501645 65019.589614247262944
2452.5 46642.345735172348213 65111.917757083188917
2453 46710.285769268448348 65186.497370472709008
2453.5 46677.811975408774742 65155.481737376911042
2454 46581.517652262707998 65058.047916749346768
2454.5 46642.657145860874152 65144.186918675666675
2455 46668.532236883052974 65179.860973928334715
2455.5 46678.058969077486836 65174.783818330877693
2456 46694.011833986456622 65203.253401274363569
2456.5 46681.779379994397459 65195.294581137372006
2457 46618.528483956040873 65131.737474691974057
2457.5 46563.083374969806755 65073.449481887641014
2458 46565.572510674486693 65082.213368445642118
2458.5 46537.883482382931106 65052.741513937129639
2459 46553.847867881995626 65074.836367504169175
2459.5 46561.256953387040994 65103.751451462907426
2460 46493.635045701943454 65014.659635460251593
2460.5 46552.12013237355859 65095.672713202489831
2461 46664.332951508687984 65248.538308557988785
2461.5 46628.100001182880078 65214.228645575807604
2462 46656.492166539734171 65265.859797474950028
2462.5 46758.199049964503502 65390.617405212964513
2463 46716.47388401273929 65353.451080942460976
2463.5 46729.273644169268664 65387.651068816121551
2464 46725.377450480176776 65387.737026794835401
2464.5 46627.072336478857324 65262.448106977026328
2465 46632.792503963966738 65276.760609932469379
2465.5 46683.207416954908695 65349.564324179809773
2466 46682.023091977651347 65358.294819601134805
2466.5 46655.656442115025129 65336.397034043970052
2467 46762.865560963204189 65488.842086536598799
2467.5 46699.538712402441888 65397.895753065487952
2468 46751.858612902877212 65472.210399204661371
2468.5 46795.350804985188006 65536.836562653945293
2469 46841.722018915330409 65588.776416358043207
2469.5 46780.243656602833653 65512.578021696972428
2470 46805.620984429013333 65548.262440559352399
2470.5 46757.73938098049257 65498.374937228305498
2471 46713.012434691925591 65444.039699250039121
2471.5 46747.132416512184136 65486.464781840615615
2472 46830.664567720101331 65599.320068646644359
2472.5 46817.062340394499188 65598.624263609410264
2473 46811.068287723537651 65610.894618358885054
2473.5 46781.095558015978895 65585.228992713527987
2474 46794.383777312978054 65590.982226133273798
2474.5 46875.288755072011554 65704.667437952797627
2475 46812.08846059802454 65644.202912776265293
2475.5 46849.175013650899928 65703.339370308996877
2476 46862.0064769315577 65724.066836010155384
2476.5 46894.742653965207865 65769.715248709486332
2477 46856.264497961805318 65742.316924235565239
2477.5 46873.87274239717226 65787.418457674866659
2478 46710.295633295805601 65587.222095922770677
2478.5 46766.500815948369564 65671.434781334173749
2479 46775.686448479347746 65711.911382870763191
2479.5 46721.944232346118952 65631.062002923266846
2480 46731.849745781400998 65665.580103541244171
2480.5 46805.797712708721519 65764.814412842562888
2481 46752.5369230694414 65705.813220213924069
2481.5 46714.351700323881232 65657.378226163433283
2482 46771.781482430495089 65733.05104777404631
2482.5 46795.742429577869189 65761.61525196681032
2483 46751.535590949599282 65705.243411316900165
2483.5 46722.114988574016024 65660.996204144437797
2484 46769.374168164184084 65734.045390655213851
2484.5 46806.483192990956013 65795.963765458829585
2485 46691.374851254091482 65642.713758160272846
2485.5 46841.936043571025948 65856.33824112007278
2486 46782.721176502869639 65779.530013877156307
2486.5 46712.382130590776796 65703.58539093042782
2487 46652.856770939084527 65626.213516941177659
2487.5 46710.439764885210025 65706.413142146528116
2488 46656.293990822232445 65636.476306110009318
2488.5 46636.99351639271481 65640.61031108124007
2489 46711.570932040391199 65743.046902426402085
2489.5 46596.359677735024889 65606.134005846412037
2490 46634.777880009169166 65662.334174915435142
2490.5 46681.583565867469588 65733.362723159880261
2491 46609.244622329861159 65634.845554771614843
2491.5 46645.285872004096746 65689.656463982522837
2492 46630.752104285296809 65687.468257370142965
2492.5 46657.580190824628517 65718.0684852108825
2493 46610.798477088574145 65655.41354963806225
2493.5 46722.266836261282151 65803.660231913774624
2494 46782.135191499211942 65893.081782199093141
2494.5 46852.828028183736023 65989.006272847167565
2495 46793.814419909096614 65906.81290545965021
2495.5 46681.897569319946342 65783.841134640693781
2496 46691.079701873037266 65801.5899228874041
2496.5 46712.772687247917929 65826.285334502957994
2497 46742.061570118246891 65879.451327102608047
2497.5 46640.304072874547273 65769.990327187464572
2498 46668.050676533821388 65808.937656414753292
2498.5 46649.380957975634374 65791.84861534780066
2499 46700.187452419668261 65866.163383324688766
2499.5 46754.8790720304969 65930.394438362127403
2500 46834.482475854558288 66016.918595097216894
2500.5 46791.343948785506655 65965.809209656988969
2501 46797.886768542761274 65986.456418026893516
2501.5 46777.035307985599502 65984.638392433756962
2502 46650.95760395949037 65815.691754112747731
2502.5 46775.273399305478961 65976.594609975683852
2503 46801.842952432074526 66011.189912229805486
2503.5 46824.188140401376586 66025.260621447727317
2504 46911.908288601312961 66128.490656879585003
2504.5 46863.734466334448371 66091.910669558987138
2505 46840.096751570039487 66067.803691708017141
2505.5 46918.288684781786287 66193.197654184754356
2506 46907.941870943061076 66172.5273135426105
2506.5 46921.275892137055052 66202.364096912264358
2507 46799.454754715639865 66044.605015537686995
2507.5 46829.473280821104709 66109.992722887938726
2508 46842.600008132525545 66139.088417033941369
2508.5 46878.230414768782794 66177.446895920264069
2509 46912.331911090011999 66227.312563196624978
2509.5 46956.911989958105551 66295.407185871052206
2510 46900.587290295727144 66229.088079737353837
2510.5 46902.972834919943125 66228.348413486164645
2511 46880.38964400428813 66219.77489188069012
2511.5 46909.351072256511543 66272.243005514290417
2512 46916.810864947474329 66273.74613608182699
2512.5 46881.2668572475377 66230.966587362141581
2513 46926.756763941310055 66300.193425255652983
2513.5 46877.866662565706065 66230.733284356931108
2514 46914.981628352601547 66292.30514213925926
2514.5 46987.503826198219031 66388.39089472105843
2515 46910.448615509019874 66296.140150859981077
2515.5 46949.084251662054157 66357.019849574382533
2516 47017.697236272892042 66453.143475791948731
2516.5 46925.143597131282149 66313.88764678069856
2517 47023.956133539511939 66463.256249316385947
2517.5 46976.499914738808002 66418.014898408058798
2518 46944.709491654422891 66373.76163811495644
2518.5 47032.085256842758099 66494.214224710813141
2519 46908.739836932450999 66347.539877830786281
2519.5 46954.281507013656665 66425.682430187254795
2520 47002.530641514800664 66476.438633028388722
2520.5 47009.566632147507335 66486.842459487801534
2521 47045.826423521502875 66545.406706877853139
2521.5 47059.198961157191661 66575.566750890939147
2522 47098.442576375528006 66619.555841496272478
2522.5 47121.134276171593228 66657.490053329282091
2523 47081.636443161660281 66613.481101501049125
2523.5 47076.492992790947028 66617.716710843247711
2524 47115.498235410501366 66683.421533633372746
2524.5 47060.002495954264305 66619.791623017343227
2525 47123.007915786263766 66721.054882914104383
2525.5 47142.929532387417566 66753.238575976429274
2526 47215.515457621528185 66841.797292862465838
2526.5 47168.340444429173658 66780.938527246093145
2527 47147.097220086157904 66757.236228570560343
2527.5 47272.963721358406474 66920.437613350979518
2528 47197.651473490390345 66835.693053682116442
2528.5 47207.602533101817244 66851.954050878019189
2529 47098.827097421883082 66719.156758344281116
2529.5 47169.957967130496399 66807.751450734183891
2530 47136.851277583751653 66748.002145277350792
2530.5 47134.876433229881513 66755.278288034664001
2531 47141.822702609606495 66750.352332322348957
2531.5 47199.712145906647493 66844.833146629753173
2532 47183.567507164923882 66816.987230299055227
2532.5 47225.23039449454518 66871.464591615644167
2533 47243.877762319294561 66901.569140171035542
2533.5 47192.910457237310766 66866.340150284187985
2534 47202.628619238799729 66893.420872262897319
2534.5 47172.332040744302503 66869.915795716558932
2535 47176.90079059699201 66873.946848402061732
2535.5 47253.657798478059703 66980.445073445735034
2536 47267.286960169833037 67009.132402000468574
2536.5 47253.500530576362507 66987.118453636532649
2537 47252.364689053953043 66989.384402287236298
2537.5 47272.303200366484816 67025.394465007600957
2538 47157.718984991544858 66878.696544958569575
2538.5 47118.074734255031217 66842.792511935855146
2539 47205.876248513413884 66953.242787290466367
2539.5 47141.784153696695284 66889.036144137833617
2540 47044.636348139254551 66794.072326298439293
2540.5 47007.503047429461731 66755.514944887720048
2541 47112.367111169514828 66898.879113430302823
2541.5 47065.203119449826772 66820.154825144418282
2542 47243.799953895621002 67044.053383647245937
2542.5 47194.36813805159909 66984.34511451839353
2543 47243.670172939288022 67046.563720787409693
2543.5 47194.190244649456872 67000.108684421080397
2544 47266.794960827915929 67099.503661742259283
2544.5 47236.178620642633177 67049.445727840211475
2545 47301.153026003172272 67127.125497864821227
2545.5 47345.662261970821419 67178.960019866426592
2546 47302.884390027720656 67137.516087583848275
2546.5 47284.098814284072432 67109.954593221133109
2547 47368.240887395382742 67230.626474138232879
2547.5 47275.121895886324637 67120.191570098293596
2548 47218.122330970254552 67076.505846255211509
2548.5 47139.761740064634068 66984.922984650387662
2549 47244.626704840826278 67135.627979388416861
2549.5 47297.633341694774572 67196.940370120384614
2550 47341.604208821816428 67240.417360534716863
2550.5 47312.701949041693297 67206.467259961485979
2551 47290.157028842855652 67197.811112039489672
2551.5 47233.930528210294142 67144.737433939910261
2552 47176.333463520175428 67080.479917328761076
2552.5 47182.996459894624422 67113.905228269533836
2553 47196.7986892298577 67130.494540505125769
2553.5 47244.703751327717328 67193.896583295165328
2554 47170.920315748866415 67107.217643067095196
2554.5 47218.230313332889637 67194.178960209042998
2555 47248.586111660864844 67225.273273616738152
2555.5 47296.136199774700799 67298.089014956116443
2556 47253.360566361356177 67228.580964964945451
2556.5 47258.162405592287541 67220.434030277509009
2557 47258.785923754869145 67224.444000216943095
2557.5 47234.438288800411101 67198.384660064213676
2558 47239.674649612876237 67216.053952799295075
2558.5 47300.922730614460306 67304.642103142788983
2559 47313.562942179880338 67334.438253532571252
2559.5 47285.082799427909777 67316.391462396306451
2560 47283.942237378934806 67325.833426165714627
2560.5 47331.589394717477262 67390.332421095052268
2561 47286.332369016410667 67336.029343179063289
2561.5 47249.681990051467437 67291.696265193328145
2562 47286.552468577137915 67356.112445199134527
2562.5 47305.301481691691151 67371.432490764884278
2563 47296.911447832047998 67345.960790331344469
2563.5 47327.579273421571997 67389.3732545942039
2564 47371.508343930530827 67441.917099992351723
2564.5 47450.809729061897087 67555.28772007812222
2565 47457.463044380470819 67575.149263536266517
2565.5 47511.034130924213969 67649.968454730551457
2566 47512.753599293733714 67643.103790947803645
2566.5 47482.192875206084864 67629.992587356129661
2567 47397.233004394984164 67537.714248968797619
2567.5 47487.110123745602323 67657.481560300526326
2568 47562.577186025460833 67772.119751404898125
2568.5 47530.27944034106622 67722.447009750248981
2569 47658.382704437070061 67887.725714548229007
2569.5 47460.057548873162887 67640.819921171161695
2570 47460.695884330241825 67666.305131437111413
2570.5 47461.589864444213163 67657.168356268550269
2571 47496.202754961275787 67715.569083306414541
2571.5 47558.578555992527981 67783.68735105189262
2572 47494.845137107324263 67727.451711253452231
2572.5 47587.911027762638696 67850.91411079702084
2573 47538.782477958411619 67763.053442364980583
2573.5 47598.692861348092265 67855.771908684793743
2574 47599.804837755553308 67865.803892799958703
2574.5 47592.628867675302899 67867.509671282357886
2575 47605.865068230763427 67885.283029592523235
2575.5 47618.828810832281306 67911.796201780016418
2576 47612.796969495902886 67925.320309092639945
2576.5 47661.828765236059553 67985.684028319548815
2577 47595.163385751402529 67889.866042063789791
2577.5 47596.164790906885173 67904.387076910687028
2578 47615.893335589258641 67953.866528385333368
2578.5 47529.12871218604414 67848.064995958338841
2579 47540.658023599717126 67863.091173428299953
2579.5 47544.809921558189671 67899.877431584362057
2580 47528.811085115725291 67887.086068189091748
2580.5 47463.694321901217336 67820.489439980825409
2581 47494.38647899733769 67873.19971395630273
2581.5 47520.596889101732813 67908.137004990145215
2582 47466.267601306120923 67859.046663685585372
2582.5 47356.203190451175033 67750.434855126048205
2583 47358.588971013385162 67764.924084365411545
2583.5 47348.568234287296946 67745.168260692735203
2584 47322.062777707084024 67728.499892709689448
2584.5 47402.293377881440392 67821.951496221256093
2585 47380.086351622441725 67787.727912334914436
2585.5 47468.695467529279995 67897.619845648732735
2586 47473.953518961345253 67910.272935123794014
2586.5 47476.978054064929893 67927.862501381212496
2587 47511.016773224211647 67972.356361664831638
2587.5 47563.858669425986591 68038.266801292484161
2588 47628.733247447838949 68115.755267648768495
2588.5 47571.913424738071626 68041.238128898243303
2589 47568.23602034344367 68049.458818224753486
2589.5 47546.222312309408153 68033.78187495538441
2590 47566.148030682059471 68065.20034207405115
2590.5 47610.059376248769695 68131.716881624815869
2591 47583.43565454264899 68109.887383272391162
2591.5 47523.984231612761505 68040.38652660077787
2592 47514.55915039347019 68038.695093925533001
2592.5 47469.560342164477333 67986.804048904974479
2593 47564.636044588100049 68094.831076705188025
2593.5 47572.785671242847457 68121.688679269282147
2594 47574.266148545008036 68124.79152497893665
2594.5 47624.9793153775463 68190.450585307524307
2595 47580.872322594172147 68143.52263001553365
2595.5 47556.500744394790672 68124.83610291829973
2596 47641.381092644442106 68236.5719520279672
2596.5 47633.210588263718819 68226.128115898740361
2597 47637.728443648484244 68259.935530109956744
2597.5 47505.484352436920744 68095.027284958661767
2598 47570.653520779786049 68184.709367586838198
2598.5 47529.09671460424579 68140.767030979099218
2599 47464.646161678349017 68067.29740107388352
2599.5 47521.342763827262388 68144.991837865993148
2600 47587.884196572711517 68243.107239783435944
2600.5 47647.715166188012518 68338.843563450427609
2601 47611.558869794207567 68294.277675633493345
2601.5 47600.389884536351019 68300.04059910052456
2602 47590.155406845231482 68278.106557355000405
2602.5 47667.067045549891191 68384.448099943445413
2603 47608.99879667264031 68314.310702967588441
2603.5 47510.491049551106698 68206.308384952310007
2604 47453.409130157873733 68169.311649271126953
2604.5 47487.622844146942953 68229.070275027392199
2605 47467.118672991455242 68205.65374534073635
2605.5 47452.86499852927227 68164.83802080071473
2606 47549.0073295278562 68288.810238130186917
2606.5 47520.791745888680452 68258.623590858478565
2607 47454.063419353151403 68190.761651254200842
2607.5 47603.999886291931034 68386.290458898074576
2608 47508.815504275502462 68256.239443720682175
2608.5 47575.059406611791928 68360.785632952305605
2609 47466.050231301793247 68221.739237842411967
2609.5 47582.346203904358845 68388.031564790391712
2610 47532.097131731781701 68323.182757582675549
2610.5 47444.754716528506833 68229.652279431829811
2611 47483.536920863334672 68298.10057548203622
2611.5 47511.867810584881227 68329.625077866803622
2612 47580.541063166347158 68414.509441883477848
2612.5 47612.599071051598003 68467.374847203696845
2613 47637.910017742477066 68509.717945263677393
2613.5 47608.693108937965007 68478.121897874196293
2614 47583.572422814635502 68469.458522069005994
2614.5 47633.512186185202154 68524.586138286656933
2615 47678.309051116120827 68575.188989854286774
2615.5 47710.708315213829337 68634.948226118125604
2616 47578.865983322008105 68456.92508475354407
2616.5 47567.581709986807255 68469.103110422904138
2617 47654.408750951501133 68583.404514024907257
2617.5 47531.873800179630052 68435.661087580869207
2618 47615.765596013719914 68529.171871315134922
2618.5 47635.974851246821345 68560.522314011555864
2619 47609.985969658191607 68537.579965517972596
2619.5 47679.176632384056575 68635.538662072416628
2620 47638.260054842692625 68585.762450087568141
2620.5 47637.453885018774599 68572.400765622922336
2621 47527.782313545729266 68441.342500316968653
2621.5 47561.554054978660133 68493.504506910903729
2622 47555.240881577505206 68498.466055363867781
2622.5 47529.900708481472975 68469.942930473494926
2623 47542.379483749413339 68495.40844033016765
2623.5 47621.541638038819656 68596.4493540985859
2624 47596.932798862697382 68572.200188655595412
2624.5 47609.708060475699313 68589.613911972395726
2625 47530.633778913674178 68531.655675337577122
2625.5 47518.783627819560934 68509.379000538916443
2626 47488.607444996443519 68488.860030532130622
2626.5 47526.759740917033923 68541.096920915530063
2627 47473.380295105307596 68483.702056217967765
2627.5 47461.717493954231031 68483.414730792268529
2628 47447.056719027859799 68470.286257691361243
2628.5 47502.635383490982349 68549.31244950403925
2629 47444.272694373146805 68473.313277681270847
2629.5 47391.234795640179073 68433.444454099313589
2630 47419.921862626848451 68473.439486616422073
2630.5 47383.377874994876038 68450.58314975000394
2631 47347.464968735519506 68424.692343036265811
2631.5 47331.15404903057788 68419.740193856385304
2632 47373.124035521090264 68473.957139800404548
2632.5 47381.735931539085868 68486.683796421973966
2633 47462.667355624646007 68603.552481052814983
2633.5 47496.337415687790781 68647.729477934364695
2634 47489.901111428429431 68645.432416540104896
2634.5 47501.120233254281629 68661.845675879827468
2635 47473.766066212847363 68641.72751655583852
2635.5 47430.861620232542919 68590.561878550550318
2636 47491.489837044260639 68675.584186653213692
2636.5 47526.389465932363237 68717.327315632093814
2637 47636.413022256914701 68867.841483241136302
2637.5 47671.497480233345414 68923.409378160562483
2638 47680.068042070874071 68939.361620283350931
2638.5 47642.338538977244752 68898.775200177464285
2639 47665.429020441268221 68935.073932513420004
2639.5 47557.170250970259076 68831.027445285799331
2640 47525.991289210069226 68794.855069854631438
2640.5 47605.391320657348842 68922.603742697669077
2641 47524.694044107229274 68830.668452210185933
2641.5 47477.58031349205703 68792.96881790459156
2642 47431.80495721391344 68745.584788882551948
2642.5 47414.082288411351328 68711.297206556220772
2643 47570.277913602571061 68909.721989404468331
2643.5 47509.597668917216652 68848.193182742907084
2644 47544.122446752968244 68901.845890131124179
2644.5 47556.584675475154654 68925.077317441406194
2645 47553.351508654151985 68929.722839681810001
2645.5 47585.412889628998528 68969.113552171635092
2646 47585.662311581749236 68969.625908899091883
2646.5 47646.354290964693064 69043.788930207141675
2647 47649.828128998007742 69045.762107200454921
2647.5 47668.887542968535854 69074.290162407487514
2648 47621.238628973034793 69019.956893351889448
2648.5 47588.868557478257571 68995.750126889368403
2649 47646.764163796593493 69077.336483952181879
2649.5 47692.373428215752938 69139.139915445950464
2650 47716.464023862892645 69173.687797428530757
2650.5 47635.617014909992577 69051.827549503854243
2651 47624.689276061406417 69059.541235204102122
2651.5 47679.239686554552463 69141.017796292740968
2652 47568.588943572533026 69000.92240110594139
2652.5 47641.360353362804744 69103.171488215491991
2653 47631.492793085373705 69085.622062084439676
2653.5 47670.519052448995353 69144.71375771908788
2654 47628.19959126872709 69091.990763087174855
2654.5 47651.193578157784941 69103.92081691059866
2655 47690.544905838905834 69172.66162540166988
2655.5 47744.553113999485504 69247.10137288934493
2656 47709.822345929511357 69199.060854137598653
2656.5 47737.400860731031571 69238.013326721600606
2657 47751.410765571679804 69245.995799982003518
2657.5 47783.366769068401481 69278.709260595365777
2658 47838.359383623632311 69368.71959292984684
2658.5 47788.586449981325131 69318.725585691499873
2659 47722.178593990356603 69243.854697240181849
2659.5 47741.876958988214028 69296.482042037314386
2660 47755.736815939751978 69335.95610019697051
2660.5 47767.005298662217683 69343.427853299115668
2661 47893.155437172972597 69531.405663788260426
2661.5 47917.06062334383023 69565.743280866779969
2662 47906.092707520001568 69554.198047492929618
2662.5 47998.956288831512211 69689.576421102348831
2663 48030.423890196892899 69738.267607083005714
2663.5 48077.463661676862102 69792.362929661525413
2664 48154.937237466918305 69893.683416778381797
2664.5 48135.018406806608255 69876.855719112689258
2665 48115.620094007514126 69863.406149270143942
2665.5 47994.645675796593423 69712.156958466599463
2666 47973.865797444297641 69713.80349818529794
2666.5 47922.161994334077463 69662.099083371125744
2667 47899.944787114625797 69637.404377837359789
2667.5 47854.50853033245221 69611.480445218490786
2668 47888.570159951268579 69655.758331646808074
2668.5 47861.84871825799928 69619.787196614866843
2669 47892.500324720451317 69680.560935157554923
2669.5 47890.225387319129368 69684.786155247580609
2670 47928.746304453292396 69741.873607047615224
2670.5 47957.971946500190825 69798.541500209263177
2671 47908.487355405843118 69735.178482579271076
2671.5 47968.602851289178943 69806.782439911403344
2672 48070.860221830487717 69935.821913333871635
2672.5 48045.557934106094763 69904.518300366136828
2673 48076.758113179166685 69974.714271142700454
2673.5 47971.442063668117044 69862.577003059632261
2674 47973.642262025969103 69873.850882799073588
2674.5 48026.652032810619858 69955.428121600940358
2675 47954.949631357143517 69863.822469854407245
2675.5 47987.3160832259382 69910.250238967913901
2676 47972.873070849273063 69888.644048233210924
2676.5 47964.846240363345714 69878.459119397157338
2677 47927.560353852859407 69839.180496523869806
2677.5 47947.895745135938341 69882.803104669350432
2678 47888.202255112642888 69803.49759042475489
2678.5 47890.971464549533266 69821.447226324293297
2679 47926.019637297351437 69856.317273089225637
2679.5 48062.531167743269179 70042.240624696583836
2680 47987.797668385734141 69933.244659373129252
2680.5 48079.022428690550441 70075.986631376334117
2681 48115.200041824122309 70122.677690690426971
2681.5 48049.683381146642205 70029.624865786288865
2682 48108.400560143010807 70140.4596684093558
2682.5 48161.531455189353437 70209.190803068617242
2683 48169.395276399809518 70223.895434417281649
2683.5 48195.824559079461324 70272.198071267412161
2684 48157.683049949075212 70229.119249621871859
2684.5 48080.199259455766878 70145.955051723067299
2685 48098.80947241945978 70186.786821368717938
2685.5 48175.821039708433091 70298.768765048997011
2686 48193.813883775786962 70332.108147445265786
2686.5 48234.453059811043204 70380.757111654587789
2687 48241.212110114254756 70400.82368951960234
2687.5 48240.886926832958125 70411.293221526662819
2688 48294.344328018720262 70473.479475819956861
2688.5 48344.980370850622421 70553.341738854782307
2689 48300.593380276630342 70509.139617460867157
2689.5 48260.284723206401395 70461.539116305706557
2690 48346.282081832549011 70586.044794788584113
2690.5 48263.778550556635309 70474.043157734980923
2691 48373.177491450871457 70625.069271825035685
2691.5 48383.731611540919403 70648.750843336820253
2692 48317.789945040480234 70574.140648765096557
2692.5 48433.322113819500373 70748.13492615953146
2693 48331.711505402156035 70620.326373452335247
2693.5 48364.124531374960497 70660.614984535553958
2694 48367.954726623109309 70660.611490702140145
2694.5 48337.501540435179777 70622.787267894891556
2695 48394.801941013000032 70708.419517545393319
2695.5 48385.519187750811398 70699.704776257116464
2696 48386.173039915171103 70693.307208131445805
2696.5 48350.20179400734196 70671.67881392952404
2697 48418.97843972442206 70748.411626279528718
2697.5 48460.521777556299639 70803.295615482682479
2698 48485.701963884755969 70836.569962144028977
2698.5 48515.642488438723376 70877.031173973635305
2699 48582.592674113402609 70957.554920609880355
2699.5 48608.747229094122304 70992.352664602192817
2700 48614.397642925701803 71011.40461679265718
2700.5 48532.022879092437506 70937.939459881279618
2701 48485.249363168681157 70882.139772916736547
2701.5 48564.152423721388914 70995.004667432847782
2702 48659.452400066700648 71135.180460155388573
2702.5 48598.438832755506155 71045.532113367473357
2703 48606.509540269231366 71083.08333467693592
2703.5 48706.015199427929474 71220.641885835459107
2704 48670.387606510885234 71189.314554538432276
2704.5 48636.381775919624488 71148.51758973338292
2705 48695.878761857798963 71230.048546213147347
2705.5 48766.609983517671935 71319.093496800487628
2706 48809.12864641307533 71370.67037213256117
2706.5 48845.75580624754366 71432.598248426977079
2707 48682.72970560471731 71224.861526162945665
2707.5 48777.868032107115141 71361.938630830249167
2708 48732.317695188605285 71293.924663107129163
2708.5 48633.893366837124631 71177.216648763322155
2709 48717.087977037852397 71309.656159921520157
2709.5 48670.589841887624061 71254.688031597426743
2710 48574.066645703976974 71133.927434675817494
2710.5 48586.302894134896633 71158.670283019717317
2711 48496.878184168810549 71063.064839167200262
2711.5 48558.869829278402904 71138.949900997045916
2712 48514.017910933500389 71089.262958253093529
2712.5 48527.32447522712755 71130.627516205946449
2713 48600.766672486752213 71228.60282431273663
2713.5 48651.273978066012205 71285.368318522203481
2714 48756.767990526845097 71416.732774007803528
2714.5 48808.461330785525206 71504.933137652900768
2715 48791.51007006031432 71481.96356018941151
2715.5 48817.371101400218322 71539.301804030139465
2716 48848.677569098435924 71588.424939357035328
2716.5 48911.033237815499888 71671.264855630288366
2717 48881.918641730575473 71645.4438689853705
2717.5 49001.3870186204731 71820.097085623448947
2718 49054.939638751231541 71869.707928133837413
2718.5 49092.433876496637822 71909.887947503812029
2719 49221.616285001517099 72096.585370304601383
2719.5 49166.44793843584921 72030.762108938404708
2720 49173.238797092337336 72035.391531575718545
2720.5 49074.467591820590314 71911.248369456152432
2721 49064.026370705141744 71920.765319002530305
2721.5 48966.103379573753045 71799.557022922686883
2722 48961.588238980541064 71815.723144257412059
2722.5 48851.154582522736746 71679.2425334345171
2723 48992.848250914343225 71853.032330054265913
2723.5 49011.455388748254336 71881.07051117462106
2724 48979.872998530096083 71838.29535259923432
2724.5 49040.263862310828699 71906.396038082632003
2725 49033.018782589715556 71897.329186682924046
2725.5 48983.797006350781885 71828.671573698768043
2726 48851.340200077887857 71673.573834679395077
2726.5 48923.19973264435248 71778.890988759623724
2727 49032.727046821906697 71935.548498950563953
2727.5 48944.566602543498448 71824.200853070680751
2728 48911.759139430898358 71772.216026408539619
2728.5 48909.347975785509334 71778.131731469446095
2729 48989.942090385346091 71886.219493683820474
2729.5 49016.323781784834864 71910.732062708091689
2730 48995.674741613394872 71875.055810044097598
2730.5 49089.12068740731047 72020.070531965102418
2731 49113.934111264185049 72039.859596477705054
2731.5 49116.213502684855484 72030.102235440746881
2732 49133.160401295121119 72091.692096458515152
2732.5 49090.07111030688975 72024.091726537415525
2733 49041.445558214851189 71985.338822900914238
2733.5 48977.940035108542361 71918.738213845805149
2734 48891.103816467897559 71811.26553242818045
2734.5 48878.615863548569905 71811.179387381576817
2735 49020.648177065224445 71993.24622924241703
2735.5 49036.855810882036167 72005.934543581737671
2736 49034.585385508915351 72017.387347531679552
2736.5 49011.889509259970509 72003.905299110803753
2737 48918.897473953627923 71900.727877853481914
2737.5 49051.070156139532628 72089.516779952304205
2738 49079.673412303251098 72107.640180623246124
2738.5 49170.910150531242834 72244.690822169752209
2739 49152.789374297128234 72231.439262702318956
2739.5 49238.594199006409326 72344.536256436447729
2740 49261.932685138017405 72373.190750334280892
2740.5 49267.687789307579806 72388.430822133566835
2741 49267.783880373834108 72393.879217636800604
2741.5 49185.973542131032445 72296.579843038824038
2742 49088.514747366498341 72201.496649472159334
2742.5 49061.147743380090105 72164.632231018666062
2743 49056.502944658052002 72180.069300241622841
2743.5 48988.158913223633135 72106.729651101166382
2744 48991.464795756473904 72131.592835252027726
2744.5 48979.056279689422809 72137.325356050947448
2745 49014.210570912837284 72175.418594432194368
2745.5 49041.27036708882224 72241.883092425530776
2746 49054.561699702884653 72257.494234987199889
2746.5 49045.986385069423704 72255.404261922842124
2747 48994.818040174715861 72190.291532751987688
2747.5 48970.723300161662337 72207.192584576798254
2748 48959.110021716529445 72199.07408045331249
2748.5 48913.161045026987267 72153.619220366337686
2749 48961.823265263352368 72230.838960834546015
2749.5 48993.260399437232991 72264.903781227127183
2750 49164.518019567673036 72500.806044841185212
2750.5 49150.832885586627526 72488.510536709378357
2751 49201.565330530727806 72549.515974712834577
2751.5 49209.193555248166376 72584.917393576688482
2752 49142.672584814288712 72509.638041724421782
2752.5 49197.897385453914467 72594.291158113977872
2753 49185.360824056129786 72573.793676353510818
2753.5 49243.206449696110212 72666.412411476980196
2754 49308.996060301731632 72758.697996516115381
2754.5 49302.773893885474536 72764.604545246911584
2755 49267.104359168573865 72708.686752550725942
2755.5 49251.687621345212392 72701.489548176308745
2756 49310.501909599064675 72786.729516570878332
2756.5 49355.674767109609093 72866.012528609251603
2757 49315.950541633268585 72814.818670039574499
2757.5 49435.772614913606958 72994.171754480950767
2758 49354.250226187687076 72889.889512627938529
2758.5 49327.747144724336977 72852.126307078418904
2759 49431.249009165185271 72969.677314906482934
2759.5 49425.458405922356178 72960.784116518247174
2760 49411.84345106924593 72940.977390222527902
2760.5 49471.926613437230117 73028.490760933462298
2761 49508.170340374090301 73084.680824342503911
2761.5 49522.813029709250259 73100.527468891261378
2762 49556.229617569326365 73157.505239538382739
2762.5 49613.831627074141579 73248.301593062264146
2763 49546.700131324250833 73149.718711366309435
2763.5 49526.266352178005036 73127.267015068937326
2764 49484.778852904288215 73058.888162260875106
2764.5 49548.494955768983345 73140.582863983043353
2765 49584.532771345984656 73180.369140695271199
2765.5 49472.543559156532865 73043.294430518144509
2766 49505.336501632657018 73101.893647945355042
2766.5 49510.944531083849142 73120.285800269673928
2767 49404.461885671924392 73002.838654518069234
2767.5 49369.426563561624789 72983.90405310234928
2768 49272.51445026503643 72854.71254575237981
2768.5 49245.336362708134402 72817.982710083451821
2769 49270.505300096469 72863.144027636095416
2769.5 49223.7591421963225 72795.750896892292076
2770 49194.977173113707977 72764.350614887967822
2770.5 49218.669585920310055 72806.299813433040981
2771 49280.349498146584665 72892.701014648453565
2771.5 49201.440345179704309 72794.428251501580235
2772 49262.820901522740314 72900.258447074753349
2772.5 49108.101800627671764 72697.112535909778671
2773 49047.342989938581013 72630.355502071033698
2773.5 49171.451863262707775 72807.706161375012016
2774 49163.053804840230441 72814.373141623436823
2774.5 49167.848919598764041 72813.403887355656479
2775 49196.135660611143976 72850.292969631496817
2775.5 49202.351135824697849 72861.505568205713644
2776 49145.497576278838096 72817.454380851617316
2776.5 49173.561764627585944 72863.799709358005202
2777 49168.323814430768834 72863.083410953448038
2777.5 49110.559115191863384 72776.331765192357125
2778 49170.727255274046911 72876.855712028816924
2778.5 49174.603137431535288 72898.450864896556595
2779 49167.534454174048733 72879.008984008338302
2779.5 49164.322746619582176 72885.142962208265089
2780 49176.287266605955665 72895.663516885702848
2780.5 49053.132064121651638 72749.51418625091901
2781 48959.06176072199014 72652.826396260774345
2781.5 48951.874417754377646 72654.555347101544612
2782 48847.033861674084619 72537.053362730381195
2782.5 48838.85748851038079 72503.306730068783509
2783 48907.785312913532835 72613.634027397987666
2783.5 48930.044258804271522 72652.968649355883827
2784 48963.422974932000216 72698.440580038761254
2784.5 49021.461984572539222 72757.751157516278909
2785 48973.286171723804728 72716.331986829114612
2785.5 48962.715506481079501 72685.452682607763563
2786 49032.731673861053423 72776.68824711490015
2786.5 48976.835240822125343 72715.138541782158427
2787 48932.008815448614769 72682.020293367924751
2787.5 48820.310968255565967 72534.048454027491971
2788 48810.272567270258151 72552.065859435824677
2788.5 48827.951326757189236 72574.81024076990434
2789 48904.282225638562522 72678.039096663545934
2789.5 48948.403489550808445 72719.488535118784057
2790 48976.211103234410984 72769.380667404140695
2790.5 48992.625655440635455 72782.261288350520772
2791 49016.846708674871479 72815.830277452871087
2791.5 49013.0150665173569 72797.994707183199353
2792 49093.694354410312371 72912.885497989351279
2792.5 49077.822981887940841 72917.620667086652247
2793 49096.776283172584954 72935.119987606129143
2793.5 49088.614663504398777 72944.401228101720335
2794 49068.252018670908001 72949.954596055104048
2794.5 49063.506089076996432 72932.451335396253853
2795 49064.922301361279096 72946.180796559739974
2795.5 49020.062833421274263 72900.985337909442023
2796 48933.499747328773083 72805.591495861372096
2796.5 48923.292435603565536 72803.63022469781572
2797 48974.94083082034922 72888.632675079352339
2797.5 49016.695873553966521 72935.811940558574861
2798 49029.946480243845144 72970.049100143034593
2798.5 49104.099702093888482 73084.933444247799343
2799 49183.034789970246493 73193.152970163180726
2799.5 49072.159933616501803 73060.284639054210857
2800 49116.762891107588075 73131.423102675733389
2800.5 49094.211719666469435 73105.651659991504857
2801 49067.830643933637475 73076.646429321306641
2801.5 48969.370023016781488 72959.728066711206338
2802 48956.279422035062453 72952.991081038664561
2802.5 48938.396218853151368 72948.581265610002447
2803 48958.386843907916045 72968.888207742085797
2803.5 48996.112055215184228 73016.26319816528121
2804 49009.760573625520919 73044.811955565048265
2804.5 48995.037944182120555 73043.700686623124056
2805 48934.016296320231049 72973.498999630537583
2805.5 48814.502841653658834 72822.58160014358873
2806 48885.57389158449223 72938.938392584881512
2806.5 48867.493429457324964 72937.311791774234734
2807 48878.721593765498255 72946.919485423830338
2807.5 48862.703918714687461 72937.322874864854384
2808 48817.172489931574091 72885.461760964506539
2808.5 48919.867390344181331 73017.744246793256025
2809 48869.195689285865228 72954.35988704286865
2809.5 48875.203578009175544 72969.150163968181005
2810 48867.366004426941799 72981.184632395437802
2810.5 48831.303621591061528 72931.709190940833651
2811 48815.983517134111025 72933.899646555350046
2811.5 48843.908661277600913 72985.209388233735808
2812 48825.141070810197562 72974.54647971043596
2812.5 48891.608147744846065 73088.712182223869604
2813 48880.709052532496571 73062.544491552005638
2813.5 48938.163791529506852 73161.424369697022485
2814 48976.702107302175136 73222.52477318594174
2814.5 48971.987724658763909 73190.14809682664054
2815 49022.17687896885036 73242.434771786487545
2815.5 49010.900395213822776 73230.435319935524603
2816 49000.798695847384806 73240.06938417222409
2816.5 49003.945859669402125 73236.4158165705594
2817 49001.012631284938834 73256.166453567231656
2817.5 49083.750694221256708 73376.289266216888791
2818 49137.463670323566475 73457.273057162106852
2818.5 49201.389588129764888 73506.372541236705729
2819 49211.789101332455175 73510.910027374207857
2819.5 49291.254807687699213 73611.93437795661157
2820 49263.734859795185912 73587.853845405508764
2820.5 49250.345591048477218 73594.655395097812288
2821 49179.703710833913647 73520.612926653659088
2821.5 49157.992118689107883 73515.794898392952746
2822 49228.720336729638802 73627.644109375803964
2822.5 49244.181036702168058 73653.364812726707896
2823 49213.384293712631916 73617.065846289537149
2823.5 49310.444421300897375 73750.177155818833853
2824 49327.436691561466432 73754.270718332991237
2824.5 49462.645274869326386 73918.734704349059029
2825 49456.285024590964895 73934.085595154218026
2825.5 49370.170406537043164 73818.378044102224521
2826 49477.656160832033493 73956.952385327313095
2826.5 49506.181163528221077 74017.126023738601361
2827 49412.683277983443986 73900.67085128146573
2827.5 49481.91724832230102 73995.049582639752771
2828 49552.989505052806635 74077.740170934994239
2828.5 49580.421683660388226 74123.982902856587316
2829 49557.210018819023389 74097.711815670321812
2829.5 49480.128167444519931 74007.192179642239353
2830 49482.638338193879463 74018.577290830027778
2830.5 49487.379612333017576 74047.801746296288911
2831 49477.72709665124421 74052.507519878039602
2831.5 49460.663619973034656 74033.673479357283213
2832 49495.913953530907747 74078.312277427961817
2832.5 49545.630879078511498 74123.978380529442802
2833 49728.704292735252238 74363.995751613430912
2833.5 49766.998070281289984 74405.997330257800058
2834 49809.429431673648651 74470.920512386146584
2834.5 49707.28802640504 74349.320601426559733
2835 49647.44082551572501 74313.121205077084596
2835.5 49556.159514883845986 74206.442986934605869
2836 49531.687416823282547 74184.159458958587493
2836.5 49521.916652838495793 74159.659340627025813
2837 49665.83920418057096 74355.966758161652251
2837.5 49661.944006557670946 74362.749012190761277
2838 49676.396820626490808 74400.016957863248535
2838.5 49699.365658510854701 74410.387963069428224
2839 49731.736340441719221 74480.655203629503376
2839.5 49632.986009660431591 74359.924987696649623
2840 49635.036991681561631 74391.083813363948138
2840.5 49654.950881781391217 74421.471647272774135
2841 49732.791472162338323 74505.124447873226018
2841.5 49797.504997801952413 74588.427962934845709
2842 49845.999223488215648 74621.417381361578009
2842.5 49927.661653822658991 74747.741669155133422
2843 49893.710032291870448 74693.855082179783494
2843.5 49934.96408207546483 74756.270721456734464
2844 49920.768902439143858 74742.497286770259961
2844.5 49986.013974479545141 74828.064538583887042
2845 49945.321929720783373 74791.379636983590899
2845.5 49922.612689996698464 74778.988506369438255
2846 49932.094905483165348 74793.747803220991045
2846.5 49969.047555237804772 74864.617893558606738
2847 49895.968695861585729 74772.48423536127666
2847.5 49981.410958071362984 74881.348165916278958
2848 49948.292734228933114 74837.964031003022683
2848.5 49863.201696047319274 74731.008282247610623
2849 49830.831479821259563 74711.655704974895343
2849.5 49718.00398316886276 74572.08315004799806
2850 49781.078302273614099 74654.831866561813513
2850.5 49730.69362083690794 74601.995204540566192
2851 49734.774200289015425 74608.082818736656918
2851.5 49687.728250014595687 74544.095195738191251
2852 49710.223979591333773 74568.32479026618239
2852.5 49772.842306476843078 74657.968820686655818
2853 49681.285406527655141 74519.686176951378002
2853.5 49670.278988166341151 74554.116187661129516
2854 49611.76209467863373 74478.520147530070972
2854.5 49628.286750426836079 74525.411958682001568
2855 49513.288027822956792 74363.412138905754546
2855.5 49537.319782136190042 74419.605165425818996
2856 49540.904587492412247 74441.402960598948994
2856.5 49475.106369583423657 74374.481466920202365
2857 49563.761782009227318 74490.127382967519225
2857.5 49488.43383355683909 74406.315741028869525
2858 49434.966048460344609 74357.474570886624861
2858.5 49380.980873756401706 74286.98405223446025
2859 49456.406498119162279 74393.949878169340082
2859.5 49431.30984062175412 74367.137550543920952
2860 49422.729754421379766 74356.916312783272588
2860.5 49410.167142450016399 74361.115069717750885
2861 49458.09548305322096 74431.353997900077957
2861.5 49466.29642376742413 74461.71432193495275
2862 49471.722812241314386 74475.936162791302195
2862.5 49417.711500118399272 74408.306802284510923
2863 49456.835958913856302 74486.175280972747714
2863.5 49437.59696099878056 74468.626942422895809
2864 49435.440595539665082 74486.787688910000725
2864.5 49542.926499482600775 74616.854583991720574
2865 49586.907417028887721 74663.918751546778367
2865.5 49601.129619941028068 74671.243346416595159
2866 49678.84699612800614 74784.152590872370638
2866.5 49758.753431381541304 74887.614673106509144
2867 49804.017466349956521 74940.965668543911306
2867.5 49851.808329522609711 74995.070893894895562
2868 49934.70881938347884 75112.919451948415372
2868.5 49863.521003195593948 75027.778798203245969
2869 49864.852956366761646 75053.868175918410998
2869.5 49907.18584848921455 75132.894170244617271
2870 49835.069016056550026 75047.564180254979874
2870.5 49828.648265643183549 75059.948272362744319
2871 49679.995803467223595 74893.540552282342105
2871.5 49619.544129225258075 74835.85320383727958
2872 49596.345974195937742 74815.370243692290387
2872.5 49585.268667883792659 74798.41842058202019
2873 49570.443317043835123 74806.912506922788452
2873.5 49554.532765338321042 74787.268080764974002
2874 49475.312534113087167 74682.211625186711899
2874.5 49664.192111437783751 74940.060266618180322
2875 49609.679554724803893 74875.972088483729749
2875.5 49656.968128264365077 74951.606671789573738
2876 49728.503473319753539 75057.601654955622507
2876.5 49791.498531885888951 75133.910051093887887
2877 49861.579326697261422 75225.753150119271595
2877.5 49707.322461501891667 75021.201878832260263
2878 49662.081501074571861 74976.099627734918613
2878.5 49642.705470859807974 74966.010726494598202
2879 49626.887776658462826 74965.083078305819072
2879.5 49658.231088498432655 74996.974545882112579
2880 49698.340585553465644 75052.804348325342289
2880.5 49674.791370849146915 75006.161572146025719
2881 49698.427731369047251 75072.505385316238971
2881.5 49575.268123443653167 74902.465124564216239
2882 49714.61503634260589 75105.281215045499266
2882.5 49650.757755000238831 75009.750324789900333
2883 49640.74988044177735 75012.934246662654914
2883.5 49598.345616544938821 74968.245947436560527
2884 49637.687627148428874 75029.742344693615451
2884.5 49583.919022727532138 74948.986490109047736
2885 49595.402144013423822 74988.696670046119834
2885.5 49598.969774852943374 74997.390080768731423
2886 49499.257384394572 74880.664221585320774
2886.5 49561.840419856554945 74974.084046378324274
2887 49483.965998422514531 74877.385820948678884
2887.5 49509.923167431734328 74931.615668840662693
2888 49491.770317742899351 74917.631854876046418
2888.5 49472.756473365167039 74925.935678286623443
2889 49407.335352967384097 74850.749848158739042
2889.5 49422.890595276730892 74881.044058591913199
2890 49448.696005629426509 74908.297605253275833
2890.5 49475.446546653372934 74939.542600142536685
2891 49578.786834360791545 75084.488863094971748
2891.5 49622.738121727110411 75141.819908178469632
2892 49591.860116363859561 75108.73611887259176
2892.5 49617.074200343682605 75152.038770385435782
2893 49584.185577233190998 75118.035232528694905
2893.5 49620.170384026343527 75176.148493205415434
2894 49551.184966106236971 75089.130957970337477
2894.5 49501.084461162099615 75045.281914297520416
2895 49524.399537742574466 75080.572120716358768
2895.5 49634.598362571261532 75236.131155956769362
2896 49623.005076276378531 75222.189447768498212
2896.5 49707.747757044548052 75336.916202993947081
2897 49721.704065477359109 75340.649816165911034
2897.5 49762.678405296763231 75400.25399869424291
2898 49664.607935737411026 75285.111781114872429
2898.5 49665.480404402878776 75299.385307588789146
2899 49692.807161160475516 75331.009785408197786
2899.5 49670.138285981352965 75303.010269504855387
2900 49777.177496540723951 75464.752630088099977
2900.5 49802.387965083544259 75501.427619283218519
2901 49894.136339110322297 75625.104949374624994
2901.5 49959.048998004473106 75689.948262133300886
2902 49936.638702597025258 75664.251336935383733
2902.5 49924.348709039193636 75655.313379773666384
2903 49970.364526768760697 75713.095294105805806
2903.5 49879.573128037722199 75590.980538879681262
2904 49961.694665376991907 75703.870011364546372
2904.5 49950.391679596847098 75688.284671464498388
2905 49997.165875880782551 75756.664387314871419
2905.5 49980.445525732982787 75765.180218948749825
2906 49863.486737319173699 75634.160230744178989
2906.5 49873.191605013584194 75648.120309493664536
2907 49919.652961339721514 75740.446114369173301
2907.5 49871.883006450494577 75669.904429235117277
2908 49934.058757972583408 75752.81799301468709
2908.5 49953.170028222280962 75786.108867606191779
2909 49975.840901984862285 75824.944788437947864
2909.5 49975.065219982461713 75832.340212334485841
2910 50021.295010111563897 75886.412266119557898
2910.5 49900.515965831276844 75730.793126994423801
2911 49960.352683390134189 75819.339214742183685
2911.5 49975.305382510254276 75849.402971639341558
2912 49847.685872491652844 75713.685659266790026
2912.5 49854.081638507312164 75726.105623118259246
2913 49828.405666932587337 75701.155528906863765
2913.5 49806.205556576569506 75670.47954025551735
2914 49862.236491623996699 75732.408268663071794
2914.5 49901.403396184097801 75803.698254877584986
2915 49926.85947224307165 75841.331660026597092
2915.5 49790.343290773205808 75656.766122016691952
2916 49734.506412436952814 75597.021764281889773
2916.5 49713.794995782496699 75579.449421596131288
2917 49632.783623551680648 75482.876369870573399
2917.5 49616.221043782912602 75475.551907004701206
2918 49638.304044735967182 75529.463857939088484
2918.5 49602.182583096910093 75486.891999471321469
2919 49599.302520087578159 75482.634989685757319
2919.5 49650.490896908027935 75538.981649751789519
2920 49812.538044553963118 75758.831297775279381
2920.5 49775.088520772143966 75701.17362542488263
2921 49814.355894574844569 75759.427346499316627
2921.5 49880.421697240781214 75839.524696648048121
2922 49910.5794928022151 75896.220104483174509
2922.5 49883.357778977377166 75885.118594975749147
2923 49943.793707844532037 75966.018613099266076
2923.5 49866.233661772152118 75863.752298450883245
2924 49841.293648826751451 75832.978327942983015
2924.5 49856.989354733079381 75871.244042442689533
2925 49894.55045644857455 75924.393072282662615
2925.5 49826.433538797246001 75816.118211920125759
2926 49836.01839144765836 75848.827668293059105
2926.5 49797.133130520560371 75817.915123921891791
2927 49754.585904617226333 75775.690209069551202
2927.5 49680.476757328215172 75704.090689640783239
2928 49648.600433947125566 75664.079246904599131
2928.5 49614.113458425614226 75644.458753197846818
2929 49716.591679141922214 75761.30250772718864
2929.5 49805.731539582950063 75888.284567734808661
2930 49787.98209908446006 75852.632051461492665
2930.5 49846.206799166262499 75928.198934587475378
2931 49843.401958105590893 75920.27121421310585
2931.5 49906.457933546291315 76022.27460418883129
2932 49862.210646909850766 75979.285629452526337
2932.5 49806.866195441813034 75913.831469282740727
2933 49862.022381788578059 75997.316437236804632
2933.5 49925.302720550535014 76083.312299170516781
2934 50016.683170143071038 76219.427970982869738
2934.5 50139.150730429784744 76378.258253125022748
2935 50091.03026674969442 76312.103361740257242
2935.5 50020.53382483880705 76250.09702998753346
2936 49899.3094169340402 76100.20145876929746
2936.5 49878.565287087440083 76099.013283920518006
2937 49868.953463330311934 76077.927475418910035
2937.5 49971.077331291104201 76237.39032181276707
2938 50010.186327234921919 76286.477398584946059
2938.5 50062.820288213719323 76355.448021673160838
2939 50098.132071434185491 76417.607113633130211
2939.5 50079.984781056140491 76383.566291427210672
2940 50092.989446896710433 76408.647845179977594
2940.5 50047.019069548266998 76358.468346019173623
2941 49979.519204475174774 76271.720287067742902
2941.5 50009.408685950875224 76329.219114843494026
2942 50000.194951733436028 76324.78608588570205
2942.5 50022.743474085073103 76367.440848678219481
2943 49983.654439727448334 76325.353699206811143
2943.5 50021.49110754319554 76381.388865112880012
2944 50082.316366879742418 76471.421868387769791
2944.5 50057.448664535266289 76446.964017256410443
2945 50086.224660300875257 76486.822137760595069
2945.5 50119.376772249641363 76535.991755557770375
2946 50190.880482506283442 76635.907003227112
2946.5 50133.330509606690612 76577.383283192772069
2947 50058.05467153382051 76481.278899241937324
2947.5 50154.898240613561939 76625.888789564807666
2948 50236.793424537150713 76741.079483383189654
2948.5 50228.059544647083385 76715.205820224553463
2949 50270.541022264042113 76810.099440939826309
2949.5 50240.474230119551066 76755.159592594995047
2950 50196.667487481376156 76703.226405178676941
2950.5 50248.325742962137156 76775.333656060567591
2951 50302.544971159848501 76847.491748910062597
2951.5 50209.591154936751991 76731.286349192509078
2952 50306.55399496096652 76862.819161810315563
2952.5 50169.05796127114445 76696.107960797628039
2953 50195.39724383027351 76729.433934344328009
2953.5 50261.76098614584771 76831.20739725639578
2954 50344.718160621348943 76937.097316745770513
2954.5 50420.169162462036184 77014.69256551701983
2955 50463.912279462572769 77082.715353521693032
2955.5 50408.114023223461118 77013.449452632528846
2956 50327.959367010073038 76932.844024230376817
2956.5 50324.098314323739032 76944.444549373554764
2957 50302.919778061826946 76900.343345351531752
2957.5 50313.663854584519868 76913.947110672612325
2958 50374.108447690232424 76998.495682045526337
2958.5 50428.765467795121367 77059.26108812270104
2959 50503.539520665406599 77174.287180271814577
2959.5 50565.229823162189859 77263.037887749829679
2960 50622.084513883673935 77339.776714957450167
2960.5 50652.613498121674638 77396.566105575373513
2961 50687.228776123913121 77464.829703293697094
2961.5 50619.6433164396949 77388.091780940696481
2962 50632.135535585359321 77405.877351954724872
2962.5 50621.513147860954632 77424.45752112021728
2963 50606.757802697233274 77413.02349065153976
2963.5 50644.327145858340373 77486.452389217796735
2964 50595.391367246316804 77422.22577149834251
2964.5 50715.400922411165084 77559.251492552561103
2965 50797.012234006011568 77683.304624022726784
2965.5 50840.296581386050093 77718.652091674463009
2966 50768.702313600508205 77642.085065541163203
2966.5 50813.924123584067274 77718.072691084817052
2967 50944.838046570162987 77910.577547215201776
2967.5 50867.516419471998233 77798.508373235454201
2968 50908.137348757954896 77855.911988854029914
2968.5 50913.810164605798491 77855.427985148024163
2969 50950.731858447543345 77914.909858926781453
2969.5 50949.425187865410408 77913.877608949318528
2970 50997.303551703560515 77995.664983738548472
2970.5 50919.326479080824356 77912.619616264317301
2971 50804.110486065561417 77754.899337806273252
2971.5 50780.565520762625965 77737.347380329607404
2972 50914.230976054488565 77923.849428025598172
2972.5 50891.387376656195556 77893.84958407303202
2973 50847.20106723135541 77841.934258975277771
2973.5 50798.091889888113656 77772.441866744091385
2974 50794.353955247650447 77791.655540248495527
2974.5 50855.487492847576505 77881.124555178364972
2975 50838.684581260851701 77843.751744463748764
2975.5 50831.431874444271671 77847.489936129015405
2976 50765.640233813217492 77751.001080020709196
2976.5 50753.993958161518094 77747.866220258074463
2977 50814.453640820225701 77825.303992532280972
2977.5 50923.609948249526497 77980.054557052295422
2978 50875.584381485001359 77921.00491896897438
2978.5 50792.946273871515587 77839.096374459200888
2979 50784.062641415875987 77838.103727150213672
2979.5 50857.528690800514596 77944.166899679796188
2980 50973.69444009680592 78089.86271551597747
2980.5 51067.157003527616325 78190.969967564800754
2981 51104.024291944326251 78238.068734000553377
2981.5 51209.408023677977326 78397.023717894073343
2982 51211.489491728549183 78404.575297085408238
2982.5 51182.890019242469862 78367.565321368572768
2983 51237.01953427404078 78445.253554374532541
2983.5 51416.45153652413137 78680.951994048285997
2984 51332.859443214452767 78563.218591000782908
2984.5 51298.310813407471869 78528.240114598011132
2985 51180.969095391752489 78384.527059530228144
2985.5 51169.595366033543542 78367.890880514416494
2986 51119.533393736433936 78311.54117259074701
2986.5 51060.507666396610148 78265.025224348646589
2987 50997.924144508375321 78215.404862576629966
2987.5 50969.464655012867297 78194.740561160084326
2988 50886.028556660428876 78087.705767332721734
2988.5 50798.427442265186983 77982.386283246232779
2989 50833.2463065866541 78033.791131017860607
2989.5 50900.704892687615938 78128.676867312722607
2990 50849.564450800215127 78050.635572766070254
2990.5 51010.86997632413113 78280.305349548027152
2991 50940.519959158060374 78189.254691284528235
2991.5 50957.685152762962389 78217.953507903162972
2992 50984.403896950403578 78279.90835380491626
2992.5 50929.520818123673962 78181.420564479019959
2993 50963.888249826246465 78223.107570419058902
2993.5 50858.056436499828123 78106.074666777712991
2994 50925.250064628475229 78214.367849645132083
2994.5 50932.611050880186667 78222.926402244425844
2995 50906.473789168318035 78198.986725744834985
2995.5 50808.21428623169777 78077.72536700378987
2996 50870.11699417658383 78193.080582637820044
2996.5 50830.187658359849593 78137.604334577161353
2997 50746.776466529656318 78037.080036607178045
2997.5 50684.198430664800981 77924.665452656568959
2998 50872.2443913663883 78208.9152870139078
2998.5 50896.254785007135069 78249.924345046383678
2999 50952.457949305702641 78317.250418936557253
2999.5 50960.930568888405105 78344.747402581691858
3000 50907.919861825408589 78273.222701643840992
3000.5 50945.957837120848126 78322.437751639226917
3001 50979.394571587450628 78361.197486644392484
3001.5 51036.128841940495477 78462.675905330092064
3002 50957.300136094410846 78361.034932983515318
3002.5 50963.819607441168046 78399.005190168201807
3003 50882.982269859843655 78304.133469683220028
3003.5 50818.535904602482333 78244.360084251951776
3004 50826.357838996933424 78251.366358783270698
3004.5 50731.197925132997625 78116.568786849180469
3005 50811.735720757889794 78260.153430652469979
3005.5 50815.337254336685874 78286.405820854808553
3006 50777.307743379838939 78239.285713363453397
3006.5 50721.386735552267055 78179.566882725761388
3007 50895.952312170382356 78406.46768248504668
3007.5 50903.388202301954152 78408.971917036717059
3008 50934.059567020151007 78450.45038439113705
3008.5 50943.062318460571987 78463.83857230450667
3009 50945.936274779618543 78475.851379745960003
3009.5 51090.911895205492328 78659.932506141049089
3010 51061.412024229313829 78640.794249193015276
3010.5 51011.171662753942655 78583.683570212378982
3011 50942.640136301939492 78525.348439498207881
3011.5 50878.60357372994622 78419.532993000830174
3012 50839.176925703657616 78371.086980260370183
3012.5 50878.436221519106766 78430.120827655569883
3013 50869.907547881339269 78413.926914759998908
3013.5 50895.757182080582425 78452.294020423927577
3014 50828.067650451535883 78392.745498575925012
3014.5 50974.914436602397473 78583.355689190648263
3015 51007.921838577305607 78618.093387921646354
3015.5 51017.827781014086213 78645.587847311617224
3016 51023.45152244593919 78635.565154597337823
3016.5 51188.748820940607402 78842.79288550025376
3017 51125.290954726711789 78771.129567049254547
3017.5 51026.50905367503583 78630.323529290180886
3018 50946.344670799189771 78547.464858339546481
3018.5 50893.356379066804948 78507.965397120933631
3019 50786.649917686678236 78385.301716999383643
3019.5 50742.242633895722975 78322.969699768422288
3020 50878.543912850196648 78502.788853942140122
3020.5 50936.774994381128636 78578.568884084423189
3021 50959.467169711504539 78609.398950635630172
3021.5 51039.586955828643113 78706.15609241326456
3022 51124.149073653024971 78831.989275171566987
3022.5 51078.680447892002121 78773.396933527197689
3023 50988.778981005365495 78655.665054624827462
3023.5 51004.570982120545523 78694.437936426649685
3024 51002.78670061435696 78676.569684246293036
3024.5 51042.935305489634629 78715.883093756230664
3025 51178.283389895892469 78890.019255597231677
3025.5 51111.490365501362248 78802.331259515791317
3026 51081.930698765921989 78796.27195982162084
3026.5 51011.896201599818596 78705.506360780535033
3027 50934.046114444405248 78626.564338852316723
3027.5 50926.86183482085471 78605.327443348724046
3028 51040.187262201179692 78780.030198672640836
3028.5 51065.997979342209874 78804.694010066916235
3029 51055.403590245186933 78784.230402725253953
3029.5 51083.805606251204154 78866.949161328186165
3030 51005.643331102604861 78751.405985851160949
3030.5 51015.305636019380472 78780.431354433196248
3031 50985.788984374172287 78758.010642439505318
3031.5 50828.151159085697145 78552.117855990654789
3032 50846.659498926550441 78596.420884279359598
3032.5 50875.391770751404692 78627.839931410562713
3033 50784.795346001221333 78528.543640036034049
3033.5 50818.739644587687508 78589.360211113642436
3034 50800.443160637107212 78574.956056268943939
3034.5 50757.090869419909723 78520.186827998986701
3035 50834.427874853907269 78628.472146080428502
3035.5 50937.880230605871475 78759.050262706616195
3036 50984.204404960779357 78800.632146774441935
3036.5 51076.519746631624002 78936.881091647432186
3037 51043.233266636409098 78895.542753815170727
3037.5 50941.003300243231934 78780.450182643049629
3038 50933.66046356838342 78780.647841514830361
3038.5 50997.591150934204052 78870.084014268126339
3039 51006.822265658025572 78892.921033924736548
3039.5 51038.815984526037937 78950.678272225995897
3040 51111.396840009190782 79009.153319314063992
3040.5 51145.979042343315086 79044.07525285682641
3041 51168.844715969134995 79092.619330648332834
3041.5 51255.888154357016901 79211.137367954957881
3042 51201.407606290042168 79163.434508170365007
3042.5 51220.51874665269861 79218.363578191201668
3043 51188.342497195291799 79172.772408356962842
3043.5 51090.445373866677983 79041.798908738172031
3044 51220.562998149180203 79235.426231143748737
3044.5 51198.944997719132516 79208.703555561121902
3045 51137.899653010310431 79134.437275847158162
3045.5 51042.246980207084562 79013.167556558604701
3046 50973.672886507600197 78951.02061768641579
3046.5 51013.730632873703144 78996.636743777664378
3047 51044.618089180010429 79049.99243706058769
3047.5 50895.217459842198878 78873.028543733336846
3048 50877.343206175530213 78853.596721651876578
3048.5 50901.956384031669586 78886.049349114124198
3049 50741.122245167993242 78672.50436647683091
3049.5 50734.604697833114187 78669.894905889435904
3050 50777.414581419281603 78747.375373859598767
3050.5 50842.315650218595692 78835.628030637904885
3051 50881.113090531987837 78892.809345678455429
3051.5 51031.506633042983594 79076.629381879654829
3052 51027.239522324911377 79062.736969506600872
3052.5 51033.160050364051131 79102.379561868103337
3053 51004.179936937900493 79059.774351025160286
3053.5 51056.145991635814426 79137.810562211263459
3054 51089.947894726981758 79173.632842898732633
3054.5 51170.631332906566968 79302.964538954664022
3055 51156.239827067678561 79275.070146220416063
3055.5 51233.464641178870806 79375.077123048744397
3056 51365.269903992324544 79559.707109317416325
3056.5 51279.124120885244338 79461.544350475291139
3057 51355.1059387371497 79585.064128543192055
3057.5 51319.824189871906128 79539.088738143473165
3058 51290.838966245202755 79516.998439451024751
3058.5 51184.694349027966382 79393.785277736416901
3059 51109.884726681586471 79300.188952037467971
3059.5 51286.00996226312418 79557.199260474386392
3060 51291.534215087136545 79562.030128298923955
3060.5 51328.832100141167757 79611.047070577798877
3061 51402.292878543317784 79727.821618379181018
3061.5 51270.978983339758997 79572.121061660494888
3062 51298.872866994213837 79627.169008184733684
3062.5 51213.868155834767094 79515.456755657156464
3063 51204.194759160571266 79509.814787195253302
3063.5 51261.407124550452863 79587.062947542755865
3064 51119.113475101592485 79414.156776829637238
3064.5 51261.765633846080163 79608.725094404144329
3065 51280.897674090541841 79664.88007972741616
3065.5 51301.399239388520073 79720.135637030165526
3066 51237.208848853981181 79641.227973198270774
3066.5 51204.540876408558688 79620.692205520099378
3067 51210.347297384898411 79612.380059677743702
3067.5 51232.756114362069638 79659.220730090528377
3068 51242.993743292870931 79673.814767138261232
3068.5 51108.911214780091541 79511.777083009757916
3069 51047.416055830843106 79464.606971650908235
3069.5 51091.265167208206549 79513.615801731022657
3070 51140.514684571819089 79587.729993641652982
3070.5 51273.236942342300608 79755.89544191796449
3071 51299.136258566701144 79771.835141901290626
3071.5 51369.48629386342509 79870.921244710072642
3072 51527.266894098334888 80077.587663087717374
3072.5 51535.46986534287862 80089.452860482953838
3073 51623.861958686684375 80219.17543093918357
3073.5 51579.896141297263966 80129.082781503646402
3074 51703.055006855574902 80303.346927838472766
3074.5 51799.053662755613914 80440.522482976302854
3075 51594.377509193989681 80179.044778445560951
3075.5 51613.156579867929395 80231.968479137605755
3076 51648.05636412052263 80291.00726473882969
3076.5 51658.250848724448588 80285.401197606362985
3077 51896.437407470781181 80614.469166994735133
3077.5 51909.485773892069119 80621.501413628531736
3078 51874.821233970207686 80592.979500430446933
3078.5 51767.846172523561108 80466.487931137875421
3079 51762.292802920783288 80465.671924933732953
3079.5 51724.458972150678164 80410.894693203008501
3080 51725.323716273349419 80431.033140119499876
3080.5 51591.394595731355366 80275.267755852910341
3081 51517.295039749100397 80203.007643372489838
3081.5 51552.589349716596189 80277.232722109882161
3082 51491.794185646293045 80189.997865347526385
3082.5 51488.388582892017439 80156.386319777564495
3083 51543.53702669031918 80254.574213359941496
3083.5 51519.691726896329783 80236.928973455782398
3084 51505.541961924522184 80209.347644746943843
3084.5 51489.993219909280015 80212.317211911693448
3085 51383.911176342029648 80070.974929076241096
3085.5 51414.047609372741135 80132.46678156798589
3086 51382.434486036989256 80086.873065722626052
3086.5 51419.823725290269067 80148.769143958110362
3087 51320.145284202611947 80041.685689686753904
3087.5 51371.082876359410875 80132.969253730509081
3088 51366.197873833698395 80130.066909454326378
3088.5 51377.232734678487759 80123.889491440437268
3089 51300.579493929275486 80048.561392850577249
3089.5 51324.666283255945018 80079.110318347331486
3090 51521.819240653487213 80327.059438985248562
3090.5 51401.414151463402959 80173.778341824698146
3091 51317.309097364755871 80075.9267026813759
3091.5 51352.191540985506435 80142.873307716945419
3092 51325.047023111976159 80088.053087510372279
3092.5 51353.561501559466706 80136.855287189842784
3093 51307.964446658050292 80092.607311257947003
3093.5 51448.704144623421598 80272.261976088295341
3094 51561.154280465510965 80426.814667523125536
3094.5 51625.566066867926565 80531.173289260652382
3095 51677.802593889515265 80639.123951995628886
3095.5 51588.156977954007743 80499.30840832949616
3096 51685.254446451457625 80645.957971281721257
3096.5 51724.898258827313839 80685.700731137956609
3097 51699.705392987940286 80654.961615346910548
3097.5 51621.884723763752845 80556.184687872490031
3098 51650.266182450184715 80608.077033331530401
3098.5 51508.859376355947461 80429.566423233656678
3099 51607.788711553781468 80575.069013161555631
3099.5 51572.426016001190874 80520.667835484040552
3100 51558.838709040675894 80511.677587079771911
3100.5 51711.0404377425657 80739.402038629254093
3101 51647.856913031107979 80640.408569427658222
3101.5 51809.604339003046334 80871.011802652501501
3102 51826.907791480924061 80904.242071320681134
3102.5 51797.866037217492703 80861.35329014067247
3103 51863.01787714738748 80971.080469457083382
3103.5 51695.074492894898867 80753.867303233113489
3104 51639.137777108888258 80697.387946052345796
3104.5 51639.515908751767711 80697.50228305994824
3105 51622.007522489984694 80671.235502301700762
3105.5 51699.199646838322224 80774.230386736919172
3106 51721.216792331942997 80806.650509787432384
3106.5 51751.190477214033308 80839.345546524375095
3107 51886.705156870193605 81020.149329701205716
3107.5 51929.71804815944779 81099.269420899276156
3108 51964.300671042867179 81145.571749642127543
3108.5 51961.017534503982461 81159.869954844165477
3109 51851.416108449950116 80993.473627685816609
3109.5 51845.055718401083141 81003.803994999383576
3110 51920.540751117216132 81104.308050609950442
3110.5 51884.256514208143926 81037.878128176598693
3111 51864.706051408902567 81017.318292127907625
3111.5 51831.52798660575354 80991.516555003312533
3112 51884.149804677668726 81056.392964206461329
3112.5 52037.063556530018104 81261.405070570661337
3113 52078.884082872129511 81313.377037093334366
3113.5 52062.935253277879383 81269.869168828314287
3114 52135.679926849450567 81369.362433263479033
3114.5 52157.311515061759565 81409.190613018610748
3115 52122.663945293192228 81372.056629143538885
3115.5 52207.985065216969815 81481.498133330300334
3116 52106.906759643788973 81376.157800740576931
3116.5 52050.783359929679136 81300.578970564383781
3117 52027.560231434217712 81272.705799822098925
3117.5 51938.893563442921732 81159.669818860653322
3118 51936.307010067066585 81178.404550860228483
3118.5 51890.342669286452292 81121.276270856062183
3119 51730.711675581689633 80928.388255741956527
3119.5 51725.815826043384732 80908.913585410788073
3120 51749.736564195540268 80964.340622110205004
3120.5 51765.610884308465756 81004.731737881666049
3121 51708.669629756950599 80934.745408260030672
3121.5 51594.382110114405805 80787.142436787602492
3122 51693.364103723237349 80934.030974839173723
3122.5 51537.657689183419279 80723.253480808707536
3123 51637.201493337997817 80890.854094840600737
3123.5 51635.692332920021727 80882.959801769364276
3124 51700.914487330956035 81000.838519011580502
3124.5 51732.395929438622261 81052.942491125751985
3125 51830.01684223463235 81200.776213007571641
3125.5 51840.093490759223641 81225.210342617501738
3126 51842.959543637654861 81209.627833225036738
3126.5 51879.836878143229114 81271.765328167995904
3127 51985.615062104923709 81429.261802319088019
3127.5 52041.617106643650914 81505.242580088917748
3128 51997.89826437074953 81427.07471647913917
3128.5 52055.471865409184829 81518.332847252779175
3129 51931.567896073975135 81372.12989960880077
3129.5 51935.561442636564607 81418.606290283249109
3130 51884.319768695451785 81345.499137402919587
3130.5 51852.159869791110395 81315.88088106054056
3131 51885.419951041483728 81369.697155997433583
3131.5 51858.098717072803993 81336.584806911108899
3132 51960.256623054643569 81482.974456031835871
3132.5 51927.080571865975799 81452.289245003572432
3133 51927.305045602792234 81442.966043982800329
3133.5 51996.101801709977735 81560.48301876608457
3134 52082.592982946967822 81679.430244997769478
3134.5 51964.08942088574986 81538.721557916782331
3135 51987.191445700489567 81600.639764341991395
3135.5 51990.447425639547873 81596.161180196402711
3136 51937.111261511934572 81522.456091861662571
3136.5 51963.441683254466625 81556.645901411495288
3137 51919.373920287347573 81521.761441958660726
3137.5 51955.371507755087805 81583.077598827076145
3138 51839.370712395924784 81429.220741036071558
3138.5 51754.925447853485821 81320.130041775861173
3139 51834.162023058350314 81447.915561424408224
3139.5 51850.068960703800258 81465.110167805381934
3140 51960.14352205771138 81629.923714234260842
3140.5 52000.519771310850047 81676.304066628275905
3141 52075.438836635454209 81774.858752572181402
3141.5 51914.674200005516468 81555.049372098816093
3142 52042.995129687842564 81722.487324719084427
3142.5 52110.071565544210898 81806.758848576631863
3143 52196.243232582797646 81917.207316089697997
3143.5 52170.468823261238867 81881.352397384922369
3144 52268.855523940415878 82013.402840422379086
3144.5 52314.906410781972227 82064.635428724301164
3145 52277.516440042767499 82055.081456177387736
3145.5 52310.134560957849317 82096.015309833586798
3146 52265.890576110366965 82041.701428180895164
3146.5 52165.850535047313315 81908.336970142292557
3147 52122.585721312825626 81848.049431544277468
3147.5 52181.237717804251588 81958.457773742396967
3148 52070.169461219949881 81808.018919659210951
3148.5 52157.523624479479622 81952.084007001772989
3149 52212.018887040394475 82047.166246064036386
3149.5 52186.8677619663722 81975.745508039239212
3150 52209.555649908797932 82022.765777053456986
3150.5 52266.198241751138994 82096.715334414475365
3151 52366.858641997780069 82246.623351436443045
3151.5 52283.1827323721227 82130.891782644073828
3152 52182.661663999722805 82018.640188973673503
3152.5 52064.909075460098393 81847.373576225989382
3153 52044.290108165507263 81870.638898083212553
3153.5 52094.944511472887825 81930.542320577762439
3154 52082.859532271955686 81907.482319925853517
3154.5 52115.879742049648485 81985.446777685938287
3155 52149.300694372293947 82020.122002284784685
3155.5 52108.433323295990704 82001.166116395499557
3156 52112.713108843381633 82022.338652798134717
3156.5 52176.197277854262211 82091.171135366865201
3157 52115.662988937387126 82016.26415648854163
3157.5 52148.884913702997437 82054.636739459485398
3158 52266.332527301143273 82226.499062829854665
3158.5 52245.957199620715983 82194.596324871032266
3159 52197.221126358694164 82122.955291185557144
3159.5 52215.492854866330163 82177.865543334919494
3160 52087.614109513735457 81990.867379234303371
3160.5 52135.263493140082574 82080.563259720584028
3161 52251.149724297916691 82231.149680086222361
3161.5 52255.25502438620606 82256.936904847068945
3162 52363.497945477894973 82393.393585148121929
3162.5 52412.583001179678831 82468.566143767529866
3163 52326.642708226914692 82360.64951315090002
3163.5 52254.803519837048952 82259.069774251969648
3164 52269.569633173501643 82311.141091147917905
3164.5 52210.55968304957787 82232.004923716784106
3165 52307.881874400896777 82346.416381706963875
3165.5 52410.002371536502324 82496.768898694630479
3166 52314.547868799840217 82375.258136313816067
3166.5 52314.898858337008278 82375.130078483489342
3167 52399.855692043056479 82512.9966273734899
3167.5 52330.828012245445279 82419.305857082334114
3168 52303.221065393830941 82387.860032103519188
3168.5 52307.419204745172465 82384.899800922430586
3169 52382.234699920314597 82493.939528463452007
3169.5 52303.550725994173263 82378.168161130815861
3170 52417.32506819840637 82561.157000717328629
3170.5 52302.235890539945103 82434.296180250850739
3171 52296.974634778860491 82422.728614014296909
3171.5 52289.10888315885677 82419.631522279931232
3172 52142.358419175820018 82224.891654618681059
3172.5 52151.516472798954055 82234.61109934101114
3173 52287.921121982013574 82418.617456606414635
3173.5 52336.046173065602488 82499.606060690784943
3174 52229.904178616132413 82363.667324910944444
3174.5 52274.972440707148053 82420.748151275707642
3175 52293.455328799434938 82449.290292644349393
3175.5 52398.642503640869108 82585.293385848548496
3176 52438.250063504645368 82637.051932706235675
3176.5 52518.733341252307582 82740.119239877298241
3177 52534.10904676134669 82765.341912265255814
3177.5 52664.28038257623848 82939.717057559275418
3178 52764.553548570082057 83081.499176439552684
3178.5 52683.309694567135011 82979.839294226607308
3179 52583.613317856601498 82847.184689455752959
3179.5 52602.543877064301341 82906.202374225147651
3180 52559.690248683822574 82873.536614509444917
3180.5 52441.266776703007054 82695.448792950832285
3181 52512.232109675976972 82805.280335487288539
3181.5 52545.162460294333869 82853.371273834229214
3182 52569.882471784840163 82888.154112838412402
3182.5 52511.285206398591981 82800.54991241695825
3183 52479.367940878226364 82765.087421898904722
3183.5 52576.374385940514912 82907.195913194911554
3184 52641.513991048392199 83012.11049063471728
3184.5 52543.083174528364907 82886.506460117307142
3185 52499.529913314559963 82837.203111145092407
3185.5 52641.638223067209765 83043.609569003921933
3186 52572.832458827630035 82948.723278242818196
3186.5 52602.732459453029151 83001.016514451766852
3187 52571.036971179237298 82977.484252759139054
3187.5 52575.605044301177259 83001.479753862920916
3188 52655.385679011735192 83098.203700634941924
3188.5 52735.980942770351248 83206.520474874298088
3189 52677.854427780752303 83139.106994842775748
3189.5 52708.672574776319379 83193.659585791348945
3190 52662.253500344595523 83130.239253873383859
3190.5 52716.199437583163672 83199.159105400060071
3191 52647.967646924676956 83113.498775012703845
3191.5 52580.873581546722562 83024.886083843870438
3192 52560.037068918871228 83017.878140127460938
3192.5 52534.36843244729971 83011.941769502038369
3193 52430.899722491580178 82864.653618510463275
3193.5 52339.970023420180951 82789.438225706893718
3194 52297.662331780935347 82720.763168661636882
3194.5 52282.965960559660743 82715.370010604063282
3195 52371.24642099916673 82846.502281049441081
3195.5 52330.298981444648234 82789.623629356909078
3196 52411.362113297742326 82924.552114025995252
3196.5 52379.093693538394291 82851.367334417998791
3197 52477.884111666578974 83013.352480822592042
3197.5 52472.808149204443907 83009.482309918108513
3198 52316.60508853817737 82793.24464051288669
3198.5 52362.670307640029932 82873.060677233166643
3199 52346.791139727487462 82864.389947265968658
3199.5 52380.213360801244562 82923.148800319671864
3200 52398.880938893220446 82932.239651195966871
3200.5 52444.04576379989885 83016.609678173772409
3201 52508.905397378999623 83109.43733154743677
3201.5 52523.04883531237283 83102.116589862300316
3202 52574.522983362672676 83198.582151964030345
3202.5 52625.291573158792744 83255.952790142560843
3203 52678.280789569536864 83339.451149438158609
3203.5 52821.015906114545942 83527.302601262941607
3204 52753.83273915288737 83433.750605708555668
3204.5 52667.355209526300314 83353.09998271529912
3205 52628.237075645032746 83301.712482498624013
3205.5 52684.120921992296644 83384.576455003814772
3206 52608.669489351603261 83304.3407226618001
3206.5 52494.488808360700205 83144.50315489814966
3207 52540.357563592529914 83210.788259804598056
3207.5 52595.361671854836459 83300.008399639918935
3208 52710.787410864373669 83459.737935719676898
3208.5 52630.927444685759838 83362.901479651074624
3209 52627.350276108634716 83347.688938101084204
3209.5 52591.705255388777005 83270.756526564233354
3210 52642.273073688280419 83356.371677936855122
3210.5 52767.003185105801094 83537.93138882832136
3211 52876.857516920354101 83661.940618017833913
3211.5 52941.526428402619786 83749.073022329073865
3212 52963.209381569700781 83800.56024668723694
3212.5 52900.418811415860546 83720.061731865818729
3213 52836.750758446782129 83638.714923888284829
3213.5 52819.064319647179218 83622.404438918674714
3214 52827.330431361209776 83631.914349171580398
3214.5 52852.843849098862847 83682.738376967565273
3215 52802.927466553977865 83622.260502807956073
3215.5 52662.925214965427585 83445.814360485936049
3216 52630.822735966321488 83409.039750832089339
3216.5 52641.223846898792544 83453.365717298045638
3217 52598.165258918088512 83411.364071678457549
3217.5 52629.404813252214808 83436.163073577117757
3218 52725.75269731831213 83574.606927900720621
3218.5 52814.717617276641249 83704.168443972506793
3219 52750.760710107912018 83631.190327904259902
3219.5 52755.002326096036995 83650.845237652334617
3220 52674.376895439636428 83552.794052244717022
3220.5 52601.55021613403369 83435.049131861436763
3221 52698.960588168396498 83586.750705067577655
3221.5 52714.610988883548998 83614.695639114870573
3222 52722.181049177706882 83652.761443615381722
3222.5 52684.970078753649432 83578.66913844163355
3223 52744.091741388874652 83653.800354484410491
3223.5 52725.91469095586217 83629.448239177945652
3224 52799.865742088957631 83723.088192227281979
3224.5 52817.637471725836804 83754.642878608996398
3225 52711.633477566603688 83638.46887360123219
3225.5 52638.830721156831714 83547.052686181137688
3226 52535.796157727651007 83433.980793858529069
3226.5 52549.835405276782694 83473.412708105519414
3227 52537.206353790621506 83454.615469765893067
3227.5 52591.049968379760685 83536.389899706467986
3228 52535.281230789303663 83462.253040981609956
3228.5 52598.996913089198642 83564.736175180456485
3229 52686.144137363837217 83650.8214890336385
3229.5 52764.440819464696688 83767.847001511676353
3230 52703.825685927055019 83667.232083503273316
3230.5 52754.906880301285128 83759.335517710685963
3231 52714.140492378697672 83722.634444357128814
3231.5 52701.506281015812419 83707.920998989255168
3232 52722.897438286141551 83755.389385519505595
3232.5 52779.92720149467641 83806.489021357367164
3233 52847.90982151494245 83925.463563790646731
3233.5 52823.983069141613669 83913.115088709353586
3234 52934.856428323873843 84066.299667374405544
3234.5 52963.194935627041559 84103.665000739580137
3235 53019.676112724657287 84159.74266676561092
3235.5 52955.544015535815561 84092.180536403277074
3236 52911.97620461632323 84060.200343456483097
3236.5 52890.795912320674688 84064.636796142789535
3237 52703.754907701921184 83816.919080802763347
3237.5 52752.003486051849904 83913.249477004210348
3238 52726.99683699018351 83891.961659801294445
3238.5 52760.136976947673247 83920.385514635738218
3239 52854.715739678955288 84048.458429052639985
3239.5 52911.277978219375655 84112.714539762368076
3240 52950.676540797394409 84161.94372516097792
3240.5 53015.099514168847236 84289.948413895763224
3241 52920.242870512483933 84162.665819248504704
3241.5 52817.387087106159015 84035.142432143955375
3242 52770.056629181483004 83990.481486072210828
3242.5 52801.064412991654535 84038.76621803076705
3243 52745.132683091833314 83970.695816314240801
3243.5 52752.130141306784935 83985.964064776257146
3244 52736.460563111118972 83966.630460193977342
3244.5 52778.764333938372147 84028.048511315850192
3245 52840.97828847112396 84124.436514222223195
3245.5 52695.573222057042585 83948.527475703158416
3246 52694.161983563280955 83951.36876711648074
3246.5 52682.201785126788309 83962.358263442016323
3247 52584.969983128059539 83861.904139949765522
3247.5 52576.336814415859408 83883.106285821981146
3248 52454.420361045522441 83703.292966589215212
3248.5 52559.760242554475553 83828.629685421285103
3249 52569.13554507670051 83841.245770036737667
3249.5 52609.967320265895978 83901.663342381565599
3250 52654.893632844010426 83967.749879781345953
3250.5 52758.024463038869726 84105.680387366766809
3251 52784.031118914477702 84152.18013875419274
3251.5 52803.790193640554207 84191.392856304824818
3252 52777.479457857873058 84165.464272268887726
3252.5 52828.512698737053142 84239.009590343528544
3253 52726.205007185526483 84115.512907446842291
3253.5 52738.314356272727309 84128.831339711672626
3254 52831.107473871539696 84259.998451346691581
3254.5 52840.09933924255165 84265.120286816716543
3255 52760.146268548109219 84176.855112462028046
3255.5 52733.880302541765559 84122.71162582890247
3256 52799.232166583817161 84198.084132016141666
3256.5 52868.625337881458108 84302.83446731940785
3257 52763.895459458959522 84165.904552479711128
3257.5 52807.919565751093614 84229.493188739419566
3258 52674.73065332218539 84051.925134949371568
3258.5 52648.108467073972861 84039.08404618530767
3259 52686.427231215500797 84134.272253730727243
3259.5 52726.039070674458344 84184.372333136489033
3260 52744.471339420095319 84225.15396114300529
3260.5 52853.699978639451729 84351.588199798585265
3261 52808.115267391440284 84294.528426259799744
3261.5 52814.676594774995465 84322.468617397738853
3262 52664.341455553359992 84118.000390083558159
3262.5 52678.271452728637087 84125.546849975216901
3263 52652.786863123837975 84107.383421500751865
3263.5 52629.935219719161978 84101.288274264792562
3264 52644.946877662623592 84103.934830871701706
3264.5 52615.586790809502418 84075.671534013861674
3265 52527.686168813510449 83961.641241008794168
3265.5 52645.680313967917755 84118.231110914101009
3266 52707.432573118720029 84230.766707001748728
3266.5 52681.360973564631422 84207.581700745882699
3267 52608.20863593150716 84107.510893295300775
3267.5 52690.821777600845962 84232.889090704469709
3268 52800.274418475848506 84367.806567793290014
3268.5 52840.044677862271783 84390.861533359784517
3269 52916.323562702295021 84509.933192255848553
3269.5 52905.975708115314774 84487.683595517184585
3270 53000.694578538190399 84659.292586908486555
3270.5 52770.803112556634005 84366.081384938879637
3271 52769.444621475748136 84382.784705724770902
3271.5 52891.760430102869577 84520.579073511675233
3272 52856.510288255667547 84504.785475747266901
3272.5 52927.886045412196836 84593.944401754211867
3273 52868.155768169541261 84521.29529422899941
3273.5 53026.381590685276024 84751.808078604110051
3274 53040.910604030330433 84757.580372101656394
3274.5 53022.172345080572995 84741.230034387190244
3275 53013.58192763380066 84738.360245740928804
3275.5 52993.916988980970928 84732.025038932057214
3276 53025.853839830662764 84761.240671291496255
3276.5 52877.635760656958155 84589.254807107703527
3277 52906.808863480735454 84624.192951214354252
3277.5 53067.888605408967123 84890.998656345313066
3278 52836.068217335065128 84538.254650106056943
3278.5 52826.879865971583058 84568.314899549790425
3279 52835.9952942989039 84584.685503170025186
3279.5 52833.880274544979329 84603.95302652362443
3280 52812.450949326987029 84590.959984169399831
3280.5 52676.437561260332586 84396.887788037245627
3281 52758.7724136163597 84525.949445171601838
3281.5 52877.209146516142937 84665.898436209143256
3282 52914.793714185601857 84695.324567183764884
3282.5 52846.499434204146382 84611.283443033447838
3283 52874.530855786280881 84653.302520804281812
3283.5 53024.081465017872688 84841.50373346611741
3284 53024.39402998193691 84831.899133159749908
3284.5 53155.170261849219969 85031.234114813385531
3285 53226.976977116886701 85126.796091099764453
3285.5 53243.016639613648294 85125.903672475542407
3286 53193.796164730287273 85066.924167841818416
3286.5 53192.460007920555654 85081.444874584063655
3287 53089.283096817074693 84979.732094615246751
3287.5 52959.017255069651583 84818.752396094903816
3288 52872.593779521739634 84720.1284084195795
3288.5 52751.435862563783303 84524.658605345277465
3289 52777.203040592867183 84587.769114155758871
3289.5 52849.957758940232452 84698.33116705721477
3290 52912.242424301686697 84798.619967636244837
3290.5 52896.735960030317074 84770.886259055609116
3291 52952.763997078334796 84831.892217203101609
3291.5 52973.095267476950539 84860.729662755227764
3292 52958.053079591874848 84854.613189550917014
3292.5 52894.357342641691503 84780.626833724410972
3293 52871.960031593625899 84763.651904010272119
3293.5 52991.350431388600555 84933.771525387041038
3294 53088.961644124217855 85054.675628293029149
3294.5 53130.968531868922582 85132.494934715374256
3295 53152.354399281364749 85174.360288137788302
3295.5 53116.374736254168965 85119.609233687762753
3296 53148.531962502405804 85169.492545070577762
3296.5 53122.023147258507379 85126.1867706329067
3297 52972.091311796531954 84929.957337775442284
3297.5 52938.312628777573991 84908.891184115374926
3298 52940.557772453132202 84898.814185521347099
3298.5 52956.750529586810444 84905.743350272095995
3299 52998.297714203239593 84973.249754816642962
3299.5 53049.553619539408828 85061.022998619067948
3300 52909.320022245265136 84898.436262667353731
3300.5 52926.000233308761381 84955.330369871313451
3301 52920.871816244929505 84946.746378447147436
3301.5 52998.961210764973657 85047.303628647190635
3302 52954.725477574917022 84978.475948889943538
3302.5 53050.391155053090188 85112.3022639676783
3303 53058.294722129765432 85144.150682319217594
3303.5 53148.503042418065888 85256.633363799439394
3304 53180.906508076346654 85314.553784019677551
3304.5 53232.391009641927667 85377.72386290547729
3305 53170.612058559549041 85282.990214090415975
3305.5 53252.731879578532244 85403.834262214179034
3306 53283.915260501533339 85454.487583825874026
3306.5 53284.853599291382125 85457.137661265616771
3307 53251.720378355857974 85402.493760000957991
3307.5 53304.025342620014271 85485.533379100612365
3308 53304.406883377640042 85476.017302388238022
3308.5 53258.139468107343419 85419.821079721892602
3309 53309.988602471428749 85508.309540702175582
3309.5 53124.987598851097573 85269.345580518827774
3310 53034.234677106280287 85173.768916399363661
3310.5 52892.511581706741708 84967.07112304965267
3311 52877.56380325477221 84970.574274398109992
3311.5 52790.069121905820793 84853.596199203355354
3312 52866.812493262194039 84969.778191457444336
3312.5 52942.934950841801765 85068.979076988020097
3313 53067.751281260927499 85252.93239141209051
3313.5 53131.671002710048924 85344.657750130703789
3314 53188.587852030330396 85402.230342276612646
3314.5 53095.974198709547636 85270.267366084954119
3315 53097.062284927102155 85265.620079535321565
3315.5 53264.810931136431464 85510.427614567088312
3316 53292.295002526552707 85560.575679335321183
3316.5 53238.318751709877688 85501.50549102142395
3317 53128.731348644709215 85332.277357546176063
3317.5 53042.623668417749286 85243.237533395440551
3318 53047.922773182290257 85265.762808552986826
3318.5 53123.83029058338434 85381.987083517538849
3319 53102.361762374639511 85357.748942744728993
3319.5 53167.620513314548589 85460.539488883805461
3320 53250.616123184998287 85554.929334674743586
3320.5 53351.046292096885736 85700.329029779109987
3321 53288.353084764297819 85615.004547367294435
3321.5 53372.53593099470163 85730.364375176082831
3322 53361.581735642168496 85723.45042443384591
3322.5 53272.161546865092532 85602.153888648317661
3323 53244.779648039453605 85555.099210734231747
3323.5 53212.117023597369553 85514.390244791429723
3324 53230.893628716636158 85533.751277685529203
3324.5 53192.004568588978145 85498.435585300263483
3325 53172.600525823319913 85492.030739464855287
3325.5 53135.005488379996677 85456.677854443580145
3326 53169.76261259039893 85520.546777826457401
3326.5 53209.823273556437925 85584.002853198937373
3327 53177.680864618152555 85557.213413358607795
3327.5 53162.735085366854037 85518.313558048685081
3328 53138.362096511467826 85489.373691267013783
3328.5 53280.150130060741503 85673.398113107759855
3329 53349.989975267482805 85773.426180335052777
3329.5 53351.497670821321663 85762.105216603609733
3330 53386.388361674056796 85813.411947703105398
3330.5 53434.071577652350243 85886.199290405449574
3331 53435.930475692308391 85933.598814973636763
3331.5 53397.172858362719126 85896.467540539480979
3332 53399.312464801398164 85874.461775967647554
3332.5 53295.30047342969192 85741.572994504691451
3333 53260.657200822519371 85725.862600226319046
3333.5 53106.632326852617553 85517.978486208041431
3334 53232.218942772044102 85717.043600305565633
3334.5 53229.471886882347462 85712.034018300109892
3335 53192.401779846448335 85674.757785265042912
3335.5 53172.203253301202494 85641.247173051597201
3336 53254.966137045848882 85769.926636399206473
3336.5 53273.830890314326098 85788.599139855214162
3337 53270.228106798727822 85782.979098136464017
3337.5 53315.853843271281221 85853.890498838562053
3338 53365.534779419984261 85918.933556624135235
3338.5 53353.55778152604762 85919.562145652147592
3339 53332.739941028979956 85901.096665078061051
3339.5 53179.479415043642803 85704.925451376577257
3340 53204.921736427211727 85782.787529385430389
3340.5 53243.466113656861125 85820.591302726854337
3341 53256.949012357799802 85844.103389378360589
3341.5 53124.043369975006499 85672.954668946855236
3342 53128.261588880464842 85709.453532887840993
3342.5 53155.051824318870786 85729.405511404023855
3343 53284.091290683260013 85938.037723743225797
3343.5 53160.32351596517401 85778.457957276550587
3344 53113.912739274965134 85724.890255089529091
3344.5 53141.787118663713045 85772.025504323130008
3345 53171.637468421802623 85805.991261983523145
3345.5 53223.149463896734233 85879.173618434826494
3346 53224.504550074845611 85877.41541911069362
3346.5 53314.304835132388689 86021.062172788166208
3347 53247.523325959940848 85938.169353151854011
3347.5 53143.601541935080604 85805.133883283851901
3348 53230.879142825222516 85957.985824658288038
3348.5 53225.198786674976873 85944.286692538371426
3349 53223.664880300071673 85935.735910073242849
3349.5 53241.332676521102258 85963.071522481186548
3350 53347.230136529360607 86098.135069376454339
3350.5 53462.414384080970194 86265.603887830264284
3351 53476.602890148300503 86317.291027437328012
3351.5 53427.139991142161307 86244.295986081342562
3352 53276.13194815312454 86071.527777940253145
3352.5 53202.765883477259194 85973.43296888464829
3353 53223.375292211094347 86031.287693837206461
3353.5 53288.755220249237027 86109.145092840612051
3354 53381.185823456340586 86233.589584441186162
3354.5 53378.511515660080477 86230.774063647520961
3355 53497.952597067334864 86392.45795577642275
3355.5 53479.797839571830991 86374.752096540629282
3356 53538.401623600133462 86470.977231913173455
3356.5 53444.641816264746012 86362.744886452419451
3357 53437.082627361422055 86327.64809765429527
3357.5 53399.912696266554121 86280.320091045839945
3358 53395.134147976030363 86285.381933401164133
3358.5 53401.216848988035053 86306.310610705186264
3359 53467.406443943873455 86378.916521325489157
3359.5 53419.74593349598581 86321.436772266795742
3360 53373.431347866498982 86275.488621789263561
3360.5 53473.432882823508407 86415.070991670916555
3361 53522.38331068498519 86462.268859270465327
3361.5 53535.874831029854249 86479.042027644813061
3362 53555.944381727415021 86518.637386582558975
3362.5 53702.558780042898434 86743.76826836381224
3363 53704.929076381922641 86729.513203650043579
3363.5 53734.002279639200424 86772.578793737920932
3364 53580.170782404435158 86567.34115053221467
3364.5 53612.097214556073595 86646.332640290289419
3365 53575.391045413140091 86585.371239960775711
3365.5 53526.433533722003631 86513.391820687626023
3366 53605.515867466092459 86609.359451056821854
3366.5 53487.404539432660386 86483.038878784296685
3367 53535.522249981011555 86537.692542347140261
3367.5 53635.830045982336742 86692.529014372470556
3368 53574.621695479123446 86608.988419741464895
3368.5 53677.748813626378251 86748.152784710153355
3369 53611.25541088431055 86675.384449174627662
3369.5 53586.54136213275342 86647.206847459136043
3370 53509.583852264360758 86559.512921380897751
3370.5 53567.957893882288772 86650.255248116591247
3371 53571.297791244745895 86659.69734383848845
3371.5 53606.316269202900003 86697.11359608132625
3372 53633.602109988089069 86746.326481973970658
3372.5 53568.332276692359301 86650.13635467349377
3373 53599.1991493684327 86722.397034678811906
3373.5 53539.648102484650735 86650.673152103205211
3374 53570.157973431771097 86699.07314732055238
3374.5 53520.855154876284359 86651.542323052344727
3375 53463.008451730442175 86593.129407050335431
3375.5 53530.537545822764514 86702.86110054308665
3376 53548.907755989770521 86714.143413478057482
3376.5 53471.927166373599903 86626.210226421710104
3377 53521.477597100725689 86679.515463179879589
3377.5 53553.995370427728631 86723.233506374715944
3378 53601.788599615530984 86801.345306379371323
3378.5 53512.631601488188608 86650.693249837990152
3379 53611.231304781278595 86809.488824081010534
3379.5 53663.847834171974682 86894.787000598851591
3380 53638.850186950483476 86857.5166371496598
3380.5 53760.387186551248305 87037.80374328167818
3381 53792.58764056754444 87061.681031234766124
3381.5 53811.645837146454141 87096.686085637949873
3382 53696.142292062395427 86944.671071496370132
3382.5 53591.540594018537377 86801.060892409092048
3383 53642.727396490750834 86889.379464580357308
3383.5 53577.802227012623916 86817.816092729670345
3384 53464.449419364260393 86653.186195833666716
3384.5 53535.304899239716178 86782.430326606932795
3385 53597.221116489752603 86875.713357951244689
3385.5 53490.779218331896118 86737.071134676662041
3386 53502.158943302638363 86757.651546219349257
3386.5 53681.556271415931405 87028.280286871507997
3387 53659.515947183201206 86994.298969524490531
3387.5 53697.467504453052243 87055.932977462274721
3388 53684.555075829775888 87022.910476173376082
3388.5 53640.616464570135577 86988.310172122553922
3389 53682.204815596036497 87076.142574737357791
3389.5 53666.707693026168272 87052.500608021044172
3390 53688.786344204141642 87083.908051460224669
3390.5 53625.482425718713785 86981.264733202086063
3391 53682.597396187738923 87062.788876223450643
3391.5 53688.931550489971414 87085.456062614335679
3392 53728.466033825076011 87146.853682484303135
3392.5 53735.138037982367678 87170.058402460170328
3393 53636.550520357428468 87068.224033263875754
3393.5 53600.386204493275727 87023.921017136512091
3394 53640.750464514334453 87066.269075351636275
3394.5 53792.149149982527888 87313.121281201267266
3395 53761.435451249686594 87246.300308816324105
3395.5 53853.272889030369697 87376.450046517667943
3396 53806.956171735815587 87297.507264019877766
3396.5 53744.450256461081153 87202.905881365819369
3397 53772.803712139095296 87251.204268608795246
3397.5 53837.890564954213914 87360.254250881393091
3398 53970.410856642003637 87538.198855713606463
3398.5 53960.831180606648559 87523.54822913078533
3399 53828.62718914270954 87372.493918936510454
3399.5 53831.416296461968159 87380.374952692625811
3400 53811.163905062654521 87367.085232691126294
3400.5 53745.477806988179509 87294.946777902790927
3401 53766.953569780343969 87346.648492369437008
3401.5 53798.612448520063481 87377.568779560460825
3402 53818.838855821290053 87381.858597024445771
3402.5 53847.624969285847328 87470.965906087192707
3403 53768.483524458097236 87375.539853541384218
3403.5 53646.119032077542215 87217.118022537004435
3404 53611.669104876134952 87191.132568630913738
3404.5 53706.30360710855166 87338.4775044091366
3405 53680.105322596718906 87293.86728912757826
3405.5 53786.439184240647592 87421.060673850530293
3406 53851.652038007778174 87517.717387612399762
3406.5 53748.149232045201643 87354.076552892438485
3407 53848.943956573872129 87478.762803658508346
3407.5 53953.902502178541909 87637.678065083135152
3408 53972.342527092958335 87672.199243159600883
3408.5 53949.948564636339142 87635.253472678465187
3409 53935.714961839301395 87642.432322690539877
3409.5 53886.636465688025055 87597.120341776200803
3410 53763.100730747028138 87437.353926930110902
3410.5 53795.579829102440272 87484.040420775534585
3411 53755.619079417250759 87429.326843998787808
3411.5 53783.233135904098162 87487.721791494710487
3412 53833.827346986196062 87573.952585734776221
3412.5 53782.173571211402304 87495.777689769471181
3413 53742.170541830790171 87450.18890558561543
3413.5 53776.713134537400038 87512.085541640597512
3414 53860.540176542002882 87621.206890023866436
3414.5 53825.697287921451789 87572.189284532418242
3415 53868.565693454671418 87625.469843680621125
3415.5 53737.813017882042914 87446.032476778666023
3416 53848.7305758776929 87607.733273165198625
3416.5 53982.5547196547559 87793.869862387757166
3417 54046.924781539673859 87897.117821715510217
3417.5 54094.135820018491358 87935.60203878179891
3418 54156.842767764173914 88031.589546671180869
3418.5 54134.294178847412695 87997.498669778506155
3419 54119.199673961316876 87990.509439617293538
3419.5 54061.230886466197262 87929.233662016747985
3420 53993.221280662241043 87832.990473022960941
3420.5 53947.184758541843621 87770.289147993578808
3421 53964.5291196893304 87793.90082737695775
3421.5 53866.355236907787912 87669.978396127000451
3422 53759.303128197003389 87548.274389716520091
3422.5 53799.613211930802208 87628.889341724076075
3423 53896.729922528087627 87777.486995477360324
3423.5 53944.430493432293588 87833.124024865493993
3424 53968.856520377623383 87859.001974748476641
3424.5 53972.950921099014522 87877.838710473486572
3425 53964.677838940959191 87860.807673674615216
3425.5 53970.650579862187442 87890.050214673450682
3426 54031.145844700826274 87976.482227961838362
3426.5 54071.527360691179638 88026.502809645317029
3427 54224.699456466492848 88218.878549939501681
3427.5 54148.714203157542215 88114.39860386181681
3428 54193.346627102211642 88179.448858638803358
3428.5 54228.371012911527941 88242.113902215860435
3429 54274.715285311089247 88325.062681391922524
3429.5 54263.984111028490588 88308.440328526485246
3430 54293.573151664641045 88350.823128849107889
3430.5 54264.281443220606889 88322.722824605370988
3431 54104.492559190970496 88116.304761258914368
3431.5 53964.253205041088222 87964.0882913726673
3432 53921.464792599916109 87937.213346304968582
3432.5 53776.324314419747679 87752.482984574904549
3433 53826.50176605424349 87840.968314923113212
3433.5 53881.845416516778641 87906.303536304389127
3434 53874.444798383599846 87874.272473743592855
3434.5 53989.341004738686024 88007.583075321657816
3435 54004.714600982457341 88040.64564277936006
3435.5 54050.903913101727085 88091.09190680035681
3436 54022.476418750440644 88049.080735023206216
3436.5 53963.006570606805326 87974.959123089269269
3437 53917.286022037675139 87945.612179414049024
3437.5 53910.937027607273194 87934.042933198812534
3438 53855.698071900333161 87877.445263150613755
3438.5 53935.122956418781541 87968.068404193196329
3439 53977.736752912023803 88071.500664111285005
3439.5 53836.608699057069316 87873.188491792985587
3440 53796.337083272162999 87824.799488868651679
3440.5 53922.817584572265332 88009.750974335765932
3441 54026.022104610718088 88119.28216054746008
3441.5 54072.340082263464865 88159.434764240882942
3442 54154.456307344706147 88262.917321673085098
3442.5 54216.49247396584542 88374.462161409537657
3443 54210.347863177557883 88352.751448389011784
3443.5 54145.877472639011103 88288.969587575615151
3444 54154.908741176725016 88300.59791742824018
3444.5 54091.885901215719059 88220.584178787597921
3445 54019.652830334787723 88118.877425008133287
3445.5 54207.38059239602444 88408.137511791152065
3446 54121.998261905580875 88272.977077086950885
3446.5 54039.728207345069677 88207.290791575331241
3447 54026.179254498987575 88203.435815339238616
3447.5 53945.280907379608834 88110.398862762012868
3448 53925.757915527421574 88076.352402101823827
3448.5 53878.636176708030689 88032.337512805577717
3449 53965.275836734341283 88121.704849858171656
3449.5 54062.833096761773049 88234.755917701215367
3450 54187.880479642684804 88424.702782143765944
3450.5 54147.874925775446172 88372.506380124337738
3451 54209.700922465759504 88460.084372603174415
3451.5 54241.007864849772886 88513.380710118217394
3452 54280.525957146033761 88579.09886279294733
3452.5 54280.531352027413959 88589.07951373916876
3453 54058.559122027603735 88323.341663334751502
3453.5 54004.935845033345686 88264.083905505758594
3454 53884.159290703391889 88123.936520454124548
3454.5 53793.279427352092171 87986.431582282282761
3455 53985.743511292530457 88287.641601894705673
3455.5 54019.690800334574305 88327.348412182094762
3456 54069.002428270003293 88398.861449664225802
3456.5 54034.160722881853872 88357.773862958696554
3457 54057.739300097789965 88414.950462538661668
3457.5 53930.340478330370388 88213.713216952426592
3458 53914.852607144101057 88216.683780057210242
3458.5 54080.274002390033274 88475.00108851827099
3459 54058.201420247780334 88446.68933180719614
3459.5 54077.973361893717083 88490.650697673860122
3460 54023.836998698658135 88426.753980009845691
3460.5 53967.057648860114568 88354.239416919634095
3461 54084.91272623961413 88544.907206422518357
3461.5 53964.023424887949659 88397.739737395691918
3462 54036.238153982696531 88496.107604890596122
3462.5 54055.931215300188342 88529.3678408406995
3463 54065.626618180911464 88565.928470947939786
3463.5 53920.854859381463029 88333.087084421902546
3464 53925.861890444779419 88377.282419772003777
3464.5 53941.124945183117234 88404.975894037517719
3465 53990.794464732978668 88479.89441774408624
3465.5 53903.32758419628226 88353.698937443608884
3466 54011.239760373915487 88513.219483476321329
3466.5 54262.482863210629148 88866.471985100652091
3467 54273.99851136275538 88856.032042822276708
3467.5 54365.421398090147704 88990.632634381923708
3468 54299.741651448217453 88870.294457137730205
3468.5 54334.762727246867144 88931.622050004632911
3469 54342.374092943340656 88939.990210655538249
3469.5 54297.621256308870215 88896.414320139912888
3470 54220.063953024837247 88823.630392604682129
3470.5 54128.660997205493913 88728.008310272562085
3471 54025.581742485388531 88584.414738452047459
3471.5 54094.19375494436099 88708.259913379777572
3472 53969.146990909845044 88537.839581705149612
3472.5 53878.477831605225219 88426.038448255072581
3473 53972.569661433662986 88572.520170742354821
3473.5 53984.684342870830733 88604.145205531065585
3474 53955.430945090367459 88584.308654868029407
3474.5 53994.518858137751522 88626.208627938976861
3475 54086.080882344118436 88736.946255509756156
3475.5 54183.315826930600451 88901.647576610950637
3476 54109.653729881203617 88794.151695400723838
3476.5 54169.89533785139065 88901.985239532208652
3477 53967.854345928026305 88630.625416665934608
3477.5 53961.762948715317179 88632.66751358791953
3478 53987.659064400759235 88674.709653988553328
3478.5 54156.280285436667327 88911.112144185623038
3479 54261.329258657046012 89050.009526072331937
3479.5 54199.344928702259494 88942.028111725812778
3480 54248.726198971795384 89037.530582045976189
3480.5 54212.962554234996787 88956.332289243830019
3481 54240.100388246471994 88989.22932584672526
3481.5 54297.40127762380871 89100.868862089351751
3482 54254.314328347281844 89041.195408949744888
3482.5 54368.742716404442035 89202.974693980955635
3483 54335.236788898931991 89173.876382254820783
3483.5 54295.215832942812995 89127.073539482924389
3484 54300.330705062355264 89128.046922995898058
3484.5 54274.262918909043947 89088.305625712397159
3485 54244.107735725308885 89049.541126740383334
3485.5 54327.82887140497769 89177.206917206465732
3486 54216.822786416196323 89028.720973692805273
3486.5 54138.986797519552056 88949.766285184014123
3487 54015.331674522538378 88800.754526856500888
3487.5 54109.78610824484349 88967.45495735554141
3488 54089.646088613109896 88938.665976143922308
3488.5 54215.085063680809981 89113.446935707179364
3489 54259.564666257829231 89172.610468326995033
3489.5 54334.200899889932771 89254.156782701291377
3490 54322.279974673816469 89228.417467313440284
3490.5 54248.205732142007037 89143.728245926526142
3491 54216.565626757510472 89112.466927337023662
3491.5 54105.833918858283141 88980.966702532605268
3492 54098.312692128623894 89008.609892595413839
3492.5 54101.474137202254497 89021.62580374458048
3493 54060.941193361053593 88996.853526552644325
3493.5 54075.947260961198481 89037.49463796512282
3494 54096.765297264726541 89050.194434198274394
3494.5 54091.631917434482602 89062.613948025391437
3495 54065.053904552238237 89020.26265745004639
3495.5 53997.927372109996213 88916.588599963433808
3496 54052.589925188120105 88983.367798007457168
3496.5 54163.78593860433466 89143.237933442767826
3497 54252.047408891143277 89248.880695983083569
3497.5 54352.582278309520916 89405.860771640669554
3498 54235.576718500538846 89257.122302264819155
3498.5 54245.8731514393221 89288.572372823095066
3499 54206.394194799555407 89275.557179078416084
3499.5 54157.688935757527361 89203.525429866014747
3500 54073.846386252800585 89117.207295499028987
3500.5 54109.909907633176772 89135.184071513736853
3501 54066.78673629246623 89072.71975394123001
3501.5 54135.836560155250481 89173.06374724014313
3502 54282.460214922473824 89388.450964219373418
3502.5 54331.122520132405043 89442.233752194195404
3503 54416.321695777223795 89576.009653321874794
3503.5 54426.332857427281851 89602.842522512481082
3504 54460.027382288499211 89630.504439539537998
3504.5 54423.815877476590686 89581.978073881662567
3505 54454.027680888088071 89650.668771487529739
3505.5 54278.302745034990949 89438.675652703706874
3506 54236.265237817919115 89392.593907256072271
3506.5 54227.022005211758369 89351.029015606705798
3507 54246.505410096644482 89395.376073215084034
3507.5 54144.373047019122168 89293.023186592559796
3508 54222.142790805250115 89382.798079431959195
3508.5 54248.05330758724449 89444.480005432254984
3509 54243.455750941611768 89416.594558813303593
3509.5 54231.522554374423635 89413.957140676007839
3510 54269.047419227230421 89485.010786217841087
3510.5 54111.89813503811456 89298.037424746959005
3511 54161.933636545451009 89378.651167616277235
3511.5 54236.962849559240567 89485.723122291732579
3512 54393.593761132724467 89671.434656582932803
3512.5 54366.922775216793525 89618.334035347317695
3513 54409.727467431832338 89673.066556357021909
3513.5 54384.421341272704012 89672.261913805850782
3514 54293.826039851912356 89552.343975576484809
3514.5 54443.126754270560923 89766.088588697675732
3515 54333.025401227379916 89588.904999739912455
3515.5 54364.944579277085722 89652.489674868164002
3516 54268.124008672151831 89483.649952682724688
3516.5 54395.004003407360869 89696.932323788787471
3517 54321.906494804723479 89606.165732960769674
3517.5 54123.744225911061221 89337.928795233048731
3518 54226.673166616965318 89518.928449585888302
3518.5 54178.206725995980378 89431.871214814222185
3519 54391.162548222840996 89732.278710535378195
3519.5 54377.898463899291528 89728.552943754810258
3520 54353.650099947975832 89713.009674741784693
3520.5 54338.652378003760532 89674.44245564728044
3521 54350.054217940523813 89684.333916173680336
3521.5 54396.695974000402202 89737.587622897102847
3522 54399.414783971500583 89773.604345825282508
3522.5 54379.885049664560938 89760.334159535108483
3523 54343.368794613939826 89692.599361836138996
3523.5 54405.511441114540503 89778.776994782514521
3524 54308.315992234936857 89670.707973319586017
3524.5 54288.631699700883473 89621.282220071399934
3525 54352.186866059884778 89716.60836931769154
3525.5 54351.302015056855453 89750.688962988264393
3526 54241.448114587372402 89617.614741896701162
3526.5 54247.238006151535956 89603.575901690623141
3527 54330.634215593025147 89740.981402625708142
3527.5 54279.163685305851686 89677.175609753729077
3528 54179.814974250934029 89557.16885446512606
3528.5 54258.717159988307685 89672.38469272608927
3529 54401.714630874084833 89832.029051679593977
3529.5 54396.147606940518017 89842.342760344487033
3530 54466.119498146959813 89964.89524012633774
3530.5 54416.730274584690051 89903.1737368862523
3531 54419.657231208308076 89931.217885816236958
3531.5 54464.114040342115914 89966.846952833686373
3532 54482.887090149764845 90014.647825224586995
3532.5 54443.635638567531714 89955.727599243735312
3533 54442.63150637466606 89975.769269046679256
3533.5 54319.485948128341988 89820.432815261665382
3534 54196.754885619557172 89685.859459695973783
3534.5 54177.04161344156455 89674.026998842397006
3535 54233.631740067845385 89774.194156988072791
3535.5 54243.458835405428545 89803.507074168228428
3536 54267.076670654721966 89828.70399321669538
3536.5 54352.980420509273245 89951.543272903581965
3537 54366.811295210958633 89966.61537655936263
3537.5 54437.530531005315424 90067.687357392438571
3538 54493.28901510675496 90153.055026499539963
3538.5 54506.487899598687363 90173.523725073420792
3539 54405.557419891862082 90085.597946368114208
3539.5 54360.666056126290641 90040.59894843485381
3540 54380.257768557865347 90073.758331058736076
3540.5 54446.821269553998718 90210.881863479124149
3541 54390.038625946923275 90132.088985076159588
3541.5 54437.934856229017896 90218.957726041044225
3542 54466.471872345711745 90260.388816099584801
3542.5 54458.556118946209608 90235.966116297218832
3543 54366.121958279880346 90108.917531433558906
3543.5 54505.722129708221473 90322.551252610748634
3544 54429.432633708063804 90222.400788532409933
3544.5 54414.879789335063833 90231.54242540319683
3545 54350.456893999762542 90134.926290613700985
3545.5 54422.87081249536277 90252.788477191090351
3546 54522.115003187886032 90399.44630267622415
3546.5 54516.049359752098098 90372.11691468085337
3547 54508.057620120343927 90368.275533104824717
3547.5 54436.971391263767146 90253.768614110609633
3548 54483.271555327395617 90356.886338820855599
3548.5 54414.52886504556227 90264.78483036061516
3549 54512.091119417418668 90385.083930884124129
3549.5 54631.702389382706315 90559.748940177640179
3550 54589.762496078241384 90521.448614162552985
3550.5 54620.814988378391718 90601.289699959685095
3551 54463.292878951120656 90407.696892086081789
3551.5 54431.466972005597199 90376.412528237371589
3552 54303.670645840247744 90214.419282691713306
3552.5 54391.969671875442145 90329.574264332914026
3553 54351.289167210372398 90289.58309331156488
3553.5 54420.471995828040235 90370.73277703858912
3554 54462.034912497991172 90433.950607672246406
3554.5 54520.716229635974742 90516.179932821469265
3555 54498.970165027662006 90501.335509504307993
3555.5 54647.905710327089764 90721.681270274624694
3556 54696.165953686817375 90781.819100255248486
3556.5 54584.514191534741258 90679.225456521002343
3557 54505.810499250459543 90580.529978149177623
3557.5 54392.500490219536005 90470.360022227032459
3558 54327.480910413731181 90377.888416858244454
3558.5 54453.902771847577242 90522.842889776045922
3559 54460.011109754479548 90558.767572041586391
3559.5 54411.247519909178664 90462.477680477226386
3560 54522.385012177037424 90608.321285285579506
3560.5 54510.234578999108635 90634.051910089678131
3561 54546.390545995680441 90657.607176347140921
3561.5 54642.917973805931979 90810.310031730390619
3562 54612.218786955818359 90785.739520284507307
3562.5 54583.870464834755694 90777.235277350555407
3563 54392.94257677243877 90523.277493242494529
3563.5 54397.32046252010332 90530.411705431484734
3564 54551.421300201494887 90731.016934728861088
3564.5 54461.070818224223331 90624.853387345254305
3565 54507.876340324459306 90682.297915225848556
3565.5 54458.860202143834613 90634.546868017627276
3566 54379.863369601436716 90537.391901243216125
3566.5 54247.030780466084252 90377.208993122490938
3567 54280.724231862041051 90448.437234755227109
3567.5 54195.934313472345821 90327.115117033259594
3568 54099.398375784374366 90209.535000089352252
3568.5 54073.283514014343382 90195.132754269099678
3569 54285.999824042766704 90502.237459168070927
3569.5 54255.313717478638864 90449.11436499368574
3570 54231.364621986744169 90418.822670169553021
3570.5 54265.492423439252889 90443.376324242708506
3571 54305.582803669763962 90510.890343020728324
3571.5 54325.308097802837437 90533.078740376629867
3572 54381.67674611176335 90634.616854036343284
3572.5 54332.090410213560972 90562.155809171163128
3573 54445.997644344650325 90718.531849452978349
3573.5 54421.047904665269016 90649.645948538702214
3574 54490.886299808713375 90760.558077601453988
3574.5 54575.046855920663802 90893.314466977317352
3575 54526.664184755281894 90833.092715177510399
3575.5 54634.773125817257096 90976.770994275735575
3576 54527.82079052086192 90862.060422187321819
3576.5 54432.936429814122675 90754.718513136118418
3577 54363.744430146121886 90656.236027984079556
3577.5 54394.766216301344684 90707.626102990063373
3578 54328.972094445241964 90642.083210367985885
3578.5 54371.252508059347747 90683.211561349424301
3579 54474.127309938288818 90845.968898206847371
3579.5 54519.960136176909145 90907.627688598033274
3580 54532.879040009815071 90921.922769583514309
3580.5 54526.534767354605719 90895.285655654515722
3581 54582.983023634980782 90960.512808436586056
3581.5 54776.037284193793312 91213.330826804332901
3582 54817.572325588851527 91275.998393835296156
3582.5 54763.629067666042829 91212.694599021328031
3583 54637.830604182607203 91043.948901238880353
3583.5 54572.946970647542912 90945.254410312263644
3584 54534.748815862258198 90933.295987896126462
3584.5 54515.759518528218905 90884.350545117733418
3585 54641.813943973116693 91072.740280984304263
3585.5 54546.502797418725095 90939.904425842280034
3586 54544.322929760463012 90986.709107480666717
3586.5 54442.118076318918611 90837.152610260527581
3587 54411.510399616752693 90812.12601881835144
3587.5 54468.188673011100036 90880.389734079508344
3588 54721.688792680462939 91243.624276640504831
3588.5 54696.878781268940656 91228.983830645156559
3589 54724.314264803411788 91275.079939096991438
3589.5 54694.534294631215744 91240.917615299287718
3590 54673.691602214334125 91230.148844805706176
3590.5 54548.798049584896944 91046.133141820595483
3591 54707.740721195186779 91284.52259490005963
3591.5 54587.456967024816549 91106.888327578824828
3592 54520.932015519392735 91017.854987776227063
3592.5 54541.687918533083575 91085.295697780398768
3593 54468.031741093196615 90985.140070497305715
3593.5 54437.037979960230587 90949.197922267048853
3594 54523.765391942382848 91031.481987042556284
3594.5 54621.955259361908247 91186.922186991214403
3595 54691.216977257761755 91290.043387495999923
3595.5 54547.641475946344144 91098.536147555001662
3596 54531.514562951932021 91103.263604015257442
3596.5 54499.508335157988768 91070.131239838723559
3597 54577.771678188692022 91205.32961269763473
3597.5 54646.579091618943494 91293.790526580327423
3598 54800.940993803160382 91480.926217505169916
3598.5 54755.682038472368731 91428.223160610519699
3599 54707.4261995331035 91357.187764809161308
3599.5 54729.953802994183206 91404.297936391376425
3600 54727.471432821374037 91437.709688440227183
3600.5 54521.158012397987477 91135.800321506365435
3601 54507.702482292057539 91159.848455239232862
3601.5 54496.369963276549242 91140.374306344296201
3602 54551.108441155090986 91214.769966700216173
3602.5 54566.647633603337454 91224.653265313565498
3603 54575.314601861915435 91213.59105628215184
3603.5 54654.958346130719292 91330.493842735013459
3604 54688.901632994951797 91385.813815426183282
3604.5 54682.398079635902832 91391.533250634151045
3605 54578.593428995278373 91280.175181362894364
3605.5 54527.545383013042738 91202.30985957266239
3606 54474.51703349831223 91182.848361251948518
3606.5 54419.749168164860748 91103.267654972354649
3607 54550.46593192423461 91288.085027528810315
3607.5 54483.322708182240603 91213.730686355338548
3608 54368.638858727012121 91066.435172629731824
3608.5 54363.413879205363628 91064.321945171250263
3609 54489.387819554147427 91249.859940367678064
3609.5 54566.441653614900133 91345.961290771563654
3610 54619.476463327395322 91421.737238994654035
3610.5 54558.951799920541816 91331.07068721386895
3611 54627.842162686778465 91411.685203728964552
3611.5 54698.013290916540427 91555.633882504102075
3612 54705.08703432657785 91551.360979552395293
3612.5 54720.895562701189192 91559.875962992853601
3613 54873.699715709888551 91767.392454521628679
3613.5 54870.987238712754333 91750.731219285997213
3614 54791.0207706805013 91632.186254247877514
3614.5 54824.578021811576036 91700.466560595188639
3615 54716.166922934942704 91548.158044590221834
3615.5 54784.442891578743001 91659.619724936186685
3616 54690.385864834679523 91506.604434310051147
3616.5 54676.762549976381706 91503.96873023462831
3617 54596.546206961196731 91394.399936983259977
3617.5 54491.938108120913967 91273.491841608090908
3618 54557.302616582004703 91366.055107969456003
3618.5 54609.603201598918531 91420.249730007431936
3619 54539.698034354885749 91333.793293280352373
3619.5 54549.254489470760745 91342.555030399409588
3620 54666.367775386344874 91517.400640736712376
3620.5 54766.056023384968285 91641.079085522374953
3621 54778.804654687715811 91656.710931737325154
3621.5 54764.532755327003542 91663.556635664659552
3622 54827.818467589742795 91742.515886602908722
3622.5 54870.582811878201028 91821.224808011349523
3623 54818.871549094365037 91749.293500004772795
3623.5 54839.191769614793884 91759.531958475505235
3624 54989.014073684375035 91996.713157588063041
3624.5 54969.065525053134479 91988.876294636094826
3625 54863.205695116106654 91810.02062756192754
3625.5 54911.957494393005618 91905.238991405378329
3626 54825.881010414857883 91818.631589408512809
3626.5 54857.67242154894484 91875.044033855840098
3627 54804.043179651962419 91788.200918252754491
3627.5 54889.50578441379912 91922.419475913615315
3628 54813.967203032509133 91816.376706669063424
3628.5 54862.79243762655824 91889.882647782200365
3629 54843.329619640993769 91873.160939421402873
3629.5 54776.767973600195546 91749.875627081681159
3630 54776.669787488783186 91791.390948933782056
3630.5 54710.931685999959882 91723.966947291119141
3631 54750.898080220096745 91771.007324184145546
3631.5 54842.596941118950781 91895.758531883911928
3632 54901.928739995004435 91948.791925467143301
3632.5 54862.080302428068535 91923.982699739775853
3633 54908.957364913279889 92016.622416520316619
3633.5 54924.13923387567047 92029.391609952566796
3634 54949.278125974044087 92101.772567544336198
3634.5 55003.034513277525548 92138.694788801454706
3635 55046.369137924280949 92225.929113706602948
3635.5 54950.396296384555171 92100.09007726283744
3636 54910.370125715890026 92057.122877476518624
3636.5 54890.10795687737118 92051.432489272061503
3637 55004.747716625657631 92230.951306098257191
3637.5 54940.567865716577217 92145.22154090332333
3638 54880.265668922147597 92085.12573645656812
3638.5 54714.224488713160099 91901.764698473591125
3639 54748.28763916707976 91976.92755334940739
3639.5 54773.280050584347919 92016.893094900966389
3640 54801.73001016258786 92058.444410423486261
3640.5 54806.045357643677562 92098.260032758873422
3641 54838.171319826709805 92142.794375321958796
3641.5 54881.849119164624426 92163.684120981401065
3642 54837.002618792306748 92118.130220385544817
3642.5 54925.263160266556952 92228.572242574708071
3643 54934.010413174757559 92238.402905805822229
3643.5 54947.494861316110473 92292.394093776267255
3644 54936.715474822463875 92290.403797656763345
3644.5 54823.265024034059024 92171.181338179361774
3645 54783.301799814704282 92118.062176355131669
3645.5 54782.75359541177022 92112.418029607302742
3646 54808.317583243653644 92165.779215577640571
3646.5 54852.532841728381754 92247.626396446547005
3647 54843.769410447705013 92268.151000092329923
3647.5 54827.488577820193314 92236.379227849072777
3648 54802.405868619804096 92209.812058640047326
3648.5 54732.324523870003759 92107.48474253002496
3649 54755.562561091486714 92135.747668453579536
3649.5 54813.124875168461585 92264.864829975311295
3650 54676.021418736192572 92074.844992621408892
3650.5 54727.809067911475722 92129.523574481165269
3651 54768.957049700817151 92192.949785761447856
3651.5 54952.399135908737662 92444.433679726556875
3652 55022.355111176104401 92528.595294256592751
3652.5 54953.134446370619116 92417.984208325680811
3653 55001.286340351813124 92506.931622061238158
3653.5 54917.127395218805759 92399.475131193597917
3654 54976.101385463982297 92498.300519136435469
3654.5 55064.70929767164489 92632.725840276310919
3655 55121.377910156275902 92683.753786381697864
3655.5 55172.882827509129129 92745.390336578668212
3656 55186.724712037670542 92790.099477407988161
3656.5 55065.336464018044353 92618.803405282276799
3657 55015.534486296928662 92596.246564327506348
3657.5 54977.435699246576405 92553.198402566820732
3658 55032.708783002926793 92633.345651270356029
3658.5 55102.678401941724587 92728.921201493911212
3659 55141.979931032561581 92781.55485987427528
3659.5 55143.051574812569015 92777.38199879367312
3660 55191.77342226581095 92829.31445654061099
3660.5 55171.873199035188009 92826.440529978732229
3661 55067.511897526965186 92695.749407142080599
3661.5 55254.282557105761953 92953.036892892851029
3662 55198.376501697159256 92874.641464289437863
3662.5 55111.728779906858108 92786.029202578705736
3663 55023.330945423571393 92665.825928023943561
3663.5 55055.754415103780048 92725.575799100712175
3664 54995.490447096293792 92638.067696992919082
3664.5 54976.877736416165135 92632.06081858734251
3665 54804.912139789768844 92419.681193623982836
3665.5 54787.835368433821714 92400.968182799275382
3666 54903.898764103490976 92550.018173612363171
3666.5 54972.650009017692355 92629.449150316038867
3667 55040.614724706611014 92741.870834071247373
3667.5 55020.691502284062153 92734.609303415578324
3668 55012.040471319531207 92720.251706545561319
3668.5 55162.450354979708209 92924.47555635641038
3669 55084.437048708343355 92820.07135196152376
3669.5 55040.464623136533191 92773.136001201433828
3670 55041.042687413770182 92769.00985557452077
3670.5 54984.015260553511325 92717.159473060295568
3671 54868.002802022441756 92559.96154668975214
3671.5 54831.675910038553411 92524.928653327107895
3672 54930.264533840774675 92651.163784830947407
3672.5 55021.96710464177886 92774.394226745294873
3673 54980.167051313605043 92687.646631115931086
3673.5 55123.18798158554273 92909.351889760277118
3674 55154.89583111833781 92948.931053481384879
3674.5 55159.199437503571971 92928.802989337971667
3675 55248.63669074630161 93077.363865788545809
3675.5 55151.878466685404419 92965.567795908093103
3676 55135.380039048788603 92949.432995303635835
3676.5 55075.528065555481589 92886.368375694990391
3677 55134.444857121052337 93005.399701936723432
3677.5 55184.35346172608115 93060.200330506428145
3678 55098.823333776599611 92912.838821076642489
3678.5 55066.092455764461192 92886.817681837215787
3679 55087.998144833720289 92930.415238761910587
3679.5 55043.825327226935769 92877.634395875807968
3680 55013.862704247912916 92859.07617697052774
3680.5 55039.946271689223067 92888.799901813283213
3681 55157.474530051338661 93090.272445333030191
3681.5 55160.62415901580971 93044.713074257131666
3682 55062.368580776914314 92920.455613879297744
3682.5 55110.55073685428215 92983.693917843876989
3683 55213.823702639027033 93115.567275912835612
3683.5 55205.214853129429684 93134.416163679183228
3684 55170.556753366821795 93092.67432785865094
3684.5 55177.345274956242065 93106.208024383187876
3685 55184.234758513484849 93095.544252021369175
3685.5 55287.371583110201755 93257.761263259395491
3686 55273.999831816079677 93268.262667395742028
3686.5 55170.43179158095154 93113.149612118402729
3687 55071.246038913683151 93007.871572491771076
3687.5 55150.623022211620992 93141.616616848346894
3688 55180.956985049444484 93159.505694315899746
3688.5 55110.883110083705105 93076.949668067696621
3689 55168.236870951506717 93175.467844877886819
3689.5 55150.72069294629182 93161.312881096557248
3690 55065.309024408787081 93055.959866308796336
3690.5 55062.227392209337268 93059.30526360226213
3691 55130.18725212674326 93144.616668132279301
3691.5 55224.250871222458954 93256.797677819486125
3692 55161.82269204705517 93154.619990723746014
3692.5 55296.14713227008906 93358.031283120129956
3693 55344.904494267866539 93413.801008087102673
3693.5 55373.508447642729152 93473.909568887029309
3694 55374.835899785888614 93483.9110366787354
3694.5 55455.03973172615224 93594.342977880136459
3695 55419.802366965828696 93565.355272546396009
3695.5 55419.878466357760772 93565.254453358051251
3696 55321.680199342772539 93444.17935283711995
3696.5 55249.179661215093802 93362.523380135011394
3697 55216.501853696106991 93312.343915874065715
3697.5 55163.901670281891711 93256.300220414763317
3698 55196.605400582011498 93310.211151151394006
3698.5 55322.793157884058019 93499.337170242913999
3699 55356.235188847378595 93552.558211710012984
3699.5 55415.945279891187965 93609.888305163869518
3700 55420.331604243343463 93626.446183216190548
3700.5 55457.94500264756789 93670.531309926751419
3701 55326.123238865424355 93480.813201926808688
3701.5 55275.836781852085551 93439.113209485309198
3702 55430.881630514370045 93643.03601390591939
3702.5 55476.879513678781223 93719.588325614036876
3703 55463.478382197863539 93705.182195168206817
3703.5 55385.368687874346506 93595.948711677017855
3704 55378.86450586321007 93589.903391391926561
3704.5 55475.012290000464418 93711.860964491061168
3705 55432.889567244783393 93662.978380090818973
3705.5 55434.784455918706954 93687.945263455461827
3706 55418.057592848395871 93658.656082393936231
3706.5 55339.61231619555474 93553.264273994616815
3707 55326.232650105965149 93554.888933445909061
3707.5 55220.861519288169802 93415.934406931555714
3708 55299.83744601073704 93536.015518814805546
3708.5 55329.448520985097275 93581.47570975846611
3709 55264.410632016908494 93502.667099896410946
3709.5 55143.906720957587822 93353.386452464677859
3710 55247.769103217695374 93534.65608938744117
3710.5 55207.024811584480631 93495.615795300254831
3711 55143.62086058906425 93414.351591691389331
3711.5 55128.064585668173095 93423.176524919486837
3712 55126.822847531941079 93400.093907203787239
3712.5 55231.987628579670854 93568.322889927629149
3713 55175.150556386208336 93499.044862311246106
3713.5 55211.65814554841927 93559.153103253571317
3714 55173.196821188270405 93506.961266559796059
3714.5 55062.87179101833317 93335.068792487480096
3715 55186.011004687665263 93505.26686590583995
3715.5 55280.70025288760371 93638.146147729305085
3716 55208.098896392722963 93553.157417981608887
3716.5 55268.170820989449567 93644.370958891755436
3717 55316.883855312007654 93696.222855442218133
3717.5 55222.312693277002836 93567.795526028741733
3718 55238.51753259630641 93645.246308659174247
3718.5 55129.637935425103933 93492.872555804191506
3719 55169.988547585671768 93554.418022031197324
3719.5 55194.616119528451236 93592.633382158441236
3720 55126.385216784583463 93499.474988137968467
3720.5 55183.824309117524535 93585.489951415234827
3721 55258.089612756026327 93703.676458501679008
3721.5 55264.771304352849256 93723.061129704408813
3722 55205.421750658773817 93624.298623716516886
3722.5 55284.568831090466119 93721.776634191250196
3723 55360.305540075911267 93809.451790011851699
3723.5 55436.400970212380344 93939.454743692520424
3724 55463.314628396612534 94002.404579835827462
3724.5 55513.318479861052765 94043.16598578983394
3725 55404.03315000342991 93902.22614963426895
3725.5 55321.196690274889988 93873.360326280409936
3726 55190.184345721092541 93708.483938398960163
3726.5 55131.481934850853577 93657.794889794895425
3727 55090.426845392306859 93573.022565689461771
3727.5 55210.53771177426097 93773.144785364478594
3728 55107.431376524480584 93664.595675312055391
3728.5 54994.878703397203935 93518.283306511919363
3729 55075.552078021355555 93636.707369633339113
3729.5 55087.899317137358594 93621.806433300269418
3730 55171.167812400548428 93742.758894648490241
3730.5 55213.260602379181364 93810.187577661970863
3731 55208.35441312261537 93814.541367402649485
3731.5 55250.169079336003051 93870.966192708088784
3732 55202.926762366798357 93824.477162344526732
3732.5 55157.366706767628784 93775.868852641709964
3733 55200.406614480394637 93850.995357164385496
3733.5 55188.895087839053303 93836.606498469700455
3734 55252.992596388801758 93927.340001234697411
3734.5 55291.977239118088619 93980.023130780275096
3735 55224.154027720142039 93903.023803206669982
3735.5 55122.985585310438182 93759.531030667450977
3736 55160.196229835761187 93836.925887627003249
3736.5 55081.333972836153407 93708.940539649047423
3737 55134.565531303873286 93822.957888745018863
3737.5 55127.969094298998243 93825.019130355867674
3738 55177.509318376498413 93914.658690841068164
3738.5 55097.105992283009982 93817.679860569434823
3739 55130.962996624191874 93893.1428800739086
3739.5 55044.152092990785604 93745.578138403448975
3740 55124.091317135047575 93892.596708788449178
3740.5 55194.995386061811587 93990.376874617635622
3741 55216.423457674929523 94025.799712556283339
3741.5 55177.87829578883975 93917.643573696215753
3742 55266.809313362427929 94062.121216329702293
3742.5 55278.064018901168311 94066.845289457007311
3743 55256.70860350937437 94072.928633263974916
3743.5 55354.897834322786366 94209.505075976820081
3744 55349.315929338627029 94201.408825230595539
3744.5 55388.948431064920442 94281.033785826046369
3745 55258.04178810033045 94107.230840415868443
3745.5 55358.344386178177956 94264.868525100406259
3746 55271.133451817251625 94139.06187031805166
3746.5 55188.227322752318287 94035.022678724664729
3747 55189.137315907719312 94050.508569916608394
3747.5 55168.976756578726054 93993.341916880061035
3748 55198.533584068936761 94031.397919099559658
3748.5 55199.380878759926418 94059.339361486374401
3749 55219.520602000542567 94087.64044139732141
3749.5 55251.735382794526231 94112.532492786398507
3750 55290.33127509788028 94202.903915869857883
3750.5 55373.219555750176369 94327.589853216690244
3751 55300.734636044297076 94232.187803036853438
3751.5 55370.692360958921199 94322.245052362341085
3752 55416.167059973478899 94399.195815647806739
3752.5 55378.359797244615038 94379.406299968948588
3753 55276.886639624324744 94243.054030192477512
3753.5 55255.61923135399411 94203.770501105464064
3754 55312.631971203009016 94293.939462506779819
3754.5 55343.450619369235937 94348.098669910628814
3755 55243.271504469164938 94195.660686519709998
3755.5 55363.748362152844493 94365.008248647805885
3756 55351.799436759240052 94364.752039321174379
3756.5 55430.022427627089201 94487.248742556941579
3757 55329.885627551979269 94338.287614002285409
3757.5 55248.762311598060478 94221.215095123538049
3758 55261.350251993717393 94277.740924540295964
3758.5 55337.748998772833147 94378.574486473429715
3759 55369.117320551260491 94399.87094669250655
3759.5 55473.912535452771408 94549.635702992760343
3760 55531.439685731253121 94620.529508822815842
3760.5 55620.286890765339194 94775.206837728634127
3761 55647.798131692448806 94815.095353343436727
3761.5 55562.789060946808604 94673.572534167877166
3762 55447.151833467883989 94555.181763042564853
3762.5 55396.283472461065685 94485.260691991337808
3763 55507.422016177755722 94657.810387116813217
3763.5 55482.468797920715588 94650.975864037216525
3764 55451.204057988237764 94597.004205471661408
3764.5 55451.528774709549907 94619.469908682265668
3765 55319.556150276017433 94449.787646111275535
3765.5 55265.838297292895732 94394.245554423541762
3766 55195.259431189828319 94294.197283678367967
3766.5 55355.554534769005841 94539.218383781219018
3767 55340.666990952646302 94502.679080972346128
3767.5 55452.416218827791454 94658.750212047001696
3768 55426.858624477732519 94625.496537238723249
3768.5 55399.984859711934405 94579.831639227035339
3769 55413.735650367591006 94629.192800378470565
3769.5 55458.253378845409316 94696.578337390586967
3770 55321.557124210077745 94518.653573713527294
3770.5 55448.745921527544851 94724.654355953724007
3771 55367.198993657402752 94580.963229216169566
3771.5 55553.709708697613678 94863.658685553091345
3772 55581.711698759587307 94914.741230999628897
3772.5 55562.80179541985126 94932.210041959275259
3773 55363.601628814263677 94685.253306563085061
3773.5 55311.081953060929663 94632.805202925112098
3774 55306.585568805523508 94626.458162221009843
3774.5 55356.161364000872709 94675.754591065197019
3775 55494.800770065266988 94879.370069613301894
3775.5 55496.957733048679074 94905.16316205948533
3776 55478.309272913713357 94880.797362112789415
3776.5 55495.36593892196106 94893.224096089645172
3777 55624.810963966912823 95054.943941802237532
3777.5 55541.369568999289186 94944.292292167374399
3778 55632.179858274896105 95120.184630519259372
3778.5 55583.989461979617772 95039.701998464006465
3779 55568.899383683034102 95021.889339177345391
3779.5 55530.902752842441259 94973.490167624433525
3780 55537.53156053910061 94990.772069621016271
3780.5 55443.022724724913132 94874.038520457092091
3781 55430.860228271871165 94867.704482013097731
3781.5 55451.974626214621821 94892.436359450730379
3782 55450.201200515512028 94918.457228238548851
3782.5 55435.131821405331721 94896.169323711787001
3783 55429.921128053218126 94885.140343849212513
3783.5 55566.197839704262151 95097.615768091112841
3784 55475.954404672702367 94941.754482189004193
3784.5 55434.75770912149892 94904.476227278442821
3785 55579.956404306154582 95119.229022385537974
3785.5 55544.096701773632958 95082.602685223406297
3786 55457.291550857269613 94969.116627416820847
3786.5 55578.719146219373215 95146.209459239718853
3787 55506.385348504809372 95040.385693464850192
3787.5 55394.319275346533686 94905.292837293440243
3788 55291.745308780708001 94780.985855942824855
3788.5 55400.872889736056095 94963.166369507060153
3789 55510.427163949752867 95110.471664132273872
3789.5 55591.997830068714393 95190.618340019791503
3790 55675.499880412528 95315.674816951781395
3790.5 55520.201522463932633 95092.948649494413985
3791 55561.622500259960361 95149.085770544872503
3791.5 55577.475597319011285 95176.099993633775739
3792 55657.562531884323107 95278.179565085010836
3792.5 55670.516289113213134 95325.603146799723618
3793 55711.170365590100118 95382.156669497140683
3793.5 55677.366583179660665 95349.277385163048166
3794 55635.044496632923256 95281.864131200200063
3794.5 55642.854649161607085 95301.801931900758063
3795 55583.86848220747197 95263.302696256228955
3795.5 55422.403437845001463 95048.45408332493389
3796 55417.860349767855951 95053.300560638177558
3796.5 55518.851140896527795 95224.932571151221055
3797 55422.13399359012692 95090.472432576789288
3797.5 55482.074334709323011 95157.530904531027772
3798 55547.206476447419845 95248.29491685287212
3798.5 55631.391372486556065 95349.04409680335084
3799 55733.13177562191413 95516.14624439101317
3799.5 55792.973003180995875 95568.845677747012815
3800 55840.071508712921059 95661.736172129240003
3800.5 55886.445293103490258 95722.09004470196669
3801 55871.892456998881244 95696.716943959516357
3801.5 55956.006871653626149 95784.336913749604719
3802 56029.973224411471165 95889.437894619171857
3802.5 55987.811793335407856 95840.607248613217962
3803 55989.680710729327984 95847.885360654661781
3803.5 55916.844087338358804 95761.284262268338352
3804 55843.75780106397724 95631.738246222608723
3804.5 55841.066418354639609 95669.669392636060365
3805 55877.194681062574091 95756.928558181447443
3805.5 55783.916174897225574 95629.513632915477501
3806 55781.286102842350374 95620.919617241626838
3806.5 55877.16354084876366 95777.03720306433388
3807 56007.438405837638129 95970.758622056848253
3807.5 55950.994916636831476 95883.419834953616373
3808 55914.250441740245151 95861.658350716665154
3808.5 55808.419936172642338 95738.762725493055768
3809 55826.558892605353321 95773.578109101566952
3809.5 55755.322511084646976 95670.300758390978444
3810 55694.266381646339141 95591.430709123189445
3810.5 55742.072546516021248 95622.392070328744012
3811 55851.283255480870139 95758.899444824040984
3811.5 55925.973071265114413 95902.078423602084513
3812 55923.067570858445833 95881.445904847991187
3812.5 56009.929617867535853 95978.483330347909941
3813 55963.05868195011135 95904.194481755344896
3813.5 55933.725342771918804 95906.739604545640759
3814 55874.022574835886189 95840.130953956773737
3814.5 55845.96692449101829 95781.140387334788102
3815 55899.574815162079176 95884.556728820010903
3815.5 55930.947720866970485 95914.783556981623406
3816 55872.807059285660216 95867.75749333348358
3816.5 55783.485061299747031 95718.637719663704047
3817 55868.287788768626342 95852.49053477626876
3817.5 55759.371231705226819 95736.787132124634809
3818 55744.501579086376296 95714.526607635954861
3818.5 55750.757572738075396 95733.085634866729379
3819 55811.755206273897784 95809.447585135319969
3819.5 55792.66436185585917 95785.604500318702776
3820 55833.348094792287156 95860.761885766405612
3820.5 55903.533281271978922 95970.80664691425045
3821 55980.655609778383223 96065.364620320688118
3821.5 56047.523514096224972 96163.700631244442775
3822 56054.00774191981327 96180.68571134985541
3822.5 55980.370418350023101 96101.482750737064634
3823 55874.951340280553268 95959.590237002412323
3823.5 55927.87596368623781 96032.571558625160833
3824 56112.291436532403168 96315.254677927165176
3824.5 56152.735168965060438 96359.664596684538992
3825 56178.493337826752395 96394.09545197650732
3825.5 56299.508870518387994 96551.694235816015862
3826 56257.94385112382588 96488.487654787531937
3826.5 56193.333775620165397 96427.070891605166253
3827 56086.176284843233589 96284.51110726040497
3827.5 55935.128338482762047 96090.926060856203549
3828 55973.733011425552831 96167.546584055628045
3828.5 56011.646567824034719 96229.932565526498365
3829 56003.534316758807108 96247.206039068492828
3829.5 55936.672731822654896 96138.732452711410588
3830 55980.866356482561969 96185.07227712245367
3830.5 56038.588043150040903 96258.550606081378646
3831 56049.896275218088704 96278.549821107837488
3831.5 56185.992835843579087 96448.250714885187335
3832 56271.12754112255061 96572.422416092085768
3832.5 56285.450284628386726 96605.87227536411956
3833 56155.393400948414637 96439.662153971832595
3833.5 56087.40801507543074 96378.687547658890253
3834 56071.432514824715327 96376.899948145117378
3834.5 56048.600667212653207 96362.416653690714156
3835 55874.36185636841401 96113.420092047410435
3835.5 55912.285701129818335 96192.670417093351716
3836 55853.562885265135264 96168.042238492067554
3836.5 55717.266334992295015 95954.098567437933525
3837 55806.273069136725098 96054.831578151177382
3837.5 55859.134813581811613 96134.117914522139472
3838 55894.422918679905706 96180.068889956135536
3838.5 55941.915130608445907 96231.332434022478992
3839 56049.413511557628226 96366.34859313434572
3839.5 56194.240956181543879 96597.101652415702119
3840 56082.814408037018438 96448.381567036383785
3840.5 56068.394080428224697 96441.49767628943664
3841 56096.369207709438342 96498.524613898509415
3841.5 55976.057444171252428 96338.350340639735805
3842 55970.536429571504414 96341.574875897844322
3842.5 55988.144956287040259 96379.142258452702663
3843 55967.703415128205961 96363.418680269212928
3843.5 55926.712270898999122 96283.559909135889029
3844 55925.832763428123144 96329.711569394523394
3844.5 55949.236230527720181 96403.24075531217386
3845 55996.202011655615934 96426.990368609127472
3845.5 56093.614776352638728 96577.891771342270658
3846 56100.725376375579799 96604.594865024613682
3846.5 56011.317549109684478 96509.532893312862143
3847 55921.673039415254607 96382.021912675743806
3847.5 55941.88662892976572 96408.847869051198359
3848 55962.814993628715456 96431.129304531496018
3848.5 55924.321005029523803 96391.201856189334649
3849 56079.257435612817062 96603.885664609522792
3849.5 56023.580027752061142 96559.619929685228271
3850 56086.017466385979787 96689.80641590950836
3850.5 56021.457945836795261 96608.538236735286773
3851 55967.018017005131696 96496.470688163477462
3851.5 56142.915719339653151 96732.099236603098689
3852 56105.934201455951552 96646.242982358380686
3852.5 56162.129722052472061 96766.557120730562019
3853 56068.571014054046827 96638.296544115917641
3853.5 55991.376094096289307 96552.535395107028307
3854 55950.2021004777489 96509.563623679889133
3854.5 55948.772361746625393 96519.255791053685243
3855 56061.844151038079872 96651.801203351933509
3855.5 56018.298964432564389 96598.357349339537905
3856 56006.316270479728701 96585.740695296000922
3856.5 55997.500317341968184 96584.049345213599736
3857 55934.741444439336192 96486.06645137911255
3857.5 55983.822694778667937 96563.75862039673666
3858 56027.497230250068242 96616.537858897092519
3858.5 55998.948520598438336 96599.68005632222048
3859 55943.743978660582798 96524.927963929818361
3859.5 55920.684870750454138 96505.323509610519977
3860 55810.171106624547974 96364.763977590177092
3860.5 55864.160003331853659 96446.625656812655507
3861 55872.813097175639996 96431.638880436526961
3861.5 56010.158451419432822 96626.079861663369229
3862 56048.160701881657587 96692.915818532695994
3862.5 56114.701529402969754 96810.262652854653425
3863 56034.586277890630299 96679.961740669896244
3863.5 55976.677417405968299 96631.960817775296164
3864 55912.708254550867423 96511.475198954925872
3864.5 56060.412946572767396 96738.35826803818054
3865 56084.734486435161671 96771.25088272166613
3865.5 56203.471509655486443 96950.023879398213467
3866 56132.458981221418071 96874.915586956820334
3866.5 56119.16326277043845 96865.235729763327981
3867 56127.670846364730096 96902.361055456873146
3867.5 56119.235920564984553 96894.607599022390787
3868 56221.768293122564501 97055.878174021432642
3868.5 56111.749858798626519 96905.072211070320918
3869 56090.746351974579738 96884.842492149677128
3869.5 56042.401726897573099 96830.28612428723136
3870 56024.715408329342608 96792.119192196580116
3870.5 56134.197678703334532 96960.500210296915611
3871 56151.721783464068722 96971.525007867079694
3871.5 56297.084237827810284 97158.909982184821274
3872 56171.576964822867012 96970.282692508946639
3872.5 56266.699113626214967 97143.312735705825617
3873 56156.291686202319397 96988.522017095150659
3873.5 56099.51635530868225 96937.975657093542395
3874 56052.551066256506601 96857.814654784306185
3874.5 56174.091581294982461 97060.072160931566032
3875 56113.372466513101244 96980.953012789046625
3875.5 56100.176496863008651 97008.256867852353025
3876 56013.402642717614071 96885.069374068072648
3876.5 56059.009292127506342 96979.210933009584551
3877 56043.65562297476572 96957.852497729851166
3877.5 55991.896146725513972 96886.881443832418881
3878 56052.118881568552752 96944.634404441909282
3878.5 56121.948831617970427 97033.486564689868828
3879 56196.427246506915253 97171.331927544932114
3879.5 56293.023330228832492 97302.863704851042712
3880 56415.017798410503019 97470.224183945596451
3880.5 56348.615930024221598 97343.362212135165464
3881 56520.202445211078157 97601.984890547013492
3881.5 56482.099942783599545 97537.641359744942747
3882 56420.549849793736939 97477.6242581717961
3882.5 56277.216790020094777 97308.320847170485649
3883 56237.581539842532948 97233.917994673916837
3883.5 56141.438575881598808 97133.898726024315692
3884 56161.916535730742908 97203.59967511917057
3884.5 55996.295065414618875 96963.285156964891939
3885 56079.99356910194183 97083.435257344288402
3885.5 56060.120773370559618 97065.845905420821509
3886 56230.704600828503317 97299.606883067186573
3886.5 56298.263188904653362 97369.459740966500249
3887 56337.030475133229629 97429.414401105008437
3887.5 56349.89803307747934 97436.827754117664881
3888 56362.879431113891769 97479.428218322354951
3888.5 56403.819440105740796 97583.886611196547165
3889 56380.68843786927755 97531.138153917447198
3889.5 56244.530550739247701 97346.832933132522157
3890 56217.815702416824934 97353.793395267770393
3890.5 56201.14049981343851 97317.965644108175184
3891 56265.973481927081593 97446.157155527442228
3891.5 56233.971360121235193 97358.555851631128462
3892 56298.602606390108122 97473.898775117224432
3892.5 56163.767451850493671 97287.79647460882552
3893 56278.879235491527652 97462.693133863664116
3893.5 56249.401098909445864 97412.304959310742561
3894 56327.0685342768993 97545.984967708020122
3894.5 56165.623891128525429 97355.964636218661326
3895 56211.234800518250267 97415.556231251815916
3895.5 56222.864395774449804 97411.369762807546067
3896 56180.361918917194998 97414.5652145416243
3896.5 56108.009888967848383 97316.455435389827471
3897 56080.590248341861297 97316.188657954888185
3897.5 56092.14394431529945 97332.155827470385702
3898 55903.365294650022406 97067.805245310417376
3898.5 55905.127715829316003 97117.4448785319546
3899 55936.17410153443052 97168.710432872190722
3899.5 56089.54235740344302 97364.64450521019171
3900 56200.808948901067197 97527.119102432581712
3900.5 56162.041579861819628 97457.885076234364533
3901 56073.526448225820786 97348.361631209554616
3901.5 56121.985170485313574 97411.854662902464042
3902 56040.141798309792648 97323.816316930766334
3902.5 56178.901198687606666 97472.065558019472519
3903 56297.712598400466959 97652.74153846205445
3903.5 56290.033079935165006 97680.073809974084725
3904 56136.491225979363662 97451.235451847111108
3904.5 56271.858870813382964 97652.827358261798508
3905 56228.608821760150022 97594.265321151397075
3905.5 56120.419043429370504 97445.434742613433627
3906 56084.28152775093622 97402.468550345569383
3906.5 56238.460433487169212 97649.164957891669474
3907 56238.374392508463643 97644.768113450219971
3907.5 56350.512063623042195 97799.606208591198083
3908 56312.897912475702469 97739.598601434860029
3908.5 56421.083659159783565 97887.938951308940887
3909 56390.433879764139419 97838.202053605185938
3909.5 56406.195220531371888 97907.411912654395564
3910 56415.061737239469949 97881.717707199451979
3910.5 56442.301849774965376 97924.648742247445625
3911 56369.978904152783798 97832.880819686950417
3911.5 56359.174497462088766 97841.403898271382786
3912 56376.667364267763332 97905.463726390502416
3912.5 56309.108850078409887 97835.134137309680227
3913 56235.006668748959783 97713.619532797209104
3913.5 56194.852837751990592 97711.447645936190384
3914 56142.452507958558272 97655.57501006925304
3914.5 56032.945371390880609 97514.62670983512362
3915 56062.832740046243998 97572.968727719795424
3915.5 56135.042257255518052 97724.661199713809765
3916 56023.470684968655405 97542.360736126502161
3916.5 56029.799085985010606 97591.088762579980539
3917 56121.119169322024391 97742.840224550294806
3917.5 56090.249036237619293 97711.674085297869169
3918 56109.754814183070266 97710.510780982105643
3918.5 56084.693587773377658 97713.594892275315942
3919 56055.358289062605763 97657.445884299580939
3919.5 56086.32508435031923 97688.320598176884232
3920 56117.038835564322653 97733.118152913622907
3920.5 56129.245271333849814 97733.327065983714419
3921 56266.513067895852146 97963.399265101266792
3921.5 56251.896715746312111 97940.222470664230059
3922 56159.304810400171846 97794.093183646473335
3922.5 56290.071029164333595 97984.713659485598328
3923 56393.90243428535905 98113.891568822553381
3923.5 56512.135059043146612 98281.964554998106905
3924 56455.080499849624175 98193.458669283660129
3924.5 56420.300575893808855 98177.380969109304715
3925 56411.099139776306401 98162.879890368916676
3925.5 56531.233260170498397 98323.560801363826613
3926 56372.007651074389287 98104.800633893275517
3926.5 56304.698830932669807 98038.853510620276211
3927 56235.877904049186327 97958.36397199750354
3927.5 56106.23391347991128 97775.096590361543349
3928 56264.111006873230508 98008.588599460534169
3928.5 56267.948910357437853 98002.136394612723961
3929 56207.862677559933218 97917.902904495611438
3929.5 56256.166650721643236 98000.855693848803639
3930 56295.653528468108561 98034.505232799012447
3930.5 56218.69050450692157 97937.54658667233889
3931 56330.586542872209975 98131.997149100789102
3931.5 56377.450537410244578 98210.60173986715381
3932 56145.720806677833025 97864.524755902049947
3932.5 56257.795818040860468 98016.949574161713826
3933 56338.805636690660322 98135.426257543105748
3933.5 56299.887242442084244 98081.496661386394408
3934 56282.024782005886664 98039.003831722598989
3934.5 56400.321069468744099 98205.442201276979176
3935 56378.586460185375472 98177.976870697675622
3935.5 56292.570574876881437 98084.549770680925576
3936 56174.342931101738941 97932.064806193142431
3936.5 56308.664310033367656 98140.819692264660262
3937 56365.270248487264325 98195.722605193630443
3937.5 56347.208539319661213 98178.815107915361295
3938 56293.6726820542317 98100.214842595683876
3938.5 56257.623408969397133 98063.990143543604063
3939 56300.831503906127182 98127.084623649818241
3939.5 56286.659231695208291 98108.826009930213331
3940 56404.21073466524831 98265.363650683793821
3940.5 56458.739830014746985 98359.693528354851878
3941 56448.592670709207596 98336.764310928949271
3941.5 56518.232656057378335 98454.281424628483364
3942 56542.249766521039419 98487.017652039910899
3942.5 56546.38736267148488 98466.335095437985728
3943 56551.55359527458495 98470.585620737809222
3943.5 56543.066919497381605 98456.949864316920866
3944 56610.901600235032674 98571.667267919474398
3944.5 56560.816630413733947 98510.780555283519789
3945 56596.828673782896658 98565.732629219259252
3945.5 56593.973034658520191 98570.525035285143531
3946 56621.636846112101921 98663.455048332907609
3946.5 56538.253556486342859 98529.294745950668585
3947 56544.075250177571434 98562.27207213222573
3947.5 56478.36729550655582 98479.498535220394842
3948 56475.921030603756662 98460.296346655202797
3948.5 56449.761426066463173 98458.800907735043438
3949 56367.914547323940496 98342.78310325340135
3949.5 56457.985146079001424 98483.185826375323813
3950 56522.243501544653554 98583.105911709586508
3950.5 56578.272561530255189 98663.972267431134242
3951 56581.249161727166211 98637.228549042294617
3951.5 56549.552073848288273 98606.224848267651396
3952 56663.04192043148214 98771.300746961031109
3952.5 56744.384292561589973 98876.843200391056598
3953 56733.129495745233726 98896.184033667421318
3953.5 56561.571027328558557 98633.113656297529815
3954 56547.222352191412938 98622.256672739167698
3954.5 56544.927304654396721 98638.063057136823772
3955 56574.088417931678123 98691.325684322859161
3955.5 56587.103304284974001 98714.196817939533503
3956 56709.689915297691186 98876.040962404047605
3956.5 56615.018594199282234 98717.521833446196979
3957 56614.563960310166294 98729.845458774332656
3957.5 56738.417307040916057 98936.395174271950964
3958 56669.562849419387931 98848.747488268185407
3958.5 56613.938616546758567 98777.927024110555067
3959 56620.379551788748358 98796.022444457310485
3959.5 56607.18278303281113 98770.565175900570466
3960 56592.804221016398515 98775.935487049195217
3960.5 56702.545102051342838 98920.688663508219179
3961 56619.215444639499765 98808.71911084005842
3961.5 56623.02312160137808 98822.466518440967775
3962 56707.426579996390501 98940.694316561697633
3962.5 56772.426345116364246 99022.321391238539945
3963 56840.928766252392961 99125.662802675331477
3963.5 56806.045136364504287 99108.164358507958241
3964 56712.140216460924421 98952.614805494493339
3964.5 56783.525682319195766 99082.725586353146355
3965 56793.022419447610446 99077.85146238913876
3965.5 56849.001936793560162 99176.055393933638697
3966 56785.557460125754005 99114.517903998857946
3966.5 56816.714901680825278 99150.64053144751233
3967 56871.536678278600448 99231.542362506268546
3967.5 56984.234964371979004 99381.590286991966423
3968 57035.883811871215585 99441.815352263482055
3968.5 57025.845032471857849 99433.442417610916891
3969 57025.697415060043568 99442.414519581609056
3969.5 57044.025653677446826 99483.590332271429361
3970 57061.844068265796523 99486.236414734550635
3970.5 57147.346103598632908 99604.55691382290388
3971 57187.027340760170773 99666.66960460988048
3971.5 57099.112513114137982 99562.839067797656753
3972 57006.297669359810243 99480.518411387325614
3972.5 57002.739356671874702 99487.822291232732823
3973 57019.453309821758012 99521.061458668060368
3973.5 57015.433679019100964 99514.786673954105936
3974 56975.752147949053324 99482.71423856994079
3974.5 56817.366757832016447 99264.314137534063775
3975 56773.918243415966572 99250.36608690477442
3975.5 56717.069847397928243 99169.908628296660027
3976 56825.775714237694046 99339.817772392663755
3976.5 56827.477224623085931 99338.744239530715276
3977 56851.118302263217629 99362.369352518886444
3977.5 56907.894900523860997 99490.437646641701576
3978 56964.926764513096714 99560.297994399632444
3978.5 56842.675235897309904 99396.36350376723567
3979 56821.370468968067144 99399.354980190604692
3979.5 56695.255883354293474 99242.483779147907626
3980 56707.892778665387596 99290.887773953858414
3980.5 56677.792519518894551 99247.752935771495686
3981 56566.50194141092652 99106.269090988178505
3981.5 56603.533869295279146 99162.416156526829582
3982 56580.037338833841204 99116.881016246130457
3982.5 56643.392616635785089 99184.682840273264446
3983 56664.140345097832324 99239.732467475056183
3983.5 56529.003562727622921 99039.10738217952894
3984 56623.352090952976141 99188.584929849035689
3984.5 56617.424854630000482 99197.841673700648244
3985 56661.931026547230431 99255.835904123174259
3985.5 56629.751147710143414 99227.081908270381973
3986 56651.564797882092535 99241.056783423991874
3986.5 56740.136029753928597 99380.591225208117976
3987 56735.770093236293178 99375.629810076192371
3987.5 56774.902864456962561 99401.106790608624578
3988 56771.221584086946677 99411.310681963237585
3988.5 56825.574340744307847 99495.433840861514909
3989 56849.057883249341103 99508.86349762629834
3989.5 57006.09036517408822 99738.602127616424696
3990 57022.83696850106935 99740.434805885728565
3990.5 57047.299665126869513 99770.258936041180277
3991 57075.471846267377259 99823.849124146334361
3991.5 57131.012253131266334 99886.016071749472758
3992 57030.720978475110314 99759.720216842659283
3992.5 56882.90124553575879 99568.011125696531963
3993 56868.875159561779583 99551.430504887743155
3993.5 56898.101302032329841 99611.147170884680236
3994 56831.455515462068433 99538.044882451024023
3994.5 56774.779357175335463 99476.650852895647404
3995 56806.46551354330586 99539.629474482208025
3995.5 56741.6747207257431 99488.72031170813716
3996 56746.595089610287687 99500.554846546117915
3996.5 56689.893544388236478 99438.53048112236138
3997 56617.317396516991721 99367.775041945264093
3997.5 56520.500966002960922 99258.453946657464257
3998 56651.158738968952093 99490.209444541382254
3998.5 56703.748302792650065 99519.029302004797501
3999 56724.090411239958485 99562.006325611349894
3999.5 56669.381740887831256 99461.071820452081738
4000 56648.67374520903104 99440.126039313225192
4000.5 56673.848357968265191 99481.853779211902292
4001 56740.509816087578656 99546.417800724695553
4001.5 56685.615019888187817 99462.944279496456147
4002 56770.859704285765474 99596.3892565696151
4002.5 56810.043998016102705 99631.138827804737957
4003 56952.836485705585801 99851.122707517759409
4003.5 57000.558855701186985 99907.415506266115699
4004 57082.811144279890868 100025.12739807611797
4004.5 57118.633507598933647 100051.07995839124487
4005 57160.411341204526252 100104.61689752966049
4005.5 57246.048297610323061 100244.49835459457245
4006 57318.195189559279243 100325.6363751165627
4006.5 57329.516287437087158 100372.48567484271189
4007 57254.58296958576102 100295.02098973278771
4007.5 57142.006026511313394 100157.91201873516547
4008 57154.674791780053056 100182.50304537637567
4008.5 57040.821204085339559 100016.05897808315058
4009 57007.952915976071381 100024.60700371355051
4009.5 57015.227577483885398 100041.59874653744919
4010 56999.587262530105363 100032.42900576912507
4010.5 57022.797399788840266 100085.88498392394104
4011 56941.584089607640635 99952.799025115906261
4011.5 57046.702139770568465 100098.75642033045006
4012 57069.520241317019099 100148.46069514509873
4012.5 56996.596102309071284 100046.67089589546958
4013 57006.031712797775981 100104.14301834312209
4013.5 56910.913466886384413 99972.540735296643106
4014 57026.065543012984563 100132.73286596595426
4014.5 57108.053614336880855 100249.00548948200594
4015 57142.366417302910122 100293.701305476774
4015.5 57128.597682186460588 100274.53347016817133
4016 57184.084548752238334 100346.86708032092429
4016.5 57278.864106745233585 100485.91174448502716
4017 57153.08299052635266 100335.63500265733455
4017.5 56993.323582271172199 100172.65778413364023
4018 57021.717339486924175 100206.35065593126637
4018.5 56913.153191170575155 100070.79901988612255
4019 56942.783245442718908 100088.95614756361465
4019.5 57033.850884907122236 100237.85333138647547
4020 57067.730064772295009 100298.48419086818467
4020.5 57030.07746958653297 100249.86023677777848
4021 57064.447206998622278 100326.91657102004683
4021.5 57012.709493882473907 100262.45346328086453
4022 57008.209415535326116 100245.2053336428944
4022.5 57157.118891930185782 100456.15042353846366
4023 57230.499387120136817 100567.11644229896774
4023.5 57234.666008104562934 100559.1737308428128
4024 57143.175274327615625 100446.92252891029057
4024.5 57287.685297896219708 100661.95459936240513
4025 57298.643106831506884 100660.89916501275729
4025.5 57178.199720465512655 100491.44098050692992
4026 57116.918304198508849 100409.6055057625781
4026.5 57288.795980472837982 100663.38104056476732
4027 57254.770348019890662 100577.96290743981081
4027.5 57243.182945722270233 100575.68821114297316
4028 57245.720825604796119 100611.48275737797667
4028.5 57106.427811426648987 100418.84974895358027
4029 57346.887256181944394 100767.70172232680488
4029.5 57318.638662433600985 100699.9962603518652
4030 57450.263199568667915 100884.4564685325895
4030.5 57563.19824588616757 101063.72833116634865
4031 57576.414092864142731 101054.16645366883313
4031.5 57525.375432400927821 100988.59952133097977
4032 57425.287482375359104 100834.19246126014332
4032.5 57356.12672604186082 100773.53172209944751
4033 57367.6214730181091 100785.42867640775512
4033.5 57657.693626481835963 101219.67129788463353
4034 57600.809524334683374 101087.37436408715439
4034.5 57625.328668130678125 101155.8027187994885
4035 57551.183641786577937 101098.55141599409399
4035.5 57525.218676495089312 101083.42882414002088
4036 57403.066260165200219 100938.61463493882911
4036.5 57369.839347614797589 100906.22251759799838
4037 57339.396938627571217 100865.37103163762367
4037.5 57309.97288910158386 100828.87433660840907
4038 57196.312172251833545 100685.49270424434508
4038.5 57133.921317577784066 100585.24474556700443
4039 57238.441943998419447 100734.91622365161311
4039.5 57332.866380629769992 100841.07000469991181
4040 57357.741317465239263 100897.19766789845016
4040.5 57430.558527748362394 100963.24490324297221
4041 57684.519952091497544 101325.96817715102225
4041.5 57741.501068919104 101424.07611671852646
4042 57779.293612645145913 101452.27577054708672
4042.5 57723.932757619739277 101394.86389724563924
4043 57683.252377987395448 101340.138921456557
4043.5 57784.207002361290506 101476.69497405635775
4044 57726.697460627925466 101443.92412091167353
4044.5 57790.489529717553523 101531.78006079717306
4045 57744.557665118212753 101479.428531074489
4045.5 57753.066432601910492 101496.3536010873795
4046 57861.074197677153279 101670.77806678079651
4046.5 57849.799948880689044 101636.43228948448086
4047 57970.528835882651038 101813.21633943222696
4047.5 58047.406457416553167 101923.33339595874713
4048 57966.69714285783266 101787.14003678457811
4048.5 57946.702458161926188 101791.87432322450331
4049 57892.86127120591118 101728.50469062030606
4049.5 57874.845768241175392 101717.23808118683519
4050 57937.65743130739429 101794.20469998962653
4050.5 58020.050016837274597 101905.86229946561798
4051 57963.801706278107304 101804.41623374816845
4051.5 57938.474979471997358 101761.47285398951499
4052 58047.86273509975581 101927.36079218522354
4052.5 58074.439341275021434 101994.48268196433492
4053 57998.773815109780116 101886.78971794829704
4053.5 57988.253971864236519 101854.8513772997394
4054 58039.795358102761384 101952.8286706302606
4054.5 57928.632955470704474 101819.17592861254525
4055 57799.539469211966207 101651.00722593028331
4055.5 58015.371625604435394 101978.01487375235592
4056 57962.557944252221205 101875.40923858805036
4056.5 57923.825054696520965 101821.61526375263929
4057 57888.018274756344908 101806.43175829594838
4057.5 57872.374277292532497 101813.74768828312517
4058 57885.011341703946528 101838.9237657210615
4058.5 57846.420174652295827 101799.00960316034616
4059 57890.038024596273317 101846.49271740781842
4059.5 57953.406581887691573 101962.11390266563103
4060 57889.734273542148003 101884.05716051631316
4060.5 57703.214724540070165 101617.32781753547897
4061 57768.938810041072429 101755.57774310970854
4061.5 57796.178492251136049 101784.95925587389502
4062 57846.430913687923749 101868.26733487319143
4062.5 57906.966902247986582 101939.72466110734968
4063 57840.915645154491358 101857.94819631057908
4063.5 57779.882711074555118 101738.26203209871892
4064 57897.488312977759051 101898.14659138840216
4064.5 57956.704005387087818 102014.03130998251436
4065 57964.616295979722054 101989.23389607477293
4065.5 58094.678108962973056 102201.77369833091507
4066 58035.723988186386123 102142.75955814462213
4066.5 57997.267231910729606 102072.66178256609419
4067 57843.501050636550644 101861.46279284397315
4067.5 58080.399194778394303 102240.11193261011795
4068 57928.693139198912831 102003.5666681099101
4068.5 58014.296916713334213 102141.14941128523787
4069 58061.465347641329572 102212.69931335057481
4069.5 57948.629634358214389 102049.54583437669498
4070 57904.675431978903362 101985.55014831287554
4070.5 57834.635263701035001 101905.57023438779288
4071 57811.224203078338178 101881.17197317209502
4071.5 57759.013532167104131 101826.06446365044394
4072 57683.866407319350401 101726.58754516269255
4072.5 57716.735877035564044 101812.69312197138788
4073 57791.612634286771936 101894.21664466771472
4073.5 57947.007275248382939 102106.60523513569206
4074 57993.949477553294855 102161.72447600736632
4074.5 58042.344398666704365 102253.80200243645231
4075 58011.817759860707156 102193.92256787502265
4075.5 58060.686813789361622 102254.40987683460116
4076 58164.53636280255887 102388.66938302967174
4076.5 58156.371382992459985 102343.98942983188317
4077 58299.29753981174872 102589.27499944661395
4077.5 58192.735860411754402 102408.74389515037183
4078 58166.033354572973622 102388.44852965850441
4078.5 58127.068535163336492 102364.64582271307881
4079 58108.566522687957331 102338.33251994222519
4079.5 58153.344821860533557 102406.28173605732445
4080 58282.639465643609583 102587.87447649010574
4080.5 58250.62350681956741 102546.2388058295619
4081 58401.40974107162765 102789.8468907278002
4081.5 58217.802496267308015 102537.58211994546582
4082 58118.65618528574123 102398.20151048855041
4082.5 58261.909111258617486 102627.50861418324348
4083 58253.230228365951916 102599.94191717775539
4083.5 58397.666794227152423 102793.78174782455608
4084 58403.440722046441806 102819.85027179832105
4084.5 58459.864930556774198 102879.31607773755968
4085 58649.221628551502363 103161.69836350913101
4085.5 58524.749963095855492 102965.76154307584511
4086 58557.28645440407854 103047.22434478193463
4086.5 58483.8741596930995 102948.73642416126677
4087 58400.614103799511213 102855.60378596665396
4087.5 58473.536091850510275 102961.70046591413848
4088 58450.853016718036088 102962.31634033704177
4088.5 58464.709617391934444 103001.25128676641907
4089 58354.473267247194599 102867.39393568044761
4089.5 58359.292128122615395 102888.08907024639484
4090 58247.374525163271755 102745.19859455760161
4090.5 58223.911228787532309 102709.32287742363405
4091 58099.906675679165346 102542.76959994803474
4091.5 58109.147496016288642 102568.11878698447254
4092 57991.696209784582607 102424.31488746929972
4092.5 57932.355772352442727 102358.75059994315961
4093 57935.352699884133472 102373.15439762380265
4093.5 58032.267507670840132 102504.98394394550996
4094 58155.925861283263657 102634.47464113180467
4094.5 58250.782852418138646 102801.25750298005005
4095 58273.718340878098388 102816.01583090019994
4095.5 58377.723210419404495 102940.92114769321051
4096 58475.846929952444043 103072.60434045664442
4096.5 58585.4682971115908 103208.43135071601137
4097 58778.723299433244392 103490.87648903961235
4097.5 58782.289146725022874 103494.37682713863614
4098 58849.380183097477129 103557.18392479971226
4098.5 58764.363066344136314 103447.87883914759732
4099 58845.852472574515559 103588.56181238971476
4099.5 58807.191214652259077 103541.67051817882748
4100 58791.33623568132316 103518.52306361518276
4100.5 58842.362261772555939 103587.68114042053639
4101 58751.4266750407769 103506.99107934515632
4101.5 58561.334379313477257 103255.35690798063297
4102 58516.73952674298198 103195.0183225061337
4102.5 58375.079900577125954 103008.38845521378971
4103 58394.148490410312661 103060.62982670978818
4103.5 58479.83680169346917 103202.49458678506198
4104 58480.254181645017525 103210.26146644160326
4104.5 58415.806622659569257 103129.98332506381848
4105 58394.616707979534112 103085.6003476526239
4105.5 58441.72537482912594 103148.7075837051525
4106 58546.161951774454792 103268.56614421501581
4106.5 58730.232968428514141 103525.89333219562832
4107 58745.129065866152814 103557.32956000440754
4107.5 58822.595983944127511 103666.5539095493732
4108 58722.529272867650434 103544.51453561229573
4108.5 58607.055386427266058 103375.73550938043627
4109 58568.619400992771261 103342.60209512661095
4109.5 58531.940905574498174 103316.90063892454782
4110 58522.955956256773788 103317.58203735131247
4110.5 58575.0300286837155 103404.51286705007078
4111 58454.228334678082319 103216.94154246937251
4111.5 58493.551325670101505 103288.79023509054969
4112 58569.209181906851882 103404.20216874431935
4112.5 58500.60971103348129 103297.97651631270128
4113 58436.090604936165619 103226.50961705205555
4113.5 58525.538752873057092 103329.90089197624184
4114 58399.911279207088228 103168.75948621187126
4114.5 58338.023828320729081 103084.49034449002647
4115 58494.06448112889484 103303.68672518407402
4115.5 58566.450425465227454 103414.89058029686566
4116 58543.168547042136197 103368.55546439388127
4116.5 58530.097046277478512 103368.4941049789777
4117 58513.576311679520586 103364.69273097584664
4117.5 58542.90157696006645 103402.03611384160467
4118 58572.945430316700367 103464.77490494884842
4118.5 58534.936669602495385 103346.38544340492808
4119 58590.995478912875114 103448.87079412702587
4119.5 58633.635932016448351 103503.06341060063278
4120 58663.119237415499811 103572.64232070717844
4120.5 58595.13161380137899 103465.26132114646316
4121 58522.368066934192029 103377.78942457631638
4121.5 58628.796243599172158 103554.84623974152782
4122 58591.559701449565182 103526.06904271927488
4122.5 58471.352376562957943 103388.72147966254852
4123 58512.082260918963584 103445.09480455309676
4123.5 58544.772736096507288 103487.6022063462151
4124 58522.926133245229721 103481.51823196290934
4124.5 58435.291762804125028 103372.37273623292276
4125 58248.154538997892814 103109.89057343450258
4125.5 58444.13785136808292 103433.00552081096976
4126 58531.416089011006989 103536.06421951649827
4126.5 58404.785795515606878 103345.45113978510199
4127 58366.222717938755522 103314.12072276408435
4127.5 58411.564932061264699 103407.34940426806861
4128 58432.585765827934665 103442.63271892858029
4128.5 58547.75471336019109 103594.69170782793663
4129 58743.121219380365801 103905.00798140624829
4129.5 58755.127302566470462 103895.24246936354029
4130 58873.018209819063486 104055.41158670891309
4130.5 58853.64767693750764 104051.45364654177683
4131 58866.134107183352171 104066.10225201638241
4131.5 58929.478145581153512 104152.18032940395642
4132 59038.317759093028144 104299.26287129193952
4132.5 59169.020289825297368 104466.72452020883793
4133 59268.878071238279517 104610.67784772861341
4133.5 59230.84092591785884 104553.72752186469734
4134 59186.33638921873353 104505.92819718903047
4134.5 59251.155197669650079 104588.30274015748
4135 59283.297438439498364 104657.71327982327784
4135.5 59310.483005623464123 104716.44186905669631
4136 59268.05607379518915 104663.11887548444793
4136.5 59128.792147719301283 104496.32374926292687
4137 59045.954044169622648 104386.37418751233781
4137.5 59005.608358550322009 104349.32930879537889
4138 58811.529440202393744 104069.42018271370034
4138.5 58896.015310457871237 104211.12531694387144
4139 58905.356581648775318 104226.08396005292889
4139.5 58870.528204313166498 104187.79427130137628
4140 58833.370766448882932 104155.57951375664561
4140.5 58771.889806775820034 104110.79102180030895
4141 58778.288435888884123 104135.92671382095432
4141.5 58689.467048483267718 103985.48808854860545
4142 58751.04575099646172 104051.84289456954866
4142.5 58615.840197735742549 103863.45904027750657
4143 58488.301906957683968 103711.15536734022317
4143.5 58501.676371780820773 103735.72367470593599
4144 58605.385629986383719 103876.51105463107524
4144.5 58646.62525266152079 103932.88522592230584
4145 58673.552378117754415 103970.85945513103798
4145.5 58694.212464348493086 103963.09997321625997
4146 58813.941015187025187 104127.50188892366714
4146.5 58883.20008553894877 104203.87304046930512
4147 58914.212598179372435 104263.68478019558825
4147.5 59079.058342928503407 104484.06586086025345
4148 59104.020400014458573 104528.90345482432167
4148.5 59069.270879030875221 104456.26928321499145
4149 59124.538980347468168 104580.66858603114088
4149.5 59049.38493594081956 104486.30257128980884
4150 59135.955269725207472 104600.00452316270093
4150.5 59230.759827652029344 104737.09118498544558
4151 59284.554712783472496 104846.57742244398105
4151.5 59164.207034152859706 104650.11182269678102
4152 59312.628248850429372 104875.6786592524586
4152.5 59252.713871365609521 104803.33175306630437
4153 59175.117044484170037 104698.19405205718067
4153.5 59092.630798609592603 104642.82256779253657
4154 58967.335027038541739 104454.74341211651335
4154.5 59094.556941146525787 104650.75356496586755
4155 59178.839003387271077 104772.57000931918446
4155.5 59185.928095070281415 104792.74936196854105
4156 59234.357929211415467 104865.63222022091213
4156.5 59355.634321908772108 105045.14604894169315
4157 59350.935159460721479 105023.34665012496407
4157.5 59412.678148593018705 105131.31515945396677
4158 59194.163176547459443 104837.01846041137469
4158.5 59204.607554561633151 104870.10231209053018
4159 59188.293509808179806 104871.1512441275263
4159.5 59021.144431049186096 104602.96757733578852
4160 59003.829174543650879 104642.06095886624826
4160.5 59002.019122387784591 104632.12339745234931
4161 59105.899303499485541 104786.24813948399969
4161.5 59037.066193813676364 104698.391943051829
4162 59212.147546149528353 104958.91062558880367
4162.5 59118.400194158712111 104801.82569524979044
4163 59121.081731866150221 104778.63342840934638
4163.5 59074.856040053047764 104733.30935530763236
4164 59119.553487272722123 104800.20125828779419
4164.5 59228.434306392337021 104975.9228100013861
4165 59264.108026622874604 104996.20360549607722
4165.5 59245.446224393053853 104958.63472294727399
4166 59267.326501721334353 104987.67609662322502
4166.5 59285.608411653716757 105041.68115387066791
4167 59483.343327260219667 105322.45784133636334
4167.5 59331.179432269425888 105104.31541937991278
4168 59412.467576845352596 105230.59731534624007
4168.5 59346.278225539914274 105169.79650271615537
4169 59441.475301711048814 105309.80722566190525
4169.5 59369.016878262911632 105189.68994598054269
4170 59419.176922647799074 105281.54147086398734
4170.5 59361.05441180098569 105198.0539934647386
4171 59403.550382216126309 105293.4312841227802
4171.5 59320.081690998500562 105184.11220723642327
4172 59468.026204650333966 105378.24630007272935
4172.5 59455.94044871369988 105349.61984376583132
4173 59631.253704474438564 105633.47715167318529
4173.5 59626.93324301361281 105607.1539777276339
4174 59531.953947995658382 105475.17060507937276
4174.5 59435.885360827662225 105328.28492662670033
4175 59631.573407713738561 105617.32159528766351
4175.5 59673.887071024124452 105679.5981424790516
4176 59576.490457510386477 105571.66764336205961
4176.5 59476.121958428404469 105423.10986345892888
4177 59610.378149759300868 105633.95603618731548
4177.5 59552.345859716268023 105562.93052182086103
4178 59434.354393822875863 105394.24096727384313
4178.5 59396.625034669399611 105330.72482744586887
4179 59538.65537039568153 105557.57514586497564
4179.5 59496.105008670427196 105479.88261638736003
4180 59361.950702670321334 105313.45399753187667
4180.5 59293.137873755360488 105204.16320630497648
4181 59482.495867312027258 105506.54139923010371
4181.5 59482.368887024145806 105554.68692207417917
4182 59452.041376419714652 105507.35393966994889
4182.5 59277.974198998272186 105257.98223416911787
4183 59167.413850741671922 105121.56680317761493
4183.5 59186.765952678608301 105159.06822995413677
4184 59132.119427911078674 105096.53991664465866
4184.5 59146.051852179902198 105126.06600561770028
4185 59142.996028092995402 105104.47879435180221
4185.5 59140.290985566658492 105118.4922475953208
4186 59207.735853886042605 105229.71733548953489
4186.5 59291.130925623685471 105319.48752313038858
4187 59297.00365058920579 105329.03495298567577
4187.5 59400.481091169727733 105499.05247876554495
4188 59357.110976329837285 105435.82745216212061
4188.5 59320.83944495486503 105395.39516233243921
4189 59429.102741726215754 105564.92432375326462
4189.5 59442.571824119520898 105579.65116516877606
4190 59450.28303045242501 105593.60838211605733
4190.5 59324.606483673902403 105435.3440687811817
4191 59204.968793669489969 105281.63629208310158
4191.5 59194.587051162678108 105281.21667954648728
4192 59256.839480592338077 105385.06280559417792
4192.5 59378.889527412720781 105552.03298279395676
4193 59407.705451521309442 105620.2493208826636
4193.5 59252.670941071279231 105396.29137009808619
4194 59465.131318128573184 105722.9822529036901
4194.5 59347.216927861882141 105544.79955588604207
4195 59322.933677730281488 105488.29073812089337
4195.5 59422.390679281532357 105672.10500016588776
4196 59489.792038204053824 105743.29645285700099
4196.5 59398.5559561712289 105642.65562745071657
4197 59304.967736772661738 105500.28477533414843
4197.5 59272.312639402662171 105486.00283988418232
4198 59331.781478514240007 105563.58268510685593
4198.5 59396.030206973620807 105663.07727689505555
4199 59468.29829957493348 105745.4180997008516
4199.5 59433.046108296177408 105720.28908409496944
4200 59531.66192519039032 105871.65750808510347
4200.5 59498.373716315640195 105819.12103437155019
4201 59403.44365654556168 105711.92603609255457
4201.5 59521.337368536012946 105871.17210836653248
4202 59510.448221734011895 105846.49025930078642
4202.5 59471.337648427055683 105807.1744272835349
4203 59434.830561826172925 105773.16176517738495
4203.5 59280.644743599426874 105572.74283369924524
4204 59281.394185921053577 105596.95654478076904
4204.5 59366.503794333679252 105723.10472812209628
4205 59417.480216780422779 105792.3458650893881
4205.5 59493.43936686158122 105895.82376676349668
4206 59566.65673140736908 106026.59961007528182
4206.5 59560.865994845611567 106005.69985041525797
4207 59408.5483793942185 105758.58259612848633
4207.5 59445.122971193370176 105838.28915484737081
4208 59552.703430128865875 105995.07722268073121
4208.5 59537.134927196719218 105944.07365967243095
4209 59564.269503959330905 106029.69611342535063
4209.5 59490.823815306859615 105918.25763160180941
4210 59466.64150698499725 105910.24996750350692
4210.5 59339.212675120637869 105730.27591507381294
4211 59356.614005793431716 105758.92308462990331
4211.5 59457.708628090658749 105911.90287291143613
4212 59420.856481085509586 105875.68537781419582
4212.5 59481.185720712470356 105954.02345964808774
4213 59489.871642527308722 106001.5164323378267
4213.5 59537.119095285437652 106044.15082333034661
4214 59518.87015434816567 106041.33586442917294
4214.5 59482.900396664357686 105992.18574151571374
4215 59428.518404963331704 105934.38643206770939
4215.5 59432.251069431942597 105928.93105324183125
4216 59444.804043761643698 105964.99340455910715
4216.5 59552.213131076896389 106088.43353085682611
4217 59569.996728633603198 106121.48068008097471
4217.5 59549.493173093476798 106124.18041924570571
4218 59570.041125197320071 106168.6624580816715
4218.5 59581.750561511464184 106183.8654149472859
4219 59548.493303511648264 106113.57295797705592
4219.5 59662.21894291278295 106284.23059658212878
4220 59734.979006135399686 106380.8197768178652
4220.5 59769.993369714597065 106436.78537206172768
4221 59867.278533513584989 106580.27435083981254
4221.5 59816.084298140514875 106507.08688226088998
4222 59766.249844709491299 106427.32804255842348
4222.5 59803.10792320137989 106502.96851150324801
4223 59851.340526440450049 106581.71378664081567
4223.5 59818.775257942004828 106567.06714053875476
4224 59825.795578171288071 106605.23224604812276
4224.5 59712.765975921465724 106444.11201140776393
4225 59698.949550557299517 106445.20433740547742
4225.5 59554.911639650905272 106254.55462429337786
4226 59628.47460846726608 106340.47113476230879
4226.5 59665.691199934241013 106413.78417604847346
4227 59658.732833898451645 106402.22214622101455
4227.5 59646.638117685433826 106413.44502933537296
4228 59564.639135652651021 106306.59645987821568
4228.5 59568.124983724184858 106334.26436487511091
4229 59596.970964746120444 106400.08521373687836
4229.5 59608.184760421529063 106428.13330623539514
4230 59578.496564710629173 106359.05076771554013
4230.5 59721.412834515562281 106593.41965173426433
4231 59635.720837329427013 106472.09701559435052
4231.5 59594.163079097743321 106429.49047451464867
4232 59736.354536851031298 106638.87915624468587
4232.5 59857.13305603027402 106822.32823444582755
4233 59879.582520704192575 106822.61190290872764
4233.5 59807.318668208405143 106742.04921263201686
4234 59905.193843363078486 106892.54789286697633
4234.5 59971.952166591450805 107018.39224445310538
4235 59907.7755644886347 106911.07079596622498
4235.5 59848.064894297123828 106816.42354072594026
4236 59871.665315638208995 106867.76991877370165
4236.5 59957.188251174535253 106986.64510855425033
4237 59995.99113718089211 107054.74441452515021
4237.5 60039.282064079910924 107113.40194532522582
4238 59981.891445875211502 107045.60195370066504
4238.5 59962.693449159851298 107037.9980059046793
4239 59965.542946162669978 107020.87050849937077
4239.5 59904.157213397200394 106970.6311411800998
4240 59958.456121662915393 107061.7655954209331
4240.5 59882.143707309573074 106949.87044624032569
4241 59827.304606347861409 106872.36365288459638
4241.5 59724.233981258497806 106753.66181547605083
4242 59808.388616834570712 106908.68397706552059
4242.5 59756.116203489284089 106820.1055281648878
4243 59733.777216498179769 106818.75254023564048
4243.5 59818.654046786970866 106908.74097954762692
4244 59851.125505479649291 106975.05444564760546
4244.5 59764.697422605284373 106838.07196040923009
4245 59768.156265829275071 106852.16496549959993
4245.5 59718.380348977647373 106802.79989331959223
4246 59664.211719854356488 106757.6148805506964
4246.5 59555.111674225743627 106624.00698776301579
4247 59463.428068879278726 106514.88615994575957
4247.5 59432.995591843922739 106460.36692678867257
4248 59649.134432643630134 106749.3499602554657
4248.5 59855.72892524163035 107068.96778554214688
4249 59987.623920815283782 107220.23774236839381
4249.5 60078.547580775382812 107379.23749778732599
4250 60030.667675946948293 107277.6347779869393
4250.5 60090.62427721752465 107415.470715826581
4251 60028.842503617357579 107303.45593765797094
4251.5 60090.289253470662516 107417.57202910489286
4252 60137.192182476042944 107488.43568334983138
4252.5 60128.193470917918603 107482.25276944946381
4253 60029.653489915945102 107365.81914629430685
4253.5 60015.256459238960815 107313.50995626748772
4254 60078.233775839187729 107396.63515205033764
4254.5 60229.828439525830618 107648.07384313411603
4255 60253.067005515164055 107649.33069835734204
4255.5 60264.464964276630781 107684.70889209474262
4256 60284.851870740960294 107724.66484593767382
4256.5 60379.944532796813291 107833.21794383773522
4257 60317.423523059776926 107740.00385671606637
4257.5 60158.4412875661219 107543.86678543711605
4258 60077.389668438285298 107473.94170485745417
4258.5 60072.584234729867603 107448.98178646274027
4259 60003.35541535919765 107383.38851218001219
4259.5 59967.117771002194786 107349.15250331349671
4260 60017.001991616205487 107426.11813858372625
4260.5 60051.435159005821333 107457.85075375781162
4261 59947.888625448249513 107334.35165730418521
4261.5 59842.877372364273469 107202.4901116918918
4262 59874.101063330177567 107283.86664267677406
4262.5 59947.184804288677697 107394.43248742069409
4263 59898.52687926767976 107301.9448310622538
4263.5 59967.605314878936042 107422.3569608664402
4264 59841.936799470895494 107279.14719925100508
4264.5 59821.845654394295707 107238.95292800312745
4265 59796.236216250108555 107240.35096165750292
4265.5 59651.880349813793146 107048.52654972019081
4266 59691.210926405132341 107078.59072163591918
4266.5 59725.056038722206722 107145.39354248602467
4267 59759.605850567764719 107219.9136762982962
4267.5 59882.153107659964007 107391.83362141624093
4268 59904.82969798240083 107429.6310101722338
4268.5 59983.12022942139447 107512.48784006679489
4269 60158.352994721193681 107758.0510067379073
4269.5 60212.518178057929617 107886.00956387734914
4270 60200.199929286005499 107821.53228978703555
4270.5 60228.86576551663893 107878.18796223719255
4271 60171.746217721803987 107804.63703404609987
4271.5 60076.596042454046255 107700.39992983339471
4272 60000.009447484088014 107603.95070344272244
4272.5 60024.659042768907966 107646.97750726992672
4273 59966.297020509082358 107603.44746356910036
4273.5 59816.804138243765919 107398.73460164574499
4274 59907.300645793744479 107548.71116552049352
4274.5 59934.03664473889512 107580.5801932750328
4275 59992.462978617397312 107656.99875252383936
4275.5 59857.514377155246621 107490.51269420645258
4276 59873.372814459406072 107500.58006438394659
4276.5 59913.851993764859799 107557.31885772550595
4277 60052.582193582238688 107791.76577187798102
4277.5 60025.420338848853135 107742.41163821166265
4278 59955.669862420923891 107647.17692596887355
4278.5 59974.178052164505061 107681.02637100296852
4279 59895.939580328900774 107580.30631892968086
4279.5 59871.61282802347705 107562.85035030767904
4280 59797.087883617139596 107447.79058197828999
4280.5 59877.185227346410102 107574.00700812762079
4281 59993.760672180818801 107719.69299035792938
4281.5 60038.047572583207511 107772.32508183803293
4282 60185.369452230013849 108029.19945907968213
4282.5 60011.090555163871613 107756.94463249022374
4283 60131.87454733026243 107978.94487701526668
4283.5 60256.785374087296077 108139.6201975595759
4284 60327.38054337973881 108225.34322244163195
4284.5 60386.091484413504077 108282.91723687834747
4285 60514.222605045077216 108465.96787069471611
4285.5 60512.615404940108419 108481.26166632538661
4286 60363.630835535550432 108257.95696043102362
4286.5 60365.628937526678783 108241.65594506596972
4287 60274.656181373597065 108149.78468320153479
4287.5 60253.394232415143051 108127.34910682922055
4288 60238.665475997011526 108110.83589175144152
4288.5 60216.44499418050691 108128.40836858915281
4289 60174.853663776470057 108097.38073319141404
4289.5 60127.710110088817601 108008.27886284831038
4290 60102.311675087461481 107988.41113129140285
4290.5 60148.091513573555858 108087.52914864239574
4291 60093.946297538255749 107989.08785498437646
4291.5 60188.444516657495114 108106.78322378992743
4292 60194.948040728144406 108096.30983300929074
4292.5 60235.908125236855994 108175.34968514762295
4293 60368.726685300265672 108390.41693418067007
4293.5 60232.490043038000294 108188.28441002788895
4294 60368.379107026579732 108408.79398184057209
4294.5 60323.492007763852598 108328.54379176181101
4295 60243.22902446671651 108207.52122324041557
4295.5 60278.048262400028761 108288.81601455935743
4296 60288.249199543504801 108328.48297345649917
4296.5 60264.644191566156223 108262.73566637690237
4297 60311.85144199426577 108342.52486041827069
4297.5 60377.117915193615772 108455.85460403749312
4298 60512.788116353272926 108642.38974023234914
4298.5 60561.544480463468062 108705.39107700024033
4299 60511.645918757436448 108642.03453935265134
4299.5 60441.149066899895843 108538.66262194632145
4300 60405.566245316971617 108546.30714085123327
4300.5 60389.772071140017943 108528.46040578103566
4301 60267.206962144664431 108375.58192973482073
4301.5 60227.030899149547622 108336.01378744919202
4302 60092.160879900446162 108156.20303742928081
4302.5 59999.336044865391159 108033.80388402704557
4303 59839.764744407097169 107818.55016465597146
4303.5 59774.517614836709981 107755.96182115798001
4304 59686.448229635308962 107632.88680706295418
4304.5 59681.979450739236199 107647.69843011289777
4305 59715.24476564564975 107697.1369581570325
4305.5 59653.601141227882181 107638.50376081059221
4306 59781.412188794092799 107814.9149573333998
4306.5 59894.40448057816684 107966.41145881550619
4307 59911.047783632930077 107987.53511497622821
4307.5 59841.204131684004096 107909.98433085301076
4308 59697.118429851667315 107677.7431362773641
4308.5 59787.531880726353847 107818.10388085340674
4309 59713.887948071285791 107705.26318906678353
4309.5 59723.118477233125304 107746.52878341074393
4310 59763.493838812799368 107783.2659535598068
4310.5 59804.497902776754927 107885.33963466029672
4311 59691.565603564304183 107702.4854370583198
4311.5 59577.078619360217999 107532.99795970189734
4312 59761.966024880675832 107808.51197656414297
4312.5 59842.606450113089522 107904.97362028043426
4313 59863.294583609589608 107929.74793943260738
4313.5 59953.313032737227331 108066.57897751378187
4314 59937.068318761899718 108081.94120930288045
4314.5 60004.558943724536221 108165.93558322929312
4315 59972.828515555040212 108124.03883528670121
4315.5 60006.862884003407089 108184.19470098514284
4316 59987.793885076564038 108173.66177754518867
4316.5 60002.32859616564383 108201.28848783219291
4317 59954.759862409890047 108117.42503157278406
4317.5 60131.962472756800707 108389.26240155873529
4318 60161.562091187988699 108417.00474326744734
4318.5 60100.213774039671989 108343.05616020037269
4319 60005.419688321584545 108217.64994539601321
4319.5 60018.200441975910508 108235.03387809051492
4320 60034.308867119456409 108254.27713315737492
4320.5 60034.516219106029894 108242.17966518708272
4321 60030.146554712890065 108219.84701474473695
4321.5 60189.124282034761563 108491.41798173586722
4322 60184.564125258832064 108474.85113715093757
4322.5 60095.40911566104478 108315.13112000373076
4323 60135.278290292779275 108385.16015123977559
4323.5 60050.06382072638371 108266.99572188779712
4324 60156.113454532576725 108440.1999917501962
4324.5 60296.202358727387036 108621.52336603570438
4325 60224.423187330430665 108538.17362267324643
4325.5 60146.454488030991342 108437.54668125206081
4326 60148.114829754893435 108481.21857553521113
4326.5 60166.83384921419929 108498.60996858197905
4327 60226.744064824830275 108577.38827824470354
4327.5 60319.73073846425541 108704.42562862574414
4328 60472.440576815031818 108937.53385976538993
4328.5 60462.665029692012467 108951.35993712811614
4329 60362.572753334214212 108784.06255258465535
4329.5 60309.348072237538872 108723.25887830257125
4330 60279.529970800715091 108723.34854102489771
4330.5 60274.20621601244784 108736.30376431008335
4331 60247.466257563974068 108712.06300360441674
4331.5 60310.843706114188535 108789.17795827299415
4332 60360.483127091240021 108894.18278470057703
4332.5 60325.744527065457078 108807.81503305619117
4333 60355.979647877073148 108862.78170025584404
4333.5 60536.146958857469144 109112.06597626392613
4334 60513.406662194982346 109091.09372384821472
4334.5 60429.635928651026916 108997.15302300713665
4335 60272.401747182710096 108804.87250647311157
4335.5 60155.029262361422298 108647.34610937633261
4336 60274.980085772578605 108829.94626554545539
4336.5 60149.14851444461965 108621.06757610614295
4337 60190.664543231352582 108751.68667127298249
4337.5 60027.098865343185025 108517.43987150095927
4338 59919.794545737742737 108376.1106393456721
4338.5 59780.06676359854464 108205.40013949900458
4339 59809.839777167289867 108265.82526220769796
4339.5 59948.99122413090663 108471.87381605042901
4340 60022.539268583175726 108549.51717713926337
4340.5 60099.745180850230099 108699.23799815066741
4341 60136.675511037137767 108716.63818770874059
4341.5 60086.795039106138574 108695.42595865906333
4342 60169.21200505572051 108816.30715187624446
4342.5 60290.303060422462295 108942.38031891317223
4343 60387.057574688697059 109081.17508444182749
4343.5 60440.801462630195601 109153.58659110787266
4344 60451.99138922097336 109207.6790598827065
4344.5 60351.946360047608323 109066.76541620012722
4345 60264.920955985988257 108965.30749128127354
4345.5 60202.674309000154608 108897.05247375217732
4346 60176.484219304787985 108907.87595429568319
4346.5 60198.108192097141 108900.16967562405625
4347 60125.467262889716949 108796.26747941506619
4347.5 60105.986173288794816 108772.13931401274749
4348 60078.815725916167139 108779.27434686556808
4348.5 59951.50579989139078 108587.79757278802572
4349 60201.73469851387199 108995.01773612451507
4349.5 60293.46530483206152 109077.20735402173887
4350 60349.771799216221552 109133.40019003920315
4350.5 60441.065988567541353 109286.43245982186636
4351 60490.719616238369781 109371.5949432632915
4351.5 60447.307686078260303 109305.90489332500147
4352 60522.13678665398038 109464.04622381582158
4352.5 60502.658896208682563 109402.48267432478315
4353 60429.733153095097805 109311.93945032759802
4353.5 60402.114162244506588 109276.41795221247594
4354 60375.58079168513359 109237.24783637395012
4354.5 60426.27411998592288 109337.82481030466442
4355 60395.416989657620434 109267.94172800640808
4355.5 60313.150415791511477 109146.19048297833069
4356 60324.02871953509748 109149.03887623117771
4356.5 60470.668735819650465 109375.19780023874773
4357 60442.329703276722284 109322.89917136191798
4357.5 60572.521099232624692 109524.33543138837558
4358 60713.304907608093345 109730.50164122087881
4358.5 60759.186440918172593 109802.53780849529721
4359 60610.736446574155707 109625.1674949813314
4359.5 60534.084119047598506 109520.78099223280151
4360 60563.600895074712753 109564.19216736278031
4360.5 60611.678387740241305 109640.04062272880401
4361 60591.901128782665182 109655.03749704769871
4361.5 60470.230445275643433 109442.37530366194551
4362 60525.068978562856501 109578.77434386001551
4362.5 60346.302868330407364 109305.94882178284752
4363 60235.168669333615981 109178.15191260814026
4363.5 60417.195383313395723 109462.85407909855712
4364 60349.082908966694959 109331.08622037427267
4364.5 60433.093325264133455 109515.8997848683066
4365 60345.519758523958444 109368.84552641460323
4365.5 60430.36334833138244 109479.78477913720417
4366 60479.908956355320697 109551.87987670514849
4366.5 60424.857301941963669 109464.72779087808158
4367 60421.610691999791015 109490.33933910939959
4367.5 60402.797145712604106 109478.8070422863675
4368 60301.51821647228644 109354.60920919603086
4368.5 60188.545368523395155 109206.59994923212798
4369 60204.700020824580861 109248.96607186509937
4369.5 60186.984420996595873 109221.48876103019575
4370 60233.583183060181909 109295.36621800696594
4370.5 60214.652031686302507 109295.96229829806543
4371 60220.429729737952584 109271.85237703281746
4371.5 60201.346153918391792 109252.15256444072293
4372 60153.325106037518708 109223.82441416905203
4372.5 60103.009795139441849 109162.01942043441522
4373 60072.535752201154537 109125.19670399170718
4373.5 60147.409254519428941 109253.56750923259824
4374 60242.961094888756634 109393.69839402276557
4374.5 60333.904360732572968 109496.77275383767847
4375 60321.933573473768774 109453.26323460983986
4375.5 60326.32389508059714 109458.64900227653561
4376 60316.477669293519284 109450.91633737445227
4376.5 60394.099761028883222 109575.80050507675332
4377 60258.79636923851649 109402.54818295261066
4377.5 60259.861047735088505 109410.20727814888232
4378 60243.607074247258424 109386.52553859667387
4378.5 60362.391199274476094 109571.0416129950172
4379 60317.803213616651192 109506.59689919478842
4379.5 60261.105262813522131 109461.06016171460215
4380 60143.867109672326478 109296.06741444057843
4380.5 60236.812964860073407 109445.17024976416724
4381 60208.421450427173113 109382.05831680083065
4381.5 60170.375601736304816 109355.73729014379205
4382 60206.679640246351482 109411.2940406803682
4382.5 60154.548378505598521 109359.50088957227126
4383 60243.384449081568164 109466.69698560313554
4383.5 60211.925184029612865 109420.93816202357993
4384 60301.480226810825116 109550.96219658736663
4384.5 60419.050081667308405 109744.20875708098174
4385 60474.20790920878062 109833.66136901150458
4385.5 60462.101434520154726 109818.89379798062146
4386 60387.942964401350764 109711.19907279081235
4386.5 60401.292240022245096 109755.90893653863168
4387 60378.270408924530784 109716.82032932895527
4387.5 60311.415041541862593 109622.21555602591252
4388 60603.622274875357107 110057.42643885554571
4388.5 60742.552412531265873 110235.08718046313152
4389 60692.310179218817211 110141.29748667118838
4389.5 60673.033589290258533 110143.43069351889426
4390 60683.827709266151942 110121.52686365506088
4390.5 60723.735386814812955 110225.47477457414789
4391 60673.652565509510168 110182.7181000567798
4391.5 60469.99364396429155 109912.79661815385043
4392 60346.425572936634126 109751.17020122501708
4392.5 60282.226917850835889 109638.95162048500788
4393 60417.402150904898008 109828.15764122875407
4393.5 60412.244394195629866 109822.42851168925699
4394 60435.05780562331347 109846.1247647110431
4394.5 60472.443343245235155 109908.66498786279408
4395 60595.110452969289327 110060.86979423087905
4395.5 60656.398638839353225 110127.444608023623
4396 60586.980236660434457 110042.17371142707998
4396.5 60577.709619740715425 110037.22443574096542
4397 60545.587299079175864 110041.02346271515125
4397.5 60540.656259677365597 110016.11320452475047
4398 60596.513774367886072 110100.98915182672499
4398.5 60609.551458597132296 110119.78774579650781
4399 60634.183418180378794 110139.4132267505629
4399.5 60581.864617876934062 110069.50067309162114
4400 60670.059055196034024 110216.31980037382164
4400.5 60598.107684776907263 110119.42317297955742
4401 60628.350729930229136 110135.14278582650877
4401.5 60788.258417259974522 110402.82055126677733
4402 60744.938424401123484 110305.47771830597776
4402.5 60770.587980757103651 110356.76170849174378
4403 60760.776043474877952 110367.01275085887755
4403.5 60762.575432194760651 110377.99263591064664
4404 60579.624931017038762 110119.14994828573253
4404.5 60520.642320131897577 110063.13697311389842
4405 60553.11928575503407 110104.2541391015402
4405.5 60444.312183716006984 109974.22018394620682
4406 60490.950803810679645 110034.41874127768097
4406.5 60457.73889979661908 110005.8612666355184
4407 60569.183356020643259 110220.59777080005733
4407.5 60617.460114174260525 110305.51254983858962
4408 60606.103607618140813 110257.27629301730485
4408.5 60720.753842551530397 110415.59968372824369
4409 60708.234343198091665 110431.70647204939451
4409.5 60620.191797267274524 110371.03215430067212
4410 60554.019204031326808 110248.48764416985796
4410.5 60469.20202013594826 110109.39862376199744
4411 60458.41516751106974 110090.01765120470372
4411.5 60491.051413627872535 110168.44454327788844
4412 60544.8364839308706 110260.02918813381984
4412.5 60439.328296400228282 110123.97447843800182
4413 60422.138298208112246 110139.17417054706311
4413.5 60550.219530898350058 110321.96523714199429
4414 60678.875416570568632 110520.20691277665901
4414.5 60723.772157632076414 110572.96529405060573
4415 60776.663712783556548 110615.5007196462102
4415.5 60812.267400538185029 110701.4673899000627
4416 60639.334243686964328 110457.76255491844495
4416.5 60581.88838707011746 110389.16645593232533
4417 60794.504219503978675 110714.61485864971473
4417.5 60830.885651330972905 110799.96922381137847
4418 60893.526667972531868 110876.88660771597642
4418.5 60984.025130343754427 111029.62631497484108
4419 60851.51961159419443 110844.94013200582413
4419.5 60965.876137818857387 111049.58660938586399
4420 60894.799658261807053 110920.73328270812635
4420.5 60847.12067726397072 110874.89625701765181
4421 60782.017609270580579 110836.20346737587533
4421.5 60710.539233032272023 110715.8103457614634
4422 60712.859339326649206 110740.29688308940968
4422.5 60581.301592484633147 110565.86497273304849
4423 60624.453957747529785 110631.28403196121508
4423.5 60597.831016657211876 110676.85667209737585
4424 60527.036203817537171 110532.81661488047394
4424.5 60535.685151017358294 110561.05778020175057
4425 60494.783760777776479 110489.6408163367596
4425.5 60602.514690781092213 110669.04066118859919
4426 60686.129028688446851 110750.68374137059436
4426.5 60631.306981616056873 110696.17038826139469
4427 60582.011848958216433 110652.60398260745569
4427.5 60644.649925051468017 110741.93430615757825
4428 60776.292839433772315 110923.69929883937584
4428.5 60791.940081281136372 110940.35202541979379
4429 60762.999930513164145 110893.11588513854076
4429.5 60907.865361884818412 111097.60731536230014
4430 60924.417662895939429 111133.6908098168642
4430.5 60955.90208768418961 111238.23581043208833
4431 60746.309498664901184 110899.80066141477437
4431.5 60634.78414028394036 110774.45283928501885
4432 60710.153344702812319 110892.7949440995144
4432.5 60758.62133930134587 110986.26008890218509
4433 60656.64579947283346 110861.75792860725778
4433.5 60548.404512122346205 110701.06338392963517
4434 60684.251323998658336 110921.86871222150512
4434.5 60641.000042012747144 110854.45507394148444
4435 60777.98707363432186 111045.62571847398067
4435.5 60657.244939668293227 110896.17676972706977
4436 60661.73500464411336 110885.10894101813028
4436.5 60634.754588512165355 110872.79988730078912
4437 60775.191773773309251 111049.4429478142556
4437.5 60708.664311816908594 110983.30278545051988
4438 60840.941409677834599 111183.74072088947287
4438.5 60722.640325528343965 111028.98634330523782
4439 60768.261220565553231 111090.46627277700463
4439.5 60770.896747357088316 111092.463847207051
4440 60565.241175099974498 110783.48794765965431
4440.5 60583.774812465853756 110807.36849498341326
4441 60758.624533826026891 111019.76898302396876
4441.5 60967.684490113715583 111317.75369379880431
4442 61095.99197026983893 111490.84444239587174
4442.5 61029.231656490919704 111385.67483757722948
4443 61055.098389433049306 111454.91336498798046
4443.5 61167.304453766082588 111615.46193337655859
4444 61165.04670534475008 111612.18151336655137
4444.5 61279.01707820968295 111759.38079723351984
4445 61367.715502297418425 111845.76343692258524
4445.5 61474.300023542331473 111983.09065673674922
4446 61508.048414583194244 112056.90880512258445
4446.5 61480.1258443545521 112032.01306216036028
4447 61471.082861317045172 112014.36356220551534
4447.5 61461.660877289090422 112033.2789673669904
4448 61358.628071268794884 111892.53596079023555
4448.5 61279.434938237522147 111795.70806800945138
4449 61384.863475376885617 111962.73265917846584
4449.5 61294.666157694715366 111821.06497980598942
4450 61404.268198868456238 111979.29529756435659
4450.5 61408.544214480934897 112004.88574536856322
4451 61494.182770098494075 112155.67643836321076
4451.5 61499.333066777922795 112168.21476268644619
4452 61384.129980254183465 112000.58633139585436
4452.5 61485.419564521078428 112134.95249284585589
4453 61541.088043969568389 112211.36566374255926
4453.5 61544.659527481475379 112201.44205619614513
4454 61443.61069661701913 112027.71373850134842
4454.5 61444.408019944545231 112050.45126572002482
4455 61586.759476432845986 112245.00964296040183
4455.5 61695.699135963521258 112416.97942325926851
4456 61683.910527237327187 112384.39773954410339
4456.5 61756.641133715354954 112498.63747521792538
4457 61878.779511339220335 112651.87362811110506
4457.5 61843.108851900775335 112614.22986561119615
4458 61808.15183295202587 112582.5678183662676
4458.5 61914.942082505549479 112770.41002293075144
4459 61916.083516298189352 112768.97929546893283
4459.5 61994.297644056350691 112895.74282292820862
4460 61968.895189280250634 112883.58112354506738
4460.5 61871.194155680532276 112755.04819173728174
4461 61877.620829384111858 112749.30376557407726
4461.5 61829.843777558846341 112671.82295503928617
4462 61797.361363003306906 112644.81649153417675
4462.5 61769.045456871186616 112575.68236531250295
4463 61861.034778977780661 112747.68853050294274
4463.5 61900.782628436529194 112808.47432692152506
4464 62002.454144764247758 112969.57273905046168
4464.5 61956.9558448294556 112845.46310264967906
4465 62157.857737819482281 113200.77586781546415
4465.5 62095.967491206953127 113098.31900569175195
4466 62225.412875929199799 113263.72168121082359
4466.5 62313.364652619340632 113389.89469151040248
4467 62553.587242795751081 113736.67154975778249
4467.5 62469.381272046288359 113642.87990648647246
4468 62539.283227411069674 113736.41888301406289
4468.5 62424.205950535651937 113567.63345759040385
4469 62489.65406467923458 113645.18183637755283
4469.5 62687.399477741062583 113958.78073748730822
4470 62817.900911776116118 114143.79983130858454
4470.5 62661.156858331312833 113908.55209104932146
4471 62740.894796999658865 114030.40074635064229
4471.5 62855.684340832223825 114177.82333628981723
4472 62783.070047894099844 114108.97122204069456
4472.5 62619.161503177179839 113885.94120710376592
4473 62611.723674731059873 113905.34198793770338
4473.5 62523.336539845382504 113754.7701080062543
4474 62601.939922199686407 113858.32274522639636
4474.5 62685.092053873791883 113982.14395973733917
4475 62633.187293045135448 113927.35500261773996
4475.5 62688.507938598319015 114024.0618856777146
4476 62628.492845854823827 113919.233718196876
4476.5 62682.260429444169858 113999.97425318497699
4477 62758.159208359953482 114107.13464238756569
4477.5 62948.297989842852985 114403.25371596822515
4478 62963.181647544515727 114400.39877621197957
4478.5 62921.23463522385282 114360.44072083258652
4479 62797.021323103974282 114182.1759268957685
4479.5 62541.930716609509545 113814.54725358217547
4480 62633.752912738658779 113947.79442441783613
4480.5 62587.396223072340945 113898.85084923695831
4481 62694.84674811954028 114035.92829980955867
4481.5 62608.32725885516993 113888.27756145427702
4482 62663.87001110217534 114017.17561917261628
4482.5 62649.467004388927307 113993.12722517963266
4483 62733.361610280488094 114113.3121297940379
4483.5 62696.619533637727727 114045.46066907320346
4484 62750.729829496209277 114154.20459167352237
4484.5 62710.702092852858186 114048.761280345876
4485 62839.445690544518584 114264.66625233463128
4485.5 62857.697046544017212 114264.62627991785121
4486 62708.524942341035057 114064.65139083752001
4486.5 62816.748034867894603 114236.21639945170318
4487 62890.699583809109754 114362.32266704118229
4487.5 62881.582875686835905 114337.08311068834155
4488 62863.693943782469432 114306.00829443735711
4488.5 63021.570736095323809 114505.18460004507506
4489 63163.917785944853676 114728.498603049331
4489.5 63204.332461427482485 114796.244236368977
4490 63145.098739714027033 114703.57526869149297
4490.5 63141.116880346438847 114675.34173199934594
4491 63230.689510204392718 114849.77782231783203
4491.5 62988.356404589096201 114494.86151593476825
4492 63044.973581753736653 114597.02889385825256
4492.5 62977.542025475981063 114489.16500785236713
4493 63078.876378201544867 114690.23931856137642
4493.5 63148.934196090500336 114760.91680310007359
4494 63264.192712184114498 114934.43982027411403
4494.5 63121.704842197505059 114758.22165792330634
4495 63210.901826597393665 114900.184136658223
4495.5 63142.989024684145988 114773.35863241877814
4496 63137.28507738387998 114801.00736919035262
4496.5 63094.133728317559871 114737.83781897893641
4497 63304.686922428576509 115103.70688691227406
4497.5 63309.771505145006813 115085.30571772261465
4498 63465.794182766039739 115312.58533263819118
4498.5 63384.761625424900558 115208.18035116924148
4499 63273.428854321762628 115054.33102578193939
4499.5 63454.203379247825069 115324.64624967618147
4500 63544.90738330957538 115422.53924138193543
4500.5 63585.856906893386622 115491.80256147931505
4501 63528.972726538529969 115406.7429582234181
4501.5 63436.959162500475941 115274.89957590450649
4502 63254.695376855488576 115011.15637021478324
4502.5 63264.156843250588281 115042.99707066090195
4503 63389.437395455039223 115249.33489957789425
4503.5 63182.538915078512218 114943.89006555599917
4504 63175.921425731830823 114932.36864111947943
4504.5 63259.712735166416678 115072.26599909974902
4505 63257.671468253451167 115057.14187594935356
4505.5 63224.354006983456202 115020.19537921634037
4506 63248.069588396596373 115068.24165226471086
4506.5 63109.810735205661331 114868.17804409723612
4507 63099.191973058172152 114863.84449413807306
4507.5 63090.586932387028355 114855.5773043918598
4508 63145.922189478820655 114910.63531161514402
4508.5 63091.697887933980383 114840.43211151400465
4509 63123.433171506330837 114916.39213033596752
4509.5 63184.539467849019275 114985.72204806980153
4510 63231.837183587354957 115047.79052886835416
4510.5 63328.899739407905145 115227.8018593096931
4511 63306.126936367589224 115203.88572440536518
4511.5 63166.417293283157051 114982.3536798080313
4512 63148.811489388179325 114980.91098506608978
4512.5 63207.424893979412445 115048.558194903002
4513 63078.966298714069126 114854.99518740785425
4513.5 63105.949411250985577 114894.81171725442982
4514 63185.686076886908268 115027.89402228867402
4514.5 63362.733779629350465 115293.8848360531847
4515 63478.718806343640608 115447.8167691960989
4515.5 63455.141665283335897 115432.0633158756973
4516 63583.185634516572463 115592.91585137746006
4516.5 63546.900823013449553 115554.30147930068779
4517 63387.074834939390712 115327.87045509871677
4517.5 63359.194652170910558 115296.95400969634647
4518 63429.617676356530865 115441.92341691859474
4518.5 63557.721786891379452 115612.86305782699492
4519 63550.257333323301282 115606.94827864551917
4519.5 63299.62631400905957 115244.34073914389592
4520 63264.891650396035402 115206.32332758445409
4520.5 63372.816950927277503 115355.31886521888373
4521 63532.627687688516744 115581.07884647246101
4521.5 63524.397681784794258 115552.01618610922014
4522 63707.342443837944302 115845.2088165479945
4522.5 63722.084866275283275 115892.69746298206155
4523 63539.663851974932186 115631.22122799004137
4523.5 63510.77545907007152 115573.58519078958489
4524 63593.713915143664053 115690.99488557966833
4524.5 63562.012870376951469 115654.31733585031179
4525 63459.061187544786662 115525.62629895945429
4525.5 63477.337523334914295 115582.5324263489747
4526 63566.083988332575245 115720.00296194564726
4526.5 63728.581235845558695 115945.8553447117738
4527 63680.399146105512045 115861.66587793105282
4527.5 63717.587249246484134 115927.01046230579959
4528 63851.953665116787306 116114.80995815145434
4528.5 63835.363551381815341 116107.50839537357388
4529 63797.937597435186035 116041.90428514224186
4529.5 63961.1668837751713 116283.40958492456411
4530 63894.136049394248403 116191.24058047861035
4530.5 63834.525911117816577 116141.15668363041186
4531 63615.948000025426154 115822.90816187480232
4531.5 63467.668610180204269 115635.99876540676632
4532 63516.971680555267085 115708.07085983239813
4532.5 63661.349255732631718 115952.91183417434513
4533 63591.421773784808465 115834.17019547820382
4533.5 63547.409349025489064 115809.46986312250374
4534 63447.353413973367424 115677.25335543674009
4534.5 63358.916113980791124 115554.01773654905264
4535 63523.832987052352109 115810.35492341400823
4535.5 63557.751884677483758 115846.40526051675261
4536 63776.098251144234382 116202.75540359133447
4536.5 63895.541847131600662 116386.18922244642454
4537 63865.182326551024744 116320.71637236364768
4537.5 63854.430711257380608 116342.14419500528311
4538 63735.165744584861386 116177.05503173591569
4538.5 63651.208489308482967 116033.58964061248116
4539 63847.654992730815138 116318.8723127378471
4539.5 63903.79831109168299 116409.13091219314083
4540 63871.077655432316533 116370.4936612281308
4540.5 63846.203759418269328 116333.392244623843
4541 63852.808255036448827 116385.45817163442553
4541.5 64021.14332989921968 116585.75599600587157
4542 64154.824547244090354 116757.33269753164495
4542.5 64151.829296624688141 116737.72299478446075
4543 64107.244330874920706 116708.2986240817263
4543.5 64159.321765457039874 116797.65471807844006
4544 64039.206855596290552 116629.71930001612054
4544.5 63845.817271266940224 116345.10727225763549
4545 63797.485661345643166 116280.48024762285058
4545.5 63688.155175794861862 116137.73111637189868
4546 63871.658144534769235 116421.87036244342744
4546.5 64004.763433879365039 116605.51080781669589
4547 64079.700947959900077 116731.99686604784802
4547.5 64042.085300289239967 116680.86442692918354
4548 64073.31310999172274 116753.41126508409798
4548.5 63971.936794342298526 116565.57113134262909
4549 64113.369871761620743 116813.35844520594401
4549.5 64023.133778179595538 116668.79041971993865
4550 63816.992883758961398 116365.01637955885963
4550.5 63786.705881799178314 116351.88547392214241
4551 63819.712893736978003 116401.51476773535251
4551.5 63745.251748012495227 116308.31707467028173
4552 63827.671541602925572 116435.64362743249512
4552.5 63877.926220702131104 116516.04051776310371
4553 63666.697717283619568 116211.84024204872549
4553.5 63788.74350631076959 116411.30838019649673
4554 63922.416048576618778 116582.6721994420659
4554.5 63907.473605148188653 116585.79331288242247
4555 63966.086004662545747 116686.34390498415451
4555.5 64144.997597713809228 116991.94981241342612
4556 63975.636826201996882 116727.81992539107159
4556.5 63928.78399929258012 116670.38691708813712
4557 63856.105003368182224 116570.39273309268174
4557.5 63880.430555994127644 116638.41836048371624
4558 63735.942402138891339 116433.099750723748
4558.5 63768.75528386257065 116490.01091736437229
4559 63849.829397479574254 116606.78160439786734
4559.5 63762.935298426033114 116479.36140289115428
4560 63693.158574923560082 116396.53438140384969
4560.5 63761.677467539178906 116525.46316285218927
4561 63813.484197783902346 116597.06696494857897
4561.5 63927.963855905582022 116808.02858310815645
4562 63766.518849896325264 116554.44467563950457
4562.5 63793.286224717114237 116638.79067952133482
4563 63756.238454520171217 116560.57485595028265
4563.5 63659.621891476082965 116429.27233019092819
4564 63642.391981045206194 116417.36675762517552
4564.5 63523.690643015055684 116223.02757310101879
4565 63699.25613517047168 116527.12582998297876
4565.5 63810.878423740708968 116675.52848894851923
4566 63837.386531098381965 116711.11966990877409
4566.5 63929.558468801762501 116832.24404273252003
4567 64030.303406017046655 116977.94311809302599
4567.5 64024.354174443629745 116970.64723292530107
4568 64173.633193766370823 117228.10330157245335
4568.5 64230.262931138946442 117290.85148101882078
4569 64219.480512874084525 117307.74698114480998
4569.5 64287.73774986378703 117413.32833061960991
4570 64316.664165521971881 117483.07011361769401
4570.5 64378.725942505065177 117545.16323952883249
4571 64614.421849323029164 117905.25960073449824
4571.5 64749.701897800070583 118072.6281364421302
4572 64808.6964810114805 118182.31792423165462
4572.5 64687.289188046830532 117994.7816592289455
4573 64785.314607845735736 118160.56230657425476
4573.5 64975.992856414872222 118454.64172225932998
4574 64853.838182945029985 118261.50693889966351
4574.5 64880.998045739695954 118325.56782708820538
4575 64822.88556898709794 118212.06540052805212
4575.5 64858.052241033423343 118305.26332100867876
4576 64715.322451946107321 118076.80662366746401
4576.5 64625.777359448788047 117961.92160512170813
4577 64465.306836802541511 117729.22047801912413
4577.5 64331.052280281081039 117557.85814243763161
4578 64331.114095977580291 117573.32872808801767
4578.5 64484.323669329947734 117838.54396235020249
4579 64667.039995869861741 118057.94385948695708
4579.5 64566.40192939692497 117911.32257695792941
4580 64498.573457217971736 117808.40918778290506
4580.5 64637.811890852557553 118005.69901331685833
4581 64711.385252540945658 118161.87405244508409
4581.5 64659.667140033256146 118090.72163871244993
4582 64653.282705878780689 118096.97237197366485
4582.5 64543.638426340439764 117936.19405815844948
4583 64412.284735504545097 117767.96264128139592
4583.5 64509.306688031574595 117909.59090750371979
4584 64571.236628925071273 118003.102615527343
4584.5 64534.855939493776532 117971.02595646977716
4585 64659.215753303120437 118129.44462942591053
4585.5 64691.877830559948052 118173.06311592142447
4586 64652.523065875415341 118146.90702579096251
4586.5 64680.958490095814341 118186.40282824273163
4587 64883.589245717019367 118492.96066743052506
4587.5 65107.866257872658025 118796.85456726582197
4588 65104.544014368999342 118773.43790762904973
4588.5 65148.437016828786 118862.18565856938949
4589 65281.522866620965942 119045.61593194372836
4589.5 65350.689364382553322 119148.80069576963433
4590 65474.45328934572899 119340.18166861691861
4590.5 65398.324165983765852 119245.78947565083217
4591 65198.421812230721116 119002.62510731273505
4591.5 65218.640654033049941 119051.86281549904379
4592 65183.751397939944582 118997.63354401825927
4592.5 65158.135585011543299 118935.66448531660717
4593 65228.352001977007603 119055.9020056463487
4593.5 65159.802956930820073 118961.21604955488874
4594 65150.353995124249195 118945.10418070320156
4594.5 65325.125947251050093 119214.63004833347804
4595 65488.634655374298745 119448.11814470602258
4595.5 65685.881525590259116 119778.16670891705144
4596 65466.219167324612499 119465.89132082847937
4596.5 65383.605461207334884 119347.29935109015787
4597 65387.198128111158439 119366.07554971972422
4597.5 65513.562257573175884 119551.48896612644603
4598 65449.089723062832491 119449.65924050119065
4598.5 65359.41874626801291 119326.04803102396545
4599 65192.518382246656984 119078.33635397454782
4599.5 65202.040837058768375 119121.8865273205156
4600 65206.237495066074189 119107.74776407347235
4600.5 65058.082492105924757 118882.39045264227025
4601 65199.794853392057121 119101.20857915372471
4601.5 65214.79834625620424 119147.1987903034169
4602 65166.349570127182233 119084.79907243081834
4602.5 65127.018562373435998 119082.3589110650646
4603 65022.733512033431907 118883.41282649875211
4603.5 64846.424032856353733 118684.02777414742741
4604 64809.251551863664645 118631.25931590617984
4604.5 64853.773713207912806 118683.04303578741383
4605 65000.382130495127058 118905.70535517929238
4605.5 65132.779735733856796 119098.34454457942047
4606 65267.398535066677141 119283.76012363366317
4606.5 65370.588767163928424 119426.57170956420305
4607 65447.140220763867546 119548.24799805416842
4607.5 65283.850647919891344 119282.25014407206618
4608 65396.390318582336477 119483.9613208938099
4608.5 65299.123362164042192 119335.99698347249068
4609 65583.124276332498994 119776.59597428177949
4609.5 65609.975975798646687 119792.31347534006636
4610 65516.451277133041003 119625.64621954468021
4610.5 65524.541048812927329 119679.73707091875258
4611 65590.619304242485669 119826.35294996254379
4611.5 65567.15069943931303 119809.37938672548626
4612 65401.425137663762143 119556.03464630959206
4612.5 65424.389044739160454 119596.44818279017636
4613 65388.33772255184158 119543.27958949272579
4613.5 65394.595567643111281 119558.837372476366
4614 65513.093439163276344 119749.66681216593133
4614.5 65616.674129600432934 119902.51089730790409
4615 65604.697155848742113 119910.31211198194069
4615.5 65644.25991874517058 119952.19757836681674
4616 65675.590909936814569 120024.64667461125646
4616.5 65613.400964011772885 119909.4780840077874
4617 65597.514561562376912 119880.86331924198021
4617.5 65470.37213216505188 119690.96452328175656
4618 65714.001176359990495 120136.6899373998458
4618.5 65577.998534020967782 119882.84974294116546
4619 65503.863797306388733 119792.33916576967749
4619.5 65596.028351192333503 119938.15497940072964
4620 65748.984318263537716 120145.17344543786021
4620.5 65843.638577487785369 120283.54447314271238
4621 65812.543164475006051 120273.55557640652114
4621.5 65572.467006312625017 119902.62246885664354
4622 65502.135466419014847 119832.64372895071574
4622.5 65225.365031669658492 119429.27278513777128
4623 65003.682178633760486 119106.86118265954428
4623.5 65085.567082403700624 119245.38556384475669
4624 65215.37270828862529 119447.55536170360574
4624.5 65126.051777427026536 119329.36314426710305
4625 65053.649675806729647 119231.87371194601292
4625.5 65027.496268852628418 119175.43506622649147
4626 65206.630076179979369 119461.9906749833317
4626.5 65219.776475964361452 119466.58857277437346
4627 65221.059915213823842 119464.21127169117972
4627.5 65387.634942952929123 119747.18475968397979
4628 65387.025987647575676 119746.02396995195886
4628.5 65372.476043333124835 119718.91241154038289
4629 65577.664669482895988 120009.24763681656623
4629.5 65641.75288403549348 120085.51014827939798
4630 65802.539160550062661 120349.68535603825876
4630.5 65817.712644874627586 120390.22687425212644
4631 65661.23626424370741 120121.8473144153686
4631.5 65722.133718066441361 120234.57805726664083
4632 65748.959977191188955 120281.98548836894042
4632.5 65591.444982754444936 120032.93143575043359
4633 65504.02436768575717 119942.39379492597072
4633.5 65447.188270275648392 119840.24514768569497
4634 65534.96018645096774 119971.53168686083518
4634.5 65602.249578759365249 120099.82451572078571
4635 65457.342241468591965 119876.12461317589623
4635.5 65461.152622325062111 119885.35899266450724
4636 65680.805270916316658 120217.46313188447675
4636.5 65678.474062735505868 120217.58195511142549
4637 65759.775807006692048 120381.29574339710234
4637.5 65753.444496465643169 120371.35251028095081
4638 65891.105659703462152 120577.030835575526
4638.5 66170.932530996040441 120975.10873352109047
4639 66417.162103506037965 121334.46714667530614
4639.5 66188.819652201389545 121013.25957068092248
4640 66197.759113396052271 121060.23900761576078
4640.5 66345.679526898253243 121291.15905358901364
4641 66231.470740928751184 121092.66579670892679
4641.5 66267.505390148522565 121193.91184256414999
4642 66141.540265957068186 121001.45762924411974
4642.5 66105.092868789448403 120949.08675453827891
4643 66199.209118866318022 121092.60630245512584
4643.5 66290.838424507513992 121250.15035183746659
4644 66038.307901520252926 120861.87130097282352
4644.5 66269.428667980304454 121222.77305160969263
4645 66211.405646620420157 121124.75958920620906
4645.5 66351.280189948825864 121355.96993150780327
4646 66198.811971411312697 121130.56989165805862
4646.5 66235.102302323313779 121214.02154158474877
4647 66074.031839143688558 120968.72862774207897
4647.5 66079.10130944228149 121023.42231680589612
4648 66178.509173841652228 121196.18228258828458
4648.5 66284.854344210223644 121352.76621325095766
4649 66157.025405302731087 121129.80382353001914
4649.5 66313.421312669495819 121367.11859289786662
4650 66300.521500703165657 121349.20688147637702
4650.5 66311.541552632508683 121389.05807893286692
4651 66439.198611804022221 121566.15334992215503
4651.5 66453.815984838962322 121580.96868273350992
4652 66330.410981981287478 121402.98453212155437
4652.5 66337.73952739550441 121419.31147423657239
4653 66522.131351569056278 121707.85321743931854
4653.5 66518.468389697925886 121716.90130123915151
4654 66386.027225909158005 121549.17748810039484
4654.5 66467.67394698318094 121629.55150387382309
4655 66634.965997968538431 121883.56661837275897
4655.5 66475.539226996828802 121650.34860955621116
4656 66495.502124046237441 121669.35367922415026
4656.5 66361.59502515332133 121459.58280352063593
4657 66582.5524528179958 121826.49063216736249
4657.5 66654.288020350926672 121935.33062408230035
4658 66567.611008129999391 121798.43640473646519
4658.5 66751.793782943714177 122057.7045956561924
4659 66796.2185021762416 122104.5574764006742
4659.5 66707.582927487892448 121990.0333836904756
4660 66879.767428015722544 122254.50235746697581
4660.5 66816.648783605050994 122177.27626198342477
4661 66757.09014270316402 122057.71344269598194
4661.5 66620.978539406627533 121831.99729248684889
4662 66557.225452209648211 121794.7433820238366
4662.5 66475.825141386449104 121700.00270107900724
4663 66392.503686086085509 121551.79012337762106
4663.5 66531.614954510820098 121772.38923395707388
4664 66372.559892999226577 121554.84538544226962
4664.5 66356.863798136502737 121541.57480624465097
4665 66447.697893591204775 121679.94209705966932
4665.5 66442.200627097525285 121698.03267156235233
4666 66388.472186740822508 121607.32717200816842
4666.5 66179.478169022651855 121302.86966697138269
4667 66318.962056675794884 121524.47543427086202
4667.5 66469.420549916860182 121753.71302858967101
4668 66521.216147605518927 121839.40715841780184
4668.5 66333.892738755093887 121559.21858418417105
4669 66408.00921733478026 121703.83902061601111
4669.5 66403.551771440645098 121670.93428990717803
4670 66445.653281373961363 121727.83078848657897
4670.5 66595.050898360801511 121981.65877485567762
4671 66645.438161700818455 122030.92215003391902
4671.5 66758.194987912254874 122206.76322532322956
4672 66900.013526039183489 122428.38707314631029
4672.5 66868.747195819058106 122382.15965935846907
4673 66785.1198436984414 122288.0982784449443
4673.5 66782.603532260633074 122251.15450081437302
4674 66877.117799729210674 122389.22904027874756
4674.5 66815.094080166803906 122316.64547990202846
4675 66945.585972128625144 122538.27434894948965
4675.5 66947.396249440600513 122552.38623709700187
4676 67064.651444067669217 122730.56107485768734
4676.5 66940.297368818457471 122566.73637386539485
4677 66823.800922744019772 122368.70971382211428
4677.5 66697.920878458782681 122190.39011371525703
4678 66597.87019501341274 122084.52240683809214
4678.5 66510.875630736161838 121956.84477880454506
4679 66590.386924668113352 122087.58347779884934
4679.5 66711.058440603068448 122249.46696511795744
4680 66758.872378290267079 122352.62563332858554
4680.5 66819.848839282625704 122420.2677663302602
4681 66748.25926190710743 122328.9870701830805
4681.5 66646.386331932299072 122198.9136353052163
4682 66466.412371874888777 121903.92595710216847
4682.5 66733.661653979579569 122328.53662735881517
4683 66501.586839758456335 121995.29491392939235
4683.5 66361.929919125046581 121829.19199066146393
4684 66270.796968731810921 121704.20270980038913
4684.5 66446.938326156858238 121944.65333969405037
4685 66388.160232500595157 121870.84519607016409
4685.5 66361.878405340670724 121825.28286092788039
4686 66219.374793874201714 121595.1069192821451
4686.5 66318.837389180116588 121758.50121275572747
4687 66283.70164950749313 121708.67053989959823
4687.5 66352.42851170321228 121790.33440650138073
4688 66417.744202589325141 121897.37646493906504
4688.5 66482.959197138770833 122012.03887744207168
4689 66504.004383467385196 122029.72645406157244
4689.5 66589.102999906812329 122193.92651573960029
4690 66600.392554761187057 122184.36098301129823
4690.5 66688.691662074314081 122343.54186173122434
4691 66820.89094794052653 122555.57072002273344
4691.5 66700.78497803756909 122347.20915909271571
4692 66583.489075209421571 122176.58942472175113
4692.5 66775.126346897217445 122460.9152250510524
4693 66957.424163912713993 122705.44642298661347
4693.5 66843.548802309436724 122563.55864916922292
4694 66774.563503644501907 122488.77806940340088
4694.5 66709.478552092477912 122405.8884227747767
4695 66713.737927036869223 122428.145653895539
4695.5 66812.248820607084781 122554.71671089646406
4696 66809.88939090500935 122539.91010920509871
4696.5 66783.931953153005452 122543.83757906373648
4697 66763.761898240583832 122516.68710079998709
4697.5 66757.860069014306646 122500.9946989077871
4698 66731.278757183550624 122447.92625695708557
4698.5 66811.550205208390253 122557.91221740774927
4699 66751.677347310338519 122494.78986025761697
4699.5 66733.698034283122979 122464.35905267370981
4700 66659.526230329996906 122377.42239261051873
4700.5 66789.787716448103311 122581.66970565675001
4701 66730.703062841246719 122490.39400432599359
4701.5 66788.105462032035575 122571.91887322587718
4702 66643.436694511488895 122377.07518698606873
4702.5 66701.881975684067584 122444.13113830266229
4703 66800.836545678335824 122641.17260364665708
4703.5 67024.594131571837352 122951.32475068882923
4704 66941.610952848292072 122831.93982211194816
4704.5 66752.673841744282981 122559.27067343554518
4705 66651.571844723643153 122467.38059120999242
4705.5 66489.555794923944632 122212.94081320951227
4706 66474.869006734821596 122221.04906082974048
4706.5 66493.975803171852021 122232.1417835008906
4707 66740.31728754490905 122611.63728582406475
4707.5 66727.210204179631546 122566.07164070184808
4708 66832.818167962919688 122785.18713598817703
4708.5 66680.41453058924526 122542.43964949552901
4709 66538.895606512451195 122336.0270172983146
4709.5 66584.264455985627137 122468.65963536042545
4710 66624.33871665764309 122479.00144594903395
4710.5 66715.385084162116982 122664.43153814923426
4711 66833.548638098756783 122799.02699750564352
4711.5 66896.821858956682263 122900.5006474993279
4712 66941.916755329584703 122946.6350146002078
4712.5 66989.960365369566716 123035.03685190359829
4713 66739.308752168421051 122668.51523797572008
4713.5 66695.912832710760995 122619.63993943078094
4714 66651.239215439243708 122543.45811833530024
4714.5 66711.260966850895784 122653.02619128240622
4715 66817.359668581091682 122793.81933926702186
4715.5 66818.004589116229909 122814.26283382228576
4716 66981.2055347727146 123061.35528925347899
4716.5 67003.370337198168272 123070.39911186690733
4717 67122.124241249810439 123270.08065636573883
4717.5 66984.297553382464685 123072.73815417401784
4718 66953.657677896742825 122977.96096225232759
4718.5 67012.833839472616091 123061.7735849822493
4719 67111.551735647968599 123229.3677657978842
4719.5 67189.454682078052429 123328.62262223369908
4720 67081.494038526507211 123181.36866012442624
4720.5 67034.450486759000341 123153.48324117457378
4721 66990.636310567628243 123068.05487564165378
4721.5 66842.57018507864268 122854.26786146193626
4722 66812.285584205863415 122808.603322183204
4722.5 66730.795114274282241 122707.20930315012811
4723 66674.781012020117487 122651.74992734353873
4723.5 66522.051244026923086 122455.49535660467518
4724 66523.840575574780814 122433.90022384544136
4724.5 66620.313747218198841 122587.14284810028039
4725 66594.060360586474417 122549.16820949621615
4725.5 66576.278437929504435 122542.06873077902128
4726 66602.463875413712231 122606.85308261759928
4726.5 66730.160965006740298 122774.11576997351949
4727 67021.171468698375975 123191.20880409516394
4727.5 67090.701797921181424 123300.12348527909489
4728 67073.763830697353114 123311.44024587055901
4728.5 66957.917088580594282 123119.4985094799049
4729 66842.758535122397006 122965.58822993279318
4729.5 67065.407642637568642 123320.3579163216491
4730 67175.304835241127876 123462.96762213736656
4730.5 67107.336627633369062 123361.51602234644815
4731 67272.186011299942038 123618.59044733599876
4731.5 67494.038635550197796 123955.77945577738865
4732 67481.360156667302363 123940.98813669937954
4732.5 67241.823420219501713 123568.60007576664793
4733 67046.331293793831719 123279.02590906051046
4733.5 67056.115959227536223 123307.81433697628381
4734 67052.330014464037959 123321.0712184603035
4734.5 67064.621798081294401 123347.64897790802934
4735 67124.266681601453456 123422.79375357877871
4735.5 67240.40581846475834 123579.41212478881062
4736 67379.020138686202699 123787.81327062535274
4736.5 67313.155735571446712 123718.16605854054797
4737 67259.644295732345199 123680.29122039891081
4737.5 67369.613752211153042 123830.92187380493851
4738 67460.801197770037106 123989.73169457109179
4738.5 67287.28665693460789 123717.15794264053693
4739 67370.312796527738101 123875.75854598032311
4739.5 67295.763022421335336 123765.28642651558039
4740 67151.508005656462046 123547.798396374812
4740.5 67167.671815256326227 123597.93141458205355
4741 66942.192802228630171 123273.95086052302213
4741.5 66978.021637454148731 123325.7052186447545
4742 67080.278902542238939 123501.22440644420567
4742.5 66925.009882692145766 123253.55165043512534
4743 66890.864742886347813 123176.48267962253885
4743.5 67247.118108750713873 123708.62223096941307
4744 67261.926228596305009 123712.94349562922434
4744.5 67257.657207421361818 123709.92896417266456
4745 67409.812243997424957 123977.33372200072336
4745.5 67221.484577227427508 123703.30442570029118
4746 66990.329431570193265 123381.99488259438658
4746.5 67031.90386175592721 123490.51572285554721
4747 67164.649481299478794 123662.15376983089664
4747.5 67245.096905795711791 123782.76070129829168
4748 67275.169845661876025 123808.87759688701772
4748.5 67197.448499999081832 123720.87504217358946
4749 67054.643618227011757 123530.68998872606608
4749.5 67118.203172500725486 123630.39747265566257
4750 67190.207993015297689 123723.48910803349281
4750.5 67083.061472247558413 123605.55401362132397
4751 67014.829057275346713 123526.5044864803931
4751.5 66850.261707305515301 123268.86687524050649
4752 67020.258417623976129 123539.01370985421818
4752.5 67129.31529535302252 123710.5055562537309
4753 67194.102358195304987 123811.57980647316435
4753.5 67180.040367972833337 123768.75944912916748
4754 67192.296951373384218 123779.80708976654569
4754.5 67264.809046481081168 123902.02822007879149
4755 67248.344375230910373 123881.65427691093646
4755.5 67304.4346223736502 124003.19538475495938
4756 67305.842568123523961 123974.77766936650733
4756.5 67324.734324011573335 124039.74568170084967
4757 67303.307100885271211 124015.08796444692416
4757.5 67198.76666286715772 123856.56172231597884
4758 67133.041075789224124 123807.61331132585474
4758.5 67107.983006886599469 123791.48003879004682
4759 67230.278060199896572 123970.62911914144934
4759.5 67280.119261444662698 124049.93943414544628
4760 67009.516502469734405 123668.79507214282057
4760.5 67016.560626273945672 123677.35063599121349
4761 67089.314781998837134 123794.41161219100468
4761.5 67135.871075208051479 123877.745896918379
4762 67366.266564048099099 124242.59270462984568
4762.5 67447.093554030871019 124367.87991420805338
4763 67658.908810503970017 124709.67029243720754
4763.5 67659.939772389028803 124687.0377259580855
4764 67586.96017607273825 124597.95095242955722
4764.5 67558.550683368448517 124604.52548639768793
4765 67543.513007004468818 124588.62562855583383
4765.5 67456.706547156805755 124430.7113152135862
4766 67606.238219934151857 124681.8279705356108
4766.5 67512.49624531493464 124545.21086467526038
4767 67483.710408920596819 124524.68815245661244
4767.5 67335.798226206738036 124328.73093933078053
4768 67448.520639663402108 124488.08935934126202
4768.5 67666.04142223756935 124809.57743705809116
4769 67818.136978273556451 125094.95719844019914
4769.5 67591.948254892020486 124696.35683948994847
4770 67529.922239112187526 124662.8629819535854
4770.5 67621.436379193895846 124769.50788827842916
4771 67871.723025991537725 125144.09750372171402
4771.5 67679.073444310357445 124842.96095328962838
4772 67522.647386983575416 124613.85218544048257
4772.5 67682.482794773561182 124888.65905931605084
4773 67545.605603721181978 124660.76142077843542
4773.5 67449.961909478704911 124580.62208511623612
4774 67564.062086251869914 124746.80380957116722
4774.5 67482.924547644754057 124619.0460433569242
4775 67545.14761738004745 124756.84594064198609
4775.5 67582.387255300491233 124827.17524867616885
4776 67437.511239684332395 124593.07780858909246
4776.5 67666.979213472368428 124935.45654498743534
4777 67790.924030128429877 125165.51856518718705
4777.5 67811.503970173318521 125168.91879998706281
4778 67808.467753226679633 125148.04598591799731
4778.5 67682.619986161138513 124962.52949431876186
4779 67500.227422600757563 124708.45035120646935
4779.5 67468.343239988447749 124681.94352256681304
4780 67532.192985196175869 124786.71882235392695
4780.5 67333.825768852169858 124525.911662919214
4781 67499.758982516170363 124749.95658726822876
4781.5 67627.709460376907373 124956.51779209991219
4782 67534.508256408997113 124820.1178646839835
4782.5 67452.408838954244857 124693.72134167706827
4783 67357.603446532259113 124546.51815669596544
4783.5 67656.733036558100139 124994.69320935565338
4784 67660.848846670982311 125026.88522311807901
4784.5 67585.747463050371152 124898.36700728333381
4785 67566.333818116705515 124895.66563092076103
4785.5 67568.19007865957974 124893.93629151381901
4786 67430.031086711489479 124745.39789866795763
4786.5 67376.201709571440006 124630.74930507602403
4787 67617.955238844137057 125017.14194459826103
4787.5 67886.120406658970751 125402.04676369934168
4788 67870.792974809344742 125370.9667384603963
4788.5 67864.635875793581363 125387.67335296071542
4789 67774.404609717297717 125261.32625634953729
4789.5 67725.418576522744843 125206.52421066634997
4790 67760.394803517687251 125268.48480179917533
4790.5 67721.119638419680996 125195.13937861874001
4791 67580.042063538785442 124958.88108345406363
4791.5 67702.539813480543671 125180.9867615444964
4792 67769.619826188107254 125255.66442113845551
4792.5 67768.656329381687101 125291.21527969864837
4793 67614.083941406614031 125034.14703128223482
4793.5 67539.395867170576821 124993.13237991844653
4794 67563.67519643047126 125066.55184746542363
4794.5 67641.777540302471607 125203.85927713029378
4795 67693.849602263377164 125265.73230925001553
4795.5 67672.06767001991102 125236.12418109508872
4796 67730.904732216062257 125325.47355471619812
4796.5 67700.39694566160324 125278.40665037852887
4797 67960.118152126524365 125667.46052745796624
4797.5 67907.536640735954279 125594.80313317129912
4798 67923.261633498972515 125623.01643863217032
4798.5 67684.845709385510418 125292.5389320342365
4799 67834.024291526424349 125513.26041938517301
4799.5 67797.193504346549162 125468.37221222321386
4800 67937.77754757067305 125680.65485062944936
4800.5 68050.722635337413521 125848.39023349729541
4801 68032.154292906285264 125850.54767239987268
4801.5 68070.762719916834612 125894.12267599139886
4802 68060.509955628876924 125872.56061698275153
4802.5 67912.71460286610818 125677.90355420240667
4803 67830.717047511585406 125556.42972909308446
4803.5 68034.716652730290662 125881.91704990464495
4804 67950.214673975046026 125756.03581102739554
4804.5 67993.509834507189225 125833.12944421259454
4805 67856.652087247988675 125614.19501151599979
4805.5 67877.675221119483467 125709.32063398766331
4806 67609.327642525036936 125254.719500495994
4806.5 67663.951808355021058 125384.37230465155153
4807 67580.464575505990069 125277.57359723691479
4807.5 67537.683116741100093 125229.4686141298007
4808 67778.175028412180836 125566.89586928786593
4808.5 67744.02236808129237 125526.28880795171426
4809 67715.947311439886107 125513.10433774346893
4809.5 67733.033153602635139 125501.65557620424079
4810 68026.510464842882357 125953.1963509121997
4810.5 68186.669196372822626 126211.55682149344648
4811 67949.977009923153673 125860.86584602556832
4811.5 67754.569698401988717 125544.06927211971197
4812 68024.153051832792698 125983.20861672697356
4812.5 68060.197036707540974 126044.16913402751379
4813 67937.722598720210954 125846.90201235073619
4813.5 67880.833027144719381 125803.87406362993352
4814 67919.529122234744136 125851.36335667343519
4814.5 67927.017215492742253 125895.02753509953618
4815 67727.017723538374412 125598.46015296730911
4815.5 67657.32381560394424 125494.74004953635449
4816 67709.618631848308723 125582.74645359415445
4816.5 67885.912739121675259 125847.85878286247316
4817 67743.599461889258237 125627.42427133412275
4817.5 67842.861243884792202 125747.08589203952579
4818 67798.910565678059356 125700.19713266895269
4818.5 67849.264943610920454 125795.69563400989864
4819 68007.593750046013156 126045.94410988372692
4819.5 67969.701852528043673 125993.45770302621531
4820 67888.691432370673283 125911.86708237801213
4820.5 67839.297004183594254 125854.78934310152545
4821 68032.679921528717387 126119.56777942228655
4821.5 67961.896088507812237 126045.13063765033439
4822 67742.766265707468847 125730.35007229159237
4822.5 67668.861205671753851 125583.00264056625019
4823 67657.887845671386458 125600.68046724991291
4823.5 67739.171234029316111 125698.49596714274958
4824 67791.571099534441601 125775.61495100053435
4824.5 67675.159076068783179 125631.7018262915808
4825 67468.491216480644653 125344.0714722857083
4825.5 67563.656739945959998 125482.59943506366108
4826 67456.643926705801277 125321.85766285126738
4826.5 67462.592077377586975 125323.23332468478475
4827 67682.648130973015213 125687.5784565439244
4827.5 67809.06830238479597 125875.48849898447224
4828 67952.019708665087819 126079.53148962843989
4828.5 68133.930773897125619 126345.71008098623133
4829 68261.130022506928071 126568.56662895677437
4829.5 68237.349129980357247 126539.5485716683761
4830 68060.692248086939799 126259.28273958386853
4830.5 68216.90621661307523 126526.48303256383224
4831 68091.984915292079677 126339.7592291119945
4831.5 67793.501578826573677 125886.66572492914565
4832 67763.697992748930119 125909.79452380616567
4832.5 67662.049008515343303 125707.66859184690111
4833 67678.448422135377768 125716.84135241457261
4833.5 67655.202034746485879 125710.46980544099642
4834 67607.235386475425912 125629.90129973106377
4834.5 67913.076660668564728 126100.19577610646957
4835 67762.924216297658859 125845.9265535910381
4835.5 67728.490348207240459 125817.01792662104708
4836 67743.55352988516097 125840.88810611182998
4836.5 67775.717112425947562 125912.6207511977118
4837 67747.962570442265132 125841.93090618474525
4837.5 67747.935666987556033 125850.38150934016448
4838 67866.612936023710063 126033.94010986117064
4838.5 67998.328443096819683 126240.00721068865096
4839 68139.407249234849587 126435.03181808079535
4839.5 68236.161854324658634 126564.73408123687841
4840 68120.50420984828088 126370.00591791760235
4840.5 68222.393636230772245 126566.82973965734709
4841 68092.065023161281715 126368.12400090698793
4841.5 68114.410820864257403 126451.74379751400556
4842 67934.899752718003583 126178.73604046471883
4842.5 67980.619766261777841 126268.33438403450418
4843 68063.9319513100927 126410.43774602843041
4843.5 68088.734978281834628 126404.12303815508494
4844 68114.524088495832984 126437.27454497064173
4844.5 68045.487189554303768 126330.90376573294634
4845 67975.390026366832899 126238.42262624543218
4845.5 67946.074865758666419 126225.37776186052361
4846 67865.250165220873896 126115.17235286408686
4846.5 67735.745053033853765 125901.99673595555942
4847 67818.646487474659807 126026.00774816906778
4847.5 67923.530954374160501 126208.15427208428446
4848 67829.008730404937523 126069.49435706490476
4848.5 67954.183717972307932 126268.94535355629341
4849 68023.465372315826244 126336.90617404431396
4849.5 68210.802535289927619 126667.97665283558308
4850 68115.929863446217496 126532.16201456496492
4850.5 68056.141482415012433 126440.55243529280415
4851 68214.270839716584305 126711.95684864440409
4851.5 68436.501958775261301 127008.31247937426087
4852 68330.814906576822978 126843.05884000357764
4852.5 68237.695498503875569 126699.80289625385194
4853 68567.968581907873158 127208.49781694606645
4853.5 68571.249123112793313 127211.62105603894452
4854 68451.373672947782325 127047.12363309689681
4854.5 68324.691614225026569 126856.41732985780982
4855 68294.278754709113855 126816.01373273420904
4855.5 68543.758948650909588 127187.59679736409453
4856 68422.676661296267412 127005.88852938277705
4856.5 68269.238856053561904 126787.33772824845801
4857 68166.633173253649147 126628.36776063589787
4857.5 68257.970468233208521 126777.67133657341765
4858 68438.850356907540117 127050.00856525702693
4858.5 68320.566947452927707 126902.48466602663393
4859 68221.148496840221924 126763.35775845288299
4859.5 68150.564442458446138 126683.53087868991133
4860 68109.63335879931401 126623.11447353062977
4860.5 68241.173649323405698 126845.40324572226382
4861 68413.029596187348943 127084.73989453601826
4861.5 68479.12137668581272 127208.50798253383255
4862 68449.532454811400385 127183.87697484415548
4862.5 68504.250951142574195 127270.21915641437226
4863 68340.546604048344307 127013.09278215293307
4863.5 68427.932527046781615 127157.48317696228332
4864 68164.917184235469904 126786.50699904414068
4864.5 67965.398609216979821 126489.43435361186857
4865 67815.62334342271788 126306.75732515186246
4865.5 67928.26212389858847 126461.87736691828468
4866 67964.86438470952271 126509.14130288203887
4866.5 68156.674230574557441 126791.64809355021862
4867 68074.509418014320545 126672.05083518757601
4867.5 68309.188222963377484 127010.8376203662192
4868 68311.794244273958611 127055.69820479810005
4868.5 68172.950062568386784 126825.35517025378067
4869 68397.143531493129558 127213.04944489446643
4869.5 68261.219482404194423 126979.8206529825984
4870 68409.367031743560801 127178.76339020066371
4870.5 68534.430786143668229 127352.82128170359647
4871 68572.153135275759269 127439.93304488112335
4871.5 68642.960075590890483 127530.1821470624418
4872 68617.793938890172285 127475.33977879275335
4872.5 68458.816209629192599 127248.81220842440962
4873 68492.013288801972521 127324.34433474812249
4873.5 68375.576161936071003 127178.27333256749262
4874 68470.016147431655554 127291.04542897373904
4874.5 68458.226739551391802 127269.73444931973063
4875 68416.062812842210406 127229.54318498309294
4875.5 68345.998623023275286 127127.57734667012119
4876 68391.048238312811009 127207.43440966134949
4876.5 68406.415193779277615 127234.33827532638679
4877 68567.401694536732975 127439.64736153594276
4877.5 68503.513105113641359 127372.76641672047845
4878 68493.36643366352655 127334.26594490320713
4878.5 68435.029275658773258 127255.38366324511298
4879 68415.678815515930182 127262.9599973767472
4879.5 68433.272037765651476 127313.44126690429403
4880 68516.169234056316782 127427.19314086763188
4880.5 68609.924655677954433 127554.94663294419297
4881 68439.282535046688281 127300.73280554467055
4881.5 68454.393243087397423 127336.82722380165069
4882 68510.111754429963185 127421.02060027900734
4882.5 68696.176440705006826 127733.84974372702709
4883 68726.300910948688397 127794.67708980067982
4883.5 68737.571148066577734 127847.20667962818698
4884 68585.24583482046728 127587.1817570442945
4884.5 68757.776186248927843 127874.61328495270573
4885 68757.179716564482078 127882.73845806805184
4885.5 68544.316709567749058 127595.6453954429162
4886 68386.861431312398054 127385.21342373632069
4886.5 68389.633654854580527 127356.70465126617637
4887 68516.600775134633295 127561.39925664431939
4887.5 68564.833308076369576 127614.88253849660396
4888 68580.40444353359635 127636.76455205086677
4888.5 68710.503249535584473 127883.80142278963467
4889 68640.6431006717321 127794.01498623289808
4889.5 68697.136978687703959 127859.81069473097159
4890 68792.681563313191873 127991.89293142374663
4890.5 68728.273748321342282 127893.87010571427527
4891 68679.679182278676308 127861.41085242923873
4891.5 68704.081512441072846 127920.75455008195422
4892 68658.743204670056002 127865.59513833429082
4892.5 68583.013528066629078 127727.32014806446387
4893 68824.888361195204197 128111.68415640831518
4893.5 68706.721867236396065 127945.85009356080263
4894 68556.254115104617085 127739.15931010297209
4894.5 68575.915684480482014 127771.14619624597253
4895 68509.471361734584207 127686.37731470714789
4895.5 68550.410195100615965 127728.51570615585661
4896 68517.985567424912006 127721.12619018807891
4896.5 68556.334752245427808 127759.10358920205908
4897 68577.426760043948889 127797.88061075884616
4897.5 68769.87996938386641 128061.5651589071349
4898 68851.459722448911634 128192.52712095509924
4898.5 69067.34285472513875 128505.44810539425816
4899 69146.754582458728692 128634.69552988899522
4899.5 69175.223177623440279 128712.32759734019055
4900 68914.173892751627136 128307.8902216602728
4900.5 68797.001262953854166 128172.17352197185392
4901 68703.989424365776358 128049.68058142343943
4901.5 68704.923273231179337 128059.69847496166767
4902 68680.428546107184957 128034.77719286555657
4902.5 68551.654919819993665 127880.02820024285757
4903 68440.525592035221052 127703.65926205241703
4903.5 68349.189149147074204 127563.98869879974518
4904 68528.546199645745219 127819.42434339642932
4904.5 68640.530116587950033 128007.33199139364297
4905 68617.69455846027995 127948.80783562913712
4905.5 68638.597811691637617 128001.75026284833439
4906 68623.978418105063611 128006.12586723372806
4906.5 68655.926895742115448 128082.78638415252499
4907 68598.201184818244656 128014.42358295767917
4907.5 68428.900041320201126 127783.94453320738103
4908 68469.905417406494962 127813.90371974276786
4908.5 68634.392410195578123 128051.71638946967141
4909 68830.666393272753339 128368.07692209728702
4909.5 68748.788799109359388 128238.20648047314899
4910 68715.155692420725245 128192.08385302437819
4910.5 68857.096298046526499 128388.43802950944519
4911 68720.531350049117464 128211.74033335965942
4911.5 68820.983335642275051 128365.48110266982985
4912 68618.713307596597588 128054.32476028129167
4912.5 68652.222765299273306 128155.33733682926686
4913 68646.027864960939041 128147.04678599582985
4913.5 68826.789274818336708 128399.73419983763597
4914 69006.286568142459146 128688.47453306574607
4914.5 68940.736739848653087 128597.33870598911017
4915 68870.785534286071197 128530.27768535917858
4915.5 68903.044238667353056 128561.79664172090997
4916 68937.00680722281686 128626.12161172187189
4916.5 68941.921985694672912 128618.80947555028251
4917 68890.951230034479522 128587.75145101526869
4917.5 68970.39532736473484 128675.50476417981554
4918 69025.74522644613171 128785.55049883342872
4918.5 68947.429320396899129 128628.8272351778578
4919 69200.503116341773421 129027.22990860597929
4919.5 69135.049407592261559 128963.28293976433633
4920 68919.522176497761393 128652.37729265035887
4920.5 68884.647859226970468 128630.10273742076242
4921 68963.961138721511816 128771.94140011060517
4921.5 69003.885801883763634 128833.902350548291
4922 68889.736643562588142 128708.25410053496307
4922.5 68633.315678101120284 128315.79393787475419
4923 68645.69801287696464 128354.63480761645769
4923.5 68739.496703148310189 128479.21738052574801
4924 68875.678499233588809 128681.92701730639965
4924.5 68818.794889317359775 128584.39727382345882
4925 68894.067701224761549 128698.19921152698225
4925.5 68939.299333998249494 128778.96097851281229
4926 68916.183095997810597 128717.30055849220662
4926.5 68869.352982174896169 128662.78632382927753
4927 68741.638151458479115 128487.67582979807048
4927.5 68883.267034982767655 128711.7173942294321
4928 68977.146088816545671 128835.95761063476675
4928.5 69020.398803021686035 128929.99313049863849
4929 69159.360070985043421 129129.20786328034592
4929.5 69032.307576791208703 128934.57009008382738
4930 69247.729971375825698 129261.8154802594363
4930.5 69213.847880249915761 129164.52127509919228
4931 69033.918843948820722 128911.22779747356253
4931.5 69133.143845777303795 129109.2705541751784
4932 68935.248650003355579 128786.03279577176727
4932.5 69022.33969946623256 128904.02478142823384
4933 69006.695569565155893 128923.75488442642381
4933.5 69103.638570516312029 129052.22052934119711
4934 68995.203129374669516 128879.45758806729282
4934.5 69041.055911515984917 128959.91905054252129
4935 69043.243716041382868 128977.42004916266887
4935.5 69076.227455782340257 129011.55864253645996
4936 69000.746086426312104 128932.28687678262941
4936.5 68905.915377188444836 128834.84475945218583
4937 68829.665835950654582 128708.1135336922307
4937.5 68748.202558023505844 128607.61007153753599
4938 68759.698943917755969 128626.68156614083273
4938.5 68557.661311954725534 128365.32804162534012
4939 68541.404601674439618 128321.94218786268902
4939.5 68722.059791957624839 128629.1077215255209
4940 68759.231236607825849 128681.88744935675641
4940.5 68797.58075926580932 128748.94943417180912
4941 68793.394914573858841 128724.58211175829638
4941.5 68683.678068695677212 128549.88518210919574
4942 68618.611431289507891 128481.09136822729488
4942.5 68696.475902747741202 128639.38551387525513
4943 68568.914887037070002 128405.70040861067537
4943.5 68626.104736257359036 128516.77717567961372
4944 68416.096186551803839 128210.56639993903809
4944.5 68632.053035263234051 128527.44357938543544
4945 68889.133312773119542 128889.40105767223577
4945.5 68898.845987259512185 128900.34579508881143
4946 69171.550460757003748 129326.3154705378256
4946.5 69158.797847068548435 129303.00661908744951
4947 69064.248764930161997 129180.25665228659636
4947.5 69063.777898636297323 129152.40245429580682
4948 69017.97421521677461 129074.61433776201739
4948.5 68890.547586165834218 128920.46038185512589
4949 68739.243066203853232 128725.7485056277219
4949.5 68660.096105325807002 128587.06632366744452
4950 68866.539592150526005 128921.02520273067057
4950.5 68841.224465441016946 128890.9086190105445
4951 68814.191068427768187 128855.84721592387359
4951.5 68918.060256136857788 129024.80533048500365
4952 68969.343576741142897 129069.8275857346307
4952.5 68968.808005089114886 129105.29368270929263
4953 68625.690508521685842 128586.9480134214682
4953.5 68557.834820001429762 128483.87711470271461
4954 68656.67294858857349 128684.85262133364449
4954.5 68832.274152017926099 128944.78133790883294
4955 68775.619728740217397 128854.91755015094532
4955.5 68770.338981457898626 128877.19417034022626
4956 68644.158983723144047 128693.75970792361477
4956.5 68783.049754642896005 128952.45685317825701
4957 68749.892055827265722 128890.36288118280936
4957.5 68767.805088802298997 128907.93632000987418
4958 68785.121412730848533 128951.21753893402638
4958.5 68627.617120370676275 128718.65907755344233
4959 68615.230615348307765 128695.896696555792
4959.5 68831.802705052265082 129045.62620414746925
4960 68848.878591211076127 129064.37343204393983
4960.5 68874.226325736308354 129124.84035909561499
4961 68909.365125851196353 129150.23427142202854
4961.5 68994.191241802487639 129281.54951727252046
4962 68984.505133257916896 129271.20822811298422
4962.5 69142.840808177148574 129528.62612457960495
4963 69105.578321249675355 129471.87165677090525
4963.5 69134.780938082767534 129571.94820375756535
4964 68896.701342033789842 129143.98740131367231
4964.5 69047.079492100077914 129408.29236960293201
4965 69019.560478685947601 129361.0014908392186
4965.5 68936.676030059024924 129258.29529147484573
4966 69034.852975619840436 129377.7256298673019
4966.5 69080.800024329393636 129494.32514872231695
4967 68937.561103722589905 129278.16053031793854
4967.5 68911.490484018446296 129234.92767726749298
4968 68854.533409607029171 129184.39723744662479
4968.5 68824.354899702622788 129174.14847192500019
4969 68887.206780602398794 129242.60036557463172
4969.5 68971.893237561860587 129403.73805188844563
4970 68871.835692318985821 129281.60814454549109
4970.5 68843.055731797619956 129225.56960952206282
4971 69050.593929661728907 129509.04158603650285
4971.5 69327.271036122983787 129948.89195808440854
4972 69523.627322576474398 130213.19462299259612
4972.5 69821.518261119868839 130706.35487959891907
4973 69614.129989632958313 130371.1243918966793
4973.5 69645.113409971949295 130423.0574064875691
4974 69847.698507771085133 130741.28620855047484
4974.5 69887.136956254791585 130797.63031572746695
4975 69839.060919466486666 130744.82491337410465
4975.5 69700.625504160372657 130563.27552107578958
4976 69642.675479631099734 130464.443430905274
4976.5 69553.888171370112104 130344.15285773231881
4977 69359.386587273256737 130067.06836500405916
4977.5 69142.295473571997718 129761.24329895860865
4978 69108.333356593502685 129748.61224446224514
4978.5 69363.4336707759212 130108.18155925403698
4979 69570.271044293462182 130422.05132087407401
4979.5 69649.814730235739262 130567.44424589994014
4980 69737.011614579314482 130692.45270891090331
4980.5 69750.968610940704821 130692.07770588813582
4981 69779.355878192160162 130732.51315348841308
4981.5 69708.070174525841139 130660.14248428399151
4982 69785.865227671325556 130787.66790319529537
4982.5 69748.744852018382517 130729.11297728926002
4983 69666.410436698919511 130608.39787211970543
4983.5 69838.433787694069906 130870.50888590763498
4984 70029.732882734489976 131207.48859858125797
4984.5 69888.815264551172731 130987.29905350900663
4985 69764.243434312767931 130827.80308573177899
4985.5 69853.326682617145707 130957.83766113015008
4986 69895.950342589436332 131008.74308694242791
4986.5 69958.627237165070255 131137.74599289294565
4987 69615.436265470954822 130590.7361192523822
4987.5 69537.759439628600376 130507.73640374581737
4988 69491.548781953402795 130404.0244441407267
4988.5 69620.703491502586985 130640.10785002194461
4989 69556.870803968136897 130539.8967718124477
4989.5 69437.06963967444608 130365.51280113453686
4990 69469.964543676178437 130440.09859908944054
4990.5 69295.672515046113404 130209.26736656676803
4991 69358.877356122160563 130290.14430647924019
4991.5 69258.459931735691498 130141.45349223987432
4992 69473.445235420411336 130533.93936629162636
4992.5 69419.392991503758822 130418.69700840988662
4993 69213.553374439085019 130101.50879073812393
4993.5 69462.844739838707028 130475.02671064450988
4994 69644.462153372223838 130748.78219947245088
4994.5 69586.914372391489451 130663.46772365465586
4995 69707.847313303456758 130821.75825125616393
4995.5 69701.324113923066761 130818.0568160636758
4996 69632.986816411546897 130734.84187396262132
4996.5 69605.551944632665254 130680.42344060612959
4997 69719.33671302786388 130859.28894357751415
4997.5 69684.366112309216987 130828.34585512858757
4998 69622.075757114769658 130708.90522076129855
4998.5 69652.461144169763429 130759.23676681728102
4999 69703.725932041517808 130877.26588970240846
4999.5 69644.121587226400152 130793.42272969234909
5000 69941.459877836299711 131268.1832481973106
