# time(ps) MSD_C MSD_Si
0 3.7101497835075645946e-24 5.3800376844945426483e-25
0.5 4.8356454678828333371 4.8348834591546721029
1 4.8350762603553860686 4.8322088154674824878
1.5 4.8299604791342982679 4.8180971445563214317
2 4.879155441544322791 4.8396443965359239314
2.5 4.8592616995897017773 4.8004208502881935416
3 4.9521057989009964473 4.8659618790990117887
3.5 4.9897465493631498745 4.8516632418613880873
4 5.0211284573314394208 4.8395410430461893725
4.5 5.1764252097821561449 4.9326489165889553234
5 5.1630821378686357903 4.8787677105088533835
5 5.1630821378686366785 4.8787677105088613771
5.5 5.2703560167177734286 4.9180805070450244187
6 5.4985947901138674254 5.0388015183848988698
6.5 5.6090608978470202217 5.0222724677967276463
7 6.0415265870242960133 5.2877157794466027596
7.5 6.5209821622910064676 5.533124663233931706
8 7.1940593817457454406 5.939938149239567089
8.5 9.2251523813766915794 7.2805453341165238257
9 14.815906317584355278 11.201072162734790894
9.5 26.339170937634310832 19.510809631074010895
10 39.105847914875305094 29.14245817562454377
10.5 52.484638010900873439 39.268550023022562812
11 65.60740282968041015 49.102874146193293825
11.5 79.096969416883581516 59.421420306742120943
12 92.775365039973422654 69.511578495278527612
12.5 106.0540250271541538 79.828354500172821417
13 119.54868249160817584 90.080251568629734038
13.5 132.956754253433445 100.29845338386084563
14 146.76470090141685887 110.37941560578819633
14.5 160.61433187367410369 120.62653675866594938
15 173.60719206973283235 130.65191599925421428
15.5 186.28454913232806689 140.85888458720592098
16 199.33187926269238233 151.02304032675183976
16.5 212.5181906833853418 161.62671642765982938
17 226.02488070519606822 171.49541335963382949
17.5 239.72711673507663477 181.29513769511180499
18 252.70265658417878285 191.68774273886478454
18.5 265.99903656092226356 201.6168113471687775
19 278.77405568169240269 211.61924700702948599
19.5 292.2690569951810744 221.60882497630655052
20 305.00961519215263706 231.42456273127996269
20.5 318.4398750415313657 241.43504442196712034
21 331.16879867931731951 251.73591771074151779
21.5 344.4123785158726605 262.36456241314078852
22 358.03601051039680669 272.68947947280264543
22.5 371.30421511792428646 283.02928352036809656
23 385.30905315308672243 292.89442789557273272
23.5 397.60306075235797607 303.27437799244938788
24 410.91059569399402562 313.88543413120873993
24.5 424.82449639168004296 324.57001171069930479
25 437.87355229216115049 335.55690395764264622
25.5 452.02697636284727878 345.59845587080968699
26 465.50933219598863388 355.55175811976658906
26.5 478.9317318028435011 365.17511550937450693
27 494.21123966027516872 375.56699304309114495
27.5 507.90541602214284467 386.0966128565507347
28 521.45670206139141101 396.16833401139876969
28.5 534.07007658025963792 406.32000273874581353
29 547.40993546710990358 415.82620437627338106
29.5 560.67023242953905537 426.34509854095927039
30 574.05247092478009563 437.02018134581174991
30.5 587.21115750242108788 447.60503284417166014
31 601.0523782596555975 457.49202044289421565
31.5 614.35359607487873745 467.00516741698862688
32 627.06116397430616871 476.462713574018494
32.5 640.54638100517456678 487.09891744593284102
33 654.03884441775028336 497.33525563600102259
33.5 667.49391301934122112 507.17417452571118019
34 679.54287088313628828 517.15471859248066266
34.5 692.67679412177096765 527.53365771547191798
35 705.95966810864410945 536.35390491935731916
35.5 719.61268597334787955 547.23151212356435735
36 732.70526681235685373 557.46906598366797425
36.5 745.71876123579932027 568.00830567345576583
37 758.05281342777459486 576.67965304064728116
37.5 772.44733116789370797 586.68759337222729755
38 787.31918105404417929 597.56301995572812302
38.5 800.4337788425468716 607.05032829711331033
39 813.43012953566574197 617.51677936627004328
39.5 826.06990014364350827 628.07474765692847996
40 839.32364872158007074 638.96894635993555767
40.5 852.78142113050171247 649.85555811335052567
41 865.8662137213754022 658.97537640960001681
41.5 878.85375005290131867 669.66467387320471971
42 892.3759038607245202 679.70017449870556447
42.5 904.85127984114467381 688.58314040480900076
43 919.34282584938887339 699.3577768050809027
43.5 933.7301209903457675 708.97206709668637359
44 948.74107828312105539 719.97102301180802897
44.5 961.46362502743897949 729.57793507543635769
45 974.21780386179511879 739.77250891730034255
45.5 986.5722849937335468 748.84774209528325173
46 1000.4866218593256235 759.92239630462279365
46.5 1014.1473862254288179 770.85585910687382238
47 1027.6178239643325014 783.21480707037244429
47.5 1040.591869451571938 793.84365114318472934
48 1054.2505955011565675 804.6360137059259614
48.5 1068.5618315467020238 815.12997472629058393
49 1082.5762312193962771 825.63975647912036493
49.5 1098.1612816581236984 836.57245048892673367
50 1109.9139027494175025 847.15866154528407606
50.5 1122.2705734544831557 857.48411702456451167
51 1135.9141769835887317 867.79705961701540673
51.5 1150.0598137803422105 879.40058722955279791
52 1164.7335721754448059 890.49806172582339059
52.5 1176.7073242329452114 899.86133492549458879
53 1193.4043854509527591 911.28365448570650642
53.5 1205.6342844308371696 920.70677434721505961
54 1218.3756172545799927 931.1270197520665306
54.5 1232.4709323185400081 942.45185169764647526
55 1246.2307702553262061 953.10578195572759341
55.5 1259.0593388426987076 962.12261446794946096
56 1271.3552891702320267 971.95204008212147073
56.5 1286.5948004391864288 982.84488739478251773
57 1299.7357828089593568 993.81319703021517853
57.5 1311.8193080657622431 1002.475557578543885
58 1323.4827835582991611 1012.8101676196087055
58.5 1337.6939641575156656 1023.7190714050949509
59 1350.8927603831800752 1033.9375944667624481
59.5 1363.866646692276845 1044.0879750636208882
60 1377.0703639190228387 1054.7945798242310502
60.5 1390.9671467712432786 1065.9261730717776118
61 1404.6713724812277633 1076.439106016200185
61.5 1420.3279982103101702 1087.4812776910362118
62 1433.5942084398272982 1097.4532745928172517
62.5 1445.3205008243912744 1108.4669394121297046
63 1459.8058352625837415 1119.0763736032317865
63.5 1472.2414786088722849 1128.7807522366965713
64 1487.0349821715503822 1140.1709373660328311
64.5 1499.1105386570784503 1149.8550721712363156
65 1511.2060741063530713 1160.0681870483865623
65.5 1527.1191570739852068 1171.6425606715342838
66 1541.5084864803504843 1180.0396090696633564
66.5 1555.2882164517845922 1191.8501365353631627
67 1567.2162914750790605 1202.0764262837762999
67.5 1582.2448204164493291 1212.0980992941147178
68 1596.5026340090169015 1223.3865415623192803
68.5 1610.9659980941378308 1234.8074820651954724
69 1621.8731060895365772 1242.4153614608692351
69.5 1636.0704703615786002 1254.1890326195821217
70 1650.4197868732444476 1265.7690954813749613
70.5 1663.037746064219391 1275.9130733421538935
71 1677.3706398886786246 1287.3238917205087546
71.5 1691.3010845882340618 1298.2877635060515331
72 1705.5180652566275512 1309.2988848704292195
72.5 1718.8277342255482836 1318.7674562738955046
73 1733.5170231121767301 1328.4340739161129932
73.5 1745.713122268228517 1338.8294058999829304
74 1761.6442264141578562 1350.2623424750388494
74.5 1776.2699049815707895 1360.6368149487218489
75 1794.5055012529442138 1374.0284105398184238
75.5 1805.8651170418092988 1383.1381437983743581
76 1822.544951967746556 1395.9111746709527324
76.5 1835.8985596019690547 1408.0265643486911813
77 1848.1838751157642946 1419.3195685929688352
77.5 1863.9017349192736219 1433.2162315929679153
78 1877.8124959308643156 1446.1674044272679112
78.5 1890.1894902905537492 1456.6446995353649072
79 1903.3803609662454619 1466.8784328821668623
79.5 1915.4890169231575783 1475.8175090777979221
80 1927.9576018017817205 1487.6039345898136617
80.5 1939.4475496339732672 1498.4896837453704848
81 1950.239387955320808 1506.5320965666467146
81.5 1963.0379678349368078 1517.6092812975796278
82 1977.2782538809792641 1527.7744093790704483
82.5 1990.906633517897717 1539.2693454602524525
83 2004.7529269879396452 1549.9865136430919392
83.5 2019.0938113552263076 1559.437378611752365
84 2032.2528735054454501 1571.3016660123180372
84.5 2047.5847890823911257 1582.8585840492810348
85 2062.0638222902143752 1595.1623171374460526
85.5 2077.8049967559909419 1607.7476867050036162
86 2092.0792634512049517 1618.3440478101872486
86.5 2102.4862595248278012 1627.0049246502758251
87 2116.2021884545015382 1636.080754961364164
87.5 2127.1368870553596935 1643.9922744428495207
88 2140.2129959348731063 1653.512011935526516
88.5 2151.7418023533168707 1661.1961483100922123
89 2165.5658601172349336 1672.2659138660355893
89.5 2180.7147318831971461 1681.0689282419732535
90 2197.378280850095507 1691.8088416305351984
90.5 2208.5983164766603295 1700.7717257765373233
91 2225.6338847767069637 1713.1287068776580327
91.5 2238.0260400079419014 1721.7986037662044509
92 2252.0368087492770428 1732.0913048087388688
92.5 2262.8979726336865497 1739.436308200560461
93 2277.7448728494682655 1749.4955035400398629
93.5 2288.3568800195007498 1757.7865023429089888
94 2300.0161447614509598 1766.0649728780233545
94.5 2314.5413413985352236 1775.3913583309042679
95 2328.5182021088171496 1787.0106447991208825
95.5 2346.5857020471808028 1799.4976181253282448
96 2361.551662794711774 1809.2843642499735779
96.5 2371.248600936783987 1815.1019698695270108
97 2387.1847811285274474 1825.7116864241743315
97.5 2397.0090565137907106 1834.4335341269704713
98 2408.1503464512966275 1844.3147540065622252
98.5 2423.0079607363295509 1854.5674094051162228
99 2430.2149516758963728 1860.9028393512815001
99.5 2445.8957607814936637 1872.8427491393219952
100 2457.6732805692913644 1882.2338121210548252
100.5 2468.1871781842164637 1891.6821173516036652
101 2482.4637068007605194 1902.1459356709096937
101.5 2498.8610266173609489 1912.3685109914722489
102 2512.3489975474012681 1923.3875469136980882
102.5 2524.3838026481435008 1934.1108950466434635
103 2539.4374300566414604 1945.1528736368768477
103.5 2550.6983954735669613 1957.0803701279155575
104 2561.9251673260282587 1968.3795628684370058
104.5 2579.2977725807863862 1980.3795555753297322
105 2590.5762346175870334 1988.7598225071392335
105.5 2605.3804317976541824 1999.7745329772599234
106 2622.2670283711790944 2010.3232606073563602
106.5 2633.9857037041101648 2017.8902955758812823
107 2648.5027609161802502 2027.5148746924028273
107.5 2659.9559391980892542 2034.5445804212047278
108 2675.6559752650550763 2046.7106847899397053
108.5 2686.8839084798614749 2057.7515687070481363
109 2701.9757720916441031 2068.3749127355622477
109.5 2714.2677083257444792 2079.610857855157974
110 2731.9233153153750209 2093.1308472862810959
110.5 2745.9690995960731925 2102.3923955293362269
111 2757.4173739777070296 2111.1547727221550304
111.5 2774.0355306973187908 2122.4693576061663407
112 2792.8137033276807415 2134.7055503573401438
112.5 2802.3735647564308238 2142.4050581182859787
113 2812.8630041288547545 2150.9827659891170697
113.5 2828.59275225193187 2163.1241456368584295
114 2841.3366289194109413 2172.8833574592222249
114.5 2853.1424151085971062 2181.5388734352350184
115 2864.5601423065554627 2189.0867501915222419
115.5 2879.865181819594909 2198.5624902621439105
116 2892.8778634493787649 2208.624373072925664
116.5 2904.2620675403795758 2217.7239357656208085
117 2921.3308405258512721 2229.8240660234614552
117.5 2929.0836893489404247 2238.3531209007574034
118 2940.5886524364786965 2247.4747805008501018
118.5 2958.937776747614862 2261.7268736293826805
119 2970.7182743249172745 2270.0250823533378934
119.5 2987.2015753475097881 2282.8755696980174434
120 3000.6357814890748159 2292.5272848009658446
120.5 3013.7093276675495872 2304.2774113441928421
121 3025.8453711541242228 2313.4785765585984336
121.5 3040.6786562944989782 2324.9724149370849773
122 3047.0505736390255151 2330.6020953356292011
122.5 3066.7090037417183339 2341.1982344235498203
123 3075.9380399333435889 2349.814354530030414
123.5 3092.1651287793793017 2364.4659946978877088
124 3100.5284430017654813 2372.3703168147621909
124.5 3118.4620637292659922 2384.5445559687022978
125 3132.8687911379943216 2394.2152878568335836
125.5 3145.1742862867654367 2403.9678598963832883
126 3158.8092055287602307 2413.6026898584832452
126.5 3172.8484828754385489 2425.6476945328681722
127 3191.5747670661767188 2436.5128217562273676
127.5 3204.9534272093196705 2448.2982936512566994
128 3219.2868401424166223 2457.6218944093643586
128.5 3237.167923382567551 2474.3051721153569815
129 3249.5283823025788479 2482.5198349834736291
129.5 3263.7226366712466188 2493.1799758808906518
130 3282.3277622746113593 2504.2060618851851359
130.5 3293.3209117425726618 2510.9441282211469115
131 3309.9443516115275088 2522.3225872812486159
131.5 3322.4376495328847341 2533.7781406763901941
132 3339.5841260636152583 2546.7780260711865594
132.5 3355.2714861805866349 2557.2260963188582537
133 3369.2736447228303405 2565.1893326990129935
133.5 3383.93744843620334 2575.7572167434923358
134 3398.5161558909999258 2586.7553918688718113
134.5 3406.3096490120260569 2591.6741422562422485
135 3423.1411969176115235 2603.6016267565464659
135.5 3436.0330050031575411 2614.5665830182092577
136 3447.7348639216202173 2623.3749839411730136
136.5 3458.9422907153148117 2635.6825342091938182
137 3471.0159930531235659 2644.4862891662260154
137.5 3483.5016195853581848 2651.9322294648391107
138 3497.5530596688245168 2662.0836863546742279
138.5 3511.9618978655234969 2673.1643516930530495
139 3522.0419141708375719 2682.7271399806268164
139.5 3535.5473566893297175 2693.2056004818696238
140 3551.6522989488707935 2703.3726601582629883
140.5 3568.340963740305142 2716.5260720552837483
141 3579.837945845512877 2728.8101800463537074
141.5 3594.0232606754893823 2740.6737965175643694
142 3611.153624984457565 2753.3387471960436415
142.5 3620.1170468308559975 2763.4104174950625747
143 3638.4576259245732217 2775.6285656880436363
143.5 3654.5858222478309472 2789.117161442462475
144 3666.2635546601686656 2799.1684487353409168
144.5 3681.3830484721547691 2811.6986815276491143
145 3694.1316814719784816 2819.7774711165952795
145.5 3705.2293972358529572 2828.2739190205129489
146 3719.7851457677738836 2837.6059331437968467
146.5 3733.0039010871005303 2846.3224492171825659
147 3743.2579816073730399 2855.4423125463545148
147.5 3758.7961249086110911 2867.1943849995518576
148 3771.0257190124566478 2875.8569424236729901
148.5 3788.7370891641367052 2889.0556265032996635
149 3801.3967957962177024 2897.1103947357760262
149.5 3819.1607991412688534 2910.0554067736670731
150 3835.449012571377807 2924.3257908178379694
150.5 3848.290404731723811 2934.2176170080538213
151 3864.9444762703928973 2947.6907801472070787
151.5 3877.6668705133738513 2955.9979192364608025
152 3890.2127851300824659 2964.7421152021311173
152.5 3910.5313292016685409 2979.2526787306114784
153 3920.7589602382263365 2985.1382124940205358
153.5 3936.0875951066036578 2997.2353122964764225
154 3945.3236173002392206 3004.8935818314630524
154.5 3959.1580999205793887 3016.0705522354937784
155 3972.2684600596767268 3026.2302240329163396
155.5 3985.560817586954272 3034.6951206540516068
156 3997.9728765517302236 3043.8874041413346276
156.5 4007.0253598989997954 3052.3475419884734947
157 4021.2201295949803352 3063.8977102502049092
157.5 4037.9379413377055243 3076.1978930672808019
158 4050.3027862133676535 3084.3743343355849902
158.5 4067.8477618648344105 3099.1447276218418665
159 4081.567794262858115 3111.1916258206078965
159.5 4097.5623961565197533 3122.4892322169234831
160 4111.259540079121507 3131.94811688350228
160.5 4128.3545330150973314 3145.0536768686606592
161 4135.8284400718439429 3152.1033376987434167
161.5 4151.6520936573333529 3162.3945939190657555
162 4162.9877719095338762 3168.9216322253159888
162.5 4182.4828681634890017 3181.0655001123241163
163 4191.5159525858207417 3187.6106911805950404
163.5 4205.8807928024707508 3199.3377715515898672
164 4220.0268970739416545 3207.8425952947109181
164.5 4237.655902091736607 3223.4408178561243403
165 4249.1533776359410695 3232.9765866931529672
165.5 4261.8318259350717199 3243.4374589406552332
166 4271.5780009659083589 3249.6520860731334324
166.5 4288.9567776620451696 3264.113065516655297
167 4307.1315439213276477 3279.4345256865258307
167.5 4321.1488035803167804 3290.6315106799361274
168 4332.0869693473068764 3298.2696201985081643
168.5 4339.3864351198471923 3305.0650968920317609
169 4351.2936332137787758 3312.5536565543302459
169.5 4357.8435156177174576 3318.5820389400278145
170 4367.6738938061735098 3325.0565626842162601
170.5 4377.0648680437516305 3333.7016095240087452
171 4393.3833989448276043 3343.5845650367091366
171.5 4401.6673339934068281 3348.8994266674444589
172 4414.3438197635805409 3357.2756855932470899
172.5 4429.2967909332874115 3366.4064873743291173
173 4440.8276151902673519 3375.8739962516424384
173.5 4453.2620918217489816 3386.164858742350134
174 4464.9265309646470996 3398.1856010644314665
174.5 4478.478239039739492 3412.4688436250885388
175 4491.7635540116652919 3423.3225740736820626
175.5 4505.6728639928178382 3432.751623598831884
176 4515.9377571052746134 3440.9106917448775675
176.5 4532.8512699741859251 3453.31004102093857
177 4545.3795641603719559 3459.9794005068511069
177.5 4560.5938456042058533 3471.7246946300738273
178 4572.9172000490407299 3480.9885650822338903
178.5 4583.938902664057423 3489.529062141560189
179 4601.0331911577532082 3499.4875609334217188
179.5 4612.5809240085372949 3507.9887253634306035
180 4624.8869781341345515 3517.2998692710884825
180.5 4634.16383634257636 3526.1605309994774871
181 4646.4866837333020158 3537.202122343483552
181.5 4656.5924393337481888 3544.6621250550551849
182 4669.7567207378651801 3554.2693157126136612
182.5 4681.7035024620799959 3563.9865335804993265
183 4702.6371665488286453 3578.725994613437706
183.5 4712.1355216189704151 3585.6099844922568991
184 4730.000192267573766 3599.9829289783460808
184.5 4741.0582868604951727 3610.3095613305868028
185 4757.3444342567272543 3623.5831469119711983
185.5 4771.3001011888700305 3633.1176120751979397
186 4774.1200080955331941 3637.2020580515122674
186.5 4789.2543965739632768 3649.8438485394704003
187 4802.8399616947690447 3661.4767392173175722
187.5 4811.3863076565994561 3668.1555798371496167
188 4834.476725325445841 3683.9663696037214322
188.5 4848.2055270557048061 3693.2923674922467399
189 4866.6867734067700439 3707.8523008653278339
189.5 4881.7948614902734334 3719.6915769960091893
190 4894.9984218013114514 3730.1490116236127506
190.5 4912.3018207244022051 3742.3093192876594912
191 4927.485893654929896 3752.3885585780508336
191.5 4941.3243846920040596 3764.0095572522286602
192 4949.1887806657887268 3768.8994422750997728
192.5 4967.021784861704873 3780.954441436263096
193 4975.0822843469513828 3786.5478292418988531
193.5 4989.4885110376544617 3798.5156471646587306
194 5008.3636346355770002 3811.1753015956828676
194.5 5019.6187649977418914 3820.9524747826326347
195 5036.7945156236173716 3832.0927599844571887
195.5 5057.4496784615867 3846.0960251080532544
196 5075.502936394605058 3858.6788848474502629
196.5 5094.1286630103750213 3873.7778322783851763
197 5104.6183122739903411 3882.5018171984629589
197.5 5125.7271469991646882 3898.3793235904067842
198 5141.0392237647038201 3908.380908448093578
198.5 5157.6690270841299935 3920.2982675771900176
199 5177.9533626536795055 3936.1854650531099651
199.5 5188.7021680466050384 3947.1152399775760387
200 5203.6266121714324981 3958.7934008081588217
200.5 5225.6118017030612464 3974.284876219736816
201 5248.4293591101977654 3990.7473960179995629
201.5 5260.8145583611703842 3998.5782430532426588
202 5277.2152099017821456 4009.6650903928320986
202.5 5301.0078778636761854 4025.0660706370658772
203 5311.2432642436697279 4031.5389656394218036
203.5 5332.4422414465898328 4048.1704250321254221
204 5348.492032246143026 4062.7038052113680351
204.5 5362.9872169645723261 4071.9132357414696344
205 5386.6591430659282196 4088.8465113387492238
205.5 5393.200106381185833 4093.1287172866741457
206 5410.4289174253681267 4105.7016874587670827
206.5 5420.8494649933782057 4111.5142056282093108
207 5433.619048094495156 4123.8764596585515392
207.5 5454.7202198824215884 4138.7479370566989019
208 5471.3998248815087209 4148.8333579937334434
208.5 5492.9300084221840734 4167.5636951484002566
209 5502.1906672820750828 4172.4632699597241299
209.5 5506.9177943431632229 4177.291759003180232
210 5516.5805141436730992 4186.4436289299528653
210.5 5529.8431865937873226 4197.9476831826132184
211 5551.5559019051042924 4213.1183546608499455
211.5 5572.5384907872330587 4226.959463310207866
212 5598.4102530079462667 4244.0345833138089802
212.5 5612.7576352045889507 4253.6995741395121513
213 5636.5308867811727396 4271.98361527677298
213.5 5649.3592537603381061 4280.2794472096165919
214 5662.9998345701096696 4294.947753798105623
214.5 5681.7447935844957101 4308.0987441324477913
215 5702.7842609831423033 4322.2010849787084226
215.5 5720.9992372014057764 4334.9698200738512242
216 5733.1086137028451049 4341.6779706908928347
216.5 5747.2732040774808411 4351.9916799381753663
217 5766.5480874829527238 4366.1633304692350066
217.5 5785.336906970534983 4378.1158591231842365
218 5811.9276475975011635 4395.6683177710228847
218.5 5834.7776994508103598 4414.9210408046410521
219 5855.5931269390666785 4431.5806054307477098
219.5 5878.5749632649058185 4449.6861421056464678
220 5906.1828102157733156 4471.0518002904718742
220.5 5927.5367208963689336 4486.446241157885197
221 5952.020683825823653 4504.856459181959508
221.5 5966.7438212141651093 4516.2720505129209414
222 5986.9464033851045315 4528.2986030542915614
222.5 6007.8442318680981771 4544.4551329909709239
223 6022.0987406314552572 4557.016967577224932
223.5 6044.9887959290372237 4574.430989634861362
224 6061.6477432156270879 4588.4122757240502324
224.5 6071.0051580069348347 4594.4712065689882365
225 6078.339316129985491 4599.954479199661364
225.5 6087.1297595162113794 4606.4182326567524797
226 6105.1543788567869342 4618.75336619792688
226.5 6106.7098095921437562 4618.938417418098652
227 6102.9078324343927306 4618.300422574008735
227.5 6115.9570227423073447 4629.526824965243577
228 6130.9872143596767273 4638.7190851409322931
228.5 6140.1330964059816324 4644.2577926154954184
229 6158.6289468986169595 4656.9488429154871483
229.5 6175.77018974006387 4668.135757753820144
230 6192.5265184744475846 4680.1607863922863544
230.5 6219.3636097049920863 4702.6561678676489464
231 6227.8463222193540787 4709.6677738088037586
231.5 6248.4445366658874264 4725.2245300464528555
232 6272.7467151463388291 4742.1090592184173147
232.5 6299.8275249380167224 4760.2620627583473834
233 6307.1870601348364289 4766.0840435210029682
233.5 6310.9195396826480646 4768.9373089121891098
234 6309.8911524572613416 4769.0878763129376239
234.5 6324.2849318389244218 4777.8025515599592836
235 6332.8030264832568719 4786.1939397005917272
235.5 6368.142879974436255 4813.6270326104604464
236 6385.5642005000881909 4827.7786684219927338
236.5 6404.8661715562966492 4843.6917289719285691
237 6424.1873878857149975 4861.2816993170472415
237.5 6417.4553960236798957 4856.6392294035968007
238 6424.4755211507208514 4861.0332039346631063
238.5 6431.6147246221871683 4863.5375327387901052
239 6436.1052085098499447 4866.8036394574028236
239.5 6446.9494449322592118 4873.1942616211381392
240 6470.5625029071406971 4889.9378759041792364
240.5 6469.835910965882249 4889.8187468813539454
241 6476.709287852799207 4896.9134107584586673
241.5 6497.0013824678599121 4910.7394839179069095
242 6525.1129505851322392 4931.6681950269767185
242.5 6548.6488147705204028 4951.530412746271395
243 6559.4353223025191255 4960.8606556180839107
243.5 6561.1612901786984366 4964.8540782512891383
244 6566.8336048502587801 4969.63301650998892
244.5 6579.2354205500487296 4977.9011598517372477
245 6594.645798592682695 4991.5758251946335804
245.5 6611.4146397409931524 5004.781348553891803
246 6614.6577753312740242 5005.8271582728448266
246.5 6638.9860838575814341 5020.9806967851436639
247 6656.9076149377042384 5030.3143330245047764
247.5 6659.5184664987236829 5031.2673490728884644
248 6672.9803022062969831 5041.7579979889042079
248.5 6679.2039006330869597 5044.3389084223981627
249 6689.0231682065095811 5049.7125177425423317
249.5 6714.0616692784069528 5066.3790634190927449
250 6731.9194867754122242 5080.2372124656012602
250.5 6749.5577249545012819 5093.2490950274668648
251 6775.4552883292308252 5116.1438236616186259
251.5 6798.2829564964413294 5132.9987531941724228
252 6826.167231491345774 5155.7921288435391034
252.5 6841.4155516827395331 5165.5950427857387695
253 6868.5937384675780777 5188.229066789753233
253.5 6883.0180990176950218 5197.0593411813460989
254 6909.0800134626861109 5216.4786928308740244
254.5 6909.5308837461461735 5218.7250513260378284
255 6916.2445238969721686 5222.7869933394758846
255.5 6926.769825948507787 5225.6228723681770134
256 6936.2627517240207453 5232.311575787251968
256.5 6949.4290415837831461 5240.6187542052566641
257 6942.9444214035493133 5235.9315232047838435
257.5 6954.2790912702948845 5244.2049440503415099
258 6958.6700340508423324 5247.1676436372554235
258.5 6975.2562387024281634 5259.2051964437032439
259 6969.2110591598375322 5254.1393724673143879
259.5 6981.1974438000852388 5258.1120402456308511
260 6996.3634647748913267 5272.406268445223759
260.5 7013.9951574215729124 5287.0411240149678633
261 7029.9269784796451859 5299.094775246525387
261.5 7034.0592919273685766 5301.1438860113212286
262 7044.2050579429060235 5307.0751869104442449
262.5 7055.1400499466144538 5317.734469512414762
263 7065.7091321764355598 5325.9581072299188236
263.5 7067.919239433364055 5326.4578662759240615
264 7079.1618392796517583 5332.9983466980038429
264.5 7082.6940379809411752 5331.6426242102024844
265 7085.8025038643672815 5334.9072824555996704
265.5 7090.5793351642169 5338.2486724606915232
266 7110.960070235175408 5352.4528354929570924
266.5 7126.7110111089687052 5359.0077928466471349
267 7144.5521772860984129 5369.0757872001240685
267.5 7150.942747514979601 5373.3338835994018154
268 7159.5412016825412138 5380.8895013286537505
268.5 7171.473976878326539 5388.6042928712067805
269 7193.6258048520176089 5403.433497412154793
269.5 7211.5864186719163627 5417.763122152109645
270 7229.7833076930292009 5432.1146518284431295
270.5 7244.103739968746595 5442.9777138944855324
271 7258.6355584051852929 5453.3054088063472591
271.5 7262.6932411304014749 5457.5082680838577289
272 7266.3614741174960727 5460.9863708911552749
272.5 7275.617154845247569 5466.3176642341195475
273 7283.8053499677798754 5469.5913510145319378
273.5 7304.5146913206817771 5484.8045580646485178
274 7314.4879566678973788 5488.8948368600440517
274.5 7337.0999784927162182 5507.6842430425767816
275 7356.7362344518132886 5520.9669892263636939
275.5 7373.5951111467302326 5532.2723662329453873
276 7368.4252737882752626 5525.9406138464382821
276.5 7371.2198945995205577 5525.8980802563592079
277 7382.3047464941255384 5534.9211571161758911
277.5 7396.0675980699834327 5544.5491515611183786
278 7412.8318438602218521 5554.2504883879737463
278.5 7428.1631600582950341 5566.1841824402081329
279 7439.7654921876455774 5574.09882040825687
279.5 7457.9066994339673329 5585.7151521708447035
280 7475.7818103205918305 5599.0351183613965986
280.5 7486.6749612924013491 5606.7354302249150351
281 7497.4275717480259118 5614.2471002437068819
281.5 7504.3943457573195701 5620.6540586410010292
282 7513.2266639735080389 5625.845355082662536
282.5 7524.0076918359618503 5633.0627201249862992
283 7543.3907528356403418 5645.9530727526653209
283.5 7559.3493872055514657 5658.4902168442222319
284 7581.7752325962919713 5676.8200885800915785
284.5 7608.132819261437362 5694.7832294498966803
285 7621.8460276961277486 5705.6335374187565321
285.5 7644.0718636773435719 5725.4105124222505765
286 7655.696583703072065 5738.7931097095543009
286.5 7665.743772835910022 5749.0106619374028014
287 7673.2959409459826929 5752.3822397863759761
287.5 7704.4589237318359665 5771.330210203268507
288 7722.4136349722630257 5783.7899496993777575
288.5 7734.4371887957977378 5791.1456217103996096
289 7741.9874708792194724 5795.1675929526172695
289.5 7758.3726708032863826 5810.664526156505417
290 7770.7333629012618985 5816.5409135046384108
290.5 7777.0678436956886799 5824.6945677228522982
291 7774.4593922457079316 5823.6311901896224299
291.5 7795.2163354311205694 5836.3933290710865549
292 7798.2601141353634375 5839.2481099298584013
292.5 7812.2806803320590916 5853.8470968282772446
293 7833.2400868429576803 5866.4116320636403543
293.5 7851.4033637462043771 5884.0844031685173832
294 7858.7959200477025661 5893.6378100668389379
294.5 7889.6763665361795574 5916.5000588481580053
295 7897.3439425508468048 5923.6811449501228708
295.5 7921.4046405517865423 5940.9405176209247657
296 7930.2204041531385883 5947.2777934566956901
296.5 7943.2004746065804284 5957.5284529126829511
297 7946.6591174704135483 5958.9124040410797534
297.5 7973.367148071282827 5974.8698586717064245
298 7980.1096737459756696 5979.1015730650287878
298.5 8007.2609386028734662 5997.5831420110525869
299 8018.0768607889613122 6004.9810658393880658
299.5 8034.9815987042384222 6016.7573416903787802
300 8033.1382617591943927 6016.5405738128938538
300.5 8042.2815374061729017 6021.6866759050617475
301 8060.964939479568784 6033.2850989365751957
301.5 8069.9891554488422116 6042.9725695541756068
302 8090.513429881839329 6060.2936495292251493
302.5 8097.5961681541366488 6066.1489152133681273
303 8102.4135007436161686 6068.151539234188931
303.5 8125.8295664605602724 6084.7653173428807349
304 8145.7931175035746492 6098.5803988462657799
304.5 8155.3280676141539516 6100.9768844828058718
305 8176.6625589806308199 6114.5682658563664518
305.5 8190.0669019169945386 6119.5626327813370153
306 8214.6788606560439803 6135.8254758561079143
306.5 8215.99922363998121 6138.4152487831279359
307 8248.4904993753043527 6162.1119668962546712
307.5 8253.2775552212406183 6170.0741411398585115
308 8268.0655885075775586 6176.9524778927107036
308.5 8280.343657933322902 6185.7292119009716771
309 8298.1495248154151341 6203.2901515073363043
309.5 8307.785459131369862 6211.740826497109083
310 8307.2151594662118441 6210.1783394656595192
310.5 8315.1970665428525535 6214.1806623974271133
311 8329.9656359131658974 6225.1777911188410144
311.5 8356.7961008007532655 6243.2101030296398676
312 8375.3422896420834149 6260.54014266003378
312.5 8405.6781720943163236 6283.1824239070965632
313 8423.6696680411969282 6298.1636360884331225
313.5 8449.7398222291794809 6317.0250355320058588
314 8458.2042425526051375 6322.2562468618152707
314.5 8483.3556553958496806 6343.5090769790904233
315 8513.3244403829685325 6366.4308348331751404
315.5 8533.2672935494847479 6382.2449309143366918
316 8553.4413436586128228 6396.2081410213586423
316.5 8558.0094054566179693 6401.0020749170207637
317 8561.8401505305137107 6403.1277466967367218
317.5 8568.0356497494067298 6406.7423713479192884
318 8573.9054854743535543 6410.5576745298303649
318.5 8585.4102411464045872 6420.4264303174186352
319 8607.8055286409198743 6441.4081955839274087
319.5 8629.6265966650353221 6458.0424422731894083
320 8651.7212931902922719 6475.6348116676745121
320.5 8669.7956815858124173 6489.8737888244277201
321 8692.3049961961005465 6504.3436135895180996
321.5 8723.054572703616941 6527.4417010925917566
322 8730.5676007927504543 6535.3271226296155874
322.5 8740.0971608926029148 6540.019502493141772
323 8744.3507385468346911 6546.1097785665297124
323.5 8746.5317970184005389 6546.5412759305108921
324 8757.3553735906480142 6555.6318949659962527
324.5 8776.7928430761057825 6571.4382754070629744
325 8797.2070308109432517 6582.6005893707715586
325.5 8822.4035016201814869 6600.5221913693503666
326 8848.2559033375910076 6622.3477073740523338
326.5 8861.1132866474163166 6633.3029517852546633
327 8878.442398577599306 6645.5976047563053726
327.5 8886.7144160358311638 6651.2842253060007351
328 8914.1288269481810858 6671.1628664603604193
328.5 8932.9013122331070917 6686.8568666833743919
329 8962.0747242454053776 6709.4865607004658159
329.5 8979.3819596007433574 6723.4508357361874005
330 9000.6373795424278796 6736.0826845709088957
330.5 9006.0099382426033117 6740.3033627900085776
331 9006.4232229645640473 6738.9618924359992889
331.5 9013.3220478774273943 6745.705227557773469
332 9009.4042199798441288 6742.9598658272370812
332.5 9006.822051605753586 6743.4885037342082796
333 9021.6999611095416185 6757.61524284094412
333.5 9046.6608182508753089 6779.9141773736291725
334 9076.5719765661524434 6803.9852863073756453
334.5 9088.4842149791275006 6811.9209720709368412
335 9098.0209875433374691 6819.7548098492015924
335.5 9105.4865529299277114 6827.1539705464610961
336 9121.4916065851411986 6838.2257468422176316
336.5 9148.6042330836171459 6858.1389357502584971
337 9141.1727305515632906 6853.5502650842818184
337.5 9159.7528159877347207 6868.8183158583397017
338 9171.8847687163124647 6874.0729379056765538
338.5 9198.9112656794677605 6890.1171163966755557
339 9216.8321453476310126 6896.1265366340930996
339.5 9228.7699496695095149 6903.492585490388592
340 9226.9736053081651335 6899.5636860027243529
340.5 9253.9958066716353642 6918.8764972008093537
341 9274.6608869730735023 6936.2635448853752678
341.5 9291.0291321710828925 6946.9061601656776475
342 9319.452748264398906 6965.1305021407524691
342.5 9317.031957868288373 6970.6701061070625656
343 9338.4427128620809526 6983.911309324161266
343.5 9350.372542024244467 6993.9793628064571749
344 9344.04885872977502 6993.0270737660011946
344.5 9347.9674220386750676 6998.7271303320640072
345 9338.8744245058787783 6995.9345571668200137
345.5 9361.1347534992419241 7011.4564360194626715
346 9388.1330599300254107 7030.0081845758522832
346.5 9408.7666504815824737 7048.1266999306672005
347 9411.435786801024733 7052.224908466033412
347.5 9425.705897204374196 7061.3336399570789581
348 9427.1868051429410116 7064.5109576281683985
348.5 9429.4641792656148027 7066.13040877633739
349 9435.4734065653774451 7070.8905918349219064
349.5 9449.4110161727985542 7078.6573992321182232
350 9464.140990300458725 7091.813328351088785
350.5 9494.1018394200709736 7109.7563765975264687
351 9516.0555755147324817 7127.8661772251143702
351.5 9528.440215298332987 7139.1887871069602625
352 9537.6348137004642922 7146.0696063620098357
352.5 9551.4537065718632221 7155.4734584028674362
353 9559.8408195473421074 7162.8856567242228266
353.5 9562.5011636627386906 7164.5461494130977371
354 9565.4583209772354166 7169.7245570574868907
354.5 9594.2282412582972029 7192.2778053223355528
355 9617.242597314005252 7209.2580777002212926
355.5 9648.3360096055421309 7230.6228968072618954
356 9642.8431307550508791 7229.8681297574194105
356.5 9659.5820403578327387 7243.307497794750816
357 9650.65380620011274 7236.8794801972308051
357.5 9662.3245489802902739 7245.8493572082516039
358 9659.4273339800092799 7244.7751230720068634
358.5 9679.5943675319049362 7260.2591243104598107
359 9709.276610671688104 7280.0390488373177504
359.5 9719.2536452908570936 7289.6046981578347186
360 9721.862521159755488 7291.5485609507641129
360.5 9736.519790399739577 7302.9153928681926118
361 9764.1630356419409509 7326.4295246193523781
361.5 9780.2450378748362709 7335.7588604952579772
362 9786.5414936724009749 7339.1904959422263346
362.5 9785.9465021930882358 7342.2000679444545312
363 9804.8642243492904527 7356.284834968202631
363.5 9838.2619476243780809 7379.7924006953726348
364 9847.133894224634787 7387.9332874293431814
364.5 9877.8131409306679416 7407.3751365680682284
365 9904.0673805940004968 7426.1349703253781627
365.5 9918.7421162171431206 7444.8823550810011511
366 9940.745993894915955 7457.6812119742853611
366.5 9964.4881492866716144 7477.0300609819914825
367 9986.12534056541881 7494.8381943762806259
367.5 9993.2581335513859813 7504.1595534174839486
368 10000.146187362612181 7509.6870852584343083
368.5 10001.119125724289916 7510.9831049012054791
369 10001.76894045966219 7512.7746828252211344
369.5 10026.248102392382862 7526.6675182160333861
370 10027.349001699954897 7526.3778162041553514
370.5 10042.965191481771399 7534.6155781214411036
371 10036.360859705620896 7530.1691110108931753
371.5 10039.21589130702705 7533.0522218123705898
372 10063.999614056361679 7547.9940924889688176
372.5 10085.072525275420048 7563.3661864790474283
373 10122.26903872330513 7591.3996225343271362
373.5 10126.658504813220134 7595.6593212733932887
374 10123.552468504367425 7593.2461519150547247
374.5 10132.18961254050555 7597.5514703420412843
375 10150.421890767838704 7609.230306616766029
375.5 10172.571002954791766 7628.2968216373283212
376 10195.063300886917204 7645.5460749278981893
376.5 10202.056864919295549 7650.7441497969621196
377 10205.369860764612895 7654.5960226936904292
377.5 10211.447687256342761 7661.6629284704122256
378 10236.715283554467533 7683.2673767378146295
378.5 10235.808361838007841 7684.0441060044449841
379 10260.701143933240019 7701.4383878678772817
379.5 10253.433767237052962 7694.87529871028255
380 10267.823401599394856 7706.6923276963752869
380.5 10286.155179193685399 7721.8239934854618696
381 10306.278844165821283 7736.7800096295695766
381.5 10328.596325440516011 7753.7872842283113641
382 10367.888803931367875 7779.2096906102124194
382.5 10390.009151387612292 7796.5518168641274315
383 10415.897385162117644 7812.2783510502058562
383.5 10431.606550018354028 7824.3727111649304788
384 10455.740303619591941 7841.168838003671226
384.5 10492.900983522738898 7870.3010888054823226
385 10514.157513033784198 7889.0454276945429228
385.5 10541.342140014770848 7915.144563008505429
386 10544.887699420012723 7919.246758197190502
386.5 10527.670446353831721 7905.5089748327727648
387 10536.342121899895574 7911.0795781107171933
387.5 10533.884787408698685 7909.418517470140614
388 10554.352852277022976 7925.9396492718951777
388.5 10564.413560408693229 7930.7149604607539004
389 10567.650074881808905 7932.2561965183867869
389.5 10588.92876744028581 7948.8024711139187275
390 10609.130092383047668 7965.754045525476613
390.5 10636.531585537859428 7982.3878840200868581
391 10630.095027188945096 7977.1957024002040271
391.5 10633.572005088708465 7980.6691650461389145
392 10645.535199167336032 7992.9090668173339509
392.5 10650.264561929932825 7997.5380018430778364
393 10669.404715127011514 8010.4608302417736923
393.5 10673.109246341078688 8016.9542216970967274
394 10698.581319815877578 8036.2699573294230504
394.5 10712.221162914927845 8048.2651499804660489
395 10739.354523945263281 8067.1027305205534503
395.5 10749.981255967930338 8078.3790033014638539
396 10751.776383868027551 8081.8998607977846405
396.5 10749.501409770919054 8079.8708424319802361
397 10757.669061376487662 8088.1224444167628462
397.5 10784.738049005363791 8110.5848853985044116
398 10799.778913828029545 8122.8982164743774774
398.5 10816.317499067887184 8134.4956204529780734
399 10833.817243725137814 8148.8884984086671466
399.5 10870.863150684173888 8176.1171428331990683
400 10876.839097391466566 8180.0032072075300675
400.5 10918.004539584460872 8210.7091989320106222
401 10917.133086835980066 8208.7194938174270646
401.5 10948.270425065687959 8232.1510424679254356
402 10957.385885859297559 8239.8303736984926218
402.5 10971.967223588068009 8257.5703457512026944
403 11004.801151297493561 8284.4423593743140373
403.5 11030.863204328634311 8303.5066056871255569
404 11060.418537908757571 8329.0761365879716323
404.5 11082.605999327461177 8349.2408313089945295
405 11098.930342098095934 8361.1132451913217665
405.5 11097.897790907596573 8357.42415558999528
406 11117.310211556543436 8370.2300946490031492
406.5 11144.745843497164969 8391.2797252980544727
407 11147.804741638225096 8389.3351866537741444
407.5 11160.83489129445843 8402.44871147935919
408 11178.903410805676685 8417.8701822573257232
408.5 11199.111446545877698 8433.0967481448460603
409 11190.482612297966625 8424.559560804076682
409.5 11197.554944384297414 8425.9619236348626146
410 11222.120318321325612 8440.9323653262599692
410.5 11257.403183651331346 8472.0387541234085802
411 11271.423420716386318 8484.0545828884969524
411.5 11256.498000488716571 8473.3867106623620202
412 11272.344645016275535 8485.9802643509683548
412.5 11274.007076439671437 8483.9410229658824392
413 11305.494520531836315 8506.827165675453216
413.5 11320.354833796125604 8523.835745106163813
414 11331.821398541005692 8533.9504662142499001
414.5 11341.337313260288283 8538.0251413563364622
415 11355.580176508972727 8551.8248310432645667
415.5 11368.569730162507767 8558.5064482727921131
416 11384.031472090879106 8571.3723761987439502
416.5 11407.595879107680958 8586.0538887500333658
417 11421.010001503069361 8593.2117536141649907
417.5 11451.954828172665657 8619.1159056778342347
418 11450.510300660216672 8620.7868471919864533
418.5 11461.111384748808632 8629.6797589776160748
419 11489.460992097014241 8646.8278557063058543
419.5 11498.118960340607373 8655.6274278225082526
420 11523.435732991454643 8672.0150506491008855
420.5 11533.424073031559601 8681.6918772788303613
421 11565.840002108107001 8706.3266550303414988
421.5 11570.639208647724445 8708.4868931772125507
422 11591.016533454136152 8724.3808335398862255
422.5 11604.579676869589093 8735.6484575831764232
423 11634.143647878452612 8759.950523708073888
423.5 11650.483209207404798 8776.9846477075425355
424 11665.812507431277481 8786.6822229421468364
424.5 11649.99154786825784 8770.7845097786375845
425 11664.228486775609781 8777.572029769724395
425.5 11660.705037427751449 8771.1678395627732243
426 11666.404426891922412 8777.4257303443973797
426.5 11681.136267447751379 8789.3378723985442775
427 11723.577847890372141 8823.1437647664170072
427.5 11739.223432715587478 8831.127929909793238
428 11770.585168017634714 8858.0473282878647296
428.5 11785.436721324258542 8867.284573236360302
429 11813.982885174142211 8887.4999944227001833
429.5 11838.931373779550995 8907.2343103965758928
430 11861.022140641794977 8922.8523254024003108
430.5 11890.2682616033253 8944.9381551492679137
431 11909.183315974967627 8958.9724193236470455
431.5 11932.801117040968165 8979.0585290588842327
432 11963.442691409412873 9004.2357387874653796
432.5 11976.339134706737241 9009.8250031547340768
433 11979.914860861859779 9013.2744971699576126
433.5 11988.415882603623686 9018.8260558449273958
434 12020.600302244252816 9040.469672503777474
434.5 12050.699976632946345 9067.9262288587178773
435 12085.963855955851614 9095.4778088676430343
435.5 12109.450423946887895 9115.9447880802981672
436 12145.338172694426248 9140.8630828681780258
436.5 12185.767898299773151 9171.9511840391733131
437 12233.96303583388908 9206.3457916468560143
437.5 12239.340277101386164 9212.1551827984731062
438 12228.958134182106733 9206.0467285198647005
438.5 12220.964455871824612 9199.859525165071318
439 12206.757944238765049 9196.789178585377158
439.5 12214.058940374528902 9202.133156810023138
440 12231.585535501530103 9222.1036121164252108
440.5 12235.601349038402986 9228.2261976991449046
441 12243.098255210108618 9234.3626103503520426
441.5 12238.503781725530644 9229.6361750348150963
442 12244.484305040043182 9233.7622217541702412
442.5 12261.916676007485876 9248.3117756043684494
443 12251.799002557216227 9240.5834622378133645
443.5 12261.084149961134244 9248.583111072115571
444 12277.238771254787935 9257.5909112408098736
444.5 12268.354446164375986 9248.4327977846478461
445 12288.546857886645739 9260.7192919196386356
445.5 12277.687174963566576 9252.1354366379218845
446 12270.627031407182585 9241.4237141930207144
446.5 12262.085150625789538 9238.0848174699058291
447 12275.861605653812148 9250.1197772858649842
447.5 12265.483355204281906 9239.9405433029078267
448 12279.780884676152709 9250.6796169691933756
448.5 12301.58230784458101 9267.0339025875855441
449 12326.34227709829247 9285.0055584374440514
449.5 12330.519712534513019 9287.8465398825719603
450 12343.409812904446881 9299.3814108307833521
450.5 12384.21876957245513 9327.6151573552397167
451 12409.79454653729772 9346.8579055486643483
451.5 12416.130353763743187 9354.0967791001039586
452 12429.259257302122933 9363.5861272287347674
452.5 12464.437951182604593 9388.2703102190353093
453 12496.763918938979259 9417.8517571300762938
453.5 12491.899341848264157 9414.3995602139675611
454 12512.339395656819761 9426.5346707142452942
454.5 12549.898140290000811 9456.1005928310987656
455 12561.887994564434848 9464.718621836773309
455.5 12581.660134449548423 9478.7461123295342986
456 12593.369780196762804 9490.0291163352812873
456.5 12613.26064024968764 9507.7118522166292678
457 12623.40177371718346 9518.4319906679684209
457.5 12615.445800848439831 9515.0618352753062936
458 12646.338767467703292 9540.6480534850124968
458.5 12672.977192612610452 9557.6330311527326558
459 12697.180630982018556 9576.40806839990546
459.5 12676.080996034152122 9561.6159800005643774
460 12678.697957296622917 9563.4305409197168046
460.5 12684.678844607928113 9569.6824105919149588
461 12724.043311728008121 9599.2527856520846399
461.5 12750.526644375142496 9619.3034255407674209
462 12774.266666423729475 9632.4414150926495495
462.5 12809.741434229801598 9653.9541079111222643
463 12810.951565356328501 9654.1632290083434782
463.5 12808.926558740848122 9651.1578064865025226
464 12801.14827223924658 9647.0187121020917402
464.5 12812.87131870378289 9660.7940217470295465
465 12855.104805331786338 9693.0332000518101268
465.5 12872.07598187846088 9706.5592778125883342
466 12908.314374694316939 9731.5070368099404732
466.5 12942.484600323317864 9755.25404489857101
467 12972.161582568451195 9778.3528430180867872
467.5 12985.896024268460678 9792.1672435780128581
468 12976.254414989160068 9782.7221289364206314
468.5 12977.086800521377882 9782.5982697585750429
469 13002.821292165868726 9800.631866699344755
469.5 13031.871552594046079 9818.9213350254685793
470 13039.839356807135118 9823.4613959874495777
470.5 13054.154845262899471 9836.4339718146184168
471 13053.807235895214035 9834.6471993521136028
471.5 13056.6136851560168 9837.8784256870967511
472 13046.69390154156099 9832.2290529842230171
472.5 13045.180822427701059 9832.0679931700124143
473 13061.42576977085082 9843.2339055162974546
473.5 13064.960949868678654 9848.4422262635234802
474 13081.062629893805934 9864.2943077685304161
474.5 13093.583046059504341 9871.1322123348563764
475 13118.365511496860563 9888.779466402489561
475.5 13160.038208321504499 9919.4499194688451098
476 13186.991305326324436 9940.3405193827675248
476.5 13211.893038377646008 9958.7556882870394475
477 13220.576037024828111 9966.2501845895822044
477.5 13253.531692927954282 9990.8636869814927195
478 13241.982481908824411 9981.7529083512326906
478.5 13248.672490847940935 9990.0180640119924647
479 13247.60253227022622 9988.808199395200063
479.5 13223.165734968981269 9969.433724568292746
480 13243.464188599731642 9985.0063960849274736
480.5 13236.619200113476836 9983.6464608825808682
481 13240.034961586012287 9987.2644497598012094
481.5 13245.602162082397626 9989.5541901123888238
482 13277.277534151702639 10013.853664748206938
482.5 13288.755748388839493 10018.873683444800918
483 13328.295011288233582 10048.525190362730427
483.5 13321.504867453868428 10045.291037458298888
484 13387.315339096474418 10096.187602420741314
484.5 13402.250371586053006 10105.33583143452779
485 13436.433859471686446 10132.146090035497764
485.5 13440.444084541801203 10137.935990707806923
486 13477.409871802123234 10172.655810839891274
486.5 13505.347169049624426 10192.696420242491513
487 13539.055468714521339 10211.972537795700191
487.5 13560.7304260749479 10221.235674503557675
488 13624.565418563341154 10272.276733392473034
488.5 13660.48600651779816 10303.038295018741337
489 13665.915414970211714 10307.732234968880221
489.5 13666.253469637686067 10309.712330346324961
490 13693.873693071584057 10334.161900583141687
490.5 13711.224883934028185 10346.759869574318145
491 13759.121914473467768 10381.272985868352407
491.5 13768.091418751462697 10384.235960163392519
492 13824.519423518824624 10424.149665346312759
492.5 13863.973049202106267 10454.554293711544233
493 13876.061611755550985 10462.079199177493138
493.5 13885.782540644482651 10468.638789374461339
494 13905.785826427789289 10489.198761028847002
494.5 13918.556608140226672 10504.290436409697577
495 13910.323026688518439 10501.918169979921004
495.5 13943.62097901774905 10531.28959839246636
496 13973.121446623048541 10549.430665434801995
496.5 13997.169733338818332 10571.649417728662229
497 13994.425450071072191 10568.241712812976402
497.5 13993.501643060943024 10571.02823633798107
498 13976.0691996650894 10559.745481227411801
498.5 13978.754217145040457 10565.595313544426972
499 13997.043019916289268 10579.757349131776209
499.5 14022.938031062656592 10601.230137822512916
500 14036.815625926255962 10606.705485372298426
500 14036.815625926263237 10606.705485372269322
500.5 14066.602175534442722 10623.6802123231937
501 14051.125481075830976 10612.790988768541865
501.5 14035.2159197870551 10597.3933927786602
502 14035.666287692762126 10596.129979470340913
502.5 14029.524575725676186 10591.189206971192107
503 14052.639869758599161 10612.90972618345404
503.5 14112.896007421755712 10660.589761999490293
504 14104.509492002185652 10659.016501027050253
504.5 14101.56892938985402 10659.160822895375532
505 14088.838921169144669 10646.205497739281782
505.5 14125.620550177363839 10675.834986289699373
506 14162.783573371072634 10709.353364352957215
506.5 14181.209359830212634 10724.893766898039758
507 14197.980031680113825 10743.541944193877498
507.5 14217.616860104260923 10752.799454823772976
508 14246.980092050325766 10774.723052992771045
508.5 14200.998619943875383 10741.00680788331556
509 14177.202901064985781 10718.657462624587424
509.5 14190.642101951694713 10731.368991108920454
510 14172.927948846616346 10719.28567856204063
510.5 14178.258989049298179 10723.73126132797006
511 14189.920965439599968 10734.548480591536645
511.5 14190.653362947228743 10731.909450322462362
512 14167.408603875377594 10719.776758917036204
512.5 14180.806498124173231 10730.701722283220079
513 14159.28605426298418 10713.329838950949124
513.5 14166.099116438694182 10717.044257157118409
514 14164.048984969223966 10713.588982972132726
514.5 14179.136098316981588 10721.534211437347039
515 14167.135951982272672 10712.019933546582251
515.5 14164.749860951116716 10706.886537307100298
516 14187.527822397179989 10725.897444760148574
516.5 14224.541555677007636 10755.495845790814201
517 14264.661398316568011 10788.840879880366629
517.5 14259.450785326465848 10788.523579203538247
518 14297.307454655088804 10819.185299514798317
518.5 14318.137206952585984 10834.806290327591341
519 14355.4881141172973 10864.732199999494696
519.5 14360.096516935611362 10866.804579446892603
520 14371.809305063403372 10880.240232536185431
520.5 14348.848951983145525 10861.332433087645768
521 14366.432278383963421 10872.915609010007756
521.5 14416.57288014322512 10908.747354668052139
522 14430.460344139897643 10915.1077264961732
522.5 14433.649549198091336 10916.493247886506651
523 14431.319044852649313 10911.304009163941373
523.5 14444.522297101930235 10922.389514257833071
524 14463.017519799248475 10939.638262842958284
524.5 14488.900826649094597 10962.466297732222301
525 14513.949824355098826 10985.811572057144076
525.5 14534.572634990914594 11003.803509582045081
526 14527.642356890817609 11000.783647018482952
526.5 14556.415047609076282 11021.861209070986661
527 14561.123311493483925 11025.460285667424614
527.5 14559.14053771361796 11022.053687403758886
528 14550.935926414547794 11013.08208152379666
528.5 14585.921473546955895 11038.81379282303169
529 14627.56156568562983 11073.517572717075382
529.5 14622.381834282978161 11066.742719608771949
530 14613.267269344260058 11056.983782049321235
530.5 14613.305228761444596 11059.743447075898075
531 14657.820257522003885 11093.777537069010577
531.5 14678.645746665733895 11111.270288576428356
532 14701.665280647059262 11128.60286015265774
532.5 14724.801773863244307 11144.545845459042539
533 14727.396996772287821 11141.91916944114746
533.5 14747.118461635593121 11154.783169956941492
534 14797.110228520215969 11193.947211810916997
534.5 14802.540030786894931 11195.012035166391797
535 14820.270633290596379 11204.768993606543518
535.5 14797.064152741415455 11183.673966817032124
536 14807.517346821738101 11189.821934846775548
536.5 14860.476746346985237 11234.983366918184402
537 14894.274443790238365 11255.746773908480463
537.5 14940.356310735021907 11294.603959139500148
538 14944.400887560292176 11305.741946018939416
538.5 14985.404347055155085 11336.108397523046733
539 15004.184999019324096 11352.935091521980212
539.5 15035.373331820663225 11377.992169562558047
540 15039.785097148554996 11381.00865565841741
540.5 15060.834535458694518 11396.535624052079584
541 15088.223770246017011 11420.931260570559971
541.5 15096.569886216690065 11425.670907057829027
542 15088.934847469085071 11417.220864615994287
542.5 15052.98675187331537 11384.990104921262173
543 15058.874935224757792 11388.878460057512712
543.5 15066.718186114940181 11388.997573181170083
544 15050.030910850558939 11374.706229315479504
544.5 15052.426455481021549 11373.578242743131341
545 15028.094227775016407 11353.804807640779472
545.5 15063.475179743800254 11379.992126628494589
546 15089.403693208761979 11396.502754715935225
546.5 15136.847076076724989 11437.003458708206381
547 15195.044792157052143 11481.461271620786647
547.5 15218.347828616422703 11500.483026461422924
548 15246.889458055979048 11526.83985585611299
548.5 15297.400636952856075 11567.307902790982553
549 15332.381774236091587 11595.630715843602957
549.5 15348.714197503320975 11610.510295712467268
550 15387.542348009972557 11638.329931133319405
550.5 15431.303513900336839 11672.587652155998512
551 15441.175889629932499 11678.680892088286782
551.5 15409.340516453708915 11660.789068331439921
552 15403.662403295402328 11657.032661516816006
552.5 15399.119880663271033 11654.099691218751104
553 15417.257577098191177 11669.401613691517923
553.5 15445.384779840640476 11692.81199580718021
554 15458.355351144478846 11705.492729168710866
554.5 15500.040150076352802 11737.488626569524058
555 15500.443577265989006 11737.967682805510776
555.5 15478.993917216328555 11722.227054911678351
556 15464.887490557395722 11711.628368547137143
556.5 15461.50447459544921 11708.550864181877841
557 15449.148183670118669 11696.141028536525482
557.5 15415.31957536149821 11670.890526065077211
558 15420.179435267766166 11668.954426380092627
558.5 15422.646984166391121 11671.691959044184841
559 15420.932282703384772 11673.187652155225805
559.5 15415.958686883035625 11665.915050292926026
560 15439.327547559036248 11683.562350814881938
560.5 15480.573163224331438 11713.614111649176266
561 15515.95004010606317 11746.498170088863844
561.5 15542.883624182150015 11767.909976292339707
562 15521.188702577795993 11748.608128603089426
562.5 15548.757584398446852 11766.303831585444641
563 15530.397509659145726 11753.64713165788271
563.5 15513.170689426331592 11741.595212979602366
564 15495.421894299342966 11727.233788579793327
564.5 15517.325883178749791 11743.319633333054298
565 15532.188224896735846 11760.873374681807036
565.5 15571.974112824362237 11790.219168684421675
566 15619.443888431878804 11835.02160698149055
566.5 15635.710952790313968 11850.741956062436657
567 15664.967196396908548 11871.381325130847472
567.5 15639.115345636711936 11852.118302519926146
568 15633.153473208119976 11844.525789525769142
568.5 15650.530644912558273 11862.121791717088854
569 15665.315352270388757 11873.636907175505257
569.5 15659.635546163948675 11870.315519075576958
570 15648.331622053645333 11856.411315840638053
570.5 15630.225337139407202 11836.971944986444214
571 15618.094525242440795 11825.356255567014159
571.5 15631.662626060666298 11835.805512166491098
572 15639.692645928334969 11845.991000633353906
572.5 15636.060737929750758 11839.474531608679172
573 15648.125368328093828 11845.274776787249721
573.5 15651.040724912147198 11852.08537341518786
574 15644.625648963065032 11843.131888377580253
574.5 15651.096853851076958 11846.886099283607109
575 15668.172676554293503 11858.028064694119166
575.5 15690.975653460858666 11878.748946239496945
576 15712.065788101946964 11895.322681590194406
576.5 15734.13506287371456 11917.12091398492521
577 15737.275821863599049 11915.506740722901668
577.5 15755.907316903147148 11932.132876397199652
578 15759.511750379981095 11931.829636540012871
578.5 15741.904869822928958 11924.182244415502282
579 15745.107508908527961 11928.287838742755412
579.5 15725.132335665524806 11913.559734217315054
580 15745.486850157691151 11929.775909179281371
580.5 15762.144439904208411 11948.783519538659675
581 15781.836013407737482 11964.869152235829461
581.5 15775.237150136994387 11961.38519434353293
582 15776.312132504604961 11958.102906353087747
582.5 15772.780044685901885 11954.528295548550886
583 15752.530588970619647 11939.282722715503041
583.5 15769.590809451834502 11949.402415420050602
584 15785.026410393325932 11961.399583650445493
584.5 15805.808668211637269 11976.987647093937994
585 15787.892711054872052 11961.440831527223054
585.5 15805.245553126429513 11974.472232548350803
586 15804.081144335232239 11974.414305689011599
586.5 15800.261400506969949 11975.238061799131174
587 15837.447484526088374 11999.231506117283061
587.5 15850.329183733461832 12010.644420834583798
588 15879.630986668089463 12033.475094167910356
588.5 15890.348550925888048 12043.604541930460982
589 15923.174796066603449 12077.104468471339715
589.5 15940.64249410447519 12096.148154051947131
590 15946.770384336228744 12098.464119352509442
590.5 15995.793520671128135 12136.006431060275645
591 16018.754579711358019 12155.571443848291892
591.5 16045.528263751981285 12176.556835679491996
592 16079.386822849060991 12201.303307056316044
592.5 16086.276572393429888 12207.36525857457309
593 16116.780296397299026 12235.217209404750974
593.5 16142.973669337558022 12253.908625388467044
594 16198.136173671678989 12300.545422788118231
594.5 16200.913656924458337 12304.980915120439022
595 16239.579476828805127 12333.317127288135453
595.5 16265.175889285694211 12346.598266565390077
596 16266.446440177865952 12349.438535929606587
596.5 16254.013783436286758 12337.267283929526457
597 16240.030528093500834 12322.86981639069927
597.5 16261.345279098854007 12339.685900173333721
598 16253.631390244750946 12332.6422479022076
598.5 16284.47405762915696 12352.408315180455247
599 16303.451175260450327 12370.394842156756567
599.5 16337.760081977530717 12401.459912110389268
600 16359.650560814021446 12419.695166080718991
600.5 16369.286398031727003 12429.937892705900595
601 16392.691726717384881 12449.45354234610204
601.5 16395.216070126982231 12452.121331377333263
602 16405.724611085326615 12459.475517636432414
602.5 16405.758094078541035 12460.352909437049675
603 16416.697606385176186 12470.410971448316559
603.5 16453.214541307861509 12498.598736111816834
604 16488.995414850858651 12524.905014825046237
604.5 16520.141669526077749 12549.094954354259244
605 16547.039091546819691 12570.015938380391162
605.5 16558.469936662157124 12580.384251052892068
606 16594.125918523139262 12615.94589996479408
606.5 16629.84529397674487 12648.972381125451648
607 16633.24708118984563 12654.624208774030194
607.5 16650.824174598659738 12666.882070459787428
608 16625.180917018140462 12644.457038712664144
608.5 16666.727882738377957 12676.36843093366042
609 16705.40274854884774 12704.791367134939719
609.5 16728.571828061616543 12724.378625777148045
610 16768.606554988851713 12754.569165892991805
610.5 16762.686762335590174 12749.785358215209271
611 16787.987133981263469 12770.578668429156096
611.5 16825.470375709774089 12791.28997456671641
612 16861.913792159764853 12813.477962832695994
612.5 16895.081157581964362 12841.996351853758824
613 16909.25310496837119 12852.345315900811329
613.5 16908.672697865567898 12853.090679342401927
614 16929.333488408497942 12868.13928186393241
614.5 16895.290347223140998 12840.258588732922362
615 16892.238357571357483 12840.069190617750792
615.5 16913.663801612077805 12859.967054990183897
616 16913.012785087863449 12861.702915452200614
616.5 16897.03029218751908 12844.953572081147286
617 16900.290509086051316 12847.88172883275729
617.5 16895.984243488288485 12847.598823149037344
618 16889.865441379872209 12843.932929336548113
618.5 16884.997627185053716 12844.142934495317604
619 16900.204429908208112 12852.988704366602178
619.5 16897.156057314507052 12850.158819238535216
620 16908.898515583758126 12860.138159512292987
620.5 16931.863699470162828 12876.612486516423814
621 16962.263201214078435 12904.50711682657311
621.5 16977.35232783115498 12911.149354619592486
622 17034.924822052416857 12955.75837944858722
622.5 17068.413210720766074 12980.673853335900276
623 17089.050706294114207 12999.049107300095784
623.5 17101.936035684782837 13013.768709331261562
624 17111.704795317047683 13018.815670097714246
624.5 17100.229223986185389 13012.41279933824444
625 17134.730765987493214 13038.461679807191103
625.5 17149.828973105490149 13046.458411878053084
626 17193.004725632246846 13079.190734698524466
626.5 17225.084312210179633 13103.708409070564812
627 17243.786775000829948 13117.535700051106687
627.5 17268.30777687236332 13140.497392691595451
628 17315.193407063459745 13185.265095301048859
628.5 17342.128399070152227 13210.027344615709808
629 17383.558463342829782 13242.149036904591412
629.5 17417.067693162214709 13262.837066187923483
630 17455.028221430737176 13300.331386586962253
630.5 17470.167014684979222 13311.060731809806384
631 17508.575580493597954 13341.42316513946389
631.5 17557.953946021996671 13379.493584528208885
632 17564.363431536883581 13383.864309646525726
632.5 17564.480897878955147 13385.276297675542082
633 17579.884700329086627 13397.744740148918936
633.5 17621.194966863731679 13434.215086277607043
634 17648.294526042238431 13451.612799106786042
634.5 17713.287770891183754 13503.819197050153889
635 17742.510943640871119 13525.81407679419317
635.5 17750.624071142352477 13529.370551141641045
636 17734.210890136389935 13515.329546122613465
636.5 17778.449141207733192 13547.136833587979709
637 17797.331767249062977 13562.773289450073207
637.5 17817.907824046858877 13582.611159154224879
638 17891.25298431558258 13640.155026791284399
638.5 17930.485555182225653 13670.854341363983622
639 17958.731863483339112 13693.502685705147087
639.5 17970.071405800841603 13702.328874058017391
640 18013.818500232744555 13735.630666046996339
640.5 18035.614976000342722 13750.091380059486255
641 18034.253174842920998 13751.547392521621077
641.5 18006.544351065451337 13724.734217978957531
642 17945.043410704332928 13678.991914088490375
642.5 17959.141450964540127 13688.669068986442653
643 17943.043049470474216 13674.704276455071522
643.5 17980.69752328587856 13705.617212805253075
644 18011.561988506316993 13734.888224149442976
644.5 18027.381998809418292 13743.113447578198247
645 18055.825439680818818 13760.275885908022246
645.5 18067.919054641519324 13763.671160976104147
646 18085.957294502069999 13779.821526200066728
646.5 18105.994653596033459 13797.769346477974977
647 18120.468685937554255 13808.958989802536962
647.5 18160.697443069642759 13842.619494280963409
648 18146.072163562261267 13832.109641793900664
648.5 18164.153674993060122 13845.35929751616095
649 18165.059498582573724 13847.272571810488444
649.5 18173.13343180152151 13854.221501408463155
650 18182.932880881944584 13858.671683182959896
650.5 18186.403958179304027 13861.049084679991211
651 18177.381925375382707 13847.878303696545117
651.5 18155.069413516997884 13833.233683099912014
652 18149.62287383909279 13832.672010220674565
652.5 18132.328794351717079 13824.83393207764675
653 18097.871555449433799 13799.283245722519496
653.5 18087.779343907939619 13791.096482476297751
654 18086.166086967710726 13789.822685465594986
654.5 18107.904419356254948 13805.710195938874676
655 18150.152455571202154 13840.947562650142572
655.5 18161.832376748068782 13850.62444201362996
656 18130.714449682331178 13825.149839749035891
656.5 18102.951917597751162 13805.849462842321373
657 18129.02442561211501 13822.928682917021433
657.5 18167.736227759647591 13852.751322619666098
658 18231.656159283746092 13897.821296999260085
658.5 18243.601757083364646 13910.04683876920717
659 18238.609769173406676 13907.313515952526359
659.5 18310.580384164517454 13962.356983606150607
660 18346.759715654694446 13991.68574977381104
660.5 18369.470306382947456 14011.551851882803021
661 18414.942964302437758 14048.742990229306088
661.5 18421.230672868125112 14050.499336957169362
662 18397.539582465393323 14033.244071594252091
662.5 18393.214333075666218 14033.606729258935957
663 18361.987090353373787 14007.645361872251669
663.5 18308.114305466959195 13967.634693368547232
664 18334.185461372544523 13983.980778813907818
664.5 18313.043658432026859 13964.077352706268357
665 18291.505744334121118 13952.178790250442034
665.5 18318.829111988325167 13971.991109090755344
666 18325.405264386918134 13977.512190154904602
666.5 18298.868836705350986 13955.36128118934721
667 18260.592076536097011 13926.651881732930633
667.5 18291.779935218608443 13951.180932387474968
668 18312.685898719653778 13966.139946532113754
668.5 18347.247020224538574 13995.955156475021795
669 18381.057014987258299 14019.665672716506378
669.5 18442.85696223999912 14070.347760875063614
670 18474.401368932954938 14095.038002450690328
670.5 18484.288450968408142 14098.740499390623881
671 18479.679824847040436 14092.034019271539364
671.5 18491.727716256784333 14101.438108621516221
672 18508.528842223982792 14108.471146942087216
672.5 18510.765702345088357 14109.8465128307962
673 18570.133677215915668 14156.334548574093787
673.5 18583.115214193185238 14164.397881840572154
674 18640.811127202552598 14207.825684692092182
674.5 18684.678455443015991 14237.139580998247766
675 18726.737706400057505 14269.918326025512215
675.5 18773.235557852851343 14306.72827713609513
676 18784.078927161292086 14317.20827822562751
676.5 18783.848066286864196 14311.078617469469464
677 18826.723973072072113 14341.920508408815294
677.5 18816.05030410153995 14329.880748272711571
678 18809.926875631739676 14325.172791004588362
678.5 18853.795609679935296 14357.09631953391181
679 18886.360266241070349 14378.782897529610636
679.5 18891.571413859699533 14383.961540558395427
680 18876.737222555115295 14371.90316721804993
680.5 18889.880154364069313 14383.327163329215182
681 18847.239472297165776 14345.099130725882787
681.5 18840.87695472145424 14336.00860523522897
682 18901.430548922777234 14381.324159516210784
682.5 18928.579576187428756 14400.343163321735119
683 18947.791779660303291 14415.422712401905301
683.5 18995.377252080139442 14454.251071358103218
684 18987.631777418238926 14450.238824590889635
684.5 18973.749188959784078 14436.740341571117824
685 18991.004389274086861 14453.672607838743716
685.5 19020.509766007886356 14479.617692970223288
686 19083.805677689328149 14525.441695431232802
686.5 19115.851503003956168 14551.770240565379936
687 19123.959598250239651 14555.518397901329081
687.5 19150.899980857706396 14580.818222160469304
688 19164.62339736949798 14586.378450090289334
688.5 19168.728643276677758 14592.116032451358478
689 19133.872782261736575 14566.43867601257989
689.5 19126.529580081103632 14565.798834412718861
690 19142.275312439687696 14573.460427541958779
690.5 19115.34043823774482 14554.694649542545449
691 19117.998237445150153 14556.221277376091166
691.5 19104.17966798605994 14546.727445610351424
692 19112.776824961412785 14557.453481869804818
692.5 19127.956076367972855 14572.3430936430359
693 19164.136807083352323 14596.714270979984576
693.5 19189.895543744929455 14618.292227988600644
694 19210.706156580385141 14631.292789745295522
694.5 19232.495058925880585 14646.172133205218415
695 19276.646843881513632 14682.719066023622872
695.5 19283.143229169363622 14684.868668887451349
696 19325.243144183867116 14716.370624325238168
696.5 19301.832498766078061 14700.463613306534171
697 19302.731215801315557 14699.449446793316383
697.5 19320.79218967640918 14713.567299680909855
698 19340.884220634125086 14735.070720769224863
698.5 19334.53235025401591 14727.597726156132921
699 19337.868539738559775 14728.75511535332771
699.5 19355.110246466174431 14745.897952528388487
700 19356.777589314093348 14744.090491005057629
700.5 19373.861467630697007 14756.72511561662759
701 19401.906373610436276 14773.58294191297864
701.5 19441.420731475893263 14807.194854487926932
702 19448.507489232189982 14808.046417708008448
702.5 19440.864049974865338 14801.11769053682292
703 19428.234324321547319 14791.937150297890184
703.5 19399.005889282452699 14767.89939036708347
704 19395.564477096384508 14764.78081847780777
704.5 19373.866639372987265 14745.663756698715588
705 19340.411486610806605 14718.82520647047204
705.5 19318.429107212552481 14703.385298483643055
706 19283.132859228921006 14678.181880802696469
706.5 19260.211706864007283 14663.253715421426023
707 19248.02320067308392 14652.183939297829056
707.5 19234.509095576820982 14641.060195357158591
708 19230.226349666558235 14636.43185698452362
708.5 19232.271345008070057 14634.796054535796429
709 19206.271132117901288 14615.068098076333627
709.5 19199.897766026613681 14610.082856969980639
710 19205.806435077607603 14614.270734000176162
710.5 19183.574488663220109 14598.717597411177849
711 19177.813736185325979 14595.146310432026439
711.5 19219.464782384158752 14630.879041620044518
712 19271.058169812509732 14668.839931293834525
712.5 19287.664108648805268 14679.557740537347854
713 19317.33878331327287 14707.618392235690408
713.5 19342.142148372979136 14728.368442844808669
714 19379.796417324367212 14761.3887721345709
714.5 19433.235051790066791 14799.028409557422492
715 19443.290314133260836 14812.500298802602629
715.5 19486.980857510105125 14849.148540025256807
716 19490.371119065694074 14856.714776298305878
716.5 19478.146695033556171 14843.003057847208765
717 19462.74592241625578 14835.007703327282798
717.5 19464.991040472934401 14839.126511072023277
718 19440.858740016017691 14823.213493357548941
718.5 19424.55641379181543 14808.093002421079291
719 19443.008141531918227 14820.234030216319297
719.5 19441.509374700704939 14818.241365781068453
720 19480.315618314376479 14845.249693893072617
720.5 19495.230742194282357 14853.657779363908048
721 19513.959037869924941 14867.218187928838233
721.5 19507.935246520002693 14865.123462907331486
722 19515.121676709371968 14866.971818901380175
722.5 19563.68291421968388 14906.901584274577544
723 19604.860363352247077 14938.971127347173024
723.5 19651.804886870100745 14978.127936355811471
724 19659.120171794515045 14987.21012492527916
724.5 19680.665017642564635 15004.529499699030566
725 19695.080748355529067 15017.076328971701514
725.5 19694.222496103211597 15015.890811042239875
726 19702.358030013754615 15025.87929794610136
726.5 19671.904647152467078 15000.569768628667589
727 19652.579611765322625 14985.816741815568093
727.5 19638.856278535698948 14977.347880746774536
728 19601.973405664386519 14950.965761822291825
728.5 19626.07896920839994 14967.285795810514173
729 19646.546013654151466 14986.082065720123865
729.5 19690.533232543726626 15017.049211906974961
730 19710.413336021829309 15028.712151680210809
730.5 19707.833388405608275 15028.977339323177148
731 19660.993765209383128 14991.267210652738868
731.5 19678.448226136188168 15002.537429338079164
732 19689.803478861274925 15017.97790984878884
732.5 19679.838060295984178 15009.130839248164193
733 19712.462527772284375 15032.744731599879742
733.5 19697.260949159433949 15022.914680522873823
734 19718.002231761434814 15038.653553367175846
734.5 19694.072450513427611 15017.598084599812864
735 19689.987506578952889 15015.026019003427791
735.5 19684.56141662578375 15010.872896085877073
736 19675.165190833857196 14999.809552045926466
736.5 19678.659043531639327 14995.020425627066288
737 19637.191796873637941 14957.557086435843303
737.5 19651.123948265882063 14968.943161288530973
738 19678.251053501655406 14988.698699633503566
738.5 19663.846525458553515 14974.863948011723551
739 19654.099099190148991 14967.630623139435556
739.5 19672.524605531110865 14984.908140645211461
740 19687.723985626507783 14997.630299936688971
740.5 19697.094607354771142 15003.451618619510555
741 19713.275269595847931 15011.991806612939399
741.5 19713.172363820060127 15012.794046697907106
742 19703.791449359719991 14999.949498503572613
742.5 19712.99718712248432 15010.079292461947261
743 19724.734009115833032 15016.714070959200399
743.5 19724.866092111715261 15015.039624181279578
744 19715.941272068233957 15011.721058208559043
744.5 19712.695707770595618 15009.802349429173773
745 19745.341158574046858 15034.793223058548392
745.5 19783.194618233865185 15067.467743358911321
746 19802.223892768284713 15083.042616273203748
746.5 19814.614732984413422 15092.895472234522458
747 19820.487282987825893 15101.011279244044999
747.5 19765.175199077948491 15051.485047529782605
748 19759.341276543884305 15050.073554359943955
748.5 19773.203503971079044 15062.248429937528272
749 19790.939242329473927 15077.575483776427063
749.5 19822.340341494840686 15106.880788549096906
750 19845.545818031408999 15122.239538726191313
750.5 19823.734337109806802 15107.137525576414191
751 19835.062323137171916 15111.24774694277221
751.5 19846.089059499336145 15119.194893953945211
752 19864.890708095514128 15130.796099444398351
752.5 19849.515690574808104 15113.248048655736056
753 19812.059965327109239 15078.364966418770564
753.5 19814.823286837116029 15084.307666220538522
754 19800.5393458087201 15070.84514472297451
754.5 19821.014918508055416 15086.538463534992843
755 19830.985881861033704 15096.430841492048785
755.5 19851.480743316467851 15114.286956462428861
756 19897.64559276611908 15155.694080964749446
756.5 19921.096066591380804 15172.280500099199344
757 19937.975826496582158 15184.01842590205888
757.5 19944.321197598179424 15191.526498330882532
758 19907.56918818581471 15163.462640741117866
758.5 19914.985056890396663 15175.472283734479788
759 19957.886569932532439 15211.338872419915788
759.5 19952.666947821780923 15211.789589878468178
760 19956.961678926356399 15215.251648807963647
760.5 19972.520667461296398 15226.999679973456296
761 20012.758452084122837 15259.542651144633055
761.5 20038.234100152763858 15282.800070517407221
762 20054.228315608845151 15302.354296842971962
762.5 20050.030788039926847 15300.716277920151697
763 20049.458402369225951 15298.41602997771588
763.5 20076.397352776337357 15317.998528872723909
764 20067.219182748700405 15308.498229473763786
764.5 20056.186584888182551 15296.17909726968719
765 20032.595371703784622 15279.594870726808949
765.5 20024.110905633784569 15268.97263128288796
766 20024.362903997269314 15270.286480210335867
766.5 20039.606829063857731 15280.111454686286379
767 20023.254868974050623 15264.692402416352706
767.5 20037.539230457085068 15276.913572642915824
768 20073.818948720319895 15307.45013452947569
768.5 20052.709859231177688 15291.715388100594282
769 20031.383165095598088 15274.912321890464227
769.5 20038.584230190259404 15282.902024015675124
770 20057.741070015748846 15295.12957205035309
770.5 20046.810641434534773 15292.441291505336267
771 20061.63411421535784 15300.479914498173457
771.5 20067.608030737374065 15305.296010131258299
772 20048.413476326408272 15288.62793364629033
772.5 20113.546388714148634 15335.741731670954323
773 20111.982458504295209 15335.345269056822872
773.5 20112.86019145879618 15337.458942059982292
774 20121.523560245539556 15341.792214890099785
774.5 20126.207616854477237 15344.257275885622221
775 20133.812985039508931 15345.325490993871426
775.5 20106.968658160323685 15323.148589542994159
776 20088.027007489748939 15310.59616005243879
776.5 20115.63025744058541 15339.384217661237926
777 20108.729395857408235 15330.077236540062586
777.5 20136.859939197045605 15352.36441959347394
778 20178.490427000415366 15384.279220391832496
778.5 20195.306995218212251 15391.828403294091913
779 20220.943099548192549 15411.486194192801122
779.5 20234.371969589748915 15419.869921976958722
780 20235.763134475924744 15422.47098073822599
780.5 20241.345658401533001 15433.942611111890074
781 20258.697251487981703 15448.893554918700829
781.5 20309.569431808256923 15490.896811480783072
782 20307.947634659522009 15490.194058663353644
782.5 20347.478016634933738 15519.415498387521438
783 20374.397519600544911 15541.405737187909835
783.5 20384.508185711925762 15550.957051158144168
784 20396.237525187287247 15557.81136883639374
784.5 20407.522637415360805 15570.959809413445328
785 20420.834795912174741 15583.926554644955104
785.5 20425.609087055217969 15587.792548823450488
786 20447.695897919718846 15606.416732471550858
786.5 20438.231547945342754 15602.736717251498703
787 20434.77663470821426 15601.745328642356981
787.5 20451.948249246619525 15614.010809943227287
788 20441.274921879474277 15602.347074499693917
788.5 20487.449463421668042 15641.844152961677537
789 20459.763269834686071 15620.272654482796497
789.5 20460.079158650649333 15621.813191040284437
790 20464.519924777829146 15627.184435580416903
790.5 20445.606616940185631 15608.715772358149479
791 20437.094092615669069 15606.219756047452393
791.5 20442.683021094428113 15612.693773052893448
792 20477.058781280007679 15639.390080527298778
792.5 20515.476500094373478 15671.029546525805927
793 20551.587128523824504 15699.358451838446854
793.5 20565.263758458451775 15710.746914412180558
794 20579.372738552428928 15726.787703653186327
794.5 20635.550161660339654 15769.027294715959215
795 20630.123081900052057 15761.356130815449433
795.5 20621.995725728698744 15754.271936950059171
796 20606.562592571841378 15748.946875722427649
796.5 20603.132440413894074 15746.020197102923703
797 20613.267858738912764 15755.63402502946883
797.5 20602.56949566325784 15751.205103168549613
798 20614.250711779437552 15760.488813736970769
798.5 20627.948694364422408 15770.966619649074346
799 20692.321979560852924 15823.296874078312612
799.5 20670.981550046479242 15806.134692373883809
800 20708.60392237625274 15838.277180140286873
800.5 20693.303692159883212 15830.708597017064676
801 20737.627580146396213 15862.14323396981672
801.5 20750.475744633778959 15875.642169919503431
802 20734.640379196749564 15864.215989723232269
802.5 20712.539965692449186 15845.600550102446505
803 20750.034955254282977 15874.433993657126848
803.5 20780.134580375608493 15902.712813588850622
804 20796.478636204763461 15919.70013083957565
804.5 20828.473628839998128 15945.364249062289673
805 20828.757297227351955 15944.258564904504965
805.5 20848.338269592692086 15958.963912901881486
806 20849.583018932040432 15959.678070875464982
806.5 20860.676727669837419 15965.515269402783815
807 20863.243492600315221 15965.009676825964561
807.5 20869.178524098228081 15967.805157190488899
808 20880.217923332085775 15971.843711465047818
808.5 20890.483333819101972 15980.077999014512898
809 20933.111587603252701 16018.008199571875593
809.5 20982.309288583219313 16061.336908437950115
810 21022.624210996818874 16093.233049845268397
810.5 21020.062744043985731 16092.570444438206323
811 21047.991735132240137 16115.120772589960325
811.5 21067.678593784788973 16134.572677956168263
812 21108.005550209047215 16168.765754333599034
812.5 21096.136122995198093 16158.099772004501574
813 21101.034797415803041 16163.163430686856373
813.5 21052.875135234662594 16124.944335045054686
814 21045.14687096470152 16114.361980101188237
814.5 21060.016667491385306 16131.126392108766595
815 21072.859661479931674 16144.601440232783716
815.5 21098.532473949944688 16166.190139997461301
816 21086.352662599558244 16158.639929262466467
816.5 21113.198267272178782 16175.832865969770864
817 21129.461859473802178 16183.428915734260954
817.5 21143.306523399824073 16193.198456027052089
818 21074.124684317412175 16143.13830728496032
818.5 21106.594606972641486 16172.563098651447945
819 21144.684519884704059 16201.750251396568274
819.5 21163.514470803082077 16217.841117076482988
820 21163.677563056131476 16226.492969254142736
820.5 21167.192979038281919 16233.97972035755447
821 21154.591408962136484 16222.759516902904579
821.5 21152.440147787536262 16219.748467766705289
822 21133.859770057522837 16206.19001353524618
822.5 21154.842777571506304 16222.269166995023625
823 21144.317600095233502 16214.544604371702007
823.5 21134.524669486167113 16208.32414371748564
824 21124.140196843356534 16198.262390490746839
824.5 21097.73533294122899 16182.353132672616994
825 21096.046897629388695 16178.491776809940347
825.5 21067.439256164561812 16157.549971884829574
826 21051.445099810767715 16144.071484667036202
826.5 21053.148280383858946 16143.769020719484615
827 21069.953940763756691 16157.082995142911386
827.5 21109.283693853521982 16187.043179996231629
828 21089.316381830201863 16170.182116707417663
828.5 21042.681583835121273 16135.518654739111298
829 21068.065102406286314 16156.164372198474666
829.5 21076.286532142250508 16161.82576977548888
830 21061.921787208942987 16150.400897698695189
830.5 21027.404682129625144 16129.722055607147922
831 21046.197379996410746 16140.99272884425045
831.5 21024.316340298330033 16124.633086456908131
832 21061.006947146306629 16150.117159025976434
832.5 21049.173019846653915 16142.774340774270968
833 21034.115792129861802 16131.114144944232976
833.5 21012.947536799125373 16112.54170006143795
834 21007.304632379687973 16110.166957005476434
834.5 20995.809488119004527 16105.535978539493954
835 21026.824156779155601 16132.336600107497361
835.5 21031.800562637963594 16138.110808193292542
836 21062.676353150345676 16165.849692268213403
836.5 21048.372552183060179 16157.057990240264189
837 21053.701059624880145 16162.482487635925281
837.5 21064.487729876789672 16170.768567598994196
838 21082.052880373186781 16187.891832009077916
838.5 21092.629956894044881 16194.666903646742867
839 21101.729285664172494 16200.96650792131004
839.5 21099.62005642555232 16193.759579500256223
840 21115.32517306732916 16207.810777273021813
840.5 21165.580023434755276 16248.862538535742715
841 21171.017888015700009 16256.037623417651048
841.5 21159.64252949675938 16247.170597935879414
842 21154.29584378708023 16240.875528189684701
842.5 21159.301470228056132 16243.939754127037304
843 21138.620881261926115 16230.387088961799236
843.5 21126.35797697842645 16222.247247790613983
844 21110.801209285047662 16210.663147255514559
844.5 21124.835092710305616 16221.974259703607459
845 21095.352707881549577 16198.747640662762933
845.5 21102.277112673702504 16208.653334023276329
846 21094.838145052319305 16205.030987897485829
846.5 21133.883001881891687 16237.411050751314178
847 21133.08166122606417 16236.73834202474427
847.5 21148.273330592874117 16253.693401080863623
848 21172.845087170302577 16276.211390464144642
848.5 21210.893051530008961 16307.32560190714139
849 21207.48866414044096 16303.978675775364536
849.5 21230.546322717080329 16322.395856091068708
850 21224.12055104427418 16319.65285709069758
850.5 21246.765818856289116 16337.273985206184079
851 21241.141481383423525 16332.021967372802465
851.5 21248.750361103364412 16343.299957986424488
852 21289.689078855473781 16376.283536381504746
852.5 21302.96043935097623 16388.629329579747719
853 21285.939602321497659 16376.837167300809597
853.5 21255.673426199653477 16351.072449643497748
854 21269.52113845157146 16362.251901536888909
854.5 21274.920530813582445 16367.300406018604917
855 21307.213753635322064 16394.323062604224106
855.5 21283.028351993958495 16374.492366712802323
856 21270.090930542868591 16365.770491269622653
856.5 21278.309791655250592 16369.26483851933699
857 21264.796683378637681 16355.420196686591225
857.5 21307.728409070616181 16382.886927132720302
858 21338.827738493921061 16410.612125805040705
858.5 21362.16821446405811 16430.899925919609814
859 21337.332622797232034 16410.561500098567194
859.5 21320.019630553255411 16401.445162982174224
860 21307.252411124525679 16390.094602943223435
860.5 21316.389344987601362 16401.066580283051735
861 21314.85836127784205 16400.116433664999931
861.5 21309.787952358383336 16395.639001151110278
862 21303.944978034389351 16390.567132910768123
862.5 21310.209760767924308 16395.418763775887783
863 21324.587585885441513 16399.424857391608384
863.5 21313.06738629643587 16390.077958695808775
864 21309.87019633248201 16385.926138304737833
864.5 21277.553539305939921 16362.717538251252336
865 21301.006232292776986 16386.004737792300148
865.5 21283.26190070775192 16372.023424114262525
866 21283.597048141047708 16375.599322989271968
866.5 21277.114429123928858 16369.607143738896411
867 21294.116327796877158 16382.245973608700297
867.5 21325.269076046330156 16405.582721769733325
868 21348.873539777829137 16424.315981442221528
868.5 21354.190441259608633 16433.230494650590117
869 21345.465345283566421 16425.543477108945808
869.5 21393.987793741751375 16461.660821437631967
870 21386.566177864435303 16453.628198245438398
870.5 21375.739997012780805 16447.70190092379562
871 21399.514810650263826 16470.144782146333455
871.5 21397.570268065988785 16468.971429280714801
872 21352.005196164867812 16438.29399217131504
872.5 21364.569230821653036 16450.307890751846571
873 21360.398008555512206 16449.494225228456344
873.5 21351.565776982442912 16440.523302182384214
874 21334.384224380595697 16423.436466351333365
874.5 21320.900782910550333 16413.826671647464536
875 21331.931903951281129 16422.753943804647861
875.5 21333.121447279612767 16426.522161357886944
876 21337.927909244539478 16431.783394149308151
876.5 21333.036901200648572 16428.580574053587043
877 21341.906407173864864 16439.181439093055815
877.5 21370.150891090444929 16461.760277651294018
878 21380.987887227067404 16466.906658880754549
878.5 21360.727254477944371 16454.87969811504081
879 21379.719810086888174 16472.836123834775208
879.5 21379.39973304114028 16471.936495468147768
880 21367.056694978728046 16466.798075648308441
880.5 21386.530031064885407 16480.494260238629067
881 21374.505119167744851 16464.902551683244383
881.5 21411.468625789537327 16489.875269203515927
882 21398.063599551907828 16482.73999984114198
882.5 21420.661968210686609 16503.596119568432186
883 21453.283069307086407 16527.388582254516223
883.5 21469.037512266320846 16541.721104692565859
884 21503.921499438700266 16568.521148556705157
884.5 21506.119100120362418 16573.603599175221461
885 21495.284937408327096 16562.699362120962178
885.5 21492.968514967880765 16560.181288805928489
886 21479.591737525715871 16549.703764519290417
886.5 21510.883376880134165 16577.044564022708073
887 21512.503353127111041 16576.404357392701058
887.5 21535.702659147795202 16592.494683525688743
888 21546.325867224979447 16604.472691387672967
888.5 21536.633540912644094 16593.464477770325175
889 21539.126293776047532 16593.500431659736932
889.5 21534.461417959642858 16584.61442545452519
890 21573.431435658178088 16618.133877111627953
890.5 21542.166976958287705 16598.481395283790334
891 21536.474376551821479 16594.160405193706538
891.5 21528.922880210277071 16590.900097902223933
892 21531.570815739290992 16590.884146501946816
892.5 21520.444013274365716 16582.227175301886746
893 21547.347322812409402 16601.348639701816865
893.5 21559.774517826212104 16611.557254565381299
894 21551.066094389618229 16605.603715285316866
894.5 21565.159301080493606 16618.046902792728361
895 21558.794600171055208 16612.863860137971642
895.5 21579.062874920691684 16626.739734252820199
896 21602.157283289907355 16652.12984818109544
896.5 21617.008594943275966 16660.18354798540895
897 21637.250918111567444 16675.991622874160385
897.5 21622.545727085536782 16668.597478119765583
898 21655.340575135011022 16694.650802361567912
898.5 21649.383199608699215 16689.090741734678886
899 21669.750438811031927 16705.866320543143956
899.5 21687.980355904797761 16721.42672901892729
900 21700.537793076844537 16730.402946490154136
900.5 21726.342428374577139 16748.990437386208214
901 21742.398973887367902 16761.755421823152574
901.5 21754.75626718923013 16770.343772551674192
902 21747.186480069292884 16762.512967187802133
902.5 21723.419696422537527 16742.96055865204471
903 21717.855066904936393 16740.873352828406496
903.5 21727.922911155306792 16750.644461947500531
904 21759.179308699000103 16774.46147513177857
904.5 21756.102176440377661 16772.361428354292002
905 21755.693912208720576 16772.651499804866035
905.5 21721.315602736911387 16749.453197096299846
906 21739.673084224472404 16764.294045824302884
906.5 21777.992239761810197 16792.406597111348674
907 21777.366004764149693 16789.907826114424097
907.5 21833.383554662712413 16836.233602504562441
908 21835.173170910002227 16836.940928550735407
908.5 21861.957836033248896 16861.924306261051242
909 21882.052885140972649 16875.622029393864068
909.5 21912.247100917997159 16900.062205011672631
910 21933.265050768000947 16915.644818213542749
910.5 21890.972552942370385 16885.542880295175564
911 21889.149618850802653 16882.527949002880632
911.5 21886.330337090723333 16881.422848325881205
912 21867.671800979893305 16872.769948038017901
912.5 21855.753827753000223 16861.327596907060069
913 21851.299158654441271 16864.172461285230384
913.5 21845.133269413632661 16856.168499009811057
914 21861.765372797552118 16867.207464778024587
914.5 21856.992472329431621 16865.642479020865721
915 21829.554392267898947 16849.931705317954766
915.5 21845.143754189313768 16863.001876513306343
916 21844.604213646573044 16863.102889450150542
916.5 21837.260183915292146 16860.896985443461745
917 21871.454092665571807 16886.074401981742994
917.5 21881.992793072255154 16893.600674781660928
918 21877.656921794627124 16890.73510990059367
918.5 21916.903544292072183 16919.532364514321671
919 21932.075196407386102 16933.899859125118383
919.5 21947.585800599204958 16947.529692569449253
920 21986.559405099447758 16979.089572875796875
920.5 22005.700868455158343 16993.382480028150894
921 21998.197791315666109 16986.633192285418772
921.5 22013.527815451761853 16998.716232555394527
922 21998.44122876883921 16992.766123320492625
922.5 21973.751972144542378 16976.779292453997186
923 21991.256601517245144 16989.019328046160808
923.5 21989.759968035268685 16988.271397808381153
924 22013.64707323267794 17011.334358576248633
924.5 22028.216121521119931 17022.773338015256741
925 22036.786462648196903 17031.809490717081644
925.5 22038.451551287085749 17031.556918433572719
926 22059.411838332795014 17048.378007114268257
926.5 22059.436360693405732 17052.060536041524756
927 22050.046905816721846 17047.036810722878727
927.5 22032.263949738968222 17027.792875449395069
928 22048.013881518294511 17037.003777021494898
928.5 22039.646034716301074 17026.949779294525797
929 22080.09484913615961 17055.378628703707363
929.5 22086.394490760128974 17061.497295098037284
930 22078.321844132577098 17054.261044106697227
930.5 22086.301787895707093 17062.19220094125194
931 22079.127284786161908 17052.658448952359322
931.5 22082.564430752096087 17055.55655008494432
932 22082.169874235987663 17055.882680376053031
932.5 22093.163129630040203 17064.027585914704105
933 22059.170893272177636 17043.384465736966376
933.5 22082.44791018671458 17059.92430869841337
934 22087.122929740060499 17064.267046244996891
934.5 22095.885695866058086 17070.399494285786204
935 22123.537201969076705 17096.103981296670099
935.5 22142.805114067403338 17110.97582632216654
936 22123.538280444012344 17091.208792133315001
936.5 22141.630534841122426 17108.517207400072948
937 22145.3926031440933 17108.521016615457484
937.5 22185.975099626011797 17138.741469696764398
938 22196.295823618049326 17142.642521670208225
938.5 22208.743409492304636 17151.200726342111011
939 22215.429354172258172 17163.490098290254537
939.5 22241.068905870113667 17184.775813183634455
940 22266.302493830924504 17202.69627425537692
940.5 22286.103314147716446 17218.958254663288244
941 22265.386800189411588 17201.753693374914292
941.5 22283.586403459401481 17216.449226646138413
942 22283.727106523809198 17217.34490124461081
942.5 22300.042564869861963 17230.036499762161839
943 22300.363484671310289 17229.8783720850588
943.5 22304.993378632538224 17235.167044078865729
944 22323.70972159417579 17250.899837641460181
944.5 22346.88707434198659 17267.372484079136484
945 22369.412524789422605 17278.529279186070198
945.5 22353.371875112516136 17269.751790375696146
946 22348.815157858913153 17265.744608501699986
946.5 22398.563133695031865 17303.979880908696941
947 22391.015379297339678 17299.561901825061796
947.5 22420.268189478960267 17321.573696717350686
948 22429.199400172856258 17334.643303757940885
948.5 22444.33496055305659 17349.172537499536702
949 22484.799129412858747 17383.548383297220425
949.5 22461.541119038407487 17369.845172604316758
950 22477.091733614222903 17380.664956905733561
950.5 22489.967453210971144 17388.957174795003084
951 22491.210051907572051 17388.966966920652339
951.5 22482.095492400243529 17383.412491108498216
952 22479.95418884139508 17377.11647900036769
952.5 22512.145942184550222 17405.168779477022326
953 22547.958677622962568 17433.164803502757422
953.5 22553.914325459874817 17441.982176264398731
954 22562.302828157928161 17447.50831272988944
954.5 22597.899646169855259 17476.41679138352265
955 22566.964165026041883 17455.322726351794699
955.5 22553.072324513272179 17440.76551548115458
956 22576.551676473289263 17459.222266560136632
956.5 22553.852585437776725 17444.50790784558194
957 22584.435535884844285 17467.553101567697013
957.5 22590.263539503845095 17473.480684327438212
958 22623.774573283997597 17498.391467652054416
958.5 22615.194805697854463 17497.763225277674792
959 22602.566903937564348 17492.72019684238694
959.5 22613.868052556754265 17498.910130915603077
960 22608.481276921720564 17497.740346325026621
960.5 22608.271309253865184 17495.386607269338128
961 22593.754601349741279 17484.987626297370298
961.5 22615.02768291717075 17500.094464269146556
962 22643.97070149731735 17520.232288607829105
962.5 22640.672336884028482 17517.530960584805143
963 22622.794639174939221 17509.540473872861185
963.5 22620.953950631948828 17506.243464998337004
964 22603.341753568129207 17494.889379811273102
964.5 22638.360879656069301 17525.693529658608895
965 22644.906669406889705 17531.96133457414544
965.5 22635.250345486831066 17524.103166015735042
966 22682.035618114095996 17565.1143095425723
966.5 22700.716638181140297 17580.335748936558957
967 22711.831566137560003 17591.986022179102292
967.5 22715.784377423631668 17596.8584572163345
968 22728.49933006698484 17602.584725592896575
968.5 22695.093607140872336 17576.572822369118512
969 22669.369687619047909 17557.374039531961898
969.5 22677.540413089438516 17562.513062243077002
970 22696.552547776518622 17579.626275418097066
970.5 22693.126214885021909 17582.94298280705334
971 22698.19107787300527 17592.580743850365252
971.5 22718.163430343782238 17609.649449395430565
972 22719.092461876356538 17609.014708025861182
972.5 22757.209520257765689 17641.657620828464133
973 22776.780652618101158 17659.873530959153868
973.5 22802.782101521184813 17676.572721464432107
974 22839.77652754841256 17706.830811676096346
974.5 22866.285385537896218 17728.142888363559905
975 22868.176579568003945 17729.219119675752154
975.5 22873.680900465296872 17730.648092190582247
976 22898.599080662286724 17750.260392110496468
976.5 22909.063169655299134 17758.247790751989669
977 22935.006981536786043 17775.856608279609645
977.5 22946.261140252208861 17786.41987577871987
978 22975.773607539696968 17809.558110089317779
978.5 22995.513594124713563 17826.103014915097447
979 22997.293750259585067 17826.993018229692098
979.5 23038.09899636882983 17861.566517707269668
980 23063.770901903651975 17882.236390307851252
980.5 23017.632574454524729 17847.248387530045875
981 23023.508458603988402 17855.16853519531287
981.5 23017.590957679389248 17849.021215201788436
982 23048.558037858456373 17876.60109783259395
982.5 23051.115636760921916 17881.731092064626864
983 23055.366251996576466 17881.76917439861063
983.5 23108.416515970689943 17923.318527188632288
984 23080.501848748441262 17905.501293119606999
984.5 23089.070944045219221 17916.97860471560125
985 23120.833235714206239 17941.312413613843091
985.5 23112.413907471946004 17934.777215590835112
986 23117.47626858269723 17936.896027472284914
986.5 23108.223945524696319 17934.430505723579699
987 23110.362405876279809 17934.739019813598134
987.5 23079.942088608186168 17911.185503602464451
988 23065.862348277038109 17899.207195062826941
988.5 23080.529964993049362 17915.134114979045989
989 23081.47486826424938 17916.511572996634641
989.5 23089.279878102501243 17923.828741507230006
990 23085.967988581764075 17921.774695803407667
990.5 23086.04164035004942 17920.389466758337221
991 23062.202097292989492 17908.884228552691638
991.5 23055.242496298371407 17905.17263798489148
992 23091.11506550321792 17934.853685207148374
992.5 23107.110957597611559 17948.308046755570103
993 23074.428554534973955 17925.472830556020199
993.5 23072.728984983368719 17925.038562187739444
994 23098.914688474891591 17947.461950126940792
994.5 23129.746436303681548 17975.90754342188302
995 23138.074320744173747 17983.852917479060125
995.5 23134.455964049098839 17980.91148212000553
996 23128.376962677793927 17977.340255670736951
996.5 23177.369153065981664 18013.563288945249951
997 23156.130194977180508 17993.222106690987857
997.5 23155.968669471018075 17993.552577364778699
998 23131.973794948149589 17976.252725156260567
998.5 23133.782721246727306 17976.971409210174897
999 23168.328725433468207 18004.267072976996133
999.5 23189.590345515356603 18020.532266310008708
1000 23189.685927683003683 18027.357057391076523
1000 23189.685927682978217 18027.357057391065609
1000.5 23204.15969941450021 18036.545180092660303
1001 23212.662042713036499 18046.400590450168238
1001.5 23210.725780919274257 18045.842756903493864
1002 23216.942761991678708 18047.437203533118009
1002.5 23226.128780851653573 18055.639766699474421
1003 23231.825488112914172 18059.332512800752738
1003.5 23276.889527666418871 18097.330070166739461
1004 23277.556554496892204 18096.648257865836058
1004.5 23304.261282983512501 18122.336948658423353
1005 23331.505545787458686 18143.605025025735813
1005.5 23356.456623253696307 18164.849655833295401
1006 23361.730557636270532 18174.769576078586397
1006.5 23377.916881834091328 18188.730739762926532
1007 23402.432709242388228 18207.472485080179467
1007.5 23440.393264403483045 18237.781586673601851
1008 23429.517286857386352 18230.172960864110792
1008.5 23443.294156630072393 18237.675943733680469
1009 23431.153907510291901 18228.178228786713589
1009.5 23390.721362838554342 18198.071463972675701
1010 23387.731392064139072 18194.420069858279021
1010.5 23360.696634331259702 18174.084077531442745
1011 23354.088123715173424 18167.920256463079568
1011.5 23353.655282406092738 18171.099051695153321
1012 23333.330740375469759 18158.443053042541578
1012.5 23338.750042966781621 18162.019659814388433
1013 23324.517422923159756 18151.657909736946749
1013.5 23351.081077350507258 18173.550726482044411
1014 23354.129299968273699 18174.068463475043245
1014.5 23361.557118447595712 18178.913611386040429
1015 23382.50655864797227 18190.47758623435584
1015.5 23353.079503716155159 18165.246536171507614
1016 23341.374181233717536 18158.873823396519583
1016.5 23367.35762342371163 18179.491895020066295
1017 23390.642005747307849 18195.454162668200297
1017.5 23401.747320327449415 18203.922048074400664
1018 23386.196852956560178 18194.612201812189596
1018.5 23404.388047825501417 18207.550412060601957
1019 23437.849040333025187 18232.973105941273388
1019.5 23440.498742066680279 18236.421741929505515
1020 23454.822055891534546 18252.564938583014737
1020.5 23422.132052498949633 18227.010046791896457
1021 23431.552016074620042 18235.344884840400482
1021.5 23475.170938947707327 18267.066894390238303
1022 23461.72390441187963 18266.134409897080332
1022.5 23438.926200337838964 18246.22107754877652
1023 23433.159490227724746 18245.89397963295778
1023.5 23421.24317588959093 18240.475608790409751
1024 23451.753766544588871 18265.209232595178037
1024.5 23426.655705328346812 18243.860951938680955
1025 23476.315821793810755 18283.099455741630663
1025.5 23488.12692148143833 18296.056664696516236
1026 23469.203863290302252 18280.193890838145307
1026.5 23450.065367640585464 18266.142588063430594
1027 23469.11014509414963 18281.052325596516312
1027.5 23515.647771069681767 18319.138910897752794
1028 23542.828893939193222 18340.084032485916396
1028.5 23525.759200991997204 18323.230781651087455
1029 23546.716958528671967 18338.334463138868159
1029.5 23549.871139804119593 18336.202496938090917
1030 23556.129570317727485 18343.922550320461596
1030.5 23600.405703877098858 18380.615629826566874
1031 23631.861549992801883 18404.843420702050935
1031.5 23618.576789448950876 18399.380608403014776
1032 23597.007520512783231 18384.190130629696796
1032.5 23581.527469129865494 18373.139789536435273
1033 23561.532552574532019 18358.462492940550874
1033.5 23544.4089492347739 18349.9942712876109
1034 23533.124702211225667 18341.77151766854513
1034.5 23531.5819086300653 18340.589522322927223
1035 23536.456687649861124 18344.156031730028189
1035.5 23549.507819249593013 18352.76997293209206
1036 23526.969644575878192 18330.03254150396242
1036.5 23542.220714521215996 18339.327827346842241
1037 23539.014011552073498 18337.129124672090256
1037.5 23542.613770515610668 18339.656752442853758
1038 23546.428157012574957 18344.714656364212715
1038.5 23540.869115247809532 18339.761595151932852
1039 23508.379576585899486 18320.339438685328787
1039.5 23548.017015958266711 18354.056609799154103
1040 23581.058950609782187 18384.296955821053416
1040.5 23599.892091048979637 18397.110330143110332
1041 23630.988101011487743 18421.691576645360328
1041.5 23666.089243988437374 18450.622879795628251
1042 23656.218152754499897 18443.027777712330135
1042.5 23692.870035266256309 18470.70819037518595
1043 23712.053560696651402 18482.75468520513823
1043.5 23735.791936069548683 18501.479193760602357
1044 23716.571669388395094 18488.025879694261675
1044.5 23688.780777945212321 18465.332693237527565
1045 23702.212400553617044 18477.315786209092039
1045.5 23726.739716334301193 18496.439446878717717
1046 23742.991590038982395 18509.13776553907519
1046.5 23752.367587271110096 18516.512154670177551
1047 23737.972791665364639 18504.40869637623473
1047.5 23696.735275429506146 18471.4595141732716
1048 23680.419152486352687 18461.193539514573786
1048.5 23705.349316513307713 18484.416558362372598
1049 23692.637332698624959 18478.016608622288913
1049.5 23712.058435804330657 18494.131188289695274
1050 23724.576814156658656 18499.537981654550094
1050.5 23748.384669646449765 18517.688701968920213
1051 23759.613336322188843 18529.403728709770803
1051.5 23787.584834899003909 18551.446668919841613
1052 23787.509435434862098 18553.461524590296904
1052.5 23821.072812539106963 18580.153745662286383
1053 23832.258641364736832 18588.349384084827761
1053.5 23862.082430213664338 18610.789157133593108
1054 23882.675296824796533 18627.432513716496032
1054.5 23898.356014828874322 18639.589936714415671
1055 23923.77936043493537 18660.801081928810163
1055.5 23940.54596238443628 18674.483108452321176
1056 23974.505419002751296 18702.841778874269949
1056.5 24012.370757862860046 18730.100307640008396
1057 24018.594525788728788 18735.921793533005257
1057.5 24000.323690210061613 18719.109070627440815
1058 24035.922539219682221 18748.782418324586615
1058.5 24033.766622547871521 18746.775144253766484
1059 24068.446983187724982 18770.930075103133277
1059.5 24109.113452911504282 18802.814860116188356
1060 24094.747471941162075 18789.675702516080491
1060.5 24098.458471974998247 18791.689806265083462
1061 24117.256886238978041 18804.963458772923332
1061.5 24129.429897612419154 18814.710744767322467
1062 24129.067668053725356 18813.439969109946105
1062.5 24098.85630291036432 18790.911586175228877
1063 24119.222909957490629 18812.26036782034862
1063.5 24131.829595495142712 18822.973833649681183
1064 24146.376308539434831 18840.398679430625634
1064.5 24169.379791275237949 18856.158631987906119
1065 24144.252501222894352 18840.140543502646324
1065.5 24158.338559899471875 18854.830739312161313
1066 24130.182419015007326 18836.129065609056852
1066.5 24121.383560356971429 18828.779832476498996
1067 24149.121418958478898 18849.492621879497165
1067.5 24184.211568759073998 18876.117968934537203
1068 24163.047635723647545 18860.411784991061722
1068.5 24220.069825890830543 18904.826956549124588
1069 24272.599694703614659 18946.589370041278016
1069.5 24256.510809000421432 18934.410448599915981
1070 24271.532710762559873 18949.894357951103302
1070.5 24260.824944292180589 18942.23703638850202
1071 24211.043923340839683 18903.169930402571481
1071.5 24239.093837926287961 18926.917048379971675
1072 24247.573959848370578 18931.498348536555568
1072.5 24287.684952866075037 18959.160089112923743
1073 24294.851040017663763 18968.35133181726269
1073.5 24314.983690411736461 18981.264208686428901
1074 24323.238458084040758 18985.379431098277564
1074.5 24324.545462418278476 18981.845497340382281
1075 24293.985889511972346 18962.666686063268571
1075.5 24290.758178929434507 18954.016893283380341
1076 24290.392607344274438 18956.785268286781502
1076.5 24303.056317807226151 18964.601576163629943
1077 24259.475196942330513 18929.069002756979899
1077.5 24256.564324416725867 18930.660565022102674
1078 24284.259025176463183 18952.757195661546575
1078.5 24295.787565223825368 18963.676353600862058
1079 24315.070741032010119 18975.613206660244032
1079.5 24294.394024254106625 18964.917709458026366
1080 24314.745931596287846 18982.274369955066504
1080.5 24329.970455455040792 18995.501421234046575
1081 24366.049609427100222 19024.863144341419684
1081.5 24409.225377629707509 19056.165562524838606
1082 24375.240657704012847 19028.207599150657188
1082.5 24350.16914767444905 19012.534029031518003
1083 24377.918246026365523 19033.816548031503771
1083.5 24390.110680489466176 19047.221234436103259
1084 24370.193330549645907 19027.811882133170002
1084.5 24396.793269667723507 19053.349972305793926
1085 24436.910787290897133 19080.896382647701103
1085.5 24431.272937457826629 19074.947388402510114
1086 24441.367561130799004 19083.167805605324247
1086.5 24437.593008718187775 19078.640809819640708
1087 24421.776022791171272 19072.224187211253593
1087.5 24408.417247375025909 19065.957912744423083
1088 24373.874380611119705 19041.093988711334532
1088.5 24345.810942284231714 19019.320780687769002
1089 24328.021136159135494 19006.021503535550437
1089.5 24348.606594106084231 19020.792069107013958
1090 24408.173930575470877 19067.476925953116734
1090.5 24394.880360184193705 19052.027014291990781
1091 24448.164578639840329 19092.901734574024886
1091.5 24471.628784504522628 19111.302398965519387
1092 24535.972622637844324 19161.909502001704823
1092.5 24550.843897064893099 19173.498624301453674
1093 24574.925946839426615 19194.966637333429389
1093.5 24602.064796364978974 19217.656197783366224
1094 24645.755211662581132 19250.592368411122152
1094.5 24677.412230284899124 19278.61682887205825
1095 24710.377772416402877 19304.908831683707831
1095.5 24711.389606260210712 19306.99519582877474
1096 24719.132124725038011 19313.287377619340987
1096.5 24739.093388144654455 19331.317422378895571
1097 24797.102430617567734 19373.862790969160415
1097.5 24762.101777608990233 19346.831346660732379
1098 24795.063984443324443 19373.518858272906073
1098.5 24797.207295553580479 19375.803644094910851
1099 24809.152598696968198 19386.560446615265391
1099.5 24861.723193449826795 19425.373279446856031
1100 24912.846394848547789 19463.496307851386518
1100.5 24896.508747539835895 19452.405676604561449
1101 24890.418893622721953 19446.317803275011102
1101.5 24915.052684261238028 19462.896062435640488
1102 24867.986594520141807 19427.940336960829882
1102.5 24850.045034987175313 19412.770181504449283
1103 24814.887087461196643 19384.294964236498345
1103.5 24781.859127509815153 19357.71384352203313
1104 24739.322244853236043 19326.058426168703591
1104.5 24754.200407471402286 19337.465786311775446
1105 24766.201229267306189 19348.120512375837279
1105.5 24778.294087268979638 19358.407236588704109
1106 24811.518540587676398 19384.198677016796864
1106.5 24794.872928933098592 19370.005777138503618
1107 24769.037229339101032 19349.793085171186249
1107.5 24769.365991058555664 19344.36538478769944
1108 24782.378964061157603 19354.592760616502346
1108.5 24803.562784367986751 19375.159150596799009
1109 24836.806419233391352 19398.731095007944532
1109.5 24809.78680513299696 19381.17184858215478
1110 24842.939030165056465 19407.208800079853972
1110.5 24807.238454081503733 19381.6927116475199
1111 24849.585449756228627 19415.171236414425948
1111.5 24893.395475356857787 19454.086354353999923
1112 24922.310027390198229 19475.50356506821845
1112.5 24966.197762900694215 19509.688272837469412
1113 25031.379760138788697 19563.470665631422889
1113.5 25023.131735476727044 19555.81294798538147
1114 25067.050662782512518 19591.044225437690329
1114.5 25046.542243425941706 19575.60515203594332
1115 25006.674290275299427 19546.920981736162503
1115.5 24981.198140745847923 19530.164210102469951
1116 24937.364613116154942 19497.429877510985534
1116.5 24933.573272590529086 19496.640795908770087
1117 25007.707728618071997 19556.468614895999053
1117.5 25021.769231569756812 19566.364299004915665
1118 24978.003252150327171 19531.554053266292613
1118.5 24998.901317242249206 19545.17503989074612
1119 24997.242153940016578 19539.255855153074663
1119.5 25013.53055287348252 19551.251300232037465
1120 25051.170915519382106 19582.786759566857654
1120.5 25117.64972747700449 19633.736932586118201
1121 25146.166535179439961 19656.832068051848182
1121.5 25200.919806770078139 19699.123061249509192
1122 25187.33275412248986 19686.856817636038613
1122.5 25191.485085665772203 19689.141879785031051
1123 25212.97542671552219 19706.798982516680553
1123.5 25229.096040059368534 19723.241788012666802
1124 25229.215607789861679 19733.472730524361396
1124.5 25271.167428118140379 19768.41603846705766
1125 25277.016438339542219 19772.563685759450891
1125.5 25254.457846430905192 19756.194996834514313
1126 25258.215169667932059 19760.016318018577294
1126.5 25302.72386310488946 19793.21141815368901
1127 25278.863372135219834 19780.551711034346226
1127.5 25313.80603569199593 19808.066757033106114
1128 25355.86030559196297 19844.508734036640817
1128.5 25320.928818630447495 19815.631793040727644
1129 25339.636234282013902 19825.485122942209273
1129.5 25360.393035331464489 19842.830376281839563
1130 25376.380563208207604 19854.463850802123488
1130.5 25352.174240060958255 19835.107901905819745
1131 25380.522955955417274 19859.733207606455835
1131.5 25418.469305638529477 19886.8605464953107
1132 25368.644343673066032 19853.392451224888646
1132.5 25417.250382972706575 19893.805299181480223
1133 25456.312312213260157 19926.062063590263278
1133.5 25509.644226622731367 19968.788922664327401
1134 25525.733606437403068 19980.396277307892888
1134.5 25524.189938079402054 19980.488034895872261
1135 25484.668648344952089 19947.299005570803274
1135.5 25508.731469494232442 19963.767531234861963
1136 25572.490203702356666 20012.594868499811128
1136.5 25656.751251414127182 20084.467115875551826
1137 25683.232771404338564 20104.696357518158038
1137.5 25749.545910013493994 20151.658681331806292
1138 25776.831950054634945 20172.460689018051198
1138.5 25818.652891251811525 20202.940685457466316
1139 25827.731371143323486 20211.905242420365539
1139.5 25791.607021819891088 20182.124878656715737
1140 25836.569825120546739 20216.79206293826428
1140.5 25838.178078220884345 20222.575361756371422
1141 25836.200928849146294 20222.586686710681533
1141.5 25888.414184267665405 20262.192544749843364
1142 25934.308791170689801 20302.118115553010284
1142.5 26005.325783755131852 20361.893349000980379
1143 26041.612525868578814 20392.730161069925089
1143.5 26067.08686963816217 20409.107802750924748
1144 26018.546106131620036 20368.585323634397355
1144.5 26006.267822588135459 20357.342066404984507
1145 25985.200742001779872 20342.507678100944759
1145.5 25954.915826102016581 20316.044496826241812
1146 25901.35105318587739 20278.818719017988769
1146.5 25941.1806613520057 20311.48071620943665
1147 25956.068836049907986 20321.00793731486192
1147.5 26043.415393361043243 20386.130372623705625
1148 26071.753838350305159 20409.408012208175933
1148.5 25964.829059652518481 20324.964354336731049
1149 25935.249981123382895 20301.243894010094664
1149.5 25982.562715048210521 20340.012555387300381
1150 25947.544176732742926 20313.28175661797286
1150.5 25894.267951363843167 20279.117862781033182
1151 25870.069064036459167 20262.199462885029789
1151.5 25899.298914161383436 20285.160957637599495
1152 25862.264995811503468 20255.188098229165917
1152.5 25778.173854731248866 20190.58499510891852
1153 25780.080759600255988 20189.467805893207696
1153.5 25833.600379766910919 20230.4246547553048
1154 25815.30131835525026 20220.087686412927724
1154.5 25851.353853492630151 20248.794945876408747
1155 25811.141146414651303 20215.779722688545007
1155.5 25848.934240536029392 20245.113467983395822
1156 25863.712242592690018 20253.55289848317625
1156.5 25912.555818544358772 20290.156333883114712
1157 25996.819741718099976 20356.433608437659132
1157.5 26038.659118953695724 20389.399641983804031
1158 26093.154032650487352 20431.588236421019246
1158.5 26039.212114807065518 20388.221093457155803
1159 26043.856924517043808 20389.480455170029018
1159.5 26029.358659093017195 20381.953617405426485
1160 25990.209003985495656 20352.476420908380533
1160.5 25974.101508898387692 20342.917959104208421
1161 26013.149000383877137 20376.349367562128464
1161.5 26053.538872551045642 20410.6450025984268
1162 26082.748613152882172 20438.193348156411957
1162.5 26014.596888475203741 20384.045793910114298
1163 26066.390602026927809 20426.470360528041056
1163.5 26145.549585813092563 20492.02048916133208
1164 26125.795416683758958 20477.100910100438341
1164.5 26104.794027840402123 20456.913869442818395
1165 26110.265330490990891 20465.360687839664024
1165.5 26152.831211061304202 20496.37620369497381
1166 26183.459877181245247 20521.12886817103572
1166.5 26243.845044888650591 20567.513601600159745
1167 26265.175864012428065 20582.218739383373759
1167.5 26249.961289723582013 20571.60631025305338
1168 26188.76539298507123 20525.254572960449877
1168.5 26137.649091121278616 20486.872470976035402
1169 26126.516768194469478 20479.581209866893914
1169.5 26110.931185355988418 20467.336646247695171
1170 26096.220579123171774 20454.384198353658576
1170.5 26051.133134765943396 20418.00572648870002
1171 25994.237637541653385 20378.227971286007232
1171.5 25982.799660672055325 20375.844239006677526
1172 25935.702312789126154 20341.189227700408082
1172.5 25911.294182254154293 20322.156131060153712
1173 25955.898631610820303 20361.815221150813159
1173.5 25948.968270316097914 20356.030673430996103
1174 25963.121602740950038 20366.458687902057136
1174.5 25964.083663443256228 20368.10058463966925
1175 25941.061268690235011 20353.154902661430242
1175.5 25898.026331472101447 20318.77692377609128
1176 25964.909158813090471 20373.604099209638662
1176.5 25982.541379896294529 20388.144566639366531
1177 25961.245000492108375 20370.335316582641099
1177.5 26022.590351859827933 20423.312944250970759
1178 26034.238574814404274 20434.117703893836733
1178.5 26025.318820547305222 20428.410025121826038
1179 25977.347998495668435 20393.911696030816529
1179.5 25958.633992492497782 20383.190716866676667
1180 26011.884415815904504 20423.01474801720542
1180.5 26055.938666811845906 20455.174158096240717
1181 26073.662321282226912 20464.947977763466042
1181.5 26055.404478831234883 20451.385877192991757
1182 26016.094629177019669 20422.868549430568237
1182.5 26016.299135823843244 20421.217879846033611
1183 26046.303665028310206 20444.123979472882638
1183.5 26073.510563015934167 20465.581153634164366
1184 26136.111165947138943 20515.324084486604988
1184.5 26101.856396924373257 20489.035784742009128
1185 26061.682355289824045 20459.006553606031957
1185.5 26038.199964001796616 20441.649072289746982
1186 26031.46683335313719 20436.80814879310492
1186.5 26049.443857520287565 20453.42341838586799
1187 26030.011161485494085 20437.103675390888384
1187.5 25985.803417005205119 20404.237138256488834
1188 25994.929984287744446 20413.370083569418057
1188.5 25934.566517436935101 20368.155697047292051
1189 25889.681309282554139 20335.722634994068358
1189.5 25905.243838939353736 20346.449705626269861
1190 25902.038304656700348 20342.805107750060415
1190.5 25912.245402097512851 20355.018600291445182
1191 25919.54292572160557 20365.944316014512879
1191.5 25986.537811525726283 20417.838918223984365
1192 25995.324167337152176 20428.578059785875666
1192.5 25969.69217766318252 20413.153808824801672
1193 25935.209326680131198 20386.624947489977785
1193.5 25984.422418101596122 20431.070996649446897
1194 26020.350020112713537 20459.005868419561011
1194.5 26031.858470712410053 20464.205766058181325
1195 26076.683626829824789 20499.417424533032317
1195.5 26082.965453186829109 20508.294976336928812
1196 26091.078332280019822 20515.264831545340712
1196.5 26111.701388725316065 20529.612235856362531
1197 26155.552601036473789 20564.433442908910365
1197.5 26171.532073237471195 20574.888011697581533
1198 26149.692955056347273 20560.68723849521848
1198.5 26218.52455223249126 20610.34084346842792
1199 26257.756647143822192 20640.224836340243201
1199.5 26294.87678810872967 20668.747653523347253
1200 26369.101454489496973 20728.191298666853982
1200.5 26377.11915030900127 20733.77447293158184
1201 26368.756836055752501 20729.435767183345888
1201.5 26313.91683047641709 20694.770574643851432
1202 26338.109696436447848 20709.998884355663904
1202.5 26355.1065043337112 20722.413191036292119
1203 26385.561100430004444 20748.826004302376532
1203.5 26398.649991129797854 20761.996189544959634
1204 26403.745533516728756 20764.41096446251322
1204.5 26458.74464336343226 20804.887439140824426
1205 26489.223096580753918 20829.355117102604709
1205.5 26510.926197451994085 20845.774110635116813
1206 26465.169734263596183 20814.529098036684445
1206.5 26439.745941747118195 20793.552117149225523
1207 26456.405657677543786 20803.211208094031463
1207.5 26427.624519394466915 20776.748687350529508
1208 26435.629972062044544 20785.339777210763714
1208.5 26409.832946708709642 20765.625862974724441
1209 26435.190085879825347 20786.977203814003587
1209.5 26390.69405759944857 20751.348089394476119
1210 26422.671097281559923 20779.554797624496132
1210.5 26375.426947625644971 20742.566220516921021
1211 26367.483162182252272 20736.912278353178408
1211.5 26379.726496782088361 20747.161560657179507
1212 26415.344022257369943 20773.38015915102369
1212.5 26419.808199143659294 20776.664605701047549
1213 26352.072950245859829 20722.657939782253379
1213.5 26347.828675598535483 20718.677731675506948
1214 26345.485019050182018 20716.990485537196946
1214.5 26351.790674438459973 20722.537039334263682
1215 26374.743893299033516 20739.914392893551849
1215.5 26383.368508206975093 20747.017966113413422
1216 26319.312738751366851 20699.364488342256664
1216.5 26295.111779809842119 20681.762403347758664
1217 26291.79319989970827 20679.095018369906029
1217.5 26309.905740460835659 20692.976877744513331
1218 26325.299265372224909 20705.008508265142154
1218.5 26365.866682571959245 20733.718156583039672
1219 26378.665318079158169 20741.411762498362805
1219.5 26415.331391955518484 20767.086090609886014
1220 26406.703075601213641 20761.613556726500974
1220.5 26381.658356808871758 20748.046173819562682
1221 26375.950347400921601 20744.581017623466323
1221.5 26430.743704164222436 20792.34552966812771
1222 26465.658969800166233 20819.886861147082527
1222.5 26520.722137657419808 20862.943304690688819
1223 26550.531391696076753 20887.609008792926033
1223.5 26523.371211714213132 20869.658963686328207
1224 26577.009852559440333 20917.236655198776134
1224.5 26637.91596978047528 20968.660835675011185
1225 26653.851149929912935 20975.713821379893488
1225.5 26623.618573614287016 20950.077159190659586
1226 26586.004444790120033 20926.54527868029254
1226.5 26588.240577266598848 20926.791988184060756
1227 26572.793943383243459 20913.401994905783795
1227.5 26584.565819740753795 20917.231790203903074
1228 26668.63537446628834 20980.026445714622241
1228.5 26655.776214588502626 20971.062968493653898
1229 26651.767940605572221 20969.476402502063138
1229.5 26630.994648973173753 20955.556710783464951
1230 26586.852848971080675 20922.496174734274973
1230.5 26608.907055467174359 20942.298479537665116
1231 26631.494722851937695 20954.840751510957489
1231.5 26593.094263263836183 20921.868599744895619
1232 26552.100734674255364 20890.141150588067831
1232.5 26544.226467176787992 20886.127163956713048
1233 26573.597690234160837 20915.904426625569613
1233.5 26627.070911903003434 20957.026484930429433
1234 26632.868240393323504 20966.726626335166657
1234.5 26603.190190211829758 20945.46060922293691
1235 26575.112506247711281 20930.566342080481263
1235.5 26589.780755213985685 20939.492671435342345
1236 26626.329542588606273 20968.629002543362731
1236.5 26667.093258545792196 20998.762167612134363
1237 26683.411586249058018 21013.293580997549725
1237.5 26628.5153773897473 20970.773724113576463
1238 26586.790323669629288 20938.173365843314969
1238.5 26547.004272651163774 20903.132774806606903
1239 26586.647588215575524 20931.836957383773552
1239.5 26587.655883764178725 20934.834895711432182
1240 26600.019540946730558 20948.602158768790105
1240.5 26557.881116415352153 20923.084129491413478
1241 26579.585339367124107 20942.30244459851383
1241.5 26537.208285003365745 20913.341925910583086
1242 26611.290781818282994 20975.098951299009059
1242.5 26621.333626019713847 20986.142540582386573
1243 26638.611793299667625 21005.953449436859955
1243.5 26610.671953751847468 20985.707364902656991
1244 26624.134754048307514 20994.797510538413917
1244.5 26646.689541950687271 21016.268649140260095
1245 26704.531548917424516 21060.309316757720808
1245.5 26675.114877939955477 21035.134683358064649
1246 26637.650258774716349 21007.996133782395191
1246.5 26583.57031449679198 20968.538228126577451
1247 26602.035955547289632 20981.157876886612939
1247.5 26620.035392385925661 20994.078645904457517
1248 26634.530058506712521 21002.878369281897903
1248.5 26589.261975916419033 20970.58294886852309
1249 26597.918108770965773 20972.539313565073826
1249.5 26626.067264791541675 20995.351922273279342
1250 26678.082045657112758 21034.954582036993088
1250.5 26753.319368226973893 21096.343017017345119
1251 26756.023083278854756 21097.722604594633594
1251.5 26711.41267279130625 21066.100680436000403
1252 26642.963601363306225 21012.869630722914735
1252.5 26640.142180409973662 21008.979401094169589
1253 26613.169549509726494 20990.762513322504674
1253.5 26590.72702447813208 20971.649410445748799
1254 26590.095005808911083 20968.931945208656543
1254.5 26575.137824349854782 20956.173133415391931
1255 26583.984701240369759 20965.740900564473122
1255.5 26616.993142685896601 20996.424240554861171
1256 26640.296835978708259 21016.849978501213627
1256.5 26672.684785247536638 21038.350478685544658
1257 26620.018242988884595 20998.51266162345928
1257.5 26611.444563731700327 20992.61304247136286
1258 26577.99258004398871 20969.453439182590955
1258.5 26539.813555455166352 20944.493476393658057
1259 26550.102735974243842 20952.310769549447286
1259.5 26548.215056979286601 20950.174864856606291
1260 26523.77826148758686 20927.93589633846932
1260.5 26493.260500886706723 20906.890730183808046
1261 26520.615392063722538 20929.576522067713086
1261.5 26548.604790539553505 20950.068319157780934
1262 26548.754192911845166 20949.953998875495017
1262.5 26569.093486794681667 20967.291499133803882
1263 26587.970745373055252 20987.067368062427704
1263.5 26600.365597286476259 20993.99083814990081
1264 26632.56764303179807 21020.098557797780813
1264.5 26693.736137476902513 21069.079029439268197
1265 26694.573839012333337 21070.588937998749316
1265.5 26653.447084104660462 21047.26882683830263
1266 26697.953559520359704 21082.926330474656424
1266.5 26689.499514175127842 21077.261408358444896
1267 26676.686615346523467 21067.707954820980376
1267.5 26673.231499440647895 21064.500592599022639
1268 26647.09280250543452 21046.110911879557534
1268.5 26623.21727155046392 21028.918133326962561
1269 26655.168404402884335 21055.33025223648292
1269.5 26639.051341029298783 21045.999864976376557
1270 26621.506811045921495 21034.675117201924877
1270.5 26634.697001611428277 21042.227633882615919
1271 26600.570649417179084 21016.240952809155715
1271.5 26605.157725268240029 21024.266955804650934
1272 26662.263090050462779 21068.213712244854833
1272.5 26723.350359900872718 21118.236519407699234
1273 26761.681883546949393 21150.191314143819909
1273.5 26758.784001221014478 21153.079133656388876
1274 26745.262141184794018 21138.648302793251787
1274.5 26752.444032184954267 21143.245549138831848
1275 26772.769497361667163 21160.907102942361234
1275.5 26790.297538699262077 21174.51363003804363
1276 26847.750588879749557 21217.246527040373621
1276.5 26896.76943389869848 21259.574555247749231
1277 26853.680746312616975 21226.67173950455981
1277.5 26840.818840503437968 21218.592225016123848
1278 26852.358884398348891 21229.894634461194073
1278.5 26863.462365929783118 21235.03359849651315
1279 26892.676493442388164 21261.859833711168903
1279.5 26914.422394768742379 21278.728503351612744
1280 26909.430402713056537 21279.194107283146877
1280.5 26969.383574582891015 21325.720498240440065
1281 26973.09326113091447 21329.876851389475632
1281.5 27040.607448207832931 21387.727257095088135
1282 27061.996291498169739 21404.667076616438862
1282.5 27109.409272843859071 21447.849461263325793
1283 27141.639463413936028 21473.303794512685272
1283.5 27143.179506053351361 21475.818865960685798
1284 27174.889424102868361 21503.569023274507344
1284.5 27126.375691324556101 21465.77173006702651
1285 27091.329865686580888 21440.445061377162347
1285.5 27097.242157524862705 21442.506541785118316
1286 27059.032154501383047 21409.582257750626013
1286.5 27051.391052594335633 21408.799366047493095
1287 27103.878719944517798 21451.609776334858907
1287.5 27129.289981798705412 21472.97608546898482
1288 27134.443686074795551 21478.825048578921269
1288.5 27138.957605021318159 21487.834213016594731
1289 27113.715875833087921 21470.969029738727841
1289.5 27116.857360180365504 21480.900494351379166
1290 27162.793293747934513 21515.220253938481619
1290.5 27169.735407729342114 21521.336798658241605
1291 27132.840375382384082 21493.100223321966041
1291.5 27089.241814848017384 21461.559214629960479
1292 27111.732621721264877 21474.500088720775238
1292.5 27092.096373171065352 21460.383958676524344
1293 27079.981055359785387 21449.380034283931309
1293.5 27131.027594602779573 21486.969946334509586
1294 27117.238511720261158 21475.433600738062523
1294.5 27146.167010707638838 21495.751815528859879
1295 27138.562688624020666 21489.015210495057545
1295.5 27133.732797780496185 21485.448761187079072
1296 27127.585129480135947 21480.421347254967259
1296.5 27136.78384356449169 21488.978201413410716
1297 27066.764896659427905 21434.990679291098786
1297.5 27081.637907969226944 21453.574217469911673
1298 27115.109787996410887 21481.637725984532153
1298.5 27199.371084687896655 21545.086743156276498
1299 27247.159871650965215 21581.789086249722459
1299.5 27203.049145543176564 21550.213192905725009
1300 27184.394016769114387 21539.448958337110525
1300.5 27131.04206535976482 21502.616784485977405
1301 27171.620904212031746 21539.498033779516845
1301.5 27125.00851775362753 21506.821348492383549
1302 27132.767372820722812 21514.026056697712193
1302.5 27100.745763378046831 21486.249576473572233
1303 27073.789323749224422 21466.247075010720437
1303.5 27112.173190341534792 21493.115961638126464
1304 27119.701667816258123 21504.151249520429701
1304.5 27155.327207523307152 21532.699453579207329
1305 27168.86285394864899 21545.528617230487725
1305.5 27148.43567362619433 21525.710260600673791
1306 27225.029582992458018 21583.803450288989552
1306.5 27258.002272730969707 21607.724454856477678
1307 27285.017285749669099 21633.895864160906058
1307.5 27340.223195456677786 21676.173890484154981
1308 27371.392902277973917 21700.287317892991268
1308.5 27402.577466693128372 21726.966154222867772
1309 27387.051691364646103 21713.574679415611172
1309.5 27363.773630047249753 21696.256667328423646
1310 27350.714693799331144 21686.645329056929768
1310.5 27312.081612100500934 21662.125760208677093
1311 27331.607339009155112 21674.317151262115658
1311.5 27373.789032961365592 21711.405503310870699
1312 27380.515686334059865 21720.954630241285486
1312.5 27402.420906447259767 21739.734023528835678
1313 27417.950177972626989 21751.133110286587907
1313.5 27417.941050617770088 21758.774372443436732
1314 27448.955644383688195 21781.369732434865
1314.5 27406.310327100480208 21747.646234001182165
1315 27377.382458542888344 21727.568950780143496
1315.5 27309.737295402872405 21673.873461102572037
1316 27299.281509027816355 21669.06619624599989
1316.5 27304.063768754916964 21674.894122182591673
1317 27294.363832128023205 21670.809858213990083
1317.5 27275.785474147247442 21653.417185858314042
1318 27238.605823862621037 21624.543192611236009
1318.5 27211.232229474859196 21604.190704151773389
1319 27158.630542046063056 21563.123690789569082
1319.5 27149.987398988181667 21554.946855950991448
1320 27157.154880411861086 21557.411268867999752
1320.5 27155.575218021629553 21553.571843409590656
1321 27138.084442562223558 21541.662832760757738
1321.5 27162.318092938723566 21559.990477762348746
1322 27182.569685452574049 21575.163958455686952
1322.5 27146.239812739357149 21546.034808012005669
1323 27159.740539667003759 21554.13961690630822
1323.5 27154.329461109769909 21557.154405726556433
1324 27194.621546871010651 21589.027666407335346
1324.5 27136.691823420704168 21547.709337745956873
1325 27109.892006289061101 21525.318609930374805
1325.5 27071.327727472824336 21498.895759920793353
1326 27072.485897095622931 21500.14969429064513
1326.5 27088.01576003649825 21512.008360678053577
1327 27072.80644916892561 21504.020821981317567
1327.5 27055.387418301805155 21493.438116266021098
1328 27069.645852105175436 21504.875996278802631
1328.5 27114.312763173071289 21540.351487949163129
1329 27142.090605323614 21566.349978581518371
1329.5 27166.275255300017307 21584.471719216187921
1330 27192.310439324170147 21612.25325687143777
1330.5 27232.644183978543879 21644.433360621940665
1331 27243.011307464355923 21655.834634126505989
1331.5 27267.142430727566534 21674.824488511265372
1332 27281.157228788935754 21683.602778617896547
1332.5 27304.095296644576592 21704.253700216278958
1333 27256.603496515355801 21669.276057211252919
1333.5 27259.938918099149305 21667.17995031823375
1334 27217.914577291780006 21637.643066727792757
1334.5 27239.230356828695221 21656.667584582341078
1335 27226.699016762260726 21650.447601232179295
1335.5 27213.065615100596915 21644.111893136210711
1336 27221.801999474722834 21654.498609994956496
1336.5 27286.633807818190689 21707.49778936952498
1337 27337.060569702509383 21744.702316000126302
1337.5 27320.201290303688438 21734.904311315920495
1338 27285.492864489158819 21707.886777583615185
1338.5 27284.144214496955101 21703.973298793094727
1339 27290.812153041886631 21708.64056767711736
1339.5 27315.087193608509551 21727.395984495138691
1340 27325.275755078433576 21736.641459394639242
1340.5 27328.326562323665712 21739.65263703729579
1341 27309.451035884856537 21729.134234029126674
1341.5 27356.270141163862718 21766.671607873151515
1342 27414.199332978769235 21811.333061763350997
1342.5 27425.394099369201285 21818.728951177658018
1343 27424.699407379226614 21818.962281597800029
1343.5 27420.762645742994209 21817.027647119572066
1344 27423.308670193098806 21818.432416266252403
1344.5 27393.944293297819968 21794.980686682145461
1345 27389.772686021624395 21789.970871399869793
1345.5 27359.409540600663604 21769.57723695724053
1346 27326.443360590448719 21746.50309183536956
1346.5 27331.853235278373177 21757.038616100231593
1347 27292.53036681901358 21726.628808338398812
1347.5 27302.049981798631052 21730.663328920541971
1348 27312.907845317215106 21745.092226215372648
1348.5 27297.196720126725268 21731.858912301060627
1349 27275.20719781318985 21716.828496538029867
1349.5 27315.178382109585073 21748.701475924168335
1350 27324.667931568288623 21758.375797359687567
1350.5 27365.968926777230081 21793.296702030816959
1351 27355.748982007466111 21790.959936657356593
1351.5 27358.763087716284645 21794.726904881837982
1352 27367.913276372994005 21801.512745857962727
1352.5 27409.489252351024334 21837.629063323573064
1353 27423.195521551624552 21844.994050739820523
1353.5 27430.985596359772899 21852.69008249509352
1354 27442.367047697989619 21861.531184459894575
1354.5 27469.182977940788987 21879.270355124364869
1355 27478.353967596598523 21888.224699534188403
1355.5 27506.360612040243723 21911.93505220141742
1356 27460.678668367087084 21879.18531675898339
1356.5 27431.964775505894067 21855.971653116514062
1357 27449.426374421436776 21870.333132357831346
1357.5 27415.224944430217874 21838.632360990231973
1358 27355.855471892427886 21793.99221555058466
1358.5 27336.252476937977917 21782.126872593707958
1359 27364.537945905391098 21805.112990175024606
1359.5 27325.610196423462185 21779.551538253941544
1360 27312.188254510645493 21770.63856147545448
1360.5 27257.603799889573565 21732.426568414426583
1361 27306.739663014988764 21770.041370741404535
1361.5 27284.755094593452668 21753.504460640513571
1362 27351.339594053381006 21809.2774589422188
1362.5 27365.986254604958958 21819.409343352333963
1363 27381.354025688393449 21829.9841523954492
1363.5 27385.693087945106527 21836.295304904549994
1364 27398.140290057584934 21847.363210230530967
1364.5 27385.624040385122498 21839.966662879593059
1365 27368.548610025885864 21827.128592430399294
1365.5 27346.767855329184385 21808.001497050052421
1366 27365.303432529181009 21826.848987428438704
1366.5 27399.636326395222568 21863.322636295724806
1367 27426.35991100377214 21888.021648778230883
1367.5 27436.336543192130193 21900.510404623204522
1368 27419.585827873048402 21888.134861280530458
1368.5 27400.260230256157229 21870.22677972011661
1369 27388.175204554132506 21862.235185948651633
1369.5 27452.048586879507639 21908.280990987452242
1370 27451.852454547013622 21908.217126676361659
1370.5 27480.330828818721784 21928.629654680011299
1371 27475.181222685907414 21927.014834163001069
1371.5 27466.554940335816354 21925.527740178473323
1372 27437.289839109060267 21899.023161580043961
1372.5 27423.821818108157458 21892.288036012450902
1373 27440.059138090753549 21905.174589911923249
1373.5 27401.465884992408974 21872.650647490794654
1374 27424.837664957365632 21892.441054886352504
1374.5 27451.957319905053737 21915.647081265466113
1375 27412.109403195812774 21881.253792323444941
1375.5 27444.395623886841349 21911.959676507834956
1376 27438.873445478067879 21911.302268019058829
1376.5 27436.361272354268294 21908.060813349013188
1377 27405.476740042959136 21882.428718399321951
1377.5 27430.637531274940557 21905.354345804611512
1378 27458.645992142704927 21923.886606613785261
1378.5 27496.263409893039352 21956.782172406736208
1379 27517.814572892944852 21973.48016349626414
1379.5 27500.321167731723108 21964.94825880927965
1380 27484.830150044421316 21952.798384062421974
1380.5 27492.431314768513403 21962.913950568901782
1381 27520.500163246946613 21979.581731362828577
1381.5 27549.102751581329358 22004.480406130998745
1382 27557.901204694757325 22011.335922032547387
1382.5 27582.520887645663606 22035.434351672858611
1383 27570.969244194358907 22032.291522208619426
1383.5 27613.84691344123712 22070.129590748241753
1384 27636.144185353598004 22094.325577084116958
1384.5 27678.208443578521837 22130.336793224461871
1385 27651.243355670987512 22109.235055226366967
1385.5 27637.073740979696595 22103.582019573997968
1386 27658.442329391953535 22118.809278161817929
1386.5 27667.555632509021962 22126.369639148710121
1387 27656.874873004318943 22120.651141680813453
1387.5 27689.710873668769636 22145.622075608145678
1388 27707.547583765554009 22158.437891787034459
1388.5 27710.239131298065331 22160.984957774024224
1389 27726.710641150013544 22177.511131177368952
1389.5 27724.985776661043928 22178.301645059727889
1390 27778.638132575473719 22217.25226000638213
1390.5 27741.299226172297494 22189.213936731721333
1391 27747.963888676971692 22195.319936697746016
1391.5 27751.029974196280818 22199.055668385190074
1392 27794.349142941580794 22233.092231913047726
1392.5 27813.043504618402949 22245.083876205251727
1393 27882.844474071564036 22300.207538867605763
1393.5 27860.237611643293349 22286.614807589488919
1394 27879.95821243460523 22298.346510352967016
1394.5 27882.483479469257873 22298.299369317865057
1395 27894.089121555069141 22304.161440792780922
1395.5 27887.154043915648799 22301.747374940481677
1396 27921.64696015008667 22325.985452326738596
1396.5 27929.490254715197807 22336.052138861607091
1397 27982.178547252242424 22375.306803496740031
1397.5 27977.007588947086333 22372.035991022152302
1398 27967.118589024354151 22367.214916464454291
1398.5 27957.123215076571796 22360.62191701609845
1399 27952.052717296475748 22362.184335480298614
1399.5 27928.123908826397383 22348.060399728623452
1400 27946.664233795047039 22366.285960253055237
1400.5 27927.644066194734478 22350.170167831620347
1401 27923.2893255743802 22353.337208113909583
1401.5 27946.688160006509861 22372.088543882178783
1402 27920.247080852288491 22353.747428023121756
1402.5 27902.596407756114786 22339.654865914104448
1403 27857.017391008856066 22304.554764714644989
1403.5 27859.851316502194095 22310.559919805862592
1404 27874.109739366369467 22324.167308428939577
1404.5 27883.045499768584705 22333.29811383933702
1405 27916.028758312870195 22361.528688270693237
1405.5 27892.03035239361634 22344.951943374420807
1406 27918.917927698410494 22370.039485267898272
1406.5 27908.728258788527455 22362.814413144755235
1407 27904.801136546284397 22360.9837815943647
1407.5 27890.883044661462918 22348.703813317362801
1408 27928.576824291365483 22384.143983517365996
1408.5 27927.643551045483036 22383.071897501769854
1409 27934.897354895842 22387.019951871683588
1409.5 27920.142289441035246 22379.074070434569876
1410 27899.17570891849391 22365.523956050037668
1410.5 27882.602259521201631 22348.947485999953642
1411 27919.406365824270324 22377.57842146719122
1411.5 27920.316282520714594 22380.394617970574473
1412 27934.971181175944366 22394.617911128923879
1412.5 27928.104024416934408 22389.511072785015131
1413 27990.247852317028446 22441.632020758304861
1413.5 27996.704918972067389 22446.993050046061398
1414 27998.634089163282624 22450.925657014759054
1414.5 28024.802372027446836 22469.028908651700476
1415 27979.006956059303775 22436.058472178763623
1415.5 27958.325003178200859 22423.479656541283475
1416 27992.806315109410207 22449.796888162745745
1416.5 28027.37408610789862 22478.716037780806801
1417 28027.863752356632176 22481.526879602370173
1417.5 28060.921242210963101 22510.698176506604796
1418 28069.372460581620544 22518.856417469469307
1418.5 28034.129981488098565 22495.915819261943398
1419 27982.575877228577156 22455.132689857753576
1419.5 27988.680017320013576 22459.863506699723075
1420 27963.413660392652673 22445.106727540787688
1420.5 28004.933712462847325 22476.826131710226036
1421 27982.941535912170366 22461.8054007460305
1421.5 27946.878032544020243 22431.358289849493303
1422 27911.314433016414114 22406.01423270608575
1422.5 27964.532873592077522 22447.401917469462205
1423 27986.799072213798354 22467.404694706685405
1423.5 27954.020502086277702 22445.987859716202365
1424 28018.296496986160491 22498.124889382241236
1424.5 28046.223183456244442 22521.16388110974367
1425 28078.874484310312255 22541.410945039220678
1425.5 28111.372415299865679 22564.986747033304709
1426 28109.769482956206048 22565.007848537956306
1426.5 28132.939746281666885 22579.755823697396409
1427 28145.908874347096571 22594.138615871412185
1427.5 28096.171392202548304 22558.038261568304733
1428 28088.685816272543889 22555.717962144648482
1428.5 28052.984275297265413 22531.620316990090942
1429 28091.220000325050933 22564.07440070184748
1429.5 28033.678160973417107 22519.969061911851895
1430 28045.829595040089771 22531.707795703805459
1430.5 28070.947657991324377 22553.547221728094883
1431 28092.059691513917642 22570.884705192816909
1431.5 28054.504860149787419 22545.977140751343541
1432 28082.288883907214768 22568.473267653360381
1432.5 28062.845342376396729 22558.233500536378415
1433 28066.061994398627576 22564.935538563473528
1433.5 28088.891569089948462 22585.590213137420506
1434 28099.339161906929803 22596.097118698438862
1434.5 28111.664450799482438 22606.455296044194256
1435 28126.932263281803898 22620.503125707906293
1435.5 28136.130369035854528 22627.465582774457289
1436 28114.672719918031362 22611.01855284253179
1436.5 28109.91153582262632 22607.511433069856139
1437 28127.503304435180326 22621.651745223742182
1437.5 28138.850923363908805 22628.947291551728995
1438 28120.634372259861266 22616.72000331961317
1438.5 28108.766132434509927 22612.178221552312607
1439 28158.386969183327892 22652.079475848800939
1439.5 28148.446888208523887 22644.737544720010192
1440 28167.102271776009729 22663.109834954149846
1440.5 28209.803282341261365 22691.158417479051423
1441 28182.353861357591086 22674.564154734740441
1441.5 28182.03700826401473 22676.287257948508341
1442 28169.246314882620936 22665.158830203501566
1442.5 28183.244960955293209 22677.273280839999643
1443 28195.918813449385198 22687.271761381114629
1443.5 28236.764906361029716 22717.509753767470102
1444 28252.838800722540327 22733.578541107977799
1444.5 28329.321328431673464 22794.245775982501073
1445 28351.292077525489731 22814.55902413784861
1445.5 28376.299333396171278 22834.228112217588205
1446 28319.711110597938386 22789.697247133972269
1446.5 28305.344523381507315 22784.565343230708095
1447 28301.928054517797136 22785.305877059083286
1447.5 28295.957906410931173 22786.579066461003094
1448 28322.234250007011724 22807.949038556107553
1448.5 28339.338410440814187 22825.099829715865781
1449 28302.507776614362228 22797.959372981451452
1449.5 28321.014454530337389 22812.648400089467032
1450 28373.047576314820617 22858.526484221147257
1450.5 28380.937445916675642 22869.134965453071345
1451 28405.250425495160016 22895.646090796508361
1451.5 28408.476086872484302 22899.508129247966281
1452 28450.599147820412327 22931.168405016298493
1452.5 28482.268776787710522 22957.052006199657626
1453 28512.643633873558429 22978.289251764901564
1453.5 28484.437703578987566 22960.297800058775465
1454 28463.528319208697212 22947.486906743932195
1454.5 28536.160072479553492 23010.675836414644436
1455 28543.233235818024696 23016.805283723435423
1455.5 28559.545759407756123 23030.44200370067847
1456 28591.985251061745657 23054.914422125697456
1456.5 28592.491673735890799 23063.720683565632498
1457 28607.630518662157556 23078.787834911523532
1457.5 28609.716261833040335 23081.029832987544069
1458 28619.787452506174304 23090.977118327013159
1458.5 28642.483400074124802 23110.518479983333236
1459 28698.21613472665922 23155.721831718790781
1459.5 28756.809633855118591 23202.513287647296238
1460 28759.955520838258963 23206.101846089593892
1460.5 28816.787319907783967 23252.68075106266042
1461 28830.692048375931336 23262.433323279794422
1461.5 28880.897361979717971 23299.017086005263991
1462 28883.409797780710505 23303.202871515968582
1462.5 28873.115387860962073 23297.283970421307458
1463 28895.441578846897755 23314.898646170517168
1463.5 28861.20047543558394 23288.569226012081344
1464 28831.244860893493751 23265.695181376890105
1464.5 28868.197715058355243 23295.938571527425665
1465 28905.99043535346209 23326.84308333082663
1465.5 28952.111552048867452 23366.865033295296598
1466 28884.919578159719094 23317.445748486188677
1466.5 28857.408191131107742 23294.143922814761027
1467 28851.726503408928693 23292.952783477263438
1467.5 28852.852398343191453 23297.910909155976697
1468 28843.426950130204204 23289.979893350504426
1468.5 28830.319446170833544 23283.265277745176718
1469 28807.630740639480791 23265.341210898750433
1469.5 28839.021771634979814 23290.225172625934647
1470 28881.086076349518407 23328.291404463005165
1470.5 28874.795202847479231 23328.375505343305122
1471 28888.758055633486947 23340.887995963195863
1471.5 28865.966998450312531 23331.783977234732447
1472 28886.689324710270739 23351.163825100360555
1472.5 28942.033116091515694 23395.18289903769255
1473 28914.611337967031432 23378.132350760628469
1473.5 28923.859116614221421 23390.209312178823893
1474 28964.83183403070143 23422.956982310977764
1474.5 28976.989695407937688 23437.218730941927788
1475 28980.784810455497791 23442.921008544919459
1475.5 29053.414856942847109 23500.145935149157594
1476 29073.129752125132654 23517.166198003233148
1476.5 29063.76708640707875 23513.082331403787975
1477 29123.919363241384417 23563.967509809845069
1477.5 29158.664487351470598 23594.008251529936388
1478 29193.036827427509706 23617.211518895521294
1478.5 29202.163394554565457 23625.01066601463026
1479 29168.758576959568018 23605.241466118022799
1479.5 29199.056170581239712 23631.004713269470813
1480 29124.622115804479108 23572.390869435246714
1480.5 29116.397552898117283 23569.208048600230541
1481 29162.423522612913075 23601.482725986308651
1481.5 29227.510319925728254 23652.269871546435752
1482 29214.046176050767826 23639.720237807654485
1482.5 29206.150467139730608 23633.415514115062251
1483 29190.591870580621617 23619.634254753389541
1483.5 29222.019411497320107 23646.784919603316666
1484 29269.602773963633808 23689.308289812623116
1484.5 29270.483926823832007 23687.861936806802987
1485 29262.598035638573492 23682.95370335829648
1485.5 29252.976710918002937 23676.768222107566544
1486 29318.744576029806922 23731.82548108237097
1486.5 29298.424947052040807 23718.324703775575472
1487 29270.388801394507027 23697.832728365738149
1487.5 29223.993091093296243 23659.087414365199947
1488 29186.860773654014338 23633.554568720046518
1488.5 29226.299059047552873 23660.441261386855331
1489 29197.611584356247477 23641.756542782397446
1489.5 29181.822141327746067 23637.206156054526218
1490 29138.832885111867654 23605.680163065524539
1490.5 29215.014030108643055 23667.566439154616091
1491 29249.1302171546522 23696.636783755810029
1491.5 29242.271019522660936 23698.009988412908569
1492 29237.840914298743883 23697.31979058063007
1492.5 29304.763776199091808 23747.781799309639609
1493 29327.971675671487901 23770.491833596686774
1493.5 29409.671131160095683 23836.744127747024322
1494 29427.863483395361982 23848.159993880497495
1494.5 29422.635119386515726 23846.549559208164283
1495 29444.042294178649172 23867.132327621831791
1495.5 29414.33492247531467 23846.158247846997256
1496 29434.675054845294653 23863.841181921437965
1496.5 29432.673910243476712 23864.77889200626305
1497 29378.007714002240391 23823.573911320228945
1497.5 29348.184929338753136 23797.803983931429684
1498 29386.848960255021666 23826.576474685083667
1498.5 29390.40422546674381 23825.919048177838704
1499 29353.771468857074069 23801.246405107638566
1499.5 29316.296012494793104 23774.866120129681804
1500 29301.366699711914407 23766.100707325818803
1500.5 29289.992391979194508 23760.423250562420435
1501 29329.213740511084325 23790.831384455068473
1501.5 29337.948554502763727 23797.288429986299889
1502 29357.407001669660531 23815.527914661226532
1502.5 29367.053186877546977 23826.442440519749653
1503 29398.959635455710668 23853.424718803693395
1503.5 29433.081411426690465 23881.574424081449251
1504 29438.294980248239881 23890.130653860680468
1504.5 29443.159745047716569 23899.676702356675378
1505 29442.121185231444542 23898.82633538817754
1505.5 29425.780041391783016 23885.593780896666431
1506 29383.617158008652041 23856.101217461167835
1506.5 29373.107756948294991 23847.449955867250537
1507 29316.783248606399866 23795.740904855400004
1507.5 29362.960249620209652 23834.292955987770256
1508 29332.435682165563776 23804.859007278242643
1508.5 29335.47438694964876 23811.113443084806931
1509 29339.230132304008293 23821.585461236241827
1509.5 29367.012253882425284 23847.783988601084275
1510 29409.055617628997425 23882.680134447968157
1510.5 29411.258125461197778 23882.995014253006957
1511 29463.297225137979694 23930.405163412055117
1511.5 29481.173147480341868 23947.793739898039348
1512 29448.030688551032654 23921.529591411337606
1512.5 29494.690541321357159 23956.805951206672034
1513 29491.402634898986435 23953.856510179761244
1513.5 29452.161332352417958 23930.68110587575211
1514 29499.771657213856088 23970.010467172836798
1514.5 29550.834666113289131 24007.873979667445383
1515 29612.367557260713511 24057.800189926139865
1515.5 29605.15362368485512 24052.356547174225852
1516 29614.038417208656028 24062.12169299728339
1516.5 29587.022703844493662 24045.198446717302431
1517 29598.55300360478941 24064.697733742916171
1517.5 29628.215506135657051 24090.589578703700681
1518 29631.188100817300437 24099.554115409922815
1518.5 29617.614443732560176 24088.753198814196367
1519 29615.726250000403525 24091.38359094119005
1519.5 29625.872329187754076 24095.992171115129167
1520 29567.872745733435295 24050.036941058606317
1520.5 29552.999379923989181 24045.980895578217314
1521 29623.508732700785913 24101.094837780077796
1521.5 29628.021670630474546 24106.890061426369357
1522 29631.345372759002203 24114.14213046788791
1522.5 29647.032245662998321 24128.239217526053835
1523 29633.900153224938549 24117.919513745997392
1523.5 29599.885595347252092 24096.498310862974904
1524 29589.706083996330563 24090.409083420683601
1524.5 29536.96267111139241 24051.841367572666059
1525 29531.53466006558665 24052.88488988836616
1525.5 29491.468357628662488 24028.271887137434533
1526 29510.692272309319378 24047.688973332911701
1526.5 29518.690879923131433 24056.365685767061223
1527 29553.157542189113883 24095.721148013602942
1527.5 29550.884305517403845 24092.388986110760015
1528 29515.781428009653609 24064.883540773207642
1528.5 29576.980720128227404 24111.910624926422315
1529 29589.463195454954985 24126.932419087759627
1529.5 29548.750110543165647 24094.128214386437321
1530 29606.787439442246978 24139.990780214964616
1530.5 29630.053188713780401 24162.807984258153738
1531 29632.008983897838334 24169.516208417026064
1531.5 29731.26134890200774 24245.515269721068762
1532 29740.816678115290415 24252.396211208138993
1532.5 29778.889220714911062 24287.049404423654778
1533 29761.698425111469987 24270.444987308143027
1533.5 29666.832669180090306 24201.035546196795622
1534 29615.729500455232483 24160.632799068920576
1534.5 29637.974048998665239 24176.010570522503258
1535 29633.297074997466552 24174.016453200394608
1535.5 29611.963210023375723 24161.124132791926968
1536 29679.545645493017219 24214.272303456873487
1536.5 29722.519525763826095 24252.742998893245385
1537 29769.519730919229914 24294.445636237018334
1537.5 29699.104684522251773 24236.807065501674515
1538 29698.553495715714234 24235.261397425398172
1538.5 29718.87272350764033 24253.43179330127532
1539 29682.149023809412029 24225.945751909221144
1539.5 29722.477953053596138 24259.766342307822924
1540 29716.84023051135955 24254.061469543510611
1540.5 29774.785651150737976 24309.573093923652777
1541 29826.657196030053456 24355.861005831473449
1541.5 29797.852480335492146 24333.57055642647174
1542 29881.621491478716052 24401.20077611006127
1542.5 29921.86456568336871 24439.162885342739173
1543 29936.429756605448347 24452.050901998907648
1543.5 29983.101339633358293 24493.114780924301158
1544 30024.2428038024118 24526.520324884717411
1544.5 30065.128244590843678 24558.966097454274859
1545 30152.138332663147594 24629.187083322682156
1545.5 30126.628873281344568 24612.837405949569074
1546 30147.637950287680724 24637.430284213998675
1546.5 30141.02731781962575 24638.167984463867469
1547 30199.95647439500317 24689.807362783474673
1547.5 30217.943582707830501 24705.507533518069977
1548 30181.02352218892338 24680.431785949680489
1548.5 30093.119659160081937 24612.516200010129978
1549 30152.233473205829796 24661.809354423498007
1549.5 30160.556168069488194 24671.374046873734187
1550 30216.983485208187631 24717.176785824507533
1550.5 30220.752829887631378 24724.51255613444664
1551 30265.561578199471114 24764.328680294347578
1551.5 30284.515519874261372 24788.695675090573786
1552 30279.006267354208831 24785.050026743643684
1552.5 30245.402444771596493 24761.808057885489688
1553 30262.557021790875297 24777.969301960903977
1553.5 30256.40913979816105 24776.759443658214877
1554 30323.206261994568194 24830.013653964786499
1554.5 30376.501191297273181 24876.196671724454063
1555 30352.25772979658359 24856.167705246865808
1555.5 30336.161267195893743 24849.789219017526193
1556 30329.933067612000741 24845.586011688541475
1556.5 30341.655179380926711 24862.928840239030251
1557 30313.178061471033288 24843.309067659443826
1557.5 30248.95165529886799 24790.514387360155524
1558 30283.788781828803621 24823.284658185246371
1558.5 30218.422729011366755 24778.481278493614809
1559 30247.79396411475318 24803.336078457545227
1559.5 30266.746557538644993 24820.354153752021375
1560 30280.630146130217327 24827.081583451952611
1560.5 30238.331151939415577 24798.288977117012109
1561 30258.166303750411316 24818.815808887240564
1561.5 30328.129509548743954 24873.36391284585261
1562 30374.502405633251328 24910.0374051894687
1562.5 30396.216755749526783 24928.146051711955806
1563 30345.96142157732902 24883.897895364501892
1563.5 30370.278106174213463 24906.023637176742341
1564 30358.648950957976922 24896.910420023577899
1564.5 30382.633523347885784 24919.946829513286502
1565 30391.239361645981262 24931.594620590811246
1565.5 30349.832676656773401 24901.496308673926251
1566 30421.321687935502268 24958.847033860372903
1566.5 30509.672978466933273 25035.506716116211464
1567 30542.74834631725389 25060.966036682664708
1567.5 30547.214315584224096 25067.070203112372837
1568 30597.460803516009037 25111.613265138992574
1568.5 30530.396008122032072 25063.611551752954256
1569 30506.277444001178083 25043.52526033704271
1569.5 30474.347772092613013 25022.101100625888648
1570 30482.32229465076307 25033.211680631404306
1570.5 30468.778580575588421 25028.740636881881073
1571 30470.221065712870768 25033.985889876275905
1571.5 30472.878645004453574 25034.223890163004398
1572 30407.001289641608309 24983.588988190938835
1572.5 30353.515022674160718 24939.765663906848204
1573 30355.303827377825655 24942.653122473107942
1573.5 30324.098111172639619 24919.796066657003394
1574 30289.767251736520848 24897.281506131083006
1574.5 30184.029171653368394 24812.521079061058117
1575 30147.407535317706788 24786.003878247931425
1575.5 30136.999694991300203 24777.457962616997975
1576 30146.073311353153258 24784.787932783910946
1576.5 30160.652087128539279 24797.052995558569819
1577 30210.122354318576981 24838.331203507837927
1577.5 30264.787415292681544 24884.186372190888505
1578 30295.434122051130544 24909.962514976043167
1578.5 30283.614122297869471 24906.174694372177328
1579 30253.330863478349784 24879.620470811543782
1579.5 30248.713592237578268 24875.821316842644592
1580 30315.357078620694665 24935.326627843664028
1580.5 30313.1419672193515 24933.175855371035141
1581 30358.513377778177528 24968.446131501317723
1581.5 30404.51087674162045 25005.889490364410449
1582 30392.661678242679045 25003.071202529987204
1582.5 30365.093954405099794 24985.929172150350496
1583 30318.698176595862606 24954.217897426340642
1583.5 30332.204429093137151 24966.944104372581933
1584 30347.645774045449798 24982.728451970018796
1584.5 30381.80421643551017 25015.832984095803113
1585 30354.671667213213368 25002.541760175172385
1585.5 30415.81366478489872 25049.836488607303181
1586 30482.467001636206987 25106.125990210639429
1586.5 30508.505352234416932 25121.847163670194277
1587 30532.504209531609376 25141.765375418988697
1587.5 30556.397146617935505 25161.830654706358473
1588 30633.564777228526509 25229.771382377355621
1588.5 30664.145547137006361 25257.260162729748117
1589 30698.363429963221279 25285.324970241461415
1589.5 30703.887453312607249 25288.791202989203157
1590 30718.715417162933591 25300.197785195559845
1590.5 30789.441519554497063 25359.720018969353987
1591 30674.781512859019131 25269.656522273216979
1591.5 30679.988220401559374 25272.111887102193577
1592 30616.432122608715872 25223.401022145470051
1592.5 30653.483504564886971 25251.69512315947577
1593 30645.45382522800719 25246.5015832220015
1593.5 30599.025674224343675 25211.003244203420763
1594 30542.986927659829234 25166.721194781486702
1594.5 30563.060319973177684 25185.641477680714161
1595 30551.992624557540694 25179.98150621995228
1595.5 30463.235905509729491 25113.472379821883806
1596 30493.118889849058178 25139.596718793945911
1596.5 30455.258790237494395 25116.608919886977674
1597 30468.030654607726319 25132.350577440407505
1597.5 30407.078990509442519 25087.973192583711352
1598 30382.806365015821939 25065.536276396844187
1598.5 30446.928984180271073 25115.085419935101527
1599 30409.308212679647113 25085.721913574034261
1599.5 30429.045243437329191 25103.032026507931732
1600 30398.748702136523207 25077.481900929280528
1600.5 30425.429471584207931 25102.399783016073343
1601 30395.977174188934441 25081.86265983314297
1601.5 30397.800439974445908 25088.134224614630511
1602 30335.69218026721137 25042.953376548917731
1602.5 30403.001234706320247 25096.968530023383209
1603 30434.923912443497102 25127.071736706951924
1603.5 30434.078964360407554 25122.214672909412911
1604 30431.31626602385586 25119.947624282773177
1604.5 30459.502777560093818 25146.470694760053448
1605 30520.017810629797168 25193.409991277152585
1605.5 30502.366518391743739 25180.773508310892794
1606 30583.549858077785757 25248.066347237057926
1606.5 30564.540041065443802 25231.037839957301912
1607 30564.24580142263585 25225.584390022766456
1607.5 30556.33128947435398 25217.025236227418645
1608 30560.347715818028519 25223.538557438263524
1608.5 30586.892742507265211 25245.113839168268896
1609 30601.983509646859602 25263.60540663473148
1609.5 30622.545053417314193 25277.689461775051313
1610 30648.194699442959973 25299.743158963596215
1610.5 30731.504665523672884 25362.87421782032834
1611 30754.956647265244101 25381.961086136914673
1611.5 30740.807410316643654 25376.117620784920291
1612 30689.215444109067903 25341.464167009835364
1612.5 30693.040531715614634 25343.496560759958811
1613 30714.067153899090044 25360.634808558683289
1613.5 30712.160140999760188 25369.288307340615575
1614 30743.926288829039549 25400.953117827662936
1614.5 30780.187266126962641 25435.636557440804609
1615 30826.655798317882727 25476.968807781438954
1615.5 30855.226874398158543 25503.742657140577649
1616 30813.954934482069802 25475.255126852254762
1616.5 30848.96647530602786 25505.910577935228503
1617 30803.884210108975822 25470.184941762312519
1617.5 30760.409714911336778 25436.207991714010859
1618 30741.676351604000956 25420.279332435118704
1618.5 30761.478087151877844 25433.953057946662739
1619 30710.958193648955785 25390.12619075323164
1619.5 30724.570295933903253 25398.377820590481861
1620 30723.339381770649197 25395.586649195687642
1620.5 30769.407786942880193 25435.804600842442596
1621 30857.210443590476643 25510.46226789470893
1621.5 30882.072232483067637 25532.623608610556403
1622 30884.008025214960071 25535.420320325218199
1622.5 30816.877048236543487 25483.839397067062237
1623 30800.437119647569489 25473.21456780824883
1623.5 30798.948088122400804 25471.512342147623713
1624 30836.274838589182764 25504.237600137257687
1624.5 30809.656110103951505 25485.013362730522203
1625 30742.494635163995554 25434.064454444436706
1625.5 30794.58861741430519 25473.821671251633234
1626 30805.15282203060633 25480.148510068487667
1626.5 30841.315210584743909 25511.952419140870916
1627 30829.64504951314666 25502.699798064248171
1627.5 30886.704585285577195 25553.100286165954458
1628 30896.900684940508654 25565.44462596770245
1628.5 30838.13701724675775 25520.397781211187976
1629 30856.562485891248798 25534.693785020725045
1629.5 30878.900526414534397 25555.124207008997473
1630 30914.156966161408491 25581.188275007731136
1630.5 30914.487364685461216 25584.733207013840001
1631 30910.676278532162542 25586.107110584292968
1631.5 30882.899102221315843 25565.948637901281472
1632 30898.540969448207761 25576.547460135832807
1632.5 30905.738755746879178 25582.158213054197404
1633 30806.14369183911549 25507.077875890288851
1633.5 30778.36187866095861 25481.240424427196558
1634 30736.430708661289827 25451.683662687071774
1634.5 30692.74119398637049 25420.627184625609516
1635 30699.86000438314295 25432.186113650033803
1635.5 30684.96188424338834 25417.444572211396007
1636 30726.553123167192098 25457.498700742904475
1636.5 30699.155861761439155 25441.588008718375931
1637 30700.880589771411906 25448.565285926677461
1637.5 30744.328265386706335 25487.538824577877676
1638 30762.533644226696197 25503.611511749717465
1638.5 30829.05373797431821 25561.61594782600514
1639 30886.587209301593248 25610.758698775167431
1639.5 30874.244186822874326 25596.544348754563543
1640 30893.764263080913224 25613.779846516674297
1640.5 30892.044091906296671 25615.828715579860727
1641 30919.015143181790336 25637.917417070242664
1641.5 30943.095553155908419 25662.308232851566572
1642 31013.459457572829706 25717.732872326698271
1642.5 31090.963871850442956 25781.061968714657269
1643 31054.796954107387137 25759.395148533458269
1643.5 31026.219620790623594 25737.831537698362808
1644 31013.784951132820424 25731.77929938496527
1644.5 31022.282096415692649 25741.612892860408465
1645 31097.883006358933926 25803.144408050618949
1645.5 31091.536256800201954 25796.846644430133892
1646 31018.72156859423194 25739.011583691015403
1646.5 31065.948025162259 25784.535641587412101
1647 31007.743907915832096 25736.364242832358286
1647.5 30930.250288810373604 25674.291931419749744
1648 30856.394150773146976 25622.393501122245652
1648.5 30888.225194786966313 25645.458384044552076
1649 30894.197847573046602 25653.174979312683718
1649.5 30878.053950237666868 25642.671217729297496
1650 30897.232384595365147 25664.604407732942491
1650.5 30941.924136451780214 25705.133090368926787
1651 30982.219523279869463 25741.262617912467249
1651.5 30961.045879625369707 25722.994203845632001
1652 30921.890424453908054 25687.851194934261002
1652.5 30972.109502271501697 25728.78382370750478
1653 30954.087918667293707 25721.137890406298538
1653.5 30927.155341100820806 25700.174235767040955
1654 30919.060225236578844 25692.296718015546503
1654.5 30931.62819032808693 25703.601356898750964
1655 30948.454859131936246 25721.644109623350232
1655.5 30951.13113812679876 25721.95372205930471
1656 30923.162707400417275 25702.507052445747831
1656.5 30898.396423365000373 25682.620642298490566
1657 30874.112899362811731 25670.400187510000251
1657.5 30876.749196849879809 25678.889317921584734
1658 30863.282330163492588 25667.722065022240713
1658.5 30879.726979229653807 25680.651439325924002
1659 30977.098905120426934 25760.721697021599539
1659.5 30941.361144326812791 25733.909897136109066
1660 30957.322022232499876 25748.35525942613458
1660.5 30972.599286948203371 25765.515068558575877
1661 30912.834904283707147 25722.683638734077249
1661.5 30869.662859174881305 25693.286438556395296
1662 30902.531719451362733 25720.995777787778934
1662.5 30893.231000579911779 25704.300233669295267
1663 30962.447826382278436 25761.511016412281606
1663.5 31012.388276783920446 25803.001451880609238
1664 31041.104341930422379 25833.215382428290468
1664.5 31059.537526246924244 25854.311431918664312
1665 30973.410968633183074 25792.072856006107031
1665.5 31011.536254309998185 25824.516841180902702
1666 30938.633449962791929 25770.387809383635613
1666.5 30879.151404277461552 25727.415012194654992
1667 30852.969618884693773 25710.618818327471672
1667.5 30846.305694639420835 25709.453443828999298
1668 30905.710228783074854 25762.578805238146742
1668.5 30920.749669182005164 25776.506956603796425
1669 30934.135264230742905 25791.96524666741243
1669.5 30900.19659552059602 25767.801379739099502
1670 30882.931452567274391 25756.064130150425626
1670.5 30862.163350098704541 25735.562832031719154
1671 30903.411059805985133 25769.68411656866374
1671.5 30887.245272770942393 25761.997737435820454
1672 30935.351387018832611 25797.684372785261075
1672.5 30936.920845268334233 25798.370046963438654
1673 30940.022704837607307 25806.603163685613254
1673.5 30978.358847615836567 25835.744894132338231
1674 30945.398066691483109 25814.085301460654591
1674.5 30907.533100624816143 25788.488377147783467
1675 30871.786630797421822 25763.595183886955056
1675.5 30897.108821586210979 25789.028385716999765
1676 30884.817063264388707 25786.444111179967877
1676.5 30854.575062037252792 25759.382428310902469
1677 30873.712488478002342 25778.12079028158405
1677.5 30898.286498267880233 25799.240891638644825
1678 30916.840377694501512 25814.174490254506964
1678.5 30944.351759626792045 25842.752550721728767
1679 30939.015803343852895 25840.345671426137415
1679.5 30930.663458218499727 25830.6114704470383
1680 31021.55747448643524 25909.04707758242148
1680.5 31044.227722150641057 25932.516427199811005
1681 31032.437076233538392 25927.27344538712714
1681.5 31016.458989773349458 25918.594658741458261
1682 31052.590887177564582 25946.686955749195477
1682.5 31080.497543133842555 25966.340038849390112
1683 31112.477615470885212 25996.012937497132953
1683.5 31104.451190524410777 25990.128686286028824
1684 31168.078249691654491 26038.827519654496427
1684.5 31179.421798385421425 26049.109913172938832
1685 31090.621445000855601 25981.719564435894426
1685.5 31118.007343400135142 26004.744330307708879
1686 31075.688974115451856 25975.181616945606947
1686.5 31101.016587372087088 26000.555066527591407
1687 31139.032817541359691 26034.62987838673871
1687.5 31181.033676863797155 26066.795131818747905
1688 31168.165779581817333 26056.242395248449611
1688.5 31102.025710071753565 26005.864482192675496
1689 31079.164592755339982 25991.623110339747655
1689.5 31072.835687985698314 25990.462745742661355
1690 31126.704399264013773 26036.970897838978999
1690.5 31111.624771160291857 26030.354430370516639
1691 31158.874047917586722 26064.815869282370841
1691.5 31174.561611825709406 26084.904052567795588
1692 31226.756269111981965 26129.137901500340377
1692.5 31259.653955374964426 26162.100900072051445
1693 31287.927433843567997 26184.880589179352683
1693.5 31305.425325134063314 26197.601715733002493
1694 31269.971851936585153 26170.491238287122542
1694.5 31256.265697707036452 26156.695785768453788
1695 31316.79074922039581 26206.900972060706408
1695.5 31299.706697098310542 26195.105615606669744
1696 31324.577246172306332 26213.848431503276515
1696.5 31331.830770904809469 26220.770652658702602
1697 31341.585672208551841 26229.961695955142204
1697.5 31315.819387669609569 26208.278203988054884
1698 31249.251478115704231 26157.328850818339561
1698.5 31299.481728501305042 26203.259715360080008
1699 31209.561601241646713 26137.230523846978031
1699.5 31191.984375916123099 26123.688897189415002
1700 31242.829762535842747 26165.7534908096859
1700.5 31250.408368164087733 26176.284444103235728
1701 31263.458093503817508 26184.601153928080748
1701.5 31225.013169747420761 26156.173436875036714
1702 31266.738717059655755 26193.788568825661059
1702.5 31291.750268440788204 26215.425202922331664
1703 31236.908078682776249 26165.543769817977591
1703.5 31209.7138656757852 26149.366326260580536
1704 31155.233866574344574 26106.438969101585826
1704.5 31170.541263517341577 26122.165229872185591
1705 31196.146872294128116 26139.996371085369901
1705.5 31191.714079917612253 26138.153273626321607
1706 31148.048222263809294 26100.955701353686891
1706.5 31105.430447676204494 26069.674783928141551
1707 31183.51652536907568 26135.111382973263972
1707.5 31224.111971834605356 26172.182560027173167
1708 31247.561856065738539 26194.929968525757431
1708.5 31235.530673362791276 26190.824407401385542
1709 31256.551149440601876 26212.006371540013788
1709.5 31226.857037679426867 26192.518572586701339
1710 31275.608776682594907 26232.739086320008937
1710.5 31252.824038945316715 26221.082712299892592
1711 31286.156865937282419 26253.192367139061389
1711.5 31333.023857360683905 26293.142102917478041
1712 31382.38137945424387 26338.194323476702266
1712.5 31423.7793707012097 26375.450428242482303
1713 31493.98124059874317 26438.061013094695227
1713.5 31499.322643324667297 26445.621213002163131
1714 31475.787884606783336 26426.395320634168456
1714.5 31426.901519537448621 26388.229178706002131
1715 31431.129506107052293 26388.932920183477108
1715.5 31439.814216912003758 26397.755752350312832
1716 31446.538593017892708 26402.854032271057804
1716.5 31437.622993815744849 26398.152828156318719
1717 31460.197187436559034 26413.491176523530157
1717.5 31406.720917093323806 26377.107439175350009
1718 31369.615765443362761 26348.250301680123812
1718.5 31348.079749034059205 26331.962218851138459
1719 31371.363362756674178 26358.136931219840335
1719.5 31405.708291520237253 26391.331226483715
1720 31421.01070957482807 26405.121501603443903
1720.5 31364.75659415618793 26361.534164932534622
1721 31374.947401290130074 26365.714762480758509
1721.5 31457.338462886895286 26436.042546519282041
1722 31409.386526190806762 26401.26664893103225
1722.5 31412.948624612869025 26403.382235842862428
1723 31400.970768936236709 26397.622648052871227
1723.5 31358.849371987253107 26363.081860695871001
1724 31420.372203320890549 26416.921806452417513
1724.5 31386.324975283889216 26398.209013192266866
1725 31380.934176013797696 26395.487853219277895
1725.5 31450.415146371866285 26449.690409778035246
1726 31394.036154344546958 26408.596856225063675
1726.5 31318.391189211582969 26352.031164367468591
1727 31370.842641850918881 26391.780856450459396
1727.5 31390.521699421631638 26413.148475985948608
1728 31383.632952899362863 26412.778403539763531
1728.5 31352.351501090819511 26387.691724534186505
1729 31308.599232591630425 26354.005740526637965
1729.5 31272.599894795261207 26327.830406245895574
1730 31264.672539709979901 26319.573686793351953
1730.5 31246.53004200385476 26304.748063972245291
1731 31268.086867785841605 26328.520787225199456
1731.5 31259.593702300837322 26323.899511585874279
1732 31274.898305230413825 26336.69071824490311
1732.5 31356.116831977145921 26404.041803721425822
1733 31299.659828349242161 26361.822281359553017
1733.5 31314.313729975350725 26374.673976223148202
1734 31242.24694753456788 26319.358628168185533
1734.5 31296.519419252628722 26364.40338293577588
1735 31222.808629557843233 26311.761020428020856
1735.5 31211.504294963408029 26306.544496332469862
1736 31155.368459441458981 26267.640059215354995
1736.5 31164.046077250935923 26284.833876710174081
1737 31231.483631547023833 26339.778255047142011
1737.5 31239.343360121027217 26351.714637888981088
1738 31227.148458562915039 26346.642271272714424
1738.5 31249.866090609204548 26362.849435417407221
1739 31245.837206486157811 26366.245027890083293
1739.5 31220.050777416399796 26351.086697706236009
1740 31225.209924759059504 26357.366900278433604
1740.5 31235.484506317399791 26367.950444611007697
1741 31239.638840490020812 26372.938137641314825
1741.5 31287.021459272178618 26417.548147190078453
1742 31369.834574340668041 26481.300221815999976
1742.5 31369.476988654685556 26487.824581587432476
1743 31358.395933935757057 26478.675367378658848
1743.5 31348.190020738380554 26471.63747213568422
1744 31336.936953308708325 26463.375712578468665
1744.5 31340.575471105676115 26473.852219346670609
1745 31300.53729930427653 26443.535817528845655
1745.5 31309.658578620365006 26453.892813342423324
1746 31277.242624063808762 26433.178735764140583
1746.5 31268.201230407004914 26427.099469957847759
1747 31343.590614143107814 26493.751523337807157
1747.5 31364.118653046429245 26512.115752658963174
1748 31425.926610887341667 26557.826332335203915
1748.5 31428.876687738207693 26565.836568410657492
1749 31405.081275537424517 26546.918190809323278
1749.5 31445.383251479233877 26577.546795595291769
1750 31466.423576404296909 26595.52864983892141
1750.5 31473.135263432493957 26606.790708470227401
1751 31479.720288614749734 26621.88627782216281
1751.5 31486.327602835328435 26630.936062924054568
1752 31528.820108015021106 26665.651366756421339
1752.5 31539.379878994906903 26679.452120134330471
1753 31610.85910213860916 26735.856738115795451
1753.5 31603.153432069459086 26732.006146121024358
1754 31600.89850351063069 26734.476422254025238
1754.5 31683.831217386079516 26803.868946711852914
1755 31687.619160650676349 26804.659299952811125
1755.5 31733.526799771305377 26845.767398017000232
1756 31789.032570502586168 26895.518655948060768
1756.5 31818.858167324506212 26918.133220521038311
1757 31793.266444745666377 26900.226184399070917
1757.5 31804.296148708235705 26912.607098078737181
1758 31775.59209774968258 26892.311503155415267
1758.5 31835.055651864480751 26937.165196334026405
1759 31807.526165604216658 26916.703145400966605
1759.5 31848.454792827978963 26951.904588306351798
1760 31823.197653702140087 26933.95314733716441
1760.5 31759.412941948776279 26875.72464036798192
1761 31791.946516805044666 26904.773202087810205
1761.5 31820.589857256883988 26931.739182106084627
1762 31849.700937137615256 26953.698430173182714
1762.5 31799.619150668873772 26916.043182214580156
1763 31802.609122144516732 26921.684395396088803
1763.5 31816.61675392062898 26935.229456264100008
1764 31802.344809893384081 26926.786699070624309
1764.5 31773.479650544566539 26910.843600187556149
1765 31791.545595924042573 26931.647296158567769
1765.5 31719.127376425087277 26870.855136174395739
1766 31720.617514198587742 26872.858983604062814
1766.5 31679.846203076500387 26841.659466447799787
1767 31653.619811847795063 26821.575278546228219
1767.5 31657.718635961282416 26823.489481405376864
1768 31649.795976059205714 26817.01686453349248
1768.5 31577.311738713771774 26763.556715003836871
1769 31572.480836568429368 26765.137332867718214
1769.5 31544.212661422123347 26737.41077401284565
1770 31555.542427079810295 26753.87697981652309
1770.5 31591.703857481737941 26788.898616347843927
1771 31585.65372181850762 26780.86273900118249
1771.5 31575.235209097685583 26768.28063646042574
1772 31603.480551392985944 26796.704463083704468
1772.5 31598.900109246591455 26792.05671055255516
1773 31565.931407528692944 26774.16377020697837
1773.5 31567.235578198677104 26774.433926309600793
1774 31521.177164372660627 26741.883231450839958
1774.5 31488.240834591928433 26718.891370853005355
1775 31530.055687369065708 26756.597791435597173
1775.5 31598.679873351440619 26818.190873718682269
1776 31651.014556185906258 26864.448518611137843
1776.5 31692.512038416582072 26899.215376018164534
1777 31682.601860158367344 26896.29205172134607
1777.5 31665.31610355445082 26885.50897763566536
1778 31702.896021111879236 26912.885016145675763
1778.5 31720.857037127814692 26929.677193853931385
1779 31698.066391674547049 26906.310645546149317
1779.5 31745.276174805312621 26942.923270196952217
1780 31764.474927414288686 26960.574538418455631
1780.5 31698.943165113931173 26915.757707694727287
1781 31784.844051374904666 26986.145047323047038
1781.5 31814.86712970068038 27015.295661046417081
1782 31725.362812671603024 26949.703626665417687
1782.5 31769.273814526291972 26987.166860077137244
1783 31788.609244612438488 27003.858320623097825
1783.5 31797.417792501270014 27008.822749089773424
1784 31831.440317355558363 27038.938066200305911
1784.5 31832.718402207690815 27044.469310962213058
1785 31791.094917830800114 27013.911775386648515
1785.5 31817.128772288557229 27037.07956604725041
1786 31800.285078288041404 27021.848602860256506
1786.5 31771.148603147761605 27005.236864935264748
1787 31754.909150816896727 26994.111041349289735
1787.5 31674.871765584986861 26932.691436177392461
1788 31707.873708569000883 26961.575823472448974
1788.5 31706.410175255146896 26960.950951368715323
1789 31673.720270524318039 26934.477881110251474
1789.5 31599.488868698852457 26878.588829697422625
1790 31584.542709439683676 26874.220459353957267
1790.5 31593.838578842907737 26883.861316653958056
1791 31585.913752939461119 26876.445471783019457
1791.5 31606.726305772554042 26896.279049957978714
1792 31548.689639757023542 26846.455356776747067
1792.5 31583.643741018171568 26875.878340955416206
1793 31563.22274610860768 26860.77078300377616
1793.5 31546.290138153468433 26858.738394513125968
1794 31521.275149009317829 26838.141612303345028
1794.5 31479.526685420725698 26809.958351590368693
1795 31517.311613205423782 26843.469602111181302
1795.5 31467.016423423483502 26808.550736703189614
1796 31458.932124759150611 26804.919285212035902
1796.5 31479.673379497035057 26824.104409071245755
1797 31473.255757754875958 26821.62097506587088
1797.5 31491.488246270349919 26834.738104066571395
1798 31528.366298612276296 26869.922728750996612
1798.5 31497.040092540271871 26846.441418934471585
1799 31477.583173051567428 26833.214244686048914
1799.5 31397.886525008852914 26766.936757860970829
1800 31456.610914194799989 26812.887715661196125
1800.5 31471.415933137868706 26827.555070261361834
1801 31463.488885636776104 26821.113528570524068
1801.5 31459.618169341392786 26817.02797056280906
1802 31446.494258806986181 26807.141978931405902
1802.5 31475.062068286842987 26831.764435222994507
1803 31505.314950203803164 26859.530441232051089
1803.5 31454.061351723790722 26819.579406798446144
1804 31455.735326918271312 26826.923442777489981
1804.5 31411.60717715489227 26797.115588691398443
1805 31433.221501849813649 26814.613540175469097
1805.5 31390.300298489426496 26787.200036002141132
1806 31404.295302367685508 26797.961854828114156
1806.5 31366.285704880145204 26771.895426240083907
1807 31290.178713517369033 26709.417056722835696
1807.5 31284.506747888441168 26710.324884026780637
1808 31344.321788188513892 26761.246480714886275
1808.5 31321.883957434070908 26742.723663693042909
1809 31362.440579005757172 26772.133965083001385
1809.5 31340.375175334789674 26760.636113388263766
1810 31367.841751562235004 26785.310676199747832
1810.5 31381.286636871911469 26803.366805150810251
1811 31434.634255983590265 26850.174651021516183
1811.5 31465.874822776408109 26877.512055764353136
1812 31505.303004685134511 26912.660937760945671
1812.5 31504.283698766193993 26909.793874430124561
1813 31484.148765112899127 26899.269579284587962
1813.5 31481.800437942420103 26895.310147263680847
1814 31528.764393394485523 26931.394904809883883
1814.5 31489.272725311486283 26906.890713187807705
1815 31544.160255691745988 26951.792400105056004
1815.5 31565.257442767506291 26973.773402236638503
1816 31560.664146780312876 26972.164583801026311
1816.5 31590.043386865054345 26997.057176267149771
1817 31625.366025288378296 27026.202293739683228
1817.5 31603.948209262256569 27010.59742341148376
1818 31571.127034538680164 26987.000212494484003
1818.5 31546.015673634865379 26973.69706354009395
1819 31532.789458230563469 26965.061584846411279
1819.5 31515.78626385782627 26957.04290237994428
1820 31456.043222268250247 26915.598314212686091
1820.5 31479.172138169142272 26935.621977520455403
1821 31503.756968812907871 26966.896202670588536
1821.5 31509.094060992214509 26977.598515934772877
1822 31539.790540976100601 27005.645027134920383
1822.5 31577.666657888206828 27043.591803803708899
1823 31608.398770867661369 27073.037351276536356
1823.5 31636.279805673188093 27099.50865378333765
1824 31638.203308194035344 27105.200143949408812
1824.5 31640.657573012496869 27109.217972342394205
1825 31676.985717824540188 27141.353058574477473
1825.5 31672.055306101083261 27142.152325532519171
1826 31699.786732078220666 27172.498511787300231
1826.5 31666.222185804836045 27150.029498586289264
1827 31648.016436592519312 27139.391083355909359
1827.5 31642.379905271671305 27143.278290175956499
1828 31583.786234954743122 27100.94603745573113
1828.5 31606.519450057225185 27122.98027629324497
1829 31607.40783252233814 27128.045256716199219
1829.5 31628.974419554386259 27146.813940839732822
1830 31635.877936351822427 27153.15688713124473
1830.5 31655.362305605311121 27164.959979803075839
1831 31633.32997224943756 27155.619837911333889
1831.5 31626.837081419322203 27158.531826536462177
1832 31638.440423362371803 27170.645518945591903
1832.5 31570.724314725448494 27120.445056858279713
1833 31613.273542540573544 27151.9419755417548
1833.5 31634.452373473992338 27171.742398461981793
1834 31601.103143808846653 27150.942627332795382
1834.5 31632.206552461630054 27180.470414334700763
1835 31604.117991211118351 27158.720920359952288
1835.5 31621.819448445126909 27176.210280416402384
1836 31603.92061129641661 27165.337909236772248
1836.5 31574.603393598201365 27138.808270497182093
1837 31601.319594858661731 27163.358705112372263
1837.5 31540.752488569494744 27116.915592707169708
1838 31626.33026092424916 27184.250019448230887
1838.5 31590.012881930168078 27161.156731788567413
1839 31572.74871380708646 27145.369138060643309
1839.5 31527.917168276129814 27112.149074471406493
1840 31529.336373513124272 27116.084897987697332
1840.5 31531.735040795792884 27114.846127055126999
1841 31554.984513974028232 27140.405323222013976
1841.5 31563.044974801789067 27152.087919710535061
1842 31578.299396346927097 27166.179076384738437
1842.5 31627.765547660084849 27208.800793580798199
1843 31581.12984201951258 27173.219050838837575
1843.5 31608.523932541131217 27198.094156423885579
1844 31657.188306083127827 27244.638489523356839
1844.5 31659.046997839497635 27252.018761340768833
1845 31652.481422557309998 27251.181708870062721
1845.5 31709.836271423497237 27303.661849197393167
1846 31726.209495660816174 27320.897094305750215
1846.5 31735.651518319129536 27325.354912100978254
1847 31787.419459357552114 27366.925650720935664
1847.5 31746.246579156122607 27340.675630634799745
1848 31791.359626755693171 27376.442501892950531
1848.5 31747.856502103222738 27341.964849475945812
1849 31767.954734863658814 27356.589024684632022
1849.5 31741.264985902762419 27345.201787008452811
1850 31750.653482904159318 27354.848140872822114
1850.5 31701.228204120561713 27315.786082843595068
1851 31701.446505882966449 27316.939263169617334
1851.5 31719.075275506140315 27335.229193118393596
1852 31771.454130959951726 27380.537307791124476
1852.5 31809.776363594555733 27413.251904255619593
1853 31848.975750823141425 27446.757242161998875
1853.5 31877.316573007763509 27473.198802427406918
1854 31827.927944524770282 27436.018491948569135
1854.5 31833.740656121452048 27438.513169397258025
1855 31886.769290248146717 27482.500798198288976
1855.5 31906.903637520746997 27502.494056981820904
1856 31907.625308950406179 27507.74289527662404
1856.5 31897.157426975183625 27503.69120816690338
1857 31830.98340326565085 27447.803483634361328
1857.5 31875.163457822887722 27486.229554621873831
1858 31798.806025308542303 27426.548952631474094
1858.5 31834.634529061422654 27458.349714948362816
1859 31875.185786023081164 27488.405050791985559
1859.5 31846.971042460114404 27469.425230351866048
1860 31908.142700754779071 27524.915217263242084
1860.5 31886.246768625744153 27515.033528596039105
1861 31897.187151377202099 27525.268517997952586
1861.5 31835.825344274748204 27479.637888877456135
1862 31810.240549668156746 27468.795176926887507
1862.5 31807.42983615090634 27474.842892266435229
1863 31752.641449668950372 27429.264527145442116
1863.5 31767.841589901468978 27443.318472197301162
1864 31764.300727309473587 27443.607129564596107
1864.5 31816.195157378311706 27488.187169279546652
1865 31789.431335746969125 27468.246604629064677
1865.5 31795.623074554401683 27475.565526418566151
1866 31851.213270274216484 27519.495006045573973
1866.5 31850.064288709414541 27521.903675150791969
1867 31873.666066449197388 27539.812005361418414
1867.5 31868.9711434296878 27537.247411221105722
1868 31845.26512252352768 27519.716393754028104
1868.5 31869.187019548990065 27542.862567571963154
1869 31857.169063891615224 27531.156911262973153
1869.5 31878.347798349128425 27556.639284568980656
1870 31869.675644109924178 27545.113480171399715
1870.5 31843.552031493229151 27529.614765513419115
1871 31838.902159111868968 27522.985545946332422
1871.5 31806.131992068756517 27504.216342777563113
1872 31736.047265669581975 27448.239549766698474
1872.5 31733.36012518422649 27452.268952251572045
1873 31669.511893614930159 27401.672441666301893
1873.5 31669.788501678780449 27400.39727612633942
1874 31729.227685262278101 27450.031257640206604
1874.5 31751.698343601336092 27466.900305792583822
1875 31791.166786899906583 27501.190562995878281
1875.5 31791.077153793754405 27503.923563523359917
1876 31805.432340337378264 27517.78970390804534
1876.5 31830.8965751282376 27538.874282892473275
1877 31795.372746846933296 27511.996355563496763
1877.5 31865.0792803904842 27568.711133648612304
1878 31879.83621528189542 27583.5934643612527
1878.5 31882.8443946664338 27589.740477614483098
1879 31872.480822606750735 27584.910427187071036
1879.5 31896.068340910511324 27604.813065825746889
1880 31906.754714831924503 27612.87487077417245
1880.5 31887.286057445639017 27600.908310548700683
1881 31877.478817800852994 27601.597236308105494
1881.5 31948.702748014642566 27662.137331127538346
1882 31964.245680664062093 27670.530601898572058
1882.5 31944.583423138228682 27660.561450726549083
1883 31992.830746795250889 27702.322520203742897
1883.5 31983.118818423390621 27691.468657706791419
1884 31940.714945879626612 27656.062158733708202
1884.5 31958.079566471446014 27679.464643680395966
1885 31923.870842201144114 27652.515612888386386
1885.5 31902.226577662091586 27635.401369743914984
1886 31930.283802555739385 27664.051304452772456
1886.5 31954.878097807119048 27685.552220877641957
1887 31955.086626511005306 27685.013415815330518
1887.5 31947.441822864373535 27682.259013815018989
1888 31950.672521652206342 27686.032913215189183
1888.5 32042.653135820535681 27758.742869355315634
1889 32048.978695294474164 27763.417687452227256
1889.5 32072.040855325143639 27783.99007913245805
1890 32051.404709782393184 27772.372017354507989
1890.5 32000.529072223976982 27733.426246425740828
1891 32028.927787033659115 27764.744869963873498
1891.5 31975.816858685811894 27723.08226649970311
1892 31950.992112521038507 27706.894500161022734
1892.5 31907.39632924846228 27679.225145939697541
1893 31823.644317811078508 27614.221516550249362
1893.5 31879.967038417791628 27653.340706925675477
1894 31855.88485225533077 27637.626010520816635
1894.5 31791.384193539186526 27589.673691979089199
1895 31742.935377606070688 27552.79705258867034
1895.5 31768.777469840813865 27577.480230283254059
1896 31799.145804803662031 27603.980489235120331
1896.5 31826.180632120482187 27625.618216081878927
1897 31781.474198486568639 27598.256255376752961
1897.5 31741.797395383873663 27567.863268312885339
1898 31759.884398049802257 27573.635967388596328
1898.5 31800.048859606522456 27610.034638088025531
1899 31741.712533011519554 27567.439827845719265
1899.5 31701.889221237095626 27543.300769563153153
1900 31671.423900756122748 27518.066182073234813
1900.5 31640.534409553642035 27499.915157319381251
1901 31629.18425015252069 27491.363529602687777
1901.5 31655.951073712771176 27507.850311770329427
1902 31689.189612926329573 27539.653403912514477
1902.5 31670.22734616762682 27527.506239400852792
1903 31716.579563275790861 27568.196791405272961
1903.5 31732.712649024553684 27582.251574486112077
1904 31712.352209208918794 27570.883156325598975
1904.5 31732.366919487110863 27592.627539814995544
1905 31699.551860645096895 27566.288560066554055
1905.5 31737.321904969016032 27600.771808751225763
1906 31780.350838016078342 27630.113563314385829
1906.5 31813.490395145228831 27659.354161193405162
1907 31823.696410955075407 27668.404982717489474
1907.5 31868.630467555234645 27701.454027542215044
1908 31871.57715394443585 27713.99658817951422
1908.5 31932.948747256112256 27762.147228451995034
1909 31957.122197705946746 27781.76598478904998
1909.5 32023.60323782255 27838.179132180517627
1910 32055.978141468593094 27873.186077133043
1910.5 32057.04158853237459 27872.706188552958338
1911 32100.426033628835285 27908.555005564485327
1911.5 32095.265910115704173 27903.619290071816067
1912 32175.73792517662514 27971.258079346593149
1912.5 32171.404250072166178 27975.022642583600827
1913 32178.380216201079747 27982.283642701306235
1913.5 32141.31925810053508 27956.399699387187866
1914 32125.700376162094472 27948.683104575902689
1914.5 32148.321130867123429 27970.617683398657391
1915 32088.979148816295492 27929.418406559088908
1915.5 32082.554510274629138 27922.559824284355273
1916 32084.678152580290771 27921.630388834866608
1916.5 32178.447263227106305 27996.648428524204064
1917 32173.574576790997526 27999.24891685134935
1917.5 32202.26970671214076 28022.655183870814653
1918 32149.49383751874484 27984.768405162125418
1918.5 32143.784958124051627 27975.669314234062767
1919 32140.796420248901995 27979.102743642502901
1919.5 32113.21394900618543 27968.599283840765565
1920 32127.772862664314744 27984.327467078175687
1920.5 32111.962247279909207 27978.315773618684034
1921 32188.76512979330073 28041.120742593262548
1921.5 32160.634824504912103 28020.703269836671097
1922 32201.627287126746523 28051.089718729988817
1922.5 32213.281305354110373 28066.366734235256445
1923 32261.997650399091071 28102.210921206096828
1923.5 32262.300033399904351 28105.877907759793743
1924 32278.753110719804681 28127.227097509097803
1924.5 32239.918578268963756 28097.571363352901244
1925 32254.634573366543918 28111.692013941192272
1925.5 32284.237911678515957 28141.306110785142664
1926 32272.309757807684946 28131.104132452925114
1926.5 32370.817445358210534 28211.855929491212009
1927 32329.479984974292165 28179.525760811113287
1927.5 32322.765499561213801 28173.447280112741282
1928 32342.266772350263636 28190.943349518562172
1928.5 32375.803961756340868 28221.571736096368113
1929 32276.145001521839731 28143.630702796137484
1929.5 32258.913512793737027 28141.39699073232623
1930 32229.130787910016807 28121.979201438196469
1930.5 32207.351236882739613 28109.687529833176086
1931 32257.873291238964157 28157.143661666152184
1931.5 32219.419258855461521 28131.049750501228118
1932 32155.513294000997121 28082.127647269371664
1932.5 32175.832814409070124 28098.434734276183008
1933 32174.17103843356017 28100.299799001735664
1933.5 32142.732153556306002 28084.75891878616676
1934 32203.809164497262827 28131.951963510797214
1934.5 32159.352155560300162 28099.353260217125353
1935 32177.371099275729648 28114.672133546413534
1935.5 32207.540804615888192 28141.60102610308968
1936 32190.408202506201633 28125.971490305619227
1936.5 32230.070924425745034 28163.810274266350461
1937 32209.054156983052962 28151.696392458801711
1937.5 32156.669349411309668 28118.452669746646279
1938 32197.963626406395633 28152.502274676568049
1938.5 32211.510289990455931 28163.234650701007922
1939 32260.230463276158844 28201.653476961801061
1939.5 32313.315097725015221 28241.993586436503392
1940 32293.498063721541257 28228.961995149606082
1940.5 32312.157406275153335 28244.736950689606601
1941 32330.240565431809955 28263.467970066063572
1941.5 32409.030084618316323 28331.674188798628165
1942 32447.748806943167438 28360.654935001744889
1942.5 32439.221588992091711 28352.880267761360301
1943 32453.763963773475552 28371.672823930599407
1943.5 32520.735051419262163 28429.280971403059084
1944 32495.996435960962117 28407.164901043041027
1944.5 32537.167383743475511 28441.459010405949812
1945 32571.460882609400869 28466.199902356831444
1945.5 32559.997096530001727 28459.153272848798224
1946 32488.485844446979172 28406.228740752245358
1946.5 32501.369970229283354 28416.923411206840683
1947 32535.38836535927112 28449.312115214550431
1947.5 32569.614341141415935 28483.383565445023123
1948 32581.572938732449984 28499.289969093155378
1948.5 32593.859657825680188 28503.159947303720401
1949 32678.994970483789075 28571.141291322463076
1949.5 32631.428964839749824 28534.65662786350731
1950 32610.141422227683506 28519.996939735323394
1950.5 32654.918597455922281 28556.420095220939402
1951 32655.109733346704161 28559.151387556561531
1951.5 32709.688959959934436 28607.708730955229839
1952 32644.490404956981365 28560.939923957899737
1952.5 32680.167351928415883 28595.066057388619811
1953 32673.023372547286272 28598.132105997596227
1953.5 32641.351208763200702 28568.851787060102652
1954 32649.043268120916764 28577.764672170018457
1954.5 32635.443011952189408 28574.60887896344866
1955 32614.464010308816796 28560.324798670742894
1955.5 32553.759704003023217 28514.908184535866894
1956 32540.026726208991022 28507.528974450066016
1956.5 32524.980360868383286 28500.508670406303281
1957 32566.471009718068672 28536.522057088750444
1957.5 32602.779871949391236 28566.249691999862989
1958 32604.071237248328544 28574.67589847061754
1958.5 32540.174621709487838 28527.966857872535911
1959 32519.136904986127774 28513.71320570082753
1959.5 32581.954879686654749 28566.954961572693719
1960 32576.472269385125401 28562.435222512565815
1960.5 32590.415416544710752 28577.81914435447834
1961 32638.929569907922996 28619.021143117941392
1961.5 32617.811016205974738 28604.740224561646755
1962 32639.515112195422262 28623.517059684545529
1962.5 32678.680468115584517 28660.986761331012531
1963 32624.419506579084555 28614.559883333484322
1963.5 32592.501351770559268 28594.497007074118301
1964 32648.065861076167494 28641.026257895518938
1964.5 32693.219622717522725 28680.792053480807226
1965 32701.949011171378515 28692.131982005415921
1965.5 32670.764602728999307 28668.643856198876165
1966 32689.492099286286248 28685.729617008695641
1966.5 32692.895725423833937 28695.259247236488591
1967 32707.848379664817912 28717.808884224938083
1967.5 32725.124607512738294 28731.753366910917975
1968 32694.4306020640106 28712.135054326681711
1968.5 32756.941869471826067 28764.831749264714745
1969 32705.497281933137856 28725.800219421216752
1969.5 32634.397284628255875 28668.434324189136532
1970 32717.411016519643454 28738.405259347262472
1970.5 32694.401968906240654 28723.710590871771274
1971 32713.7115288786772 28734.958582135444885
1971.5 32726.671688278151123 28746.121180353540694
1972 32748.526832193841983 28768.4289986880176
1972.5 32726.988061267886224 28749.978714590637537
1973 32707.379800572463864 28739.909118263072742
1973.5 32750.806135732043913 28773.342174776651518
1974 32722.411159548635624 28756.7297653404421
1974.5 32770.726623409544118 28801.07383663710425
1975 32820.366849117221136 28842.830422691851709
1975.5 32842.94178218622983 28867.064571643888485
1976 32787.476651729535661 28822.464041740542598
1976.5 32799.118790635562618 28832.834123431861372
1977 32814.428070409565407 28842.219668049390748
1977.5 32790.452431584206352 28827.944298864247685
1978 32785.042311354511185 28830.69361492689859
1978.5 32871.149936119792983 28899.516464110336528
1979 32864.587748861369619 28897.686507143946073
1979.5 32907.844792895506544 28937.120867860598082
1980 32874.052436943296925 28910.541079242448177
1980.5 32834.421063746289292 28881.749426967373438
1981 32799.689692353378632 28855.920110623392247
1981.5 32773.533942481379199 28839.871904864099633
1982 32728.587800132121629 28806.72379540736074
1982.5 32719.884402908664924 28799.321908144836925
1983 32720.71162103270035 28803.681203402120445
1983.5 32686.474137191275076 28783.237355927467434
1984 32688.59148481147713 28791.980108769097569
1984.5 32635.459207831336244 28756.515056786338391
1985 32642.873536268078169 28765.889491748122964
1985.5 32627.48251384334435 28756.386920764551178
1986 32638.557166070055246 28766.597986108343321
1986.5 32604.234623179894697 28736.164743429129885
1987 32581.55872538868789 28717.580733753453387
1987.5 32636.984985705330473 28769.012078016861778
1988 32624.727137000692892 28758.139661728142528
1988.5 32594.436679722384724 28736.219976267708262
1989 32555.206946712442004 28704.901051189775899
1989.5 32554.491118271151208 28707.798377768405771
1990 32589.209123422173434 28732.442587573998026
1990.5 32570.178659355260606 28718.458289776343008
1991 32605.769709288062586 28752.517565918707987
1991.5 32572.81628165935399 28733.972761466571683
1992 32600.027578230914514 28756.911603791104426
1992.5 32582.682475531648379 28745.33396930325398
1993 32645.803255954429915 28805.396559406115557
1993.5 32594.89997562715871 28771.622260184954939
1994 32620.804229504614341 28791.630548457749683
1994.5 32572.445363615206588 28753.271407819534943
1995 32606.619982339427224 28786.694826812432439
1995.5 32645.251260307522898 28826.874122130822798
1996 32669.104591238377907 28848.78540397496181
1996.5 32656.636399438855733 28830.805511160000606
1997 32712.241050159613224 28874.019436584141658
1997.5 32737.020448858402233 28899.053468351023184
1998 32768.147437177562097 28925.533815628372395
1998.5 32859.02830591811653 29003.228587247736868
1999 32818.863533374038525 28976.311739103464788
1999.5 32788.59285414525948 28951.942502679681638
2000 32783.252968727938423 28946.494558457598032
2000.5 32838.84850924355851 28995.912719126976299
2001 32890.068819701009488 29037.497423029562924
2001.5 32898.590864942103508 29047.204302253463538
2002 32939.409279365034308 29078.474596303211001
2002.5 32943.562926109028922 29084.775383572963619
2003 32944.047895441522996 29084.851570487891877
2003.5 32948.494709560123738 29095.084698284059414
2004 32909.248504299248452 29061.162094587019965
2004.5 32938.522172122888151 29084.836665815651941
2005 32949.94268071497936 29095.593366907509335
2005.5 32967.198185398177884 29108.986040599182161
2006 32938.259251407762349 29088.055055994602299
2006.5 33003.042788448197825 29138.044269140827964
2007 33003.075771021154651 29142.68702777132421
2007.5 33011.978183201499633 29149.397575167728064
2008 32991.484928269164811 29137.72714159296811
2008.5 32932.540738811498159 29091.104038118679455
2009 32929.728265253419522 29094.87044594258623
2009.5 32918.300508334534243 29086.630684439907782
2010 32871.165418868164124 29051.234312379445328
2010.5 32896.343814417879912 29073.738581843772408
2011 32862.476400775965885 29049.544577812521311
2011.5 32903.569977556442609 29086.4701366542904
2012 32899.813958109640225 29081.827618801773497
2012.5 32859.477888784123934 29049.039328916907834
2013 32802.612297431238403 29001.825655690474377
2013.5 32832.693942663136113 29026.323901627121813
2014 32858.397252779308474 29047.567109789986716
2014.5 32812.476093154436967 29012.585082156125281
2015 32778.453247201257909 28994.006198459133884
2015.5 32772.919903291141964 28987.281386481605296
2016 32814.976004074829689 29022.887289826725464
2016.5 32818.910803070561087 29031.925046506123181
2017 32893.559563857539615 29095.737540613568854
2017.5 32883.572014558500086 29085.068836950205878
2018 32926.677676106446597 29125.264360029104864
2018.5 32953.887292712919589 29150.343177326096338
2019 32880.294344250840368 29090.121008516103757
2019.5 32917.326110080190119 29118.119204277933022
2020 32869.834103936758765 29078.939018545104773
2020.5 32852.670764125665301 29065.074434467394894
2021 32960.035564853984397 29151.931251088666613
2021.5 32930.929436896454717 29133.85476352634214
2022 32950.430260402114072 29158.982051345854416
2022.5 32996.273256964719621 29195.998059954501514
2023 32961.941226109098352 29171.083143430987548
2023.5 33010.798862034629565 29220.542277489486878
2024 32979.670646609440155 29200.997104834419588
2024.5 32910.942425057779474 29145.535509832421667
2025 32893.2198435090977 29127.196942543807381
2025.5 32914.433571534369548 29148.106419578380155
2026 32895.697187305901025 29134.561796421847248
2026.5 32929.814572413408314 29163.812595784151199
2027 32976.704312052374007 29202.566900338428241
2027.5 32994.91059010635945 29221.851413286447496
2028 33051.074226598037058 29268.97554834429684
2028.5 33022.886780645487306 29254.310505638870382
2029 33088.947011960844975 29305.169181117060361
2029.5 33144.660643168543174 29348.56876163697234
2030 33172.062251890878542 29371.036087608448724
2030.5 33209.987134962982964 29406.848970885021117
2031 33262.082784876787628 29456.117245696470491
2031.5 33232.424134202861751 29432.705870705725829
2032 33284.715593943095882 29480.335497840929747
2032.5 33281.732476044293435 29485.309570397414063
2033 33241.144501113463775 29461.78741768729742
2033.5 33263.39735517428926 29476.727574807198835
2034 33268.676471787883202 29477.598781425658672
2034.5 33272.22837092816917 29482.671176817584637
2035 33309.998082812890061 29515.48484230124086
2035.5 33290.49588370971469 29505.243712878287624
2036 33309.530212030782423 29524.562446021442156
2036.5 33276.086188054701779 29498.210390849937539
2037 33278.437969269667519 29494.800566607689689
2037.5 33351.970775075897109 29550.791430122721067
2038 33414.351546357582265 29606.200821827809705
2038.5 33425.427388353054994 29618.826256279488007
2039 33461.275326578848762 29644.541062292955758
2039.5 33484.818408553037443 29662.389945529521356
2040 33465.081006379070459 29652.715002101933351
2040.5 33511.349548921425594 29689.207371250005963
2041 33522.665865572365874 29701.301352815218706
2041.5 33522.46194682631176 29707.649312067747815
2042 33509.795308686683711 29699.144105103106995
2042.5 33520.682431892964814 29706.717854007940332
2043 33490.704973550178693 29687.290692380265682
2043.5 33485.38831881567603 29681.68541247336907
2044 33455.245574007545656 29662.699341227900732
2044.5 33409.479652904257819 29628.563174491919199
2045 33387.839440066796669 29615.398718017942883
2045.5 33411.770269982756872 29646.660347501558135
2046 33365.220679232406837 29607.493851064969931
2046.5 33313.829102264637186 29569.476584989039111
2047 33285.24502727604704 29549.146668550161849
2047.5 33300.292517697715084 29567.089579578598205
2048 33310.56530791696423 29571.953788800248731
2048.5 33298.427371003657754 29561.290902859938797
2049 33290.366577566725027 29547.108074616713566
2049.5 33271.088338823530648 29535.218044024746632
2050 33352.177452920128417 29605.070048193087132
2050.5 33400.311995966949326 29643.176526432485844
2051 33396.373887145324261 29645.683991834004701
2051.5 33347.212105472382973 29609.060952944899327
2052 33354.911876660087728 29616.844035416819679
2052.5 33350.421057113067945 29612.39281382336776
2053 33284.053791977072251 29558.255476991475007
2053.5 33277.222038322375738 29561.158439686238125
2054 33290.48929724257323 29576.650849108245893
2054.5 33366.718880166728923 29644.020315109562944
2055 33301.859520805308421 29595.323168285194697
2055.5 33295.55467275789124 29593.029519527382945
2056 33313.311914297708427 29612.012072122673999
2056.5 33328.137940188142238 29622.354215949304489
2057 33300.923544350298471 29603.521215797627519
2057.5 33299.882098036010575 29610.034532690857304
2058 33286.364079436920292 29607.399721936115384
2058.5 33292.45756924367015 29617.974143296996772
2059 33269.869527805662074 29598.079164671667968
2059.5 33263.760222487377177 29598.463363293296425
2060 33345.757427325435856 29676.78491616498286
2060.5 33332.815797143528471 29666.28601199422701
2061 33369.718232648927369 29696.8901625048602
2061.5 33349.453806929523125 29684.34705419585589
2062 33301.914752679374942 29653.66846230252122
2062.5 33360.104064835999452 29708.139233247631637
2063 33362.374927247685264 29713.705260103659384
2063.5 33360.713799842749722 29710.87334281926087
2064 33408.37717857156531 29756.185842208840768
2064.5 33434.453170090499043 29780.239913483575947
2065 33430.486670127720572 29776.413082049748482
2065.5 33412.404583931296656 29764.880458099411044
2066 33427.268176321565988 29777.11010270906263
2066.5 33466.832438089208154 29808.515724722030427
2067 33504.125009540912288 29838.034430885683832
2067.5 33552.542134955379879 29876.793272852180962
2068 33593.334589107435022 29912.845439907439868
2068.5 33629.020775472206878 29940.808860495682893
2069 33675.209079157488304 29979.216804959723959
2069.5 33656.369507817420526 29964.862888358104101
2070 33735.12907306841953 30030.476347442090628
2070.5 33734.376166628091596 30036.77425138176477
2071 33804.652321367160766 30099.062822835938277
2071.5 33750.023038962252031 30061.561350401050731
2072 33715.495531267748447 30040.787485156550247
2072.5 33710.927007711121405 30038.538896124679013
2073 33731.940791050823464 30059.039611789106857
2073.5 33819.285736609213927 30124.647663187177386
2074 33809.996609790134244 30118.381686456898024
2074.5 33883.854015877521306 30187.918105363853101
2075 33951.670152750739362 30248.45854542469533
2075.5 33981.985800880895113 30277.1244973470275
2076 34034.421843764474033 30330.753887371265591
2076.5 33997.836227370571578 30304.21597487809413
2077 34026.225916466268245 30330.878814336330834
2077.5 33995.716460287709197 30310.91284551679928
2078 33983.524655965593411 30307.032990015159157
2078.5 33924.996450038641342 30258.625489959031256
2079 33834.18051837864914 30188.313963754015276
2079.5 33911.935734889928426 30250.033974910864345
2080 33907.2403040971476 30248.935992278584308
2080.5 33846.365686065451882 30195.824961639009416
2081 33841.396730764179665 30185.915053788001387
2081.5 33842.748762078241271 30196.780076245333476
2082 33846.86983731543296 30209.329610775464971
2082.5 33852.771306707225449 30214.65200636255031
2083 33776.354828519841249 30153.208043395497953
2083.5 33814.679046067896707 30188.473684373446304
2084 33792.101117849742877 30175.831893991562538
2084.5 33806.213978777013835 30189.266350725345546
2085 33799.76994544959598 30188.567347455849813
2085.5 33771.867110613362456 30164.187163166167011
2086 33732.459621104360849 30132.125530710207386
2086.5 33761.231693161134899 30161.77281675861741
2087 33742.171169273591659 30150.165611591830384
2087.5 33762.37108865105256 30162.792354542129033
2088 33792.690200461089262 30185.06456806074857
2088.5 33767.382643357363122 30164.986705627507035
2089 33756.67575328865496 30157.405858787504258
2089.5 33740.005721180474211 30143.912871289932809
2090 33792.252847562333045 30192.277438184271887
2090.5 33798.665926042747742 30197.217151213390025
2091 33790.216203955416859 30191.116339279764361
2091.5 33785.656265477438865 30186.580732066988276
2092 33767.725253869837616 30181.082710421283991
2092.5 33750.208006665867288 30169.726771298712265
2093 33784.205618204468919 30202.673996622121194
2093.5 33685.345546634460334 30121.474757168205542
2094 33725.165490721803508 30163.439458546668902
2094.5 33655.020079080837604 30117.571545555048942
2095 33666.239035939659516 30129.549826702666905
2095.5 33740.825996097904863 30191.458752638718579
2096 33768.698152099037543 30221.303096644369361
2096.5 33764.732257511153875 30214.132614639314852
2097 33817.285965722374385 30260.189939498064632
2097.5 33847.838648563360039 30292.445767826360679
2098 33810.51918143335206 30266.024470103802742
2098.5 33839.282884636864765 30287.600554390191974
2099 33874.576260665220616 30319.872757187444222
2099.5 33933.984084396142862 30370.549414983615861
2100 33956.058881057550025 30395.876208448156831
2100.5 33989.653503590350738 30418.003603159293561
2101 33984.606661778561829 30414.103113276491058
2101.5 34028.952361855153868 30449.677683210931718
2102 33972.480345873416809 30415.986892117780371
2102.5 33989.92399436866981 30438.64578935998361
2103 33948.283930375910131 30406.206703353062039
2103.5 33934.173476114963705 30400.657025200733187
2104 33884.025111350107181 30367.671019845205592
2104.5 33936.273705843705102 30416.052233494378015
2105 33948.159066921180056 30431.694165297423751
2105.5 33892.008182282843336 30382.573904585260607
2106 33875.892891649797093 30372.663835916649987
2106.5 33838.698208400914154 30339.49182423365346
2107 33819.850815854195389 30325.931658577235794
2107.5 33865.608607321461022 30361.609302824184851
2108 33872.314678457405535 30370.274834817242663
2108.5 33876.24593614871992 30380.452327452381724
2109 33850.307736037211725 30357.760798913230246
2109.5 33810.366715872922214 30326.02139374190665
2110 33823.731244074107963 30334.115031407822244
2110.5 33795.549006056557118 30313.116218187788036
2111 33849.291539552490576 30360.011907975978829
2111.5 33872.854989642779401 30379.233404674065241
2112 33951.566172138962429 30446.868365448412078
2112.5 33968.04094038560288 30465.032289061207848
2113 33967.512596983477124 30459.123860362953565
2113.5 33961.918042432596849 30452.033082940364693
2114 33938.783162762993015 30435.49904304624215
2114.5 33871.264745006548765 30385.900166048650135
2115 33905.819494797091465 30420.030942877096095
2115.5 33917.922063320569578 30430.723629865769908
2116 33898.306767903035507 30412.626102466492739
2116.5 33934.337087398118456 30447.508435534786258
2117 33975.209944594047556 30483.500528054428287
2117.5 34066.080616579230991 30553.229371499142871
2118 34069.527559532194573 30560.679848056115588
2118.5 34062.022211007468286 30554.022291198703897
2119 34061.069319542548328 30555.674645043665805
2119.5 33987.772344942750351 30498.995924600400031
2120 33946.594423576570989 30462.957486323641206
2120.5 34003.908691957309202 30514.026003710387158
2121 33946.01005816563702 30472.773597786232131
2121.5 33948.013217900966993 30482.896195315770456
2122 33909.210480083733273 30448.585405309058842
2122.5 33899.161669991626695 30440.729771054437151
2123 33860.106808540484053 30414.053810575820535
2123.5 33825.95768094430241 30388.089358037497732
2124 33888.559673346826457 30443.686005856052361
2124.5 33884.975881730875699 30454.053507574695686
2125 33883.774625818441564 30453.282300853792549
2125.5 33826.271220388109214 30409.812786965318082
2126 33782.00330066539027 30372.463670700650255
2126.5 33746.116485813668987 30346.218086542190576
2127 33692.507425220086589 30305.711380351363914
2127.5 33637.494064551225165 30257.961395718764834
2128 33693.221817060890316 30302.898252186678292
2128.5 33658.813496907147055 30277.774357616886846
2129 33718.12549129484978 30325.778527642221889
2129.5 33727.077804032574932 30336.631368670994561
2130 33662.600405987846898 30286.585719198788865
2130.5 33616.323619712427899 30250.726771351521165
2131 33587.369023764418671 30230.378452787968854
2131.5 33602.130444113841804 30241.112328250183054
2132 33601.00780190758087 30239.486693515504157
2132.5 33606.629794520194991 30253.363268256638548
2133 33631.300714060263999 30273.235074551190337
2133.5 33537.891021123119572 30197.611772232103249
2134 33583.564704008582339 30236.877019773481152
2134.5 33558.598873235030624 30212.445043647268903
2135 33595.865120164795371 30248.265511476194661
2135.5 33593.090110772049229 30240.589677448682778
2136 33618.289626026416954 30264.932962655220763
2136.5 33602.052541731587553 30255.144356845117727
2137 33566.369650871558406 30236.511420081067627
2137.5 33573.217672318933182 30246.525616509279644
2138 33579.542698593853856 30253.700558564054518
2138.5 33580.935675851549604 30256.517412274526578
2139 33612.577981300237298 30282.090485985518171
2139.5 33648.475725278003665 30310.364995697349514
2140 33670.888189658027841 30331.778895961611852
2140.5 33586.917046195616422 30267.048446667671669
2141 33627.325006636376202 30301.408799048971559
2141.5 33624.668877538315428 30297.880529233465495
2142 33587.921680163803103 30267.48660003002442
2142.5 33555.64087569626281 30243.333913032245619
2143 33498.188628835618147 30198.845227634079492
2143.5 33524.481455681350781 30218.714135925129085
2144 33543.382822015562851 30234.977209692879114
2144.5 33470.120176179734699 30176.804485080447193
2145 33447.304313426786393 30157.247532721616153
2145.5 33454.218558198983374 30168.632439302353305
2146 33428.871477671535104 30149.770138595598837
2146.5 33455.729146740210126 30172.471578274729836
2147 33415.349644826652366 30145.876263351165107
2147.5 33456.248290828807512 30179.174721633538866
2148 33462.659564023924759 30187.76833694555171
2148.5 33523.51070468423859 30234.814959937044478
2149 33506.490910472988617 30223.811129984398576
2149.5 33484.350078908835712 30213.434616023328999
2150 33519.483118886979355 30240.387747261669574
2150.5 33528.251941216796695 30246.169004393686919
2151 33547.311446616018657 30263.246523574503954
2151.5 33580.775517877438688 30294.066833197121014
2152 33595.94856116437586 30307.384100599421799
2152.5 33579.9025998690704 30291.727046175037685
2153 33563.859498247293232 30283.857807532098377
2153.5 33562.109229849440453 30281.72479519783883
2154 33593.691136403889686 30310.466311312226026
2154.5 33612.235485016550228 30326.72209975034275
2155 33564.609646932411124 30290.365945536923391
2155.5 33630.839694310780033 30347.981495195137541
2156 33619.495091750242864 30342.0429621686053
2156.5 33611.717355288019462 30340.043510960636922
2157 33611.700710029595939 30343.663391480280552
2157.5 33555.915655517368577 30306.96034607130423
2158 33550.946564077421499 30298.12679482992462
2158.5 33523.387410092807841 30279.839889139340812
2159 33530.828663815955224 30293.980726842022705
2159.5 33541.897433145139075 30304.111705028055439
2160 33488.791574190196116 30256.47197426915227
2160.5 33479.300437582416635 30245.227190714649623
2161 33518.622098682149954 30281.339037537734839
2161.5 33503.351988006157626 30275.485545310904854
2162 33525.796762123150984 30295.179748037950048
2162.5 33470.310915049893083 30252.155538114788214
2163 33442.685432288701122 30227.771737990755355
2163.5 33473.081857255820069 30252.48679215100492
2164 33477.089787617587717 30264.296141599101247
2164.5 33499.506477619303041 30285.435213299049792
2165 33505.314599354365782 30293.331859974205145
2165.5 33583.59113930559397 30357.196157646856591
2166 33614.465105112474703 30378.025983944215113
2166.5 33663.104867094400106 30425.792580070788972
2167 33697.776509203737078 30450.443072805745032
2167.5 33730.761267534355284 30485.749154472850933
2168 33750.00550334253785 30504.688731063528394
2168.5 33750.394950180045271 30502.573344230724615
2169 33759.247229784668889 30511.996345926760114
2169.5 33734.823018625349505 30495.849505025937106
2170 33734.250770650847699 30497.947783820771292
2170.5 33656.805410837492673 30439.967482540541823
2171 33653.247336993044883 30442.000883715980308
2171.5 33662.5445348120993 30446.114738791555283
2172 33741.869334512477508 30516.449198572925525
2172.5 33817.362032715733221 30574.724459274715628
2173 33796.229131028012489 30559.237010769520566
2173.5 33831.67526066883147 30592.928685836086515
2174 33869.047004657186335 30632.292647651334846
2174.5 33894.544037484767614 30653.52918346086517
2175 33868.322862393943069 30632.901129315541766
2175.5 33948.114889665586816 30702.953816646531777
2176 33957.652698798046913 30715.238451525441633
2176.5 33971.156135352815909 30728.694535379865556
2177 33991.491635943151778 30745.047299195153755
2177.5 34044.844879396652686 30792.22350101351185
2178 34025.953198805320426 30782.298018293309724
2178.5 34016.86391501428443 30768.913108115037176
2179 34058.904176042502513 30811.6132726114447
2179.5 34118.225281116232509 30864.916112766761216
2180 34154.538440480835561 30896.183051590174728
2180.5 34157.077212210184371 30900.847646741731296
2181 34103.730253837275086 30860.9428766946221
2181.5 34094.806152205477702 30857.628158512427035
2182 34082.8304058167123 30847.316100814838137
2182.5 34078.216710887558293 30847.923543851880822
2183 34015.693862647734932 30802.018113269052265
2183.5 34060.275828293844825 30837.070750324503024
2184 34086.403266494962736 30859.82080579675312
2184.5 34026.73792732340371 30812.608846065082616
2185 34032.325721026696556 30818.666774663157412
2185.5 34022.002551677142037 30810.988097314479091
2186 34042.25726267479331 30835.567947912739328
2186.5 34014.890409701918543 30812.844335274450714
2187 34002.597079796396429 30810.446902001589478
2187.5 33978.096078913025849 30794.958917605243187
2188 34013.094998374181159 30831.685280611338385
2188.5 34004.260036816129286 30823.469106510987331
2189 34038.686141155987571 30852.123028467769473
2189.5 34078.879265059578756 30889.508460688244668
2190 34076.334736398071982 30893.089377647709625
2190.5 34075.362479734030785 30893.122688649102201
2191 34096.625858446997881 30904.650368296508532
2191.5 34168.003024214944162 30965.944525454702671
2192 34174.619996298381011 30973.423431542931212
2192.5 34226.267711838627292 31018.945675847451639
2193 34248.113271395537595 31040.466991337820218
2193.5 34244.887668975454289 31036.584949249459896
2194 34245.574823271897912 31044.944269724295737
2194.5 34158.011357184237568 30980.705720964400825
2195 34227.213893949839985 31039.24054066932149
2195.5 34241.998712992819492 31055.46761118663926
2196 34197.04648231122701 31020.227609658053552
2196.5 34173.386812625773018 31000.86274504530229
2197 34225.098146266631375 31048.930178717277158
2197.5 34181.734294347414107 31011.575001227738539
2198 34171.350881286256481 31010.361925662669819
2198.5 34185.598186820265255 31024.450084964239068
2199 34207.068389302927244 31037.489503593642439
2199.5 34141.225623332320538 30992.711064399954921
2200 34151.796324149960128 31005.447393153201119
2200.5 34134.701267052754702 30992.058777918118722
2201 34153.560748317882826 31009.061901496454084
2201.5 34186.726183216655045 31041.94802483787862
2202 34190.865456913314119 31044.233152404151042
2202.5 34174.265886217566731 31037.498754100379301
2203 34190.871364794460533 31050.192894282648922
2203.5 34226.260198594383837 31077.021340252627851
2204 34181.024267775152111 31045.711573542652332
2204.5 34181.209809091138595 31049.704403028361412
2205 34157.429419817577582 31030.751107947693527
2205.5 34064.844792086398229 30958.358023388638685
2206 34084.509455024235649 30974.838787252323527
2206.5 34044.186283803603146 30944.278968951482966
2207 34092.084426535162493 30986.03612425454412
2207.5 34027.322920076599985 30938.12065388685005
2208 34038.150479706346232 30950.62493809685111
2208.5 33984.593246125827136 30915.247703997203644
2209 34049.695221274232608 30969.640820259221073
2209.5 33980.757143545873987 30915.079204507183022
2210 34004.874565667327261 30935.335886193868646
2210.5 34039.252050146402325 30962.121061647270835
2211 34038.43132659089315 30965.107180748240353
2211.5 34028.343985866718867 30967.807067172758252
2212 34048.0803071258415 30981.396525875519728
2212.5 34028.697140262578614 30966.527725714269764
2213 34056.80686994309508 30990.407433801905427
2213.5 34031.4877019030464 30966.162798568369908
2214 34016.504494986387726 30959.884126571178058
2214.5 34030.062386136167333 30972.049830988762551
2215 34096.531771396301338 31022.886403347743908
2215.5 34064.230654299601156 30999.798891317084781
2216 34101.701790595230705 31028.829486080103379
2216.5 34121.320548059418797 31050.377508102508727
2217 34136.745041850132111 31065.633959996073827
2217.5 34113.966184468452411 31048.046854862426699
2218 34192.14749154967285 31122.376432965542335
2218.5 34224.068084749487753 31152.091257363332261
2219 34272.94728669491451 31189.87429490577415
2219.5 34297.005104248913995 31207.26027218427771
2220 34233.84876615581743 31154.944261758024368
2220.5 34228.868902791073197 31156.161474493248534
2221 34256.137858612390119 31181.64040515175293
2221.5 34223.692959872190841 31157.169701402915962
2222 34225.397439200358349 31156.874314451128157
2222.5 34180.781253564186045 31121.521973153379804
2223 34178.943940505210776 31122.400117167795543
2223.5 34077.457266605852055 31043.352677222454076
2224 34077.563875532367092 31045.775035786788067
2224.5 34066.233661088394001 31042.428612585557858
2225 34041.928134715803026 31021.107876696438325
2225.5 33987.556345713470364 30979.455676544599555
2226 34021.538758739487093 31014.791871410710883
2226.5 34009.584856506880897 31009.342418631142209
2227 34062.608842570029083 31059.302774912626774
2227.5 34094.212107292718429 31088.304522033518879
2228 34044.13443671692221 31053.906912568607368
2228.5 34018.636103800134151 31037.498774481562577
2229 34059.740505553440016 31069.174439670732681
2229.5 34026.817179822050093 31039.07403106363563
2230 33999.155687712031067 31008.477164646166784
2230.5 34016.7558311286557 31023.519746921752812
2231 34030.269975285838882 31041.481940969457355
2231.5 34033.59033146310685 31051.2123015348443
2232 34051.901811368079507 31065.755103440016683
2232.5 34064.742721227747097 31084.071342592578731
2233 33985.651541670020379 31027.571183697571541
2233.5 33966.731613002026279 31012.641767633322161
2234 33946.64421844224853 30998.48983848266289
2234.5 33962.096986082411604 31013.165926535250037
2235 33900.966010519841802 30959.501964347240573
2235.5 33926.624663158290787 30987.016959944212431
2236 33954.313706839988299 31018.161628094683692
2236.5 34006.178196216889773 31056.788119739336253
2237 33974.643624669661222 31037.032889948997763
2237.5 33946.10425262991339 31018.830832083676796
2238 33936.23717495881283 31020.652053950416303
2238.5 33894.172279057384003 30993.329680878265208
2239 33858.758244136850408 30966.847431136415253
2239.5 33869.345342654822161 30974.132829647522158
2240 33876.382837923367333 30975.330957980753738
2240.5 33907.001383525050187 31000.438111502426182
2241 33928.855663837770408 31022.447094936869689
2241.5 33928.936840596237744 31023.23876853900947
2242 33911.767769829311874 31013.614320468335791
2242.5 33934.785305129560584 31038.489908758463571
2243 33933.696651394500805 31041.611935275956057
2243.5 33947.831438096298371 31054.482498211327766
2244 33922.619270650604449 31034.967294189795211
2244.5 33914.255155720333278 31028.51105010505853
2245 33920.325101686452399 31041.366310967816389
2245.5 33883.559179284558923 31011.266168465968804
2246 33855.174915907904506 30993.347635406575137
2246.5 33855.139867912388581 30996.381532199524372
2247 33798.854090066888602 30954.577614850473765
2247.5 33854.089086795043841 31004.395140991589869
2248 33838.30242793346406 30994.994022186587245
2248.5 33875.91622115753853 31030.245810628035542
2249 33822.045200763983303 30985.999736187248345
2249.5 33856.874056998545711 31015.941392106789863
2250 33805.921534940433048 30980.535546209834138
2250.5 33851.195095046095958 31020.470960245453171
2251 33795.179026461570174 30984.262298506655497
2251.5 33821.635515916459553 31009.386104881697975
2252 33791.053759299342346 30982.490576014111866
2252.5 33796.213070564168447 30990.152196493931115
2253 33775.618065953429323 30987.935999203877145
2253.5 33789.335042469174368 30999.509815568297199
2254 33742.738355778550613 30960.61367955735841
2254.5 33728.119826868016389 30954.291698867360537
2255 33725.385970687355439 30949.94526397302252
2255.5 33733.499155652476475 30957.153123149979365
2256 33732.907125863261172 30960.129444213140232
2256.5 33727.304300328651152 30962.059493674547412
2257 33710.898657346420805 30950.794032030247763
2257.5 33680.972437337077281 30932.168072616528661
2258 33696.431225485139294 30946.361126903811964
2258.5 33724.943056769479881 30965.832941126787773
2259 33748.380503232518095 30982.060408627789002
2259.5 33771.629755113935971 31007.486767336875346
2260 33798.588717647726298 31036.444000672610855
2260.5 33830.089546710492868 31060.923558234611846
2261 33826.002229041216196 31058.653045694194589
2261.5 33812.425312115148699 31046.550615351712622
2262 33753.719247128428833 31003.669481576103863
2262.5 33771.838839545060182 31018.528901063902595
2263 33791.013139272370609 31037.71472474455004
2263.5 33790.747320878574101 31040.075510415321332
2264 33770.314788773721375 31024.512011393289868
2264.5 33776.58865256045101 31026.949532901133352
2265 33800.853391911783547 31048.8852351962596
2265.5 33815.728457570585306 31060.623794205032027
2266 33817.422781827743165 31065.255218875496212
2266.5 33821.657783477261546 31068.22541873362934
2267 33801.717736601858633 31054.216216017764964
2267.5 33799.053057816410728 31057.696453739659773
2268 33834.69969523929467 31094.390301104787795
2268.5 33834.348155539482832 31105.31504933148608
2269 33876.235230639438669 31138.176450972914608
2269.5 33871.863335415800975 31138.797947276874766
2270 33897.944109294519876 31159.251635524811718
2270.5 33929.568809582749964 31188.031840625077166
2271 33940.972622271961882 31204.527327004292601
2271.5 33957.470421395919402 31218.274258326284325
2272 33901.170745419934974 31172.994020617072238
2272.5 33860.762793719135516 31141.353648422194965
2273 33930.843549618322868 31199.636040682100429
2273.5 33982.379763356220792 31245.073334117420018
2274 33980.639647175274149 31245.916779387531278
2274.5 33997.192889296820795 31259.498395621445525
2275 33955.055281065760937 31231.124136250942684
2275.5 33901.417149566856096 31188.4302998338826
2276 33933.489892673555005 31216.566322273440164
2276.5 33912.031117583908781 31198.256298042422713
2277 33920.695249841599434 31222.377899782815803
2277.5 33930.643884175893618 31230.961663458670955
2278 33886.696721578126017 31197.624117210390978
2278.5 33869.88021453654801 31182.827354512606689
2279 33905.701745158876292 31211.92659438687042
2279.5 33951.797661084012361 31250.971313828566053
2280 33914.548120683422894 31233.511999139369436
2280.5 33934.817483138380339 31243.119569771952229
2281 33900.071072070299124 31215.716785174470715
2281.5 33946.371739536734822 31258.188451167039602
2282 33912.367536501435097 31241.08375225267082
2282.5 33906.414159499145171 31238.747294585755299
2283 33899.25033072772203 31234.847381842238974
2283.5 33919.019493857435009 31254.847465137485415
2284 33924.918290286041156 31264.675804051454179
2284.5 33960.432718015959836 31294.150852231912722
2285 33951.417056931859406 31291.86759328716289
2285.5 33915.689794321806403 31262.116042539706541
2286 33944.445644685009029 31292.55016724107918
2286.5 33959.578655277902726 31308.018789941394061
2287 33948.679002204538847 31294.326230412985751
2287.5 33962.642938338227395 31308.602479019358725
2288 34003.027596168431046 31346.116770775726764
2288.5 34014.602179913526925 31358.047994472974096
2289 33997.510990919465257 31349.691242396456801
2289.5 33960.06319637830893 31323.746534585461632
2290 33988.496653310678084 31349.386651221797365
2290.5 34003.70306238172634 31363.892329677724774
2291 34037.474379581908579 31397.423317301774659
2291.5 34045.962465408854769 31397.447051224011375
2292 34013.45591041012085 31365.38802779740945
2292.5 34033.004967272740032 31388.964113179674314
2293 34026.558429633412743 31379.540941603489046
2293.5 34015.81578687496949 31378.711812736248248
2294 34023.590805219624599 31386.600512110522686
2294.5 33973.72343560034642 31342.40516175427183
2295 34009.065265188233752 31373.630470191241329
2295.5 34022.776198373110674 31381.152236045258178
2296 33954.533128332652268 31328.435813166088337
2296.5 33990.461960957523843 31360.103641412355501
2297 34002.540223239382613 31372.780997856076283
2297.5 34037.890733848624222 31402.724005397340079
2298 34066.17298333877261 31428.900727776181157
2298.5 34082.238848562519706 31431.436461481229344
2299 34060.145838530894252 31414.745972394823184
2299.5 34072.035570713429479 31440.10841298599189
2300 34047.953343131506699 31419.224172125796031
2300.5 34061.613501120453293 31433.652461169145681
2301 34080.20553167284379 31451.663836522970087
2301.5 34151.468091219845519 31519.241801283482346
2302 34146.751621548573894 31522.831401122777606
2302.5 34178.256042404973414 31543.796475100582029
2303 34145.459826857011649 31523.717431648572529
2303.5 34110.246746984186757 31501.785728346490941
2304 34119.072971311652509 31514.396509952308406
2304.5 34112.116113860458427 31509.159358319324383
2305 34122.663616276659013 31525.037104618160811
2305.5 34091.782646427192958 31500.599063598398061
2306 34128.020615556240955 31534.486290594511956
2306.5 34125.803952271504386 31542.179288058323436
2307 34088.699370458205522 31510.163788642108557
2307.5 34089.227365610990091 31512.436755074340908
2308 34090.628787768080656 31512.916223028711102
2308.5 34107.16209473348863 31530.721466545703151
2309 34119.139350781639223 31542.40842229723421
2309.5 34081.790156039423891 31510.66063186163592
2310 34106.438511915795971 31534.990398145753716
2310.5 34068.51963857539522 31500.291097971967247
2311 34052.498296140605817 31488.650265153548389
2311.5 34071.276142496535613 31506.473397644993383
2312 34050.612745958045707 31499.437940139541752
2312.5 34052.667051078722579 31498.579651245177956
2313 34046.42999742727261 31501.603656788454828
2313.5 34003.159057418815792 31466.089456947942381
2314 34050.292092296564078 31509.137815391783079
2314.5 34046.604769419172953 31502.741030169549049
2315 34053.794057633873308 31519.472796789403219
2315.5 34002.9741171346177 31482.711597501878714
2316 34037.638915955874836 31515.916414242481551
2316.5 34005.615359967872791 31490.402685078825016
2317 33953.37202550956863 31452.056552757556346
2317.5 33965.475203245870944 31462.395394030532771
2318 33962.551228829906904 31458.698217675806518
2318.5 33942.469753541903629 31446.763838119666616
2319 33900.711156093108002 31413.648383354280668
2319.5 33898.792163830796198 31414.703815187564032
2320 33905.610657028650166 31422.569675071004895
2320.5 33897.302679821579659 31425.357315975590609
2321 33878.754932612573612 31414.46376923540447
2321.5 33848.512093682067643 31393.183605985865142
2322 33863.483591472642729 31413.317081406676152
2322.5 33863.531074695943971 31416.265840080533962
2323 33791.700147197290789 31360.203767837239866
2323.5 33827.005447212563013 31395.876132199344283
2324 33807.158846600927063 31386.135812786462338
2324.5 33817.739214908440772 31394.989295318649965
2325 33797.759202694884152 31372.437756614199316
2325.5 33830.993124200824241 31405.198810525864246
2326 33834.199885444897518 31410.745222213947272
2326.5 33806.578822262395988 31388.00800597268244
2327 33797.312632316155941 31381.689612379603204
2327.5 33769.956372982400353 31367.519883629774995
2328 33828.592774825825472 31413.466234644849465
2328.5 33808.411771557017346 31403.33151077459479
2329 33790.651333095316659 31391.361456853650452
2329.5 33821.807636124707642 31420.941848545018729
2330 33845.925302362935327 31435.330936644750182
2330.5 33834.093105237261625 31426.417052752200107
2331 33818.41016203831532 31414.942234055568406
2331.5 33792.822459975752281 31393.790775825265882
2332 33820.706608944907202 31424.937842525494489
2332.5 33818.109055877735955 31428.911414314141439
2333 33840.462386517567211 31453.663175223307917
2333.5 33853.805919648359122 31471.563091067822825
2334 33824.656137639882218 31451.579526466561219
2334.5 33896.692827404025593 31506.864856378957484
2335 33900.152476380237204 31502.721654897453845
2335.5 33890.966474129832932 31491.860979000924999
2336 33900.600607877982839 31503.427170962797391
2336.5 33886.578595728358778 31497.20768392377795
2337 33868.371833652054192 31482.475607347179903
2337.5 33872.240223731729202 31490.646036364323663
2338 33850.494930081382336 31473.126333876905846
2338.5 33844.701217793226533 31477.22294798472285
2339 33863.492684099102917 31495.086568902872386
2339.5 33846.717806308566651 31484.152624607224425
2340 33853.743558341724565 31496.525011719677423
2340.5 33843.134658505419793 31487.260926805902272
2341 33856.950709039614594 31504.495812509532698
2341.5 33862.412149052623136 31507.225381631178607
2342 33878.540900699663325 31523.194036262000736
2342.5 33851.539639094255108 31497.125669536442729
2343 33881.506753087844118 31523.98132923243611
2343.5 33904.403394368142472 31545.705066680693562
2344 33875.130195928446483 31526.524889438922401
2344.5 33902.424561063373403 31551.639880809616443
2345 33904.52068039112055 31555.992195786559023
2345.5 33926.844694803869061 31579.861528051966161
2346 33883.572274603393453 31543.038106002408313
2346.5 33918.17368730896851 31573.70176076774078
2347 33870.363340954398154 31543.850524405126635
2347.5 33864.779491711480659 31538.537861859251279
2348 33887.810768824936531 31565.17241079755695
2348.5 33908.888163393006835 31580.263454071980959
2349 33930.846456828650844 31600.283231149744097
2349.5 33959.351583174262487 31628.147948802346946
2350 33924.534630221380212 31609.387897062788397
2350.5 33947.501005385107419 31628.996176798435044
2351 33987.029056000763376 31660.054541364821489
2351.5 33965.629474415633013 31649.10258528545819
2352 33959.525516657806293 31647.040299719956238
2352.5 33971.233660638659785 31669.08823705926261
2353 33932.322421264289005 31633.39692922456743
2353.5 33939.187871061105398 31644.53054068192796
2354 33953.541611660773924 31658.511721632345143
2354.5 33965.765702422344475 31660.000104099803139
2355 33963.406724724198284 31663.437261643655802
2355.5 33970.558235711629095 31676.718736986058502
2356 33961.891179963204195 31664.30019914244258
2356.5 33933.283837279625004 31646.257096840305167
2357 33914.023298013926251 31629.69209757365752
2357.5 33946.781035825224535 31657.12162236176664
2358 33951.875396605879359 31658.569283672215533
2358.5 33957.687851072849298 31666.672091817868932
2359 33958.452272670489037 31664.263945338854683
2359.5 33963.269143017845636 31668.069009822858789
2360 33956.490641629985475 31663.663882575252501
2360.5 33961.154202442798123 31670.609638549947704
2361 33997.907571771611401 31707.12009328484055
2361.5 33968.592162480657862 31688.194305704040744
2362 33986.118247045757016 31706.859452823420725
2362.5 33935.498097176183364 31674.002935228534625
2363 33986.308512614152278 31717.547464940940699
2363.5 33975.768479516853404 31706.92560555518503
2364 33978.530441281291132 31714.958106238544133
2364.5 34029.300875099892437 31759.397417339343519
2365 33974.424439364825957 31710.023113965045923
2365.5 33983.260399519633211 31725.551365249259106
2366 33963.894504273055645 31712.871230405249662
2366.5 33983.289133512495027 31727.037262524936523
2367 34013.356796828462393 31755.191258896404179
2367.5 34022.682308275012474 31766.974474803413614
2368 34004.976433980817092 31752.603362859721528
2368.5 34044.180838384163508 31782.224290244943404
2369 34028.957178749522427 31776.944504386741755
2369.5 34027.038971809430222 31778.282640839526721
2370 34046.565187098480237 31797.588165574517916
2370.5 34020.613284520382877 31779.121790170709573
2371 34039.733855780308659 31792.950508010540943
2371.5 34028.430724706777255 31781.976977661572164
2372 34042.321853595625726 31797.75732662207156
2372.5 34058.014706365749589 31818.436404982305248
2373 34069.241388675683993 31836.790024602407357
2373.5 34020.513977835231344 31804.719848953631299
2374 34004.680403552862117 31793.940587806824624
2374.5 33994.477577838515572 31787.497111524164211
2375 34025.216780334601935 31824.231674390939588
2375.5 34001.378555869821867 31806.259156225973129
2376 34022.179622671668767 31822.891915373569645
2376.5 33985.092742223539972 31797.207264409258642
2377 34002.574478618204012 31810.955895208822767
2377.5 34006.209975568875961 31817.169351059743349
2378 34018.217834845381731 31833.364100715680252
2378.5 34012.592369298123231 31823.761384752870072
2379 34006.540484086042852 31821.038755338078772
2379.5 34039.78549822774221 31846.965228857745387
2380 34031.527630370663246 31848.165954350159154
2380.5 34037.903456577318138 31854.322884613811766
2381 34056.543685358250514 31871.466776862656843
2381.5 34064.857397255320393 31886.572628750094736
2382 34043.75746552592318 31870.348454956696514
2382.5 34042.588054193613061 31869.6133231131098
2383 34077.2746672515932 31907.227615458155924
2383.5 34040.914538409320812 31875.160370882942516
2384 34050.779795187081618 31877.372186304390198
2384.5 34061.871511790835939 31891.255117980821524
2385 34073.709325996453117 31907.480360541921982
2385.5 34094.75507489652955 31925.462641236124909
2386 34063.390437399590155 31899.284908601188363
2386.5 34074.436844256226323 31906.257840062306059
2387 34079.788399339748139 31914.187397344052442
2387.5 34060.887792971821909 31908.648144891205447
2388 34118.956413485000667 31954.703120051231963
2388.5 34128.806437918021402 31969.150294525312347
2389 34113.779288756973983 31958.677435062512814
2389.5 34109.072119706557714 31957.390263561654137
2390 34096.87093691201153 31949.204906258524716
2390.5 34104.867368684572284 31952.891331783564965
2391 34124.170691657804127 31977.212388872947486
2391.5 34120.323632820742205 31982.215120290129562
2392 34119.904752121765341 31986.824509097747068
2392.5 34106.559055597965198 31972.864357183989341
2393 34130.597221951604297 31999.798372901845141
2393.5 34089.269438122777501 31970.607705553182313
2394 34115.42449475475587 31991.969485082172469
2394.5 34088.255675071886799 31979.148990212343051
2395 34076.986415055405814 31969.01266117506384
2395.5 34086.91350020776008 31981.579277129574621
2396 34097.316939418204129 31994.299313029332552
2396.5 34107.928642903585569 32008.001927093464474
2397 34099.231773424122366 32001.992784665795625
2397.5 34104.21711453073658 32008.924249050356593
2398 34099.639026112512511 32014.867200770157069
2398.5 34088.862215141307388 32010.415270416124258
2399 34090.619991168125125 32016.695547884395637
2399.5 34116.517830524295277 32040.76692763680694
2400 34088.862565728224581 32025.25131825871722
2400.5 34111.705051568394993 32051.363663183350582
2401 34097.544063327171898 32039.339028851260082
2401.5 34129.053455688161193 32067.122007676603971
2402 34129.823135118393111 32065.81903103294826
2402.5 34158.087842016582727 32098.193020585291379
2403 34150.403189504657348 32093.717023886634706
2403.5 34147.560434402388637 32087.161470378152444
2404 34134.467560629702348 32080.866868209715904
2404.5 34169.263269738308736 32111.389089293010329
2405 34166.62613709535799 32109.176286204707139
2405.5 34164.55950517529709 32110.145339154474641
2406 34149.206300927231496 32104.943338890410814
2406.5 34118.545917065843241 32077.213356764736091
2407 34170.663765451317886 32121.670913279056549
2407.5 34176.610741454060189 32131.038781972038123
2408 34175.725370465275773 32133.675097317562177
2408.5 34181.166703917959239 32135.328488812414435
2409 34161.17525004408526 32121.882006077576079
2409.5 34174.024590310909844 32142.953911057258665
2410 34212.346386045770487 32181.291068930429901
2410.5 34182.529118353857484 32153.095015490085643
2411 34212.232030149054481 32183.673440252070577
2411.5 34210.765651192516088 32183.614197351529583
2412 34204.426345006657357 32183.159817841227778
2412.5 34167.898958161240444 32156.44095629466392
2413 34184.714914555101132 32188.692633587674209
2413.5 34189.411214258725522 32188.2121634610412
2414 34171.941979205286771 32173.836995269575709
2414.5 34193.789870017149951 32192.027119039266836
2415 34182.598116932327684 32188.359960785637668
2415.5 34214.359161100881465 32215.687471360310155
2416 34183.111421428548056 32189.499736829286121
2416.5 34207.677364997747645 32213.711691197426262
2417 34202.136253465629125 32211.638150563136151
2417.5 34227.382230147137307 32238.191928691096109
2418 34188.734794669544499 32210.754949576894433
2418.5 34216.322737086702546 32238.321736572353984
2419 34205.817549221901572 32228.518692307978199
2419.5 34210.091978103111614 32227.846099379843508
2420 34233.583071602006385 32250.470824504438497
2420.5 34250.320050538866781 32265.284666489184019
2421 34241.285031124098168 32253.866271828937897
2421.5 34242.104598551661184 32255.910307212525368
2422 34235.976889245284838 32261.608326284371287
2422.5 34256.387460966107028 32287.646438544779812
2423 34232.255904678590014 32271.944347665445093
2423.5 34243.881874298152979 32280.639754305382667
2424 34268.04920696264162 32300.331396125115134
2424.5 34280.427997614038759 32318.263599121568404
2425 34251.696884280114318 32304.38740476764724
2425.5 34249.277035712824727 32303.21061303584429
2426 34306.590768147856579 32355.025285579387855
2426.5 34272.26840112618811 32334.761495149894472
2427 34290.334660122738569 32348.927735205059435
2427.5 34316.377760039322311 32369.413104440151074
2428 34329.122698137820407 32385.684462329190865
2428.5 34303.907940654382401 32357.409803142079909
2429 34301.59259495112201 32369.094026192240563
2429.5 34328.522623743861914 32397.661395877417817
2430 34305.565171040507266 32382.236154511683708
2430.5 34295.734680205474433 32374.276594183265843
2431 34271.229587573820027 32350.058527512090222
2431.5 34310.262936060396896 32388.51053385628984
2432 34273.263911368907429 32359.323688915003004
2432.5 34292.212669163236569 32377.15039710243218
2433 34295.609460491570644 32378.253406706007809
2433.5 34350.538543237038539 32427.028939697822352
2434 34328.513516570441425 32409.712893602398253
2434.5 34316.118872043407464 32403.111164206700778
2435 34345.790637696132762 32426.610292750352528
2435.5 34342.112853665254079 32424.347504334054975
2436 34349.351595562242437 32435.322292685781576
2436.5 34326.327808261223254 32417.216257777370629
2437 34343.786157992552035 32437.389799245131144
2437.5 34298.546479491225909 32411.098806363428594
2438 34309.211206159547146 32423.272324725137878
2438.5 34350.488489509625651 32461.349112967527617
2439 34346.72374678660708 32457.407413961853308
2439.5 34292.182193544795155 32416.957069208016037
2440 34352.967489467686391 32463.577545297426695
2440.5 34342.493699136626674 32459.632376562982245
2441 34331.03942566576734 32462.496061137873767
2441.5 34345.041067335085245 32481.56815843367076
2442 34338.907819447798829 32488.555543650385516
2442.5 34328.43968975419557 32484.807472888958728
2443 34350.120222926860151 32498.760531600244576
2443.5 34318.943175533699105 32472.704755503065826
2444 34339.399854873256118 32498.131438666252507
2444.5 34335.934393880925199 32500.881504858498374
2445 34347.780383465098566 32515.727156670516706
2445.5 34340.9584491111018 32518.57614664229186
2446 34344.262636648221815 32519.655765448031161
2446.5 34356.915240860631457 32536.325061416733661
2447 34358.988005690342106 32534.54003796622419
2447.5 34370.465702777306433 32543.488865218161664
2448 34359.578395634656772 32540.452209288509039
2448.5 34340.093769114093448 32526.285272300232464
2449 34332.521545412288106 32520.450662321371055
2449.5 34362.456640261902066 32548.351365075359354
2450 34385.904574992593552 32573.96304165372203
2450.5 34351.638555045283283 32539.60008489737811
2451 34357.753224042644433 32547.798640097396856
2451.5 34380.716835205748794 32577.397018971649231
2452 34376.481935524876462 32576.40794591797021
2452.5 34346.372914265863074 32562.142018331502186
2453 34354.774899481817556 32567.345701639678737
2453.5 34352.96694292723987 32578.358179178074352
2454 34364.669488147948869 32591.901734885879705
2454.5 34367.745311030113953 32607.474330342687608
2455 34359.125516122236149 32606.143412977642583
2455.5 34370.127393689632299 32614.761872002964083
2456 34356.979115869406087 32604.538457904644019
2456.5 34366.108675495030184 32614.223035242765036
2457 34355.039841083933425 32603.326982822833088
2457.5 34381.323250354260381 32627.558392217037181
2458 34387.50177103052556 32635.628484735541861
2458.5 34393.107236829710018 32635.614460180117021
2459 34424.730356419771852 32661.371573995525978
2459.5 34417.02711548408115 32664.55645653285319
2460 34388.265927188505884 32648.670234421599162
2460.5 34382.007044694095384 32648.233948007477011
2461 34390.354404087673174 32668.416996274434496
2461.5 34387.834441294158751 32662.986237247754616
2462 34400.590614323533373 32674.313574411382433
2462.5 34411.224878272892965 32683.759190328710247
2463 34403.211750283255242 32682.076978749526461
2463.5 34400.569399693071318 32683.054357103064831
2464 34416.640498900662351 32695.26532206473712
2464.5 34387.984485820124974 32673.173884271160205
2465 34409.508513593413227 32684.772758372131648
2465.5 34400.317467398752342 32675.120462549111835
2466 34437.116032025398454 32711.419671194955299
2466.5 34421.976327023578051 32706.0320860455613
2467 34465.243424442196556 32746.634389734179422
2467.5 34452.107668748518336 32728.4052734296165
2468 34428.916198499900929 32706.11564909849767
2468.5 34427.945167996673263 32704.883743258276809
2469 34454.73545891977119 32732.279119692979293
2469.5 34471.313917325074726 32754.218202489235409
2470 34469.132072025720845 32755.961308836682292
2470.5 34451.771483439821168 32735.298664872836525
2471 34443.278008242494252 32727.728524933729204
2471.5 34460.619445773649204 32753.204704768948432
2472 34494.11134965497331 32779.867993990148534
2472.5 34466.747045036259806 32755.364501865769853
2473 34473.566617503078305 32766.372162099407433
2473.5 34482.627698621676245 32774.261885678803083
2474 34489.163672300623148 32794.55987993907911
2474.5 34531.570497895547305 32833.016888433521672
2475 34513.227799940934347 32816.006261196685955
2475.5 34502.392683010439214 32813.599758999196638
2476 34512.641387248630053 32824.66033143788809
2476.5 34504.627392258938926 32822.586293970343831
2477 34504.832248283535591 32830.890879683669482
2477.5 34495.39865705846023 32834.251150226198661
2478 34522.866940352592792 32860.072887976304628
2478.5 34531.72288265680254 32866.965656106331153
2479 34484.877548176234995 32833.701700245357642
2479.5 34531.27506075547717 32868.845070534109254
2480 34526.844453125988366 32873.502333969074243
2480.5 34552.571333401654556 32903.104911410468048
2481 34510.789396010448399 32869.471343494718894
2481.5 34520.1183416896165 32873.563155982898024
2482 34516.235050066949043 32877.612418455348234
2482.5 34542.933293091962696 32907.930750635787263
2483 34538.659321668019402 32909.769373961535166
2483.5 34537.31459485101368 32915.819406996721227
2484 34520.6520028905652 32909.512139446123911
2484.5 34523.268089080680511 32916.056263680591655
2485 34503.839416639741103 32901.119784516071377
2485.5 34545.265460374539543 32936.088748104011756
2486 34557.774875827752112 32955.738122463466425
2486.5 34552.310054827612475 32947.713278039846045
2487 34534.073222266866651 32933.962803363028797
2487.5 34536.241496532871679 32933.48703777063929
2488 34569.024142509930243 32973.635806342266733
2488.5 34579.832083391003835 32989.542967495319317
2489 34554.823022938762733 32965.14621415684087
2489.5 34554.615913012486999 32963.640001676940301
2490 34545.045860207908845 32963.051900356353144
2490.5 34555.124290139334335 32970.103035028179875
2491 34551.894573830075387 32976.421783303048869
2491.5 34546.760394660261227 32981.66957975934929
2492 34569.173045634583104 32993.239338118954038
2492.5 34602.166610458894866 33017.074109548062552
2493 34589.952611362357857 33013.798455341908266
2493.5 34566.808965854514099 33000.27576169285021
2494 34593.869409973041911 33024.300121066757129
2494.5 34631.576060267623689 33052.664504781947471
2495 34587.944810696259083 33012.808994285805966
2495.5 34594.742886090607499 33020.034542500252428
2496 34615.831958458133158 33038.379674872754549
2496.5 34598.683669080499385 33021.205952983327734
2497 34663.583423771560774 33077.830053374833369
2497.5 34588.821290725725703 33011.04066407350183
2498 34615.353591308812611 33034.684594148020551
2498.5 34610.05247049544414 33035.538265849660092
2499 34595.247987128859677 33024.301519763328542
2499.5 34639.415896933700424 33059.583424563592416
2500 34634.016869864164619 33064.566578310426848
2500.5 34602.398353424439847 33032.517992887944274
2501 34645.357244960170647 33069.951160703123605
2501.5 34615.978820483505842 33045.144203014147934
2502 34638.117855536685965 33059.108664138635504
2502.5 34678.399561570862716 33084.127118907832482
2503 34683.698967556090793 33094.96844925791811
2503.5 34656.492660070609418 33080.093098119730712
2504 34679.968069579699659 33107.624717133927334
2504.5 34650.964517457134207 33084.276481612323551
2505 34662.164250523608644 33091.941406827274477
2505.5 34645.544436289965233 33074.110822812086553
2506 34661.117873938128469 33096.587118595656648
2506.5 34669.786060571073904 33100.463835285750974
2507 34705.949732309331011 33136.324943440289644
2507.5 34726.729023722058628 33156.265308444206312
2508 34722.755520157392311 33158.05242755535437
2508.5 34710.067671304044779 33157.491220386589703
2509 34671.733488592268259 33131.531068442229298
2509.5 34704.322600042280101 33160.04380610294902
2510 34680.81325130489131 33142.510061934837722
2510.5 34716.435128598073788 33172.605683802430576
2511 34717.136465848590888 33169.173604089963192
2511.5 34719.089372908267251 33171.984157787206641
2512 34715.173368786076026 33178.429687831245246
2512.5 34672.949064326159714 33157.867999632442661
2513 34685.825442470413691 33171.668861078724149
2513.5 34723.180731196451234 33207.928592154217768
2514 34715.804017444170313 33198.074284833252023
2514.5 34703.692163131185225 33197.095044688372582
2515 34691.314442126684298 33188.853967158909654
2515.5 34731.742533324126271 33222.800057045940775
2516 34721.227176933054579 33210.213514309980383
2516.5 34729.103144672364579 33212.442819640120433
2517 34761.002132391411578 33236.792173625573923
2517.5 34743.21901740298199 33232.117082970959018
2518 34772.91850709454593 33257.564240807769238
2518.5 34773.792336876722402 33256.656502393248957
2519 34788.504584983071254 33273.701127105254272
2519.5 34783.882139988258132 33276.305925952961843
2520 34804.661925062551745 33301.235952731964062
2520.5 34795.818043490486161 33284.2980638175286
2521 34779.944532737739792 33272.099104059263482
2521.5 34784.616090165945934 33273.432626130779681
2522 34811.339593456817965 33293.724980546947336
2522.5 34795.809182048607909 33278.321794938703533
2523 34813.82297551164811 33301.103341505011485
2523.5 34789.026689633203205 33285.739028100586438
2524 34802.450694650528021 33307.22312175976549
2524.5 34790.898133921276894 33306.006137327713077
2525 34794.459883593022823 33302.058750609343406
2525.5 34801.12935152035061 33305.016918443856412
2526 34796.070971246947011 33304.705371244199341
2526.5 34829.499575884110527 33331.780929352127714
2527 34809.137524328289146 33322.898951158866112
2527.5 34824.886090253952716 33341.241752217501926
2528 34822.14456847661495 33339.795447183823853
2528.5 34879.347441273217555 33378.00962014678953
2529 34880.116147399639885 33375.572578838990012
2529.5 34878.298941906701657 33370.04878201225074
2530 34861.369497117579158 33358.330071733224031
2530.5 34896.097295791310898 33391.034042808074446
2531 34918.068241597298766 33403.483959599012451
2531.5 34930.49004831417551 33407.954102254014288
2532 34951.014294288135716 33436.799477406173537
2532.5 34904.25059385120403 33402.842752501703217
2533 34874.77102895914868 33378.800395030826621
2533.5 34933.454081834781391 33429.922556232682837
2534 34919.526359390118159 33424.93196677967353
2534.5 34933.699730206244567 33443.906353070349724
2535 34936.518127797229681 33450.536807363721891
2535.5 34935.317742968494713 33447.898139719494793
2536 34974.653855215350632 33485.919683537744277
2536.5 34969.052940679794119 33480.277014897437766
2537 34974.34980532588088 33488.351155985830701
2537.5 34933.403736975778884 33453.825169753064984
2538 34968.972302915586624 33489.54324693048693
2538.5 34985.524735709717788 33507.210299742895586
2539 35027.82891513852519 33546.38470414076437
2539.5 35001.258530455590517 33519.600476244202582
2540 34990.856087500236754 33516.543700986308977
2540.5 35039.624229410175758 33553.849632438570552
2541 35027.375054722695495 33542.768046144963591
2541.5 35061.908018984599039 33569.821784382802434
2542 35053.551570026880654 33565.252050415743724
2542.5 35059.109118344938906 33580.649649490354932
2543 35035.992561249695427 33558.082579371803149
2543.5 35092.687305595834914 33608.70805368496076
2544 35075.601246750011342 33593.435154208003951
2544.5 35077.498681317643786 33602.475717527609959
2545 35151.630836722251843 33666.577862495301815
2545.5 35158.027891012650798 33671.850180098721466
2546 35192.416808575602772 33706.838624688585696
2546.5 35147.609251603462326 33674.056701079141931
2547 35159.971617220136977 33683.887939250649652
2547.5 35170.611850019609847 33694.786564484711562
2548 35204.712351622118149 33728.332918946427526
2548.5 35216.896261363152007 33746.801910686474002
2549 35230.199470984007348 33765.557711844609003
2549.5 35240.251112236728659 33772.960867014931864
2550 35187.905783414440521 33733.219280443081516
2550.5 35231.364054677535023 33773.400272893857618
2551 35163.873018949918333 33724.409333307819907
2551.5 35201.436526568919362 33757.597929820389254
2552 35185.941854835400591 33748.64012183403247
2552.5 35167.547837341917329 33745.779895604908234
2553 35167.10085907728353 33755.633676206729433
2553.5 35149.415655227632669 33748.31904043405666
2554 35135.396932390860457 33743.447833434795029
2554.5 35172.077694635234366 33767.376475768360251
2555 35146.901919161005935 33758.616929990719655
2555.5 35176.65010696000536 33783.513197257008869
2556 35212.022040419302357 33816.804816953954287
2556.5 35178.389498944139632 33798.940822820317408
2557 35217.187816665784339 33826.272589904780034
2557.5 35195.0640083438484 33811.027604591719864
2558 35263.97769249715202 33878.329016950257937
2558.5 35206.593970058354898 33825.874020849376393
2559 35232.416371542720299 33854.571308928272629
2559.5 35246.07114904543414 33869.778145726530056
2560 35266.45454847990186 33882.348158256274473
2560.5 35252.050328964913206 33873.567653523648914
2561 35229.959393507626373 33852.752946884342236
2561.5 35230.632558817662357 33859.564520612766501
2562 35239.048078666899528 33868.380763299595856
2562.5 35279.845873044767359 33901.458241119704326
2563 35275.002412868248939 33908.117164941199007
2563.5 35330.535173552358174 33953.037637159475707
2564 35323.746838584083889 33951.722038204199634
2564.5 35321.539239922596607 33950.252611502830405
2565 35381.514485119812889 34001.602628222666681
2565.5 35329.311193694651593 33956.624901455848885
2566 35340.738490609946894 33969.64908152847056
2566.5 35386.41542225197918 34014.109380482754204
2567 35410.861796327102638 34035.988680180176743
2567.5 35392.164510158749181 34019.318310541959363
2568 35392.241534876266087 34018.429278073577734
2568.5 35442.555571405042429 34056.893212452348962
2569 35400.083876627737482 34025.684638753489708
2569.5 35424.515789938581293 34050.670224964451336
2570 35415.644513916384312 34041.814668419581722
2570.5 35416.727933439353365 34047.393055707092572
2571 35435.015518327083555 34069.802195632255462
2571.5 35452.253803074570897 34086.250450971449027
2572 35464.77896215862711 34100.404896668347646
2572.5 35455.461248029896524 34101.252457016635162
2573 35481.503251512949646 34121.695931004964223
2573.5 35509.597673030431906 34142.017124409976532
2574 35544.580588490585797 34173.587657073287119
2574.5 35534.101868783356622 34160.903012607515848
2575 35544.309053006254544 34173.222280477675667
2575.5 35556.517441303745727 34190.915838191940566
2576 35596.34648067564558 34222.385961035855871
2576.5 35559.571176857163664 34190.911916455632308
2577 35496.112125235194981 34138.33401098788454
2577.5 35526.236029842308199 34168.911600626146537
2578 35554.074539947192534 34186.128435354512476
2578.5 35527.281238979288901 34160.917736451228848
2579 35540.450376225715445 34172.996422941279889
2579.5 35546.600195743762015 34183.797212505749485
2580 35556.707552443433087 34197.979929540182638
2580.5 35547.692730661743553 34197.484542779064213
2581 35537.307806273805909 34187.285051519909757
2581.5 35510.495372285957274 34167.8255674079046
2582 35560.710446373581362 34207.98854937741271
2582.5 35550.503293070352811 34193.984568091327674
2583 35553.372523784200894 34197.146858059270016
2583.5 35536.891327800796716 34183.702990050427616
2584 35515.155634618182376 34165.897479075712909
2584.5 35547.889249938278226 34192.593994595670665
2585 35607.853636032428767 34239.016690694450517
2585.5 35543.458036992764391 34184.024896951588744
2586 35577.079860709782224 34213.864907733841392
2586.5 35565.584262645541457 34204.476487573294435
2587 35590.636773427664593 34224.751959667897609
2587.5 35581.581603745835309 34231.625713066707249
2588 35610.873979900505219 34258.650262379414926
2588.5 35608.024889620377508 34257.773394728908897
2589 35590.00906802649115 34235.177845396327029
2589.5 35614.270053371401445 34254.980107523595507
2590 35616.406481720019656 34258.893826876061212
2590.5 35563.840825463121291 34212.180789566002204
2591 35582.706835120254254 34235.732326290228229
2591.5 35541.757979218993569 34201.797590901580406
2592 35558.859144524431031 34216.350526262489439
2592.5 35522.167854180326685 34195.718309216419584
2593 35543.219014780268481 34214.096995833366236
2593.5 35473.492958669929067 34151.757147740216169
2594 35501.640737876063213 34185.569758778226969
2594.5 35520.580468538952118 34207.437904750157031
2595 35537.427819759490376 34230.33978882037627
2595.5 35494.89218685169908 34195.296441671307548
2596 35502.331198213927564 34197.905612196795119
2596.5 35503.148572965692438 34201.490313147936831
2597 35491.901718435728981 34200.020471273739531
2597.5 35531.341283072812075 34230.888287236150063
2598 35552.832166689935548 34246.800113750672608
2598.5 35498.111305755497597 34210.748599648497475
2599 35529.257800316016073 34233.690144694301125
2599.5 35534.223071017288021 34245.011802622771938
2600 35496.345224463235354 34220.987245860924304
2600.5 35520.352817334336578 34240.144800249254331
2601 35489.36250940013997 34215.542421087877301
2601.5 35462.433470811374718 34195.206370551328291
2602 35445.021837418978976 34186.125300257124763
2602.5 35483.702904566809593 34219.222634708603437
2603 35489.025778205264942 34230.787918997040833
2603.5 35437.077620832656976 34187.039481471656472
2604 35512.545690970713622 34252.780974001565482
2604.5 35484.463304236836848 34236.716751396284963
2605 35489.054291679582093 34248.20495609894715
2605.5 35495.427880487892253 34252.690343261616363
2606 35424.206304253522831 34201.067244549572933
2606.5 35500.018001338154136 34266.05104978930467
2607 35539.992632706118457 34300.455708611261798
2607.5 35549.6703260166978 34308.213987746399653
2608 35526.263025680986175 34290.23580321456393
2608.5 35556.425350667479506 34323.704671339335619
2609 35571.199532498794724 34333.249271452405083
2609.5 35571.396374707190262 34334.984831419227703
2610 35558.72903250662057 34324.176345380459679
2610.5 35542.857959404042049 34308.973457876454631
2611 35605.524239796570328 34364.650489402578387
2611.5 35583.390981715398084 34351.507024429163721
2612 35580.569202703598421 34352.545975018998433
2612.5 35584.210358098083816 34363.233595252830128
2613 35555.410028133337619 34342.354486542753875
2613.5 35587.743270293198293 34377.158470421309175
2614 35610.33217853649694 34397.476405968845938
2614.5 35576.935571940564841 34367.567385508424195
2615 35597.547288874426158 34380.939236824378895
2615.5 35587.710140026218141 34370.745409264360205
2616 35544.170510907497373 34344.371313808354898
2616.5 35560.784378117372398 34350.235479444141674
2617 35566.043166745905182 34363.522627680482401
2617.5 35574.625184979275218 34378.586274659763149
2618 35575.001903971962747 34377.915736158451182
2618.5 35581.989777459704783 34392.346041096338013
2619 35575.561170616048912 34392.43636539306317
2619.5 35561.613695858162828 34384.462935037779971
2620 35596.173263730182953 34409.069474822805205
2620.5 35590.266147147158335 34401.816182696748001
2621 35636.256887568306411 34444.949897929625877
2621.5 35628.085859933242318 34444.05158383664093
2622 35640.816388384664606 34462.470559946348658
2622.5 35681.64088696201361 34499.065391991651268
2623 35652.347984105712385 34468.701090727969131
2623.5 35663.693818603227555 34484.275478921284957
2624 35647.447826091825846 34477.381065141198633
2624.5 35653.941365841958032 34483.447721324344457
2625 35669.409568819020933 34501.232477381992794
2625.5 35651.074850478806184 34487.206713602834498
2626 35632.184398571320344 34472.913015574922611
2626.5 35733.885012035243562 34554.169340404921968
2627 35710.82539677812747 34539.610160591291788
2627.5 35683.5240200453336 34512.640486426927964
2628 35730.937243268097518 34558.434819512738613
2628.5 35746.790160140022635 34574.643830196837371
2629 35770.087889133574208 34592.440063515670772
2629.5 35818.426431652391329 34626.082530414721987
2630 35806.618299007786845 34633.141295051020279
2630.5 35823.115045900522091 34653.546244392215158
2631 35784.346961988390831 34618.565478217351483
2631.5 35770.930837974097813 34614.702185853515402
2632 35797.518994933299837 34637.541603318255511
2632.5 35788.259109232632909 34630.920554704607639
2633 35787.501976102641493 34630.88881267690158
2633.5 35841.632515120792959 34678.363997177213605
2634 35865.843907619193487 34699.609754233628337
2634.5 35865.172617439260648 34700.75665069315437
2635 35857.322088487751898 34701.993986803070584
2635.5 35835.33144938469195 34684.5242952070912
2636 35792.941714571396005 34661.48226682333916
2636.5 35762.491709680594795 34641.825023543569841
2637 35849.11632594360708 34720.626772338051524
2637.5 35838.138399243427557 34717.18336907702178
2638 35867.207791613625886 34738.247485488980601
2638.5 35895.735135549584811 34763.383591936391895
2639 35890.470339721912751 34752.594426738527545
2639.5 35885.036980479053454 34755.682789320708252
2640 35871.032511396027985 34746.377382860613579
2640.5 35923.559427472777315 34793.105827555271389
2641 35899.618625962182705 34771.719527770430432
2641.5 35952.098647012797301 34819.463040836781147
2642 35915.082422298655729 34793.640720694740594
2642.5 35972.558349023936898 34837.455583907736582
2643 35921.88562325269595 34800.733669281769835
2643.5 35896.297728494719195 34783.179497105826158
2644 35848.642768351324776 34753.056379439040029
2644.5 35885.158881903953443 34796.576602135770372
2645 35908.875713263856596 34820.529296284512384
2645.5 35919.028273241310671 34835.664455884667404
2646 35835.779828354272468 34769.569425120884262
2646.5 35844.848876755720994 34775.303725734622276
2647 35847.343207915240782 34775.722391752351541
2647.5 35891.992403950804146 34808.831551160466915
2648 35847.094211932417238 34775.385272073937813
2648.5 35861.153333003356238 34795.743024779127154
2649 35877.337211411257158 34814.376264396967599
2649.5 35859.314245255147398 34798.040736625553109
2650 35872.457463743376138 34814.728749724119552
2650.5 35818.377105223982653 34777.620137847523438
2651 35849.604171549231978 34799.670080440133461
2651.5 35824.983649791858625 34787.481114013920887
2652 35805.293875422925339 34773.20169838709262
2652.5 35790.668153059610631 34764.527591489459155
2653 35819.520604119366908 34786.776009370259999
2653.5 35807.084272877691546 34781.811810992876417
2654 35770.636637078823696 34748.181198471662356
2654.5 35729.345308723284688 34725.98572936259734
2655 35717.392168230551761 34716.516306176279613
2655.5 35747.717390381993027 34744.924958930852881
2656 35741.737165522492433 34738.875405399805459
2656.5 35748.888662988363649 34752.068529764430423
2657 35752.022997770975053 34752.848379369352187
2657.5 35741.517028997601301 34741.830864247131103
2658 35760.337658162461594 34759.481949922184867
2658.5 35771.22145288970205 34775.748144200115348
2659 35787.354235914965102 34784.022150599048473
2659.5 35777.824606201247661 34777.326652826435748
2660 35778.19741597459506 34782.598451033023593
2660.5 35769.741386645553575 34779.831762570829596
2661 35762.774050573767454 34774.599033996863
2661.5 35778.009329252497992 34786.293454750855744
2662 35782.964055236814602 34795.638604013249278
2662.5 35808.844358820395428 34820.238776630336361
2663 35802.019624870496045 34817.144131247863697
2663.5 35783.386617210002441 34802.125610403672908
2664 35785.441552622847666 34810.875132920329634
2664.5 35752.299620965997747 34786.685238875754294
2665 35776.715755216726393 34806.677275959111284
2665.5 35837.012368401097774 34857.489557269131183
2666 35820.558336687747214 34844.453357098427659
2666.5 35797.862938829814084 34839.58450122042268
2667 35805.628075544816966 34845.138608642984764
2667.5 35753.94792737570242 34801.584496027207933
2668 35781.412985338247381 34824.283349940851622
2668.5 35767.298268303726218 34815.762302874041779
2669 35745.356573447854316 34791.952742160210619
2669.5 35775.692909625620814 34812.393759103382763
2670 35811.007163660862716 34845.010427122477267
2670.5 35796.785051677506999 34839.912670474564948
2671 35824.461485748433915 34857.022953369058087
2671.5 35826.535977499304863 34868.409178308436822
2672 35873.641132402321091 34908.567226584993477
2672.5 35865.69223728893121 34901.12220095347584
2673 35857.724422757833963 34892.124061184149468
2673.5 35861.201611948017671 34895.832574669955648
2674 35843.52976313776162 34885.267108049585659
2674.5 35857.219247583459946 34902.779209385975264
2675 35898.254487547070312 34932.099029047574732
2675.5 35894.933294771035435 34930.662251525660395
2676 35898.525888642783684 34938.563550908824254
2676.5 35916.278739482106175 34953.807528523182555
2677 35898.158431332805776 34941.695884893844777
2677.5 35934.698246940148238 34974.550702774147794
2678 35921.200400745990919 34960.121250016723934
2678.5 35928.135817763068189 34956.786481665738393
2679 35902.358797476204927 34936.435121901122329
2679.5 35928.402078323088062 34966.173439289028465
2680 35940.572617128826096 34976.497665884860908
2680.5 35926.661034256270796 34965.902242056385148
2681 35932.963186749904708 34972.254950981980073
2681.5 35923.18614264272037 34966.407414028646599
2682 35888.852123173310247 34934.766970208176645
2682.5 35910.002313888930075 34960.755515254335478
2683 35940.488642467731552 34985.442025055745034
2683.5 35879.899744221183937 34940.397654163403786
2684 35879.864393156924052 34940.036287369206548
2684.5 35903.71392320155428 34964.577169509851956
2685 35860.907506075433048 34932.137112656710087
2685.5 35889.308714788414363 34959.24975282712694
2686 35905.857262098848878 34964.31138381769415
2686.5 35883.74811393814889 34958.797836188256042
2687 35925.249497185177461 34988.956650110172632
2687.5 35884.691815516518545 34957.519343714375282
2688 35857.128011481087015 34940.384589618712198
2688.5 35880.994845501787495 34961.388899322417274
2689 35878.910680084591149 34965.85777675639838
2689.5 35847.026338550153014 34946.075929050195555
2690 35898.884321523997642 34990.689878040764597
2690.5 35886.065379512008803 34984.436202827171655
2691 35899.319661947112763 35006.052434609664488
2691.5 35887.278573536299518 34998.127108848064381
2692 35870.995950412820093 34983.463487456647272
2692.5 35892.889101189743087 35003.15457268589671
2693 35909.844078663161781 35022.436618258027011
2693.5 35902.423938286941848 35016.682591028657043
2694 35898.87500532050035 35015.325476360230823
2694.5 35894.594501764753659 35013.609991009157966
2695 35908.348172132529726 35030.21279794604925
2695.5 35896.888511556549929 35026.545825748828065
2696 35864.571510517111165 34996.561215882618853
2696.5 35834.878066177523579 34976.076529275662324
2697 35871.359338053785905 35007.637734900148644
2697.5 35881.634905263512337 35014.065424251690274
2698 35847.020087899443752 34993.780093713940005
2698.5 35847.327892124543723 34993.654153686824429
2699 35859.152778991723608 35011.510166731364734
2699.5 35901.103578336442297 35047.799608749206527
2700 35870.185065381388995 35015.563631859804445
2700.5 35847.829422518261708 34995.872664423441165
2701 35845.602852577059821 34997.734739520776202
2701.5 35844.259850326030573 35001.237103131956246
2702 35866.227200817098492 35016.083852232746722
2702.5 35878.68143515909469 35036.899401531904005
2703 35892.504907681097393 35051.27914996198524
2703.5 35883.342306217251462 35037.801744770891673
2704 35887.110160229203757 35047.019929429108743
2704.5 35889.814397467387607 35051.13019540264213
2705 35897.539712371886708 35050.600538929422328
2705.5 35892.18897253178875 35051.44307330812444
2706 35951.667903792847937 35099.260971642266668
2706.5 35962.308691213511338 35110.031880066468148
2707 35946.398390202746668 35101.323539673969208
2707.5 36007.322478496585973 35141.74745250599517
2708 36001.642019811639329 35139.992632607863925
2708.5 36032.494867859706574 35165.95681426191004
2709 36027.330211159423925 35156.327300173019466
2709.5 36004.541095437176409 35151.673336732223106
2710 36027.569460376544157 35171.550557497743284
2710.5 36001.465881462143443 35143.049786280338594
2711 35994.151300160265237 35137.407105075355503
2711.5 35967.047135588603851 35121.156477374839596
2712 35995.899496641701262 35144.471248405752704
2712.5 35984.121301039100217 35133.869738306791987
2713 35988.014651897166914 35143.144658672026708
2713.5 36005.003038814582396 35161.727943882797263
2714 36012.393144961919461 35168.134118902766204
2714.5 35966.711143862776225 35140.917663811072998
2715 35981.758657730402774 35153.182741112599615
2715.5 36002.759702268223919 35171.447636659395357
2716 35999.511336540344928 35173.099211018859933
2716.5 35996.769544879971363 35175.799169143545441
2717 36024.692062223592075 35194.097088784845255
2717.5 36006.532897528733884 35180.878115354091278
2718 36019.425449528818717 35205.756615580961807
2718.5 36019.16924077438307 35204.948842098601745
2719 36001.305631054950936 35197.385208036059339
2719.5 36048.920753859005345 35238.689644809979654
2720 36045.592924311844399 35243.977442292045453
2720.5 36045.038666492444463 35240.860246128198924
2721 36015.943953617097577 35215.720627689406683
2721.5 36074.970705774670932 35274.440413056370744
2722 36069.236362500108953 35275.984795144475356
2722.5 36066.223921509670618 35271.629621878972102
2723 36035.534393372930936 35246.616375922603766
2723.5 36026.249610032471537 35245.045401135779684
2724 36023.124598025504383 35247.994211031778832
2724.5 36056.983370894136897 35276.905479001899948
2725 36035.746335422038101 35262.16859370496968
2725.5 36042.794649259412836 35267.580033256657771
2726 36098.42594217867736 35323.75222783171921
2726.5 36064.686640041152714 35302.924502779525938
2727 36041.295894569040684 35280.106480238799122
2727.5 36048.47789596732764 35293.873701090335089
2728 36089.488817772151378 35325.297595671647287
2728.5 36106.097011891193688 35348.150461306591751
2729 36118.751154974983365 35361.247261933938717
2729.5 36071.903482105837611 35321.389332971142721
2730 36072.002643021922268 35329.910572065004089
2730.5 36072.798538027906034 35319.507474730176909
2731 36069.142179669026518 35331.340357491186296
2731.5 36060.059924863067863 35325.761880884449056
2732 36072.835502443485893 35337.29240335313807
2732.5 36044.50940657373576 35323.553030362018035
2733 36086.564641659890185 35363.226022952592757
2733.5 36084.379757393602631 35365.171608173935965
2734 36071.931565719823993 35362.420411182334647
2734.5 36091.082788731138862 35376.921361426560907
2735 36116.400686195658636 35402.46161999560718
2735.5 36093.807732712899451 35388.002221652008302
2736 36088.014925669733202 35378.313458145035838
2736.5 36068.791970033598773 35368.147384890209651
2737 36063.313509647552564 35369.04589017588296
2737.5 36045.528080710450013 35354.162300721443899
2738 36035.619944393423793 35356.728738599427743
2738.5 36044.014110125412117 35360.101498095726129
2739 36049.78413328188617 35367.519896254045307
2739.5 36050.565816437454487 35368.635706140819821
2740 36062.452620614254556 35380.288019108047592
2740.5 36048.205977381694538 35367.593874133119243
2741 36064.256739743097569 35381.166219362748961
2741.5 36046.554382239111874 35368.258530366983905
2742 36022.952502434716735 35356.479223533817276
2742.5 36071.257570089859655 35401.514786138948693
2743 36048.399525448483473 35381.41448996897816
2743.5 36024.96216174345318 35369.372611060207419
2744 36048.015811453762581 35397.575802131184901
2744.5 36021.129577381398121 35383.754027808667161
2745 36046.48214317473321 35408.892648930406722
2745.5 36040.762976195394003 35406.376945594718563
2746 36030.383557999579352 35392.445700409894926
2746.5 36006.915307982701052 35374.803316056779295
2747 36032.322745697165374 35404.157220335488091
2747.5 36042.503871033630276 35406.505401528411312
2748 36028.878335096800583 35402.147621022864769
2748.5 36051.068417038062762 35428.570984003483318
2749 36054.116605330258608 35428.084515670867404
2749.5 36044.704301116238639 35422.447063860170601
2750 36043.508291845428175 35432.387597768953128
2750.5 36075.608525437521166 35457.295214580917673
2751 36041.834965332491265 35442.752838606444129
2751.5 36089.438794624438742 35485.878137711872114
2752 36024.775539107802615 35428.676173535372072
2752.5 36077.779083851681207 35485.454822217187029
2753 36087.165083417938149 35488.693692986045789
2753.5 36109.457814729998063 35507.355066371630528
2754 36105.030223583358747 35497.728517919800652
2754.5 36141.848178583844856 35531.41991929874348
2755 36159.636386350990506 35547.591892396856565
2755.5 36133.314366717342637 35521.513282044972584
2756 36179.721908099199936 35563.922402468138898
2756.5 36169.416295792034362 35555.743549013131997
2757 36183.290758907787676 35572.291718776068592
2757.5 36145.017128231716924 35548.773823604926292
2758 36191.288260440414888 35587.936909957672469
2758.5 36177.463982150919037 35573.909717941351118
2759 36168.964314555516466 35569.484092425438575
2759.5 36162.064888894281466 35565.737313886602351
2760 36184.117038121250516 35583.904212724555691
2760.5 36205.456715987231291 35603.590331686544232
2761 36206.450004992882896 35610.486027881881455
2761.5 36200.841334528573498 35597.115265704269405
2762 36216.299286348061287 35614.805700986704323
2762.5 36219.19450600026903 35623.584577874360548
2763 36193.369769477925729 35607.652003408387827
2763.5 36176.54570941561542 35596.248192183003994
2764 36158.139775145558815 35583.822080847348843
2764.5 36169.096550577225571 35602.375753784675908
2765 36171.971682871189842 35605.804263857819024
2765.5 36198.633329737822351 35629.721039397321874
2766 36170.910332724983164 35601.964926965541963
2766.5 36200.289972580023459 35633.601093918521656
2767 36209.128308327482955 35657.339440737006953
2767.5 36246.334190213907277 35689.193229714837798
2768 36229.419568405581231 35665.07069005224912
2768.5 36225.643486533692339 35663.681841994104616
2769 36235.236025569975027 35668.715892212610925
2769.5 36218.26041079951392 35652.036704708094476
2770 36274.632176158229413 35704.01211032232095
2770.5 36289.567246137004986 35718.385984737113176
2771 36246.483405300408776 35680.241265303084219
2771.5 36256.521211978630163 35690.652906102164707
2772 36262.169619278945902 35690.892240769964701
2772.5 36285.146773028136522 35719.393100864894222
2773 36299.007273404065927 35731.971159074739262
2773.5 36276.344675155269215 35707.564494583166379
2774 36304.486663788287842 35735.953712914692005
2774.5 36307.981649882502097 35744.595222888114222
2775 36273.33246351301932 35717.204067532038607
2775.5 36260.462391162895074 35706.576803596821264
2776 36284.360078411169525 35729.852349629247328
2776.5 36243.490367899328703 35705.581428190445877
2777 36219.387408459930157 35690.565182194251975
2777.5 36236.901677771071263 35704.344074527223711
2778 36268.458241407985042 35734.551765838608844
2778.5 36255.585703381504572 35721.506205763485923
2779 36305.90737205784535 35769.416173115918355
2779.5 36295.767278072024055 35753.592298921896145
2780 36310.552946795367461 35763.249077985456097
2780.5 36295.924636278788967 35766.976445076579694
2781 36297.71404623566923 35778.88805266203417
2781.5 36255.358834312755789 35749.837115460730274
2782 36268.069745015105582 35765.22836662287591
2782.5 36239.54123488382902 35749.323741498497839
2783 36255.915585590541014 35758.16861903721292
2783.5 36273.537023232573119 35785.216787703837326
2784 36249.58164343041426 35775.78845294292114
2784.5 36275.34077968710335 35794.8121596376659
2785 36268.394539099179383 35791.95714397449774
2785.5 36252.690718039179046 35771.908230036315217
2786 36252.864486593542097 35782.701483969976834
2786.5 36278.919108000249253 35805.691751214872056
2787 36292.318937594085583 35811.00625041595049
2787.5 36255.742106709440122 35787.659639919969777
2788 36271.622860362222127 35805.842858932788658
2788.5 36310.323207960369473 35832.893847295519663
2789 36302.447061024489813 35830.002268250282214
2789.5 36280.231174185253622 35809.168236731042271
2790 36278.419202723860508 35807.015753596293507
2790.5 36301.857225045852829 35849.576204074306588
2791 36280.504021122455015 35833.410326213394001
2791.5 36312.04654857058631 35867.488814677104529
2792 36309.243095260229893 35863.789186434369185
2792.5 36316.323626199431601 35876.493544627868687
2793 36275.356381194353162 35849.012614133542229
2793.5 36284.202167970848677 35866.220360340790648
2794 36286.8513002651016 35864.269093301285466
2794.5 36279.951066927198553 35861.844392525854346
2795 36289.541748505638679 35876.769145251273585
2795.5 36313.371220424640342 35899.497027836201596
2796 36263.315268542144622 35857.832471036279458
2796.5 36287.485170991341874 35882.943838213352137
2797 36256.700148466079554 35860.138480247238476
2797.5 36276.384742859430844 35872.31184225994366
2798 36279.104710368097585 35887.397472615877632
2798.5 36290.771598375395115 35891.584814400797768
2799 36302.1537975168103 35910.135701907216571
2799.5 36291.456134106920217 35901.670431459409883
2800 36272.99837054193631 35884.105711286516453
2800.5 36292.995502113670227 35913.424285115681414
2801 36292.148755640657328 35919.891021116724005
2801.5 36281.419741638550477 35902.573516200951417
2802 36311.873654733761214 35939.392370909714373
2802.5 36297.42248861824919 35926.779767812331556
2803 36312.772777881778893 35928.901981928444002
2803.5 36325.367480906796118 35945.150712620910781
2804 36345.787359507121437 35962.872065216426563
2804.5 36338.326252896105871 35961.747556565525883
2805 36333.251963910617633 35944.681999208092748
2805.5 36319.982756678757141 35938.993893120074063
2806 36315.643512157672376 35939.846789442119189
2806.5 36353.868819621922739 35976.297825779627601
2807 36360.236096077554976 35973.501262073688849
2807.5 36378.502882356187911 36000.246318604054977
2808 36359.503673932995298 35979.687306285413797
2808.5 36358.755207154594245 35988.242907517960703
2809 36422.641912428334763 36046.455711280694231
2809.5 36384.313010804973601 36017.992833675190923
2810 36378.314696698900661 36017.799949237305555
2810.5 36375.735392201939248 36012.778458282649808
2811 36373.430482478790509 36018.588452261545171
2811.5 36413.523483280616347 36059.507535194912634
2812 36358.504417836484208 36023.629117017851968
2812.5 36416.257762289365928 36073.13648789934814
2813 36371.703042308734439 36031.097969139787892
2813.5 36384.541986279517005 36042.371197086751636
2814 36398.807726147708308 36067.521778577371151
2814.5 36355.886351730361639 36039.072937207594805
2815 36341.437217444559792 36021.962831424243632
2815.5 36378.742005521817191 36051.530267023677879
2816 36373.60811743461818 36047.15597405218432
2816.5 36357.867856723154546 36040.667267754026398
2817 36388.558896626469505 36069.973667587539239
2817.5 36365.822993929235963 36045.809821234528499
2818 36370.95209616691136 36055.784262656663486
2818.5 36372.649574543713243 36062.522835762385512
2819 36398.181861577701056 36086.7024951753192
2819.5 36384.20688781797071 36081.010346356488299
2820 36383.645456081692828 36090.274750536162173
2820.5 36381.486959165675216 36084.141597249326878
2821 36386.765299319682526 36095.568007409536222
2821.5 36407.317171302900533 36115.174950002663536
2822 36406.201551864862267 36103.727241641383443
2822.5 36371.770604029698006 36080.685118914792838
2823 36417.803970763976395 36114.037744641937024
2823.5 36444.669987497887632 36138.323099342065689
2824 36412.38143578938616 36120.814048621599795
2824.5 36427.753496200944937 36141.519832988618873
2825 36405.663248360302532 36115.3442841762444
2825.5 36399.170143955045205 36117.147816927979875
2826 36389.284069769521011 36117.224541759947897
2826.5 36423.590071957536566 36156.006083293206757
2827 36427.783379750078893 36162.609626149816904
2827.5 36452.321503292296256 36182.176068586006295
2828 36424.201453996553028 36159.637870733989985
2828.5 36453.559504006676434 36174.658299785311101
2829 36420.506390235597792 36144.133369081326236
2829.5 36457.886876356213179 36177.979995840898482
2830 36462.200349537422881 36187.700525253290834
2830.5 36467.459549835468351 36201.307091756723821
2831 36459.869823366694618 36200.081142726543476
2831.5 36450.239679352685926 36200.876698592750472
2832 36449.215289507090347 36186.14549714615714
2832.5 36470.074215857508534 36210.207729928559274
2833 36480.100535565041355 36221.363837278586288
2833.5 36471.794799783208873 36212.955468957909034
2834 36487.565783917518274 36227.122895685140975
2834.5 36456.644923719191866 36199.094619355877512
2835 36465.859826001207693 36211.844847349231713
2835.5 36489.938941623542632 36229.771464759141963
2836 36496.68547406221478 36239.700688860793889
2836.5 36493.318079206146649 36226.163635523575067
2837 36512.309054933364678 36244.845437761927315
2837.5 36541.798328085315006 36263.088569208637637
2838 36556.974401139334077 36273.415518573339796
2838.5 36527.849459053424653 36255.302037133871636
2839 36539.884384161618073 36276.393637292698259
2839.5 36530.191713613232423 36277.985249297322298
2840 36526.981736291447305 36279.779751604743069
2840.5 36535.909483303672459 36294.999694168858696
2841 36560.511163635208504 36323.412273060690495
2841.5 36509.017528706674057 36283.896015855527367
2842 36526.872410225427302 36308.340124966845906
2842.5 36510.952333674562396 36300.053744498603919
2843 36517.939743279879622 36313.334146667213645
2843.5 36534.624388051590358 36325.935769308045565
2844 36519.7252558315231 36311.048672140859708
2844.5 36523.772352565822075 36314.829166269191774
2845 36569.109258937511186 36360.32732927051984
2845.5 36548.411624512875278 36353.341090541842277
2846 36540.355168181260524 36346.248469078876951
2846.5 36553.883141824175254 36361.539217264624313
2847 36513.640041909187858 36329.984372450970113
2847.5 36564.129935912125802 36371.00119346036081
2848 36552.062664916913491 36361.774157949716027
2848.5 36552.555329229267954 36359.110986622334167
2849 36555.059397887118394 36364.984328002356051
2849.5 36535.904504197904316 36353.600439326794003
2850 36561.006083725435019 36384.372824435871735
2850.5 36602.928557880157314 36428.929043056887167
2851 36616.096652440122853 36438.647865763377922
2851.5 36584.761898248390935 36413.216283606794605
2852 36603.934191992542765 36423.409684928097704
2852.5 36612.64224893534265 36419.822144507888879
2853 36648.404566884761152 36450.815284863238048
2853.5 36615.963033368367178 36424.602105726677109
2854 36645.829992158083769 36449.242958740054746
2854.5 36643.380972510647553 36454.92944355601503
2855 36675.174271469652012 36481.036833299454884
2855.5 36673.134759507163835 36472.816139450776973
2856 36655.030651201217552 36466.238269816632965
2856.5 36650.28646345991001 36461.502996436895046
2857 36660.219726750881819 36465.242662929784274
2857.5 36656.36054466648784 36465.798599332898448
2858 36642.301007939720876 36463.057730907356017
2858.5 36636.937827885281877 36461.10027611170517
2859 36617.342610712003079 36444.154689255781705
2859.5 36635.492371110682143 36466.530290238195448
2860 36643.880665286582371 36469.295680807255849
2860.5 36645.903749186625646 36479.634573784242093
2861 36634.038785280921729 36474.34664647882164
2861.5 36648.400453144509811 36487.013742068753345
2862 36631.888090655840642 36471.794200855954841
2862.5 36618.815356418061128 36462.79687946010381
2863 36653.965788311550568 36499.033503365004435
2863.5 36630.020835112518398 36481.344601626631629
2864 36617.79761660665099 36472.176687249608221
2864.5 36641.487717942429299 36501.404481433826732
2865 36620.351906568532286 36482.047078533156309
2865.5 36639.327187509516079 36491.784999513962248
2866 36635.181260561003 36492.445779339948785
2866.5 36636.020967583281163 36488.125824989110697
2867 36668.79404924101982 36517.572807664408174
2867.5 36665.464786585951515 36527.018467471498298
2868 36628.363836167249247 36495.965556981165719
2868.5 36673.707886594253068 36544.77323147993593
2869 36673.95209790449735 36549.79558033921785
2869.5 36664.207407398542273 36541.713769213383785
2870 36661.88770382484654 36541.742844240761769
2870.5 36669.341927701614622 36551.712722241383744
2871 36709.444827973355132 36592.814885034291365
2871.5 36680.308643824530009 36573.550906840006064
2872 36637.611188848677557 36537.757823266227206
2872.5 36681.418587138286966 36576.215267939347541
2873 36711.251579619194672 36604.156840532108617
2873.5 36729.962753850741137 36616.548725777640357
2874 36724.083908370361314 36617.070038064055552
2874.5 36720.56218436799827 36614.766423377484898
2875 36740.185902763390914 36635.390144763179705
2875.5 36702.193172741535818 36602.85193911386159
2876 36725.681446106282237 36627.1557374034237
2876.5 36739.416663925025205 36648.081957266127574
2877 36758.311236079469381 36661.621496151594329
2877.5 36709.997060887093539 36623.724546785102575
2878 36714.014374602862517 36632.560749285396014
2878.5 36691.835930050074239 36628.808797080957447
2879 36713.8788816978049 36643.714919758407632
2879.5 36713.051627805703902 36644.817454546369845
2880 36768.636196819745237 36698.871409845400194
2880.5 36729.182115688818158 36666.352438462148712
2881 36738.630277465745166 36674.154994576034369
2881.5 36766.92389666580857 36712.257784674540744
2882 36766.994850049755769 36716.516260840086034
2882.5 36766.281882152965409 36717.650621600689192
2883 36778.776603106067341 36728.4022246487948
2883.5 36765.504935792843753 36711.543424424482509
2884 36795.574776806904993 36745.823319045557582
2884.5 36773.279040879402601 36735.819251306194928
2885 36774.298245440819301 36742.571127201081254
2885.5 36763.799136034882395 36743.079174355123541
2886 36731.511376055103028 36714.159559512241685
2886.5 36767.011366444181476 36754.875328411362716
2887 36758.281306820259488 36737.911591097807104
2887.5 36779.402353259974916 36766.395720130727568
2888 36731.911391333196661 36725.45801198517438
2888.5 36753.973753098624002 36732.213934673491167
2889 36774.744485616007296 36771.903408141886757
2889.5 36751.092739745501603 36748.724896515981527
2890 36747.392702051824017 36740.840339459617098
2890.5 36750.956445089810586 36756.066971398176975
2891 36766.537920246672002 36776.83275130619586
2891.5 36739.246341342412052 36760.103994371020235
2892 36762.522841226949822 36790.624859928408114
2892.5 36757.94733641007042 36786.939749866607599
2893 36789.192148520254705 36817.306819213350536
2893.5 36772.222223453012703 36805.24778563388827
2894 36777.22791455261904 36806.31029330092133
2894.5 36800.160007320213481 36818.737083541040192
2895 36765.222838186462468 36788.682548896271328
2895.5 36794.028065951511962 36826.981671368797834
2896 36799.378735719750694 36825.053898593512713
2896.5 36808.423613966471748 36838.334445051528746
2897 36817.319558307470288 36858.560305707607768
2897.5 36814.139971945987782 36851.963941284484463
2898 36769.737399946046935 36827.338525296487205
2898.5 36768.96179304207908 36830.067665137590666
2899 36789.002248294826131 36842.709370635646337
2899.5 36772.177983365909313 36843.508428448483755
2900 36784.010694311298721 36853.981171570514562
2900.5 36801.529686096546357 36880.674631681198662
2901 36817.619132733838342 36904.119487249023223
2901.5 36788.906712152012915 36887.221628610685002
2902 36819.532417376001831 36908.838562215096317
2902.5 36778.298204461971181 36876.45796817442897
2903 36819.200215880206088 36909.787276759860106
2903.5 36802.7695251911573 36908.855072291538818
2904 36815.822826636853279 36916.347621617758705
2904.5 36804.92494762899878 36911.037682074464101
2905 36803.734282228098891 36900.683394075880642
2905.5 36827.294100530394644 36930.040945799366455
2906 36829.325197005382506 36933.462937365075049
2906.5 36806.271016328515543 36911.383970585884526
2907 36823.209537899470888 36923.752442454591801
2907.5 36843.075855794959352 36952.405012932635145
2908 36837.518934683525003 36946.481004495224624
2908.5 36845.624773280775116 36955.486484721543093
2909 36816.085209733995725 36936.057059549762926
2909.5 36849.300824174730224 36960.894513027851644
2910 36863.969642136798939 36980.155511502875015
2910.5 36835.48700997823471 36952.986756061916822
2911 36861.716322652609961 36979.480655248080438
2911.5 36873.173723969295679 36990.009909716740367
2912 36880.03784199635993 36995.374760650396638
2912.5 36862.889436083292821 36981.33256705232634
2913 36850.732312263666245 36991.349485213366279
2913.5 36866.117771849661949 37011.849698358440946
2914 36876.36303187473095 37025.146572454868874
2914.5 36868.672145176838967 37025.244842873995367
2915 36847.473259472673817 37009.901994192703569
2915.5 36864.34067123283603 37038.954975299879152
2916 36889.017122848556028 37054.391097004910989
2916.5 36879.346799815430131 37050.206045791390352
2917 36880.010997662677255 37048.862382211787917
2917.5 36873.320737154834205 37034.097414406729513
2918 36901.347759564632725 37065.202951979226782
2918.5 36845.71246865993453 37020.992565052438295
2919 36874.453621546541399 37056.713086227216991
2919.5 36892.03382748569129 37074.294561290909769
2920 36912.935143879476527 37096.939422961237142
2920.5 36885.526873909278947 37060.968274292739807
2921 36891.484223150044272 37074.269818353546725
2921.5 36922.074308710856712 37100.20255347838247
2922 36953.481660020159325 37126.079558671968698
2922.5 36899.603591729865002 37081.90077301106794
2923 36916.05223451940401 37106.295156412728829
2923.5 36944.037794198353367 37137.821345485092024
2924 36915.204891351662809 37116.664822154561989
2924.5 36921.937540758925024 37117.740849310408521
2925 36929.239041139087931 37125.821842890283733
2925.5 36915.179738144084695 37121.714316147685167
2926 36930.956235799865681 37137.78244337336946
2926.5 36947.023287849682674 37162.844632411004568
2927 36916.124067313030537 37146.595901774664526
2927.5 36896.035366704978514 37131.429833183501614
2928 36933.722128770983545 37179.971683535732154
2928.5 36927.870268734157435 37170.467719505380956
2929 36945.995263454664382 37204.169967680973059
2929.5 36933.491996491713508 37198.457058486499591
2930 36932.298558709248027 37194.706036773313826
2930.5 36961.12748637911136 37218.761000466591213
2931 36962.770445614420169 37218.618360624350316
2931.5 36946.660394046492002 37200.113835531221412
2932 36956.942643507645698 37210.825588805251755
2932.5 36989.820293238291924 37232.928545157781627
2933 36963.790491785111954 37211.541385430937225
2933.5 36987.803527872980339 37241.95069959389366
2934 36973.660083536975435 37232.345430353932898
2934.5 36959.614733279886423 37225.001601039963134
2935 36974.330997405893868 37239.397749300696887
2935.5 36991.958951751264976 37255.360780692666594
2936 36995.612759931864275 37261.430622650732403
2936.5 37002.497344513285498 37263.064254589466145
2937 36967.775176210299833 37237.933874068636214
2937.5 36935.769376767406357 37212.875836832587083
2938 36996.566119360177254 37275.999330242935685
2938.5 36983.630386057477153 37263.13317636026477
2939 37010.241081141793984 37292.409354153234744
2939.5 36998.147584365862713 37290.038580290827667
2940 36961.287481042229047 37240.129805805190699
2940.5 36982.522852485904878 37263.806097129396221
2941 37003.294196881462994 37285.76739045202703
2941.5 36980.45928811361955 37271.36077528136957
2942 37021.424350879256963 37310.22955543090211
2942.5 36986.852652492663765 37289.298379809872131
2943 36971.880239709265879 37276.527639643289149
2943.5 36997.830956830905052 37304.764062678652408
2944 36987.935722002381226 37295.017249218748475
2944.5 36999.537373109516921 37311.565302890856401
2945 37014.166427448180912 37324.973875182695338
2945.5 37000.104563535081979 37319.756693008537695
2946 37011.006753568326531 37328.252803549294185
2946.5 36998.181840701392503 37325.750706385151716
2947 37026.496201647707494 37360.176441196315864
2947.5 37030.103816394708701 37373.102209667762509
2948 37047.577602136509086 37384.501814078037569
2948.5 37023.152220615287661 37370.950419781125674
2949 37051.410710946256586 37387.546999424790556
2949.5 37020.518728425631707 37358.748268221621402
2950 37034.184640261046297 37381.634192238117976
2950.5 37050.97849983915512 37393.998028193062055
2951 37068.075827346568985 37406.362866710558592
2951.5 37073.870146893139463 37407.768519805846154
2952 37064.929302951975842 37397.033751419548935
2952.5 37064.939358781084593 37401.131870244593301
2953 37039.451009159369278 37383.321071360544011
2953.5 37055.904432411778544 37393.949099062854657
2954 37074.062152503640391 37408.326220669041504
2954.5 37096.007800843319274 37428.547121404728387
2955 37139.99209353907645 37472.482363248731417
2955.5 37114.091622481180821 37455.480593006730487
2956 37093.2310758380263 37431.814861794162425
2956.5 37087.029758505523205 37422.234899430950463
2957 37113.631533466155815 37465.374762923187518
2957.5 37099.141655602870742 37445.116447631611663
2958 37126.399015242692258 37476.185881233737746
2958.5 37128.886086673737736 37486.228928861302848
2959 37129.518113409518264 37487.46010083607689
2959.5 37109.294363308297761 37467.813178098214848
2960 37136.027828993595904 37488.074787694633415
2960.5 37131.45805821819522 37491.493305370342568
2961 37127.126931174825586 37491.371053225557262
2961.5 37122.903806020804041 37498.855515269060561
2962 37103.734888155195222 37487.032359971162805
2962.5 37138.64259920931363 37516.757212579970655
2963 37161.367819967701507 37555.249261512362864
2963.5 37132.897523499232193 37529.364116503398691
2964 37122.464295520621818 37513.909961460427439
2964.5 37117.398063819782692 37508.947638802943402
2965 37144.609427748568123 37536.149211151416239
2965.5 37157.352243310873746 37548.836274319459335
2966 37125.391798106640636 37524.490611217821424
2966.5 37148.33164601977478 37558.857790992318769
2967 37116.86171647284209 37537.597211880194664
2967.5 37118.978967557952274 37541.21114145986212
2968 37116.814915089700662 37541.529257626796607
2968.5 37141.752374903968303 37569.131027669478499
2969 37120.147956558117585 37559.623406224469363
2969.5 37128.785573008746724 37570.561348241622909
2970 37122.135823346041434 37571.518898566289863
2970.5 37108.184807468271174 37558.259668408078142
2971 37136.600400475392235 37592.064069210056914
2971.5 37164.129703575948952 37619.034719545205007
2972 37118.387771719470038 37578.06759131646686
2972.5 37175.710022017468873 37633.94504352354852
2973 37169.828503500189981 37633.935913350178453
2973.5 37111.114477347218781 37589.153677601156232
2974 37151.705502577809966 37623.024159552805941
2974.5 37178.543977657172945 37649.532200540699705
2975 37220.38000311027281 37692.247574993220042
2975.5 37170.537833812304598 37645.870193392402143
2976 37180.345613606172265 37664.755134828206792
2976.5 37162.567128085560398 37655.793193739751587
2977 37173.519053663665545 37659.85341573462938
2977.5 37203.113166027142142 37691.174649781140033
2978 37196.966756295187224 37687.706378665781813
2978.5 37198.041817400582659 37680.63524033541762
2979 37175.299027363595087 37664.97587522505637
2979.5 37225.97333834721212 37704.826382569975976
2980 37215.030673396649945 37688.745342548281769
2980.5 37222.40836841588316 37700.684262313290674
2981 37236.447748429811327 37717.288463907774712
2981.5 37239.206489017436979 37712.660250548477052
2982 37205.12201830263075 37687.828100438033289
2982.5 37237.269283651388832 37715.036169487648294
2983 37242.563295549305622 37728.132319457487029
2983.5 37224.792670853123127 37708.859816909629444
2984 37285.417289951437851 37761.349354455822322
2984.5 37234.456216074438998 37710.477345494582551
2985 37239.026328884632676 37709.410774737720203
2985.5 37233.003630620383774 37706.380529264708457
2986 37245.112880172469886 37724.485848080628784
2986.5 37256.171856692824804 37732.606006926085684
2987 37256.485505836986704 37740.735076954173564
2987.5 37275.789144651265815 37766.454993629347882
2988 37269.551851410345989 37764.980416550883092
2988.5 37249.372671932040248 37748.531892433464236
2989 37270.484229386616789 37758.355272712295118
2989.5 37292.588406663140631 37777.889242683086195
2990 37282.624495147720154 37770.729683171062788
2990.5 37272.220189709871192 37755.902811331347039
2991 37254.810809033428086 37742.931539092729508
2991.5 37301.101426601693674 37778.024072661341052
2992 37299.543341272466932 37782.507665756136703
2992.5 37279.674728551231965 37762.594105421296263
2993 37312.425610839367437 37791.906239026291587
2993.5 37319.395488634501817 37802.435620828466199
2994 37295.240667531601503 37794.006446956067521
2994.5 37303.661629760084907 37810.229579370825377
2995 37329.616752313377219 37836.041752211203857
2995.5 37286.090543523023371 37803.841063039129949
2996 37284.177884549135342 37800.701142660909682
2996.5 37312.852980819901859 37832.755179427054827
2997 37318.249881098090555 37839.713918089451909
2997.5 37314.80222303775372 37835.825452980592672
2998 37329.449193093518261 37851.116683758438739
2998.5 37332.579943392098357 37862.909605200962687
2999 37323.198653039013152 37864.233797817898449
2999.5 37342.046123962485581 37877.199189260682033
3000 37352.283857353824715 37893.63192406755843
3000.5 37331.643381021189271 37881.575741946537164
3001 37353.333300212434551 37897.088656574909692
3001.5 37342.991411581337161 37895.646690281355404
3002 37380.067785807805194 37930.522676782748022
3002.5 37372.927219418685127 37929.373528556177916
3003 37362.615856469259597 37924.422152951236058
3003.5 37365.491443109145621 37934.081393912369094
3004 37388.160520585486665 37956.08856538170221
3004.5 37376.95432456251001 37954.290695355710341
3005 37414.118652104167268 37991.493917182349833
3005.5 37362.736312134802574 37952.699032684511621
3006 37360.136950862295635 37944.152076901133114
3006.5 37363.560148996679345 37947.318886173125065
3007 37379.955715926771518 37967.183854553681158
3007.5 37392.446644832045422 37977.095659612423333
3008 37417.244907711188716 38003.758185627637431
3008.5 37399.339325841930986 37989.975388297389145
3009 37371.710464070267335 37960.685171358185471
3009.5 37424.896325582776626 38013.700775162797072
3010 37399.752977796335472 37995.930770934377506
3010.5 37423.716473348533327 38020.720190459236619
3011 37388.523970190508408 37990.161697976014693
3011.5 37414.54742165710195 38014.101934918304323
3012 37419.988853274808207 38022.927444179105805
3012.5 37424.400094001211983 38027.364771733919042
3013 37445.732482902451011 38044.796947620910942
3013.5 37437.739895216633158 38036.795122153947887
3014 37427.245773032955185 38031.045934229747218
3014.5 37410.952212807460455 38009.396089457135531
3015 37400.060590061082621 38005.172168873046758
3015.5 37430.432623509012046 38040.315708064059436
3016 37461.992677336995257 38077.056891691441706
3016.5 37440.880654698397848 38059.049799876695033
3017 37427.964717301358178 38045.99617774100625
3017.5 37464.068235148872191 38075.614415627722337
3018 37413.960763481278263 38033.903998050845985
3018.5 37412.480825802747859 38040.511126563258586
3019 37456.420012437039986 38070.484950542399019
3019.5 37445.506119682970166 38069.413000174041372
3020 37428.042499064547883 38067.565416024757724
3020.5 37472.904765216742817 38111.06689937646297
3021 37418.90700397038745 38068.810100431539468
3021.5 37457.583129356775316 38113.191397390444763
3022 37430.542197095121082 38092.866559183421487
3022.5 37472.687047871899267 38134.874334774183808
3023 37460.721628016668546 38117.879399714591273
3023.5 37471.685636358939519 38126.464781180169666
3024 37457.677727158938069 38122.672268739232095
3024.5 37500.091742736018205 38172.596331307307992
3025 37497.567599293361127 38162.378966267431679
3025.5 37469.952355444576824 38141.93549456664914
3026 37487.633708710156498 38164.420591557980515
3026.5 37487.240430449710402 38168.881561170281202
3027 37493.98066572490643 38181.120630568766501
3027.5 37487.168077274174721 38176.099907148200145
3028 37508.177027259436727 38189.549920792371267
3028.5 37497.711735603901616 38181.084709881819435
3029 37481.660709046489501 38172.412806342683325
3029.5 37539.357203356579703 38231.981521794565197
3030 37511.45209023028292 38208.953048331633909
3030.5 37503.029694108699914 38194.683015699403768
3031 37487.779404831278953 38191.153069789535948
3031.5 37477.613612383858708 38184.410502861523128
3032 37509.928425727390277 38216.683829910361965
3032.5 37501.690215178910876 38208.787465324741788
3033 37502.815760023302573 38212.953487483282515
3033.5 37467.360582642373629 38185.629132126457989
3034 37525.930770878403564 38233.862074950033275
3034.5 37509.253513523981383 38219.980400064625428
3035 37517.86393678188324 38221.78837026412657
3035.5 37537.433482930493483 38249.630690767749911
3036 37532.241875010484364 38252.444823694175284
3036.5 37548.053230861012707 38279.206555452525208
3037 37523.283508349064505 38254.542064358924108
3037.5 37532.83959441940533 38270.400648780487245
3038 37530.534074628078088 38269.88653943753161
3038.5 37512.864735178700357 38252.353769126493717
3039 37546.99806667471421 38289.103170212489204
3039.5 37528.637141886989411 38263.616629802316311
3040 37522.562026710787904 38271.078135148440197
3040.5 37521.37149956941721 38269.275719545730681
3041 37577.342828424007166 38329.485591081036546
3041.5 37595.706879850949917 38359.047249130766431
3042 37579.692184630097472 38339.793166486735572
3042.5 37555.165004589507589 38328.241276659195137
3043 37593.599212507397169 38359.391266999140498
3043.5 37572.074436713694013 38344.452346873658826
3044 37585.673583547795715 38358.892914334639499
3044.5 37607.058057633257704 38389.078093804593664
3045 37600.507035706956231 38390.711821856813913
3045.5 37617.604082834390283 38410.76814182788803
3046 37596.081775859347545 38398.427719838618941
3046.5 37598.786027561487572 38400.083480570756365
3047 37654.67757528747461 38456.431643704810995
3047.5 37629.534735153094516 38443.362009685079101
3048 37585.089897945152188 38397.946277712719166
3048.5 37641.388297620185767 38440.634643484612752
3049 37592.291819040408882 38397.296788562220172
3049.5 37620.038054242075305 38419.735242771028425
3050 37626.036011011565279 38437.592472979791637
3050.5 37621.858034691387729 38442.961292179970769
3051 37595.153413428131898 38423.225719874186325
3051.5 37644.258001688562217 38478.290891046228353
3052 37649.424204128365091 38483.628841408448352
3052.5 37611.311021935296594 38448.279968577786349
3053 37598.662526974861976 38435.912594110384816
3053.5 37648.238180277177889 38474.996131595340557
3054 37630.598009752349753 38464.395869625055639
3054.5 37635.742184558344889 38465.884632410561608
3055 37651.627674059323908 38473.880980010602798
3055.5 37655.39101962515997 38474.807362586943782
3056 37680.678807086282177 38507.115101543131459
3056.5 37627.254337522754213 38469.060319597338093
3057 37621.901100392504304 38459.364256472603302
3057.5 37655.969313151901588 38494.492684870550875
3058 37666.329483912035357 38512.8398519463517
3058.5 37632.95401270664297 38491.647871341869177
3059 37657.705526438359811 38509.960729356687807
3059.5 37656.560528059315402 38511.524395676424319
3060 37697.165016323735472 38563.430380850433721
3060.5 37640.387398441278492 38525.862459579802817
3061 37670.26764631455444 38543.762906009767903
3061.5 37731.181496631499613 38599.893714719328273
3062 37672.469496016135963 38540.311447524720279
3062.5 37686.683163775727735 38553.751767475885572
3063 37684.786631841197959 38547.395746810274431
3063.5 37714.176807220625051 38579.692296813140274
3064 37678.203206381891505 38559.554379833381972
3064.5 37701.591716297916719 38569.937612954170618
3065 37686.143849437568861 38547.613205926201772
3065.5 37708.444934209510393 38565.372925956573454
3066 37715.538742756245483 38577.344483002525521
3066.5 37686.101883570052451 38564.755264281018754
3067 37683.027579490189964 38561.82486571573827
3067.5 37728.840097483669524 38609.637996208395634
3068 37711.221379480943142 38603.576190512270841
3068.5 37708.167438392360054 38599.334652395038574
3069 37696.833305670814298 38593.988803291118529
3069.5 37715.075135963947105 38612.394230383717513
3070 37751.324938538702554 38652.413759197865147
3070.5 37752.789489984432294 38646.575709992663178
3071 37728.195796569329104 38631.768635870837898
3071.5 37741.342454863202875 38644.64939035030693
3072 37790.51482689097611 38689.95161202957388
3072.5 37772.92699308689771 38676.95971380937408
3073 37762.018235635601741 38670.888641377438034
3073.5 37781.85087961822137 38689.42898989598325
3074 37768.608193309482886 38689.247714819670364
3074.5 37772.397028493680409 38701.588699961423117
3075 37796.998061052472622 38727.825944665652059
3075.5 37802.019590002586483 38736.132326136954362
3076 37807.54640280255262 38738.648746932783979
3076.5 37785.826028879542719 38720.433735972335853
3077 37799.112098270641582 38739.810377726775187
3077.5 37818.81581959209143 38754.187034374488576
3078 37810.328168370149797 38754.190116271289298
3078.5 37829.39276591684029 38785.252386201267655
3079 37854.394739500174182 38803.514071147495997
3079.5 37821.958531561380369 38778.642113056615926
3080 37811.962836975282698 38769.360132454523409
3080.5 37824.556957668413816 38789.917150967856287
3081 37874.722528423357289 38846.45078321875917
3081.5 37852.687194380625442 38823.203265963042213
3082 37864.587964975231444 38823.320432932443509
3082.5 37873.598206935355847 38841.472490426902368
3083 37897.191615785770409 38858.795687723773881
3083.5 37852.155691513624333 38813.864632074022666
3084 37855.273753817047691 38817.499292084721674
3084.5 37876.863979960602592 38844.820930673362454
3085 37920.957447919943661 38888.675157192505139
3085.5 37883.596203593253449 38851.355493281072995
3086 37903.28940421398147 38882.749555036825768
3086.5 37928.642285934714891 38905.454135878273519
3087 37892.700881500844844 38870.152622720139334
3087.5 37907.034743840602459 38888.480724685723544
3088 37895.938786347171117 38878.339967521838844
3088.5 37915.448247747699497 38894.913529880650458
3089 37936.323285350030346 38920.281187728105579
3089.5 37917.772759193154343 38907.832393032767868
3090 37963.583959002782649 38947.24647346927668
3090.5 37937.75118592648505 38923.490009360248223
3091 37946.234381206071703 38944.107695602913736
3091.5 37947.916725591712748 38945.942913780701929
3092 37953.393264526748681 38948.86873325335182
3092.5 37922.914035260764649 38929.641222391968768
3093 37943.501967687014258 38952.746882737679698
3093.5 37950.656674443940574 38964.333656033028092
3094 37951.31033755534736 38966.792051358017488
3094.5 37956.654507354731322 38966.019354600728548
3095 37957.137879681227787 38972.787477215082617
3095.5 37976.007478115061531 38988.508845167947584
3096 37977.173448998619278 38993.414919087641465
3096.5 37931.70221678809321 38954.388219193642726
3097 37958.958801926833985 38975.318720707909961
3097.5 37944.959164125248208 38971.332307748198218
3098 37977.062064135556284 39012.982857672679529
3098.5 37960.843815624546551 38986.239319506530592
3099 37984.138373151028645 39005.229955018206965
3099.5 37956.202359722235997 38987.667820020913496
3100 37967.314637183291779 39000.044911502605828
3100.5 37961.150563985873305 38992.692636502288224
3101 37990.313742869358975 39023.060628807033936
3101.5 37999.270935777298291 39032.84187016805663
3102 37995.720755000314966 39039.237263709546824
3102.5 38026.641331207552867 39072.401092126354342
3103 37998.792406897919136 39052.214828645097441
3103.5 37981.161771765902813 39033.298757402582851
3104 37999.419042556815839 39054.339088838321913
3104.5 38011.464998658877448 39074.866963864813442
3105 38010.129723532350908 39074.981899230646377
3105.5 38018.348744071314286 39085.172902965758112
3106 38005.579241657884268 39069.327635844281758
3106.5 38002.894077171265963 39076.493537546048174
3107 38025.510268226389599 39108.206610452813038
3107.5 38051.29040268038807 39135.677952337049646
3108 38056.045799719802744 39140.770562246099871
3108.5 38084.177688679432322 39176.180993875044805
3109 38117.230627049983013 39216.759095595902181
3109.5 38089.877832314174157 39189.897099550471467
3110 38096.791994531544333 39206.310208664821403
3110.5 38082.922529985378787 39195.95805558408756
3111 38082.341451435691852 39203.999420269719849
3111.5 38059.299153186191688 39186.197605804241903
3112 38060.263550470132031 39185.933538309298456
3112.5 38056.903391098858265 39178.787467173744517
3113 38063.239031487086322 39181.622581714487751
3113.5 38043.370858951100672 39162.329264088228229
3114 38048.056238819859573 39177.453076486381178
3114.5 38070.400725954546942 39194.490923987781571
3115 38055.445970964858134 39189.48228838830255
3115.5 38096.921314342762344 39242.885865337346331
3116 38091.969890288433817 39229.269295704965771
3116.5 38073.539797714576707 39222.431331122425036
3117 38084.157662529869413 39233.765041211045173
3117.5 38092.96531512139336 39236.557005411486898
3118 38104.818426139645453 39259.631666412824416
3118.5 38105.136112622654764 39255.326901259657461
3119 38130.292193035253149 39275.745675905040116
3119.5 38129.04500279079366 39276.087692453511409
3120 38178.634672187647084 39326.581724034847866
3120.5 38088.307592833938543 39243.305412203997548
3121 38162.285199017758714 39315.920730405945505
3121.5 38158.563152174181596 39302.274244916094176
3122 38116.574889113835525 39275.112563541319105
3122.5 38123.27922580808081 39286.342399327026214
3123 38177.939842624153243 39335.02244093502668
3123.5 38169.99462445404788 39334.960162336334179
3124 38157.995494153306936 39323.252226445438282
3124.5 38176.36937754736573 39345.628559686949302
3125 38157.124745852590422 39326.904429190719384
3125.5 38160.792321284738136 39324.343514940781461
3126 38189.404162106038711 39361.567810802014719
3126.5 38207.168394629414252 39380.772118298707937
3127 38183.591925500622892 39367.443760909285629
3127.5 38222.223988157835265 39398.93520350514882
3128 38152.245151599097881 39327.342309667124937
3128.5 38227.106594580349338 39395.143854420122807
3129 38232.683750330434123 39413.796560703543946
3129.5 38233.972135770549357 39415.895232483082509
3130 38213.429880270450667 39387.898393511866743
3130.5 38198.590548089836375 39379.053639497586119
3131 38197.845989519439172 39376.325681633097702
3131.5 38200.8087037725345 39373.522031266176782
3132 38206.851287434037658 39379.748971148597775
3132.5 38174.026472364952497 39332.202074670145521
3133 38160.520559737786243 39325.694289420738642
3133.5 38167.509345841710456 39342.394238727996708
3134 38175.199909833005222 39348.422652472050686
3134.5 38191.985868363219197 39363.72898295300547
3135 38211.284476488530345 39389.02689553903474
3135.5 38216.022024054807844 39395.154059816064546
3136 38208.994193588019698 39383.006133618226158
3136.5 38202.055111208173912 39383.048959070620185
3137 38235.875140780924994 39419.366535217413912
3137.5 38219.276078087823407 39405.927938725282729
3138 38227.560663738266157 39420.027096249759779
3138.5 38243.30455420245562 39435.430463035154389
3139 38237.74058371004503 39421.970749721804168
3139.5 38243.124478531557543 39431.537260109282215
3140 38253.506755607901141 39437.691421593219275
3140.5 38253.993975190714991 39435.743031350204546
3141 38246.152035208724556 39425.799604724590608
3141.5 38252.954817382764304 39442.007010631852609
3142 38257.717346177661966 39447.505360515802749
3142.5 38310.007961769064423 39506.807329363269673
3143 38272.444923719463986 39475.633116708071611
3143.5 38270.313609743105189 39484.862490787767456
3144 38251.518447048845701 39464.088612760024262
3144.5 38273.397987146789092 39485.702502315958554
3145 38293.633257864399638 39513.673152031566133
3145.5 38291.047204705915647 39510.050255783105968
3146 38320.386346188235621 39543.511602463615418
3146.5 38364.97268315594556 39592.509320861274318
3147 38338.634406929762918 39558.844856744850404
3147.5 38342.58382039287244 39568.795958469905599
3148 38342.953387047091383 39569.067559353046818
3148.5 38349.346252625669877 39573.726950046431739
3149 38321.289691403821053 39552.303988173800462
3149.5 38327.560887941603141 39557.440548566126381
3150 38385.838456703648262 39617.501338047375611
3150.5 38365.119997024718032 39614.20695192067069
3151 38378.914637247951759 39629.818017055353266
3151.5 38396.539324940909864 39638.318614523654105
3152 38381.726308611418062 39626.863164511480136
3152.5 38415.42774860465579 39667.707055428989406
3153 38425.14079645210586 39681.893593436769152
3153.5 38419.93390168462065 39680.377821464375302
3154 38450.808853878981608 39718.128375748252438
3154.5 38421.50796410550538 39689.509942624536052
3155 38418.17594441397523 39689.727352551635704
3155.5 38429.184759693358501 39698.401762287074234
3156 38454.017879037244711 39730.352888163455646
3156.5 38459.470728116619284 39739.671536853318685
3157 38463.369656836832291 39752.471173304264084
3157.5 38429.604230914774234 39719.803698956595326
3158 38436.358141848322703 39718.861944568598119
3158.5 38448.916834542760625 39730.070470037419
3159 38454.674490633027744 39737.141391823955928
3159.5 38430.303095819297596 39713.945262743145577
3160 38427.695557262530201 39709.097770139211207
3160.5 38462.136598082564888 39763.178471274499316
3161 38515.166847154272546 39826.002523024384573
3161.5 38466.154948867260828 39785.192429034912493
3162 38478.814695529807068 39796.71349735071999
3162.5 38513.738367250822193 39842.789454183854104
3163 38511.202958420966752 39837.252978793127113
3163.5 38521.493042035574035 39850.763246946000436
3164 38495.08842603215453 39820.753779367536481
3164.5 38497.528012253853376 39830.28585370881774
3165 38519.429220279191213 39851.981656660391309
3165.5 38526.208447065160726 39864.390963926380209
3166 38510.856384437691304 39854.218287107731157
3166.5 38527.347639148923918 39879.752170237850805
3167 38532.83172709428618 39877.829062071141379
3167.5 38530.043998010129144 39881.201291428922559
3168 38528.805373291768774 39885.089227992131782
3168.5 38544.797546891044476 39902.310597213370784
3169 38537.713945359791978 39897.499977668223437
3169.5 38518.143706633105467 39889.167418769167853
3170 38566.112192141532432 39929.23907600959501
3170.5 38589.773080319595465 39953.046381335698243
3171 38545.65988738030137 39914.007853272574721
3171.5 38567.132096515910234 39934.594003315345617
3172 38527.434062453045044 39903.705694755233708
3172.5 38564.894161844851624 39945.122271370681119
3173 38593.596922578435624 39976.118843242198636
3173.5 38578.620930257609871 39971.779171087116993
3174 38568.749033796455478 39956.373652627233241
3174.5 38553.570955237133603 39948.737528683268465
3175 38530.739343311419361 39933.926126330952684
3175.5 38596.267428336315788 39994.519623044718173
3176 38601.882145903044147 39989.550577812682604
3176.5 38601.749912914245215 40003.249296737078112
3177 38601.944819383803406 40006.883520060146111
3177.5 38623.727824573041289 40024.146444463811349
3178 38614.805346814697259 40008.053191494407656
3178.5 38607.768008711616858 39993.558367036464915
3179 38585.42161163383571 39975.335818439751165
3179.5 38611.376443022432795 40002.931840653967811
3180 38638.092487957677804 40033.541716222083778
3180.5 38605.619245575202513 39996.939677854177717
3181 38632.6063489492808 40027.537862348115596
3181.5 38584.423423343410832 39972.791009551190655
3182 38603.880040643482062 39988.461339565823437
3182.5 38589.102022463259345 39976.560434499682742
3183 38620.666260752055678 40012.837628058507107
3183.5 38674.392533598540467 40068.382451717370714
3184 38694.517654706345638 40098.609175211706315
3184.5 38639.532435345186968 40043.787219477737381
3185 38673.754986185318558 40080.615023625432514
3185.5 38638.542064380206284 40057.56457574909291
3186 38674.367033150840143 40091.306329746897973
3186.5 38696.207398659345927 40123.180645998312684
3187 38726.830713901923446 40149.743451096102945
3187.5 38714.778950186439033 40140.81733270251425
3188 38760.639558583476173 40180.344286930288945
3188.5 38744.938665940608189 40166.747131905976858
3189 38758.307372288662009 40197.919358389095578
3189.5 38773.227114252549654 40210.061951536008564
3190 38751.090182596031809 40190.807239823210693
3190.5 38776.934665600048902 40211.912514518546232
3191 38826.016909404286707 40270.575497623016417
3191.5 38805.03049020695471 40245.995217759307707
3192 38851.005717320746044 40298.995490300083475
3192.5 38824.448392570629949 40282.305240554785996
3193 38814.255219288432272 40261.606794838982751
3193.5 38844.567196231502749 40309.072254449813045
3194 38848.461444573236804 40310.430011890894093
3194.5 38800.28420586768334 40256.622995004319819
3195 38848.536210077938449 40315.120453439849371
3195.5 38852.60302704233618 40313.641540067270398
3196 38861.536038196070876 40325.051794051389152
3196.5 38883.316758801251126 40362.965545686049154
3197 38889.506446819716075 40359.003112623286142
3197.5 38885.233115886665473 40360.591926736458845
3198 38873.787910453982477 40350.766955446029897
3198.5 38864.616928392155387 40339.860100052559574
3199 38855.720567945398216 40332.450350468585384
3199.5 38850.106485597520077 40323.619247182563413
3200 38878.572217815744807 40351.354367478081258
3200.5 38841.638902223647165 40326.716760054623592
3201 38859.53202910078835 40340.570757059627795
3201.5 38841.57993373368663 40325.140747700934298
3202 38904.615344307909254 40378.87666834481206
3202.5 38878.931741127031273 40361.192139592611056
3203 38873.839220283996838 40359.523489982893807
3203.5 38898.611336947767995 40378.837629690038739
3204 38920.99922822741064 40404.94163148766529
3204.5 38896.833347948282608 40387.467724403584725
3205 38930.623482444643741 40418.906013514853839
3205.5 38942.465431066651945 40432.865101923358452
3206 39014.868412516480021 40513.161147617982351
3206.5 39014.087690364940499 40515.952788711787434
3207 38967.295804523448169 40471.933436827283003
3207.5 38964.296180813616957 40459.639747855348105
3208 38930.920817214915587 40426.884338576564915
3208.5 38955.709607834083727 40457.754707866253739
3209 38937.406157254648861 40448.346027492443682
3209.5 38929.59426360524958 40442.093926311208634
3210 38937.411100430290389 40452.99178470591869
3210.5 38950.491472016357875 40460.930452861335652
3211 38911.774223212145444 40431.315598146582488
3211.5 38936.639091701625148 40463.771136439419934
3212 38937.901500020154344 40454.835632800524763
3212.5 38935.74767527498625 40447.727953067718772
3213 38912.075621396521456 40421.026425991381984
3213.5 38892.474006483469566 40406.999251672161336
3214 38899.308837050935836 40418.604554536679643
3214.5 38960.131838951936516 40473.95387642498099
3215 38906.357031771382026 40430.305164206896734
3215.5 38929.814015725722129 40445.820164374083106
3216 38903.2491772387948 40420.970964592241216
3216.5 38894.584883454124792 40402.951202258831472
3217 38939.973927335988265 40457.060429134617152
3217.5 38898.683548386215989 40416.652027061732952
3218 38947.81568602599873 40464.582785993407015
3218.5 38957.311398503974488 40484.082226764810912
3219 38966.158128212191514 40487.112525058582833
3219.5 38930.53561501634249 40449.124462425104866
3220 38964.037149555537326 40478.066448782032239
3220.5 38955.8178485354656 40478.736868955122191
3221 38936.553306386456825 40452.912595355490339
3221.5 38957.328446920560964 40481.631542816990986
3222 38962.678128090345126 40486.345199064620829
3222.5 38977.617541409999831 40506.533793695787608
3223 38966.777866106975125 40494.341971593799826
3223.5 38989.465452063312114 40514.819794365233975
3224 38986.363340101095673 40519.945503415750863
3224.5 39018.516990871736198 40541.170496303944674
3225 39015.551332624549104 40551.461924018149148
3225.5 39044.025127742010227 40575.010303714290785
3226 39046.834438055884675 40586.389257603710575
3226.5 39100.122104405010759 40647.633501444564899
3227 39116.661679640637885 40666.953485068130249
3227.5 39127.787897146394243 40674.115010211069603
3228 39109.674157325098349 40655.981404051592108
3228.5 39111.675778522767359 40665.281761660669872
3229 39121.841253979167959 40676.436735867740936
3229.5 39154.905042959420825 40713.118513541579887
3230 39147.246511945908424 40709.9755177108309
3230.5 39155.813705796150316 40721.509588645065378
3231 39247.614042411420087 40815.127874566169339
3231.5 39235.035761559709499 40823.593732783017913
3232 39267.400676509038021 40860.463345418051176
3232.5 39269.496009518654319 40866.531471082715143
3233 39232.350460655630741 40836.19845245641045
3233.5 39202.990371620348014 40807.729134078341303
3234 39256.860886016351287 40858.717134987789905
3234.5 39276.634742930706125 40880.722917354301899
3235 39354.205341073946329 40969.70502017695253
3235.5 39346.641059933972429 40970.62400261410221
3236 39322.65985851197911 40950.711016992288933
3236.5 39332.523501534837123 40966.653875672731374
3237 39401.442401079650153 41042.513202562651713
3237.5 39417.841610238858266 41059.335132778614934
3238 39428.460816174068896 41073.366355344151089
3238.5 39407.990705931006232 41053.449498271489574
3239 39427.100300908910867 41069.443259928477346
3239.5 39390.659829027448723 41035.385179912329477
3240 39419.965354400774231 41068.667141330115555
3240.5 39395.94273985268228 41045.655840003717458
3241 39407.423730750575487 41059.684599109554256
3241.5 39467.884590954730811 41121.129093969342648
3242 39419.892064549319912 41076.322654645875446
3242.5 39436.66088287380262 41104.694687464667368
3243 39418.448515782481991 41083.346471966862737
3243.5 39476.324786854042031 41128.732564046280459
3244 39459.360196577050374 41127.771309294912498
3244.5 39439.550104266418202 41099.924905893873074
3245 39462.675958703242941 41120.412370122270659
3245.5 39448.442056600099022 41110.331910404813243
3246 39424.525268582350691 41089.128325372555992
3246.5 39488.482858797440713 41150.509063779456483
3247 39431.7421840015013 41097.94869335655676
3247.5 39440.62519214675558 41106.975346154875297
3248 39420.954613901856646 41085.22078997790959
3248.5 39446.195847985407454 41114.020216618213453
3249 39460.020383287897857 41128.519245538569521
3249.5 39461.774971321574412 41138.35140398596559
3250 39492.563406191293325 41166.212203847630008
3250.5 39447.465320518967928 41120.105867024489271
3251 39426.625728133156372 41103.983966905034322
3251.5 39493.193446809258603 41168.975023613857047
3252 39561.923437364646816 41244.378478578706563
3252.5 39559.449850807475741 41251.055461888747232
3253 39575.250822251538921 41265.593406203464838
3253.5 39532.043985391872411 41225.097432002934511
3254 39508.708057672498398 41204.872910526843043
3254.5 39539.988131548925594 41235.066469133111241
3255 39589.217799279816973 41292.823403593727562
3255.5 39562.584441999344563 41267.891995503887301
3256 39565.418629460400552 41263.601259283408581
3256.5 39620.931538235417975 41323.385357282575569
3257 39556.90582905185147 41270.79216811236256
3257.5 39645.436582989401359 41359.606612336741819
3258 39685.131646641355474 41396.456968688296911
3258.5 39662.387971024829312 41386.05365761496796
3259 39697.270365912212583 41430.638425436714897
3259.5 39721.726841589639662 41440.534178573812824
3260 39724.076819644578791 41453.481656996358652
3260.5 39704.768438037273881 41434.582643476096564
3261 39735.731596755686041 41462.042686487904575
3261.5 39723.560044477657357 41459.605633579434652
3262 39796.004349057402578 41524.71836354486004
3262.5 39779.893160801184422 41512.143374982413661
3263 39833.669646720300079 41579.17428604469751
3263.5 39894.692244930985908 41638.554735587233154
3264 39878.211909943849605 41622.78572016031103
3264.5 39897.422679129485914 41648.170536331250332
3265 39928.822199219641334 41690.244292284929543
3265.5 39865.716032249532873 41632.303958270073053
3266 39896.861771591109573 41660.14559300710971
3266.5 39901.363116580971109 41672.920945702979225
3267 39953.666249727080867 41724.922308921370131
3267.5 39988.183444173817406 41748.70139700875734
3268 39961.868297430424718 41731.716891040457995
3268.5 40014.545843304142181 41785.468572723504622
3269 40030.724004363568383 41805.680720670214214
3269.5 40023.759018216020195 41796.553753671629238
3270 39983.141016206958739 41759.380166981027287
3270.5 40019.899594895090559 41801.501147449591372
3271 40020.864025807590224 41808.53149161386682
3271.5 39986.15168013957009 41773.055424486083211
3272 39948.271010663404013 41729.990871357367723
3272.5 39945.131198067552759 41726.179627642304695
3273 39927.211975776226609 41711.3827214348712
3273.5 39871.655214312573662 41660.242879069250193
3274 39852.311192846420454 41641.772388844918169
3274.5 39812.183632290019887 41602.791119586072455
3275 39857.927012146676134 41639.837789652112406
3275.5 39868.534978856914677 41649.533783543527534
3276 39893.088863848512119 41693.750298569400911
3276.5 39852.882434576466039 41649.969888230582001
3277 39801.566893637114845 41599.304096919295262
3277.5 39836.719827251326933 41640.137885435673525
3278 39837.568808550262474 41633.003437711347942
3278.5 39835.872269516374217 41637.647240517137107
3279 39833.852410235995194 41634.652676697172865
3279.5 39847.076565335431951 41649.031571472631185
3280 39835.2558042007513 41632.693523140012985
3280.5 39814.096476734106545 41607.666160707995004
3281 39828.164840429410106 41623.624707600516558
3281.5 39756.498382187979587 41560.274339810406673
3282 39805.616212974666269 41602.244393463013694
3282.5 39795.632106510827725 41597.821771616065234
3283 39807.470879215296009 41611.710177252527501
3283.5 39872.881582818437892 41683.997530014239601
3284 39849.496104458230548 41669.245350395096466
3284.5 39852.639003899268573 41668.570333373674657
3285 39795.639627404685598 41611.72848331376008
3285.5 39801.905932718298573 41620.370417470643588
3286 39783.979276187550568 41594.371571020317788
3286.5 39831.305953883180337 41646.701297524923575
3287 39761.744183477174374 41574.609367760611349
3287.5 39811.872478418466926 41624.228557441594603
3288 39755.294627053888689 41566.543661991549016
3288.5 39745.322874185338151 41571.274669762417034
3289 39767.948491341732733 41601.437376989022596
3289.5 39832.687472070771037 41662.601081407432503
3290 39791.386022627142665 41631.851223561927327
3290.5 39790.815219436059124 41628.529074282290821
3291 39799.957626297538809 41640.570366987623856
3291.5 39791.494594193580269 41630.084658031650179
3292 39859.890736623165139 41701.312350280815735
3292.5 39841.043464388276334 41676.902671220814227
3293 39784.067912538579549 41616.487551539408742
3293.5 39783.600919547076046 41619.196712415556249
3294 39798.524979124362289 41648.853370261422242
3294.5 39752.560365192119207 41615.36806146195886
3295 39732.491141049926227 41583.590302001561213
3295.5 39752.302287748287199 41598.152298271103064
3296 39763.088059371606505 41604.23033519981982
3296.5 39698.412151760901907 41551.692485309838958
3297 39647.21602052700473 41494.650417527744139
3297.5 39649.074709328902827 41509.357098856962693
3298 39648.403045972445398 41509.297734731480887
3298.5 39714.972727045555075 41573.052706552938616
3299 39695.274975737527711 41558.810120423382614
3299.5 39731.403197380393976 41595.26295849019516
3300 39748.738468804163858 41623.054150264768396
3300.5 39739.909809901306289 41598.991167716601922
3301 39776.884486351715168 41640.108893861717661
3301.5 39716.742831847463094 41583.061268384517462
3302 39745.37244840018684 41619.446656338957837
3302.5 39784.681445431771863 41658.212929612607695
3303 39804.497984209556307 41678.902463983096823
3303.5 39816.203155161121686 41693.389888013109157
3304 39817.554747198584664 41691.09471903047961
3304.5 39765.138446981443849 41645.6479423488272
3305 39839.487426483457966 41725.821168420618051
3305.5 39755.752722707009525 41646.783244782251131
3306 39750.786702026431158 41646.349925144328154
3306.5 39777.696020908173523 41678.738773244171171
3307 39718.427923518858734 41610.010627776551701
3307.5 39715.718831464721006 41602.561934409131936
3308 39695.978174221083464 41593.604782329726731
3308.5 39691.983167485937884 41586.532379943797423
3309 39667.465607605117839 41573.487781321375223
3309.5 39706.164705725743261 41615.187796365491522
3310 39650.051551177479269 41556.304597509682935
3310.5 39668.075988414049789 41571.934467044753546
3311 39675.671449705914711 41588.733859998726984
3311.5 39686.097679457336199 41606.257835276046535
3312 39712.575898373790551 41632.578884863665735
3312.5 39725.40201172556408 41650.609710527467541
3313 39745.795789986135787 41666.010660329549864
3313.5 39753.312970039398351 41671.990598243071872
3314 39722.052976627375756 41644.928236971791193
3314.5 39730.58600270171155 41656.629263309543603
3315 39791.969559645236586 41728.951011044293409
3315.5 39741.959766726613452 41676.185688134064549
3316 39754.764399202744244 41693.941063443417079
3316.5 39789.682587955452618 41733.06811863528128
3317 39813.426734338354436 41759.542893361154711
3317.5 39845.036583749839338 41796.125832812758745
3318 39823.984354425432684 41778.198020254734729
3318.5 39897.305987488070969 41864.844654653454199
3319 39907.838327262958046 41877.203173814465117
3319.5 39874.262408935654094 41847.490932353917742
3320 39891.386857601813972 41869.053691776331107
3320.5 39919.307973513088655 41899.532715085668315
3321 39958.705283709568903 41934.752061260158371
3321.5 39890.075276647323335 41870.587814357859315
3322 39898.272683346258418 41882.838363598770229
3322.5 39930.4896013004618 41916.448271470333566
3323 39903.285120522232319 41890.589315728313522
3323.5 39976.797276231111027 41972.525020473207405
3324 39896.705934892313962 41881.440433403295174
3324.5 39956.822240193170728 41951.548796811526699
3325 39942.161512292295811 41934.365078066715796
3325.5 39946.364763816993218 41942.162105078692548
3326 39963.427712488126417 41960.8958234186357
3326.5 40019.734022860480763 42030.219017597053607
3327 39967.530170315381838 41973.927504219660477
3327.5 39965.096266690205084 41981.82601434377284
3328 39988.941718368805596 42009.322272325822269
3328.5 40010.945053288043709 42049.810205575115106
3329 40041.066417804548109 42076.951395357558795
3329.5 40022.95563934474194 42064.099460626595828
3330 39992.971298502823629 42032.777895812505449
3330.5 40006.689833282143809 42046.021217514389718
3331 39974.947187802019471 42018.25374837891286
3331.5 40047.312260359554784 42085.096097301131522
3332 40050.106350484420545 42095.110836315892811
3332.5 40062.702105259086238 42099.339258922387671
3333 40087.43589900846564 42133.677019106864464
3333.5 40130.564495223370614 42185.596273417751945
3334 40169.09517811191472 42223.915884223708417
3334.5 40117.490828058507759 42176.170973270192917
3335 40153.898073684744304 42205.842684165123501
3335.5 40134.626512693983386 42204.348618046722549
3336 40155.300781010577339 42221.108233250852209
3336.5 40139.752865754569939 42210.354086380946683
3337 40126.017780781046895 42200.839241022287752
3337.5 40111.915701795573113 42193.841130363529373
3338 40176.96137358215492 42265.226098964019911
3338.5 40211.485667880522669 42312.515306361623516
3339 40167.869489859098394 42266.923230360873276
3339.5 40236.102691210369812 42332.386277539713774
3340 40192.946799554767495 42292.39610899471154
3340.5 40168.555104736951762 42272.825799703343364
3341 40246.653828582719143 42348.13610957437777
3341.5 40249.565353283775039 42350.327240709644684
3342 40193.975060610318906 42306.793193932040595
3342.5 40207.740134723804658 42325.852801676883246
3343 40192.449259275534132 42311.763716016044782
3343.5 40209.030913948874513 42333.841594804507622
3344 40166.074170969353872 42286.667435774637852
3344.5 40115.149851853871951 42241.934104647029017
3345 40141.16899976444256 42261.900734321665368
3345.5 40124.782685449135897 42254.802484384883428
3346 40100.790288123607752 42227.159455890701793
3346.5 40034.38005097295536 42163.101076716047828
3347 40106.303072508846526 42240.150058110390091
3347.5 40141.762489077540522 42279.091904768618406
3348 40103.223052582943637 42247.526085142773809
3348.5 40102.243915552346152 42253.016743385844165
3349 40121.50534731578955 42269.707814100154792
3349.5 40072.392975217080675 42218.376883218545117
3350 40053.004238650537445 42204.239434725153842
3350.5 40031.572615245000634 42183.114681067432684
3351 40069.932604579487815 42220.083327000138524
3351.5 40092.634831431802013 42249.48865917634248
3352 40058.163627540503512 42216.388102345874358
3352.5 40052.962168690872204 42213.098747971329431
3353 40110.636507307986903 42274.215988102201663
3353.5 40144.801306348643266 42316.515462349445443
3354 40181.117906446532288 42352.885663540815585
3354.5 40126.954328635460115 42298.05244132567168
3355 40160.023427232990798 42326.908417207210732
3355.5 40121.317985911911819 42296.887765395964379
3356 40178.949325900917756 42354.357779134108569
3356.5 40226.682884150264726 42405.38058549874404
3357 40192.810218922444619 42378.095850295831042
3357.5 40206.135376250480476 42402.892534117563628
3358 40206.510236961461487 42399.997151951902197
3358.5 40188.654100797037245 42385.480192724855442
3359 40192.8673501026351 42396.675609262529179
3359.5 40251.000801184534794 42453.431373171319137
3360 40205.259170588564302 42410.164144269016106
3360.5 40257.525380751278135 42471.647056126406824
3361 40259.620487407904875 42478.718205196157214
3361.5 40255.886176512438396 42471.910492855291523
3362 40213.241751784837106 42423.120552146530827
3362.5 40227.776731371886854 42442.133462106190564
3363 40141.046683911175933 42365.480136418314942
3363.5 40178.119213257676165 42406.092627103404084
3364 40231.498075012372283 42457.147058721566282
3364.5 40186.090338502195664 42416.074560710134392
3365 40142.257557326665847 42378.789529285495519
3365.5 40157.009732519472891 42396.80294326924195
3366 40188.295296856151253 42426.217019151968998
3366.5 40204.121354980670731 42439.144839794375002
3367 40220.530070576656726 42459.724740529367409
3367.5 40195.798824763951416 42447.357418502637302
3368 40209.1981344240412 42470.90445118817297
3368.5 40303.677464648520981 42565.852135297485802
3369 40258.887114733544877 42523.898057316997438
3369.5 40294.47770109090925 42566.421002602342924
3370 40294.754086223285412 42570.117640941600257
3370.5 40356.448044222437602 42636.342459236482682
3371 40321.6172652895184 42598.827181561158795
3371.5 40283.407416755682789 42555.693856281839544
3372 40308.284668782034714 42580.16970944521745
3372.5 40251.4656306746474 42528.850177723550587
3373 40325.765296300836781 42604.487850545316178
3373.5 40345.823372287872189 42619.283584502532904
3374 40281.445745573859313 42550.178423951110744
3374.5 40294.374038631664007 42568.247813198271615
3375 40262.175607265606232 42538.228666053735651
3375.5 40226.880933441119851 42506.555422493904189
3376 40289.706902708385314 42579.264131105948763
3376.5 40340.62372852635599 42626.176732123116381
3377 40311.948752917633101 42594.994106284597365
3377.5 40269.447330804905505 42552.090178609127179
3378 40284.715381451787835 42562.626185778652143
3378.5 40258.30474867868179 42530.671181278848962
3379 40286.672661838121712 42567.900290959827544
3379.5 40273.463493221803219 42548.837093499118055
3380 40267.126682478090515 42556.94512084168673
3380.5 40242.67591997404088 42524.853825441154186
3381 40206.317219407967059 42492.57814892319584
3381.5 40214.897716137282259 42503.633291729980556
3382 40228.360327555790718 42523.188967178706662
3382.5 40213.941475318802986 42508.81832434538228
3383 40270.554187582572922 42560.202764424226189
3383.5 40300.613056307047373 42599.546326470306667
3384 40264.317383388697635 42562.828112138224242
3384.5 40298.676421525065962 42604.500281052351056
3385 40294.456984574055241 42607.155300197984616
3385.5 40300.759349157211545 42621.624704919115175
3386 40365.443125175050227 42685.048714640230173
3386.5 40380.722030855475168 42704.009710868107504
3387 40368.271983402926708 42690.693688428982568
3387.5 40372.098546624089067 42700.186658305872697
3388 40373.869423606258351 42704.269919334212318
3388.5 40360.633492505185131 42698.44445885370078
3389 40347.295055159025651 42686.076050164861954
3389.5 40394.63802829587803 42731.858493330080819
3390 40368.261063642559748 42722.153155677260656
3390.5 40341.990454544429667 42696.420679943046707
3391 40285.456477588915732 42637.766045846212364
3391.5 40241.391588991129538 42589.772084980868385
3392 40257.406055724946782 42604.503632903113612
3392.5 40281.231361701509741 42622.646623612505209
3393 40250.472170628490858 42588.629599630017765
3393.5 40237.89498793923849 42580.483225512929494
3394 40246.30860634570854 42588.828405636573734
3394.5 40239.159492633145419 42587.145242699240043
3395 40220.365421891496226 42561.459056026040344
3395.5 40229.55915096008539 42574.229307934234384
3396 40222.627256964020489 42573.558547676308081
3396.5 40255.337992952590866 42605.195513296290301
3397 40323.121174753185187 42676.536326200584881
3397.5 40347.859950186008064 42699.140926196909277
3398 40367.195403913050541 42736.351594064006349
3398.5 40399.743630550008675 42771.40381919383799
3399 40375.758076135891315 42749.891509541892447
3399.5 40294.901905139289738 42678.314522495747951
3400 40356.581713663581468 42737.431231101159938
3400.5 40345.485761474759784 42723.516044451615016
3401 40358.211531657128944 42733.087535413593287
3401.5 40349.957294445353909 42732.457776328643376
3402 40364.36506558185647 42749.804226150983595
3402.5 40363.99749847142084 42751.576847641117638
3403 40418.054805797117297 42810.65714704227139
3403.5 40403.354717026661092 42798.727485309107578
3404 40481.353886251570657 42875.245479129254818
3404.5 40468.616793621680699 42868.847794586494274
3405 40460.532170440463233 42864.668838739438797
3405.5 40454.872074462684395 42867.402163680591912
3406 40466.649408544792095 42880.155846453541017
3406.5 40519.201130045672471 42937.094575189606985
3407 40495.937228468443209 42911.642327486231807
3407.5 40506.355985202317243 42922.571521985060826
3408 40462.565967630056548 42869.457197170711879
3408.5 40515.72366816275462 42930.595492477390508
3409 40482.784206904529128 42907.782184568255616
3409.5 40496.735643201383937 42921.868919337408443
3410 40504.123347507025755 42928.165476550864696
3410.5 40497.822111660061637 42927.686980461076018
3411 40523.991607599527924 42963.469056761910906
3411.5 40539.294180576282088 42983.448223049847002
3412 40572.420439097979397 43010.92983183918841
3412.5 40499.852734090134618 42937.776782442961121
3413 40469.315793519417639 42910.939062731500599
3413.5 40497.011074190908403 42941.696527138250531
3414 40487.830123295032536 42919.480987162627571
3414.5 40436.335771736885363 42872.365318245399976
3415 40423.224326044975896 42859.137903524380818
3415.5 40370.965359811292728 42796.053916501383355
3416 40386.647154652164318 42809.735784172175045
3416.5 40371.39083407518774 42795.385122923064046
3417 40299.320138055583811 42731.246085216218489
3417.5 40290.648836816653784 42724.597966981360514
3418 40260.613485160945856 42694.308264658218832
3418.5 40212.355603443698783 42641.330571366997901
3419 40218.708096305839717 42641.657826073831529
3419.5 40176.200914851498965 42607.952197262660775
3420 40126.11560911408742 42556.699545767063682
3420.5 40185.984605591998843 42615.569376298706629
3421 40168.269487906771246 42608.420868770590459
3421.5 40144.167666894900321 42593.419780806165363
3422 40150.187379342256463 42587.521326141970349
3422.5 40150.967912681036978 42587.028806234673539
3423 40153.81910286006314 42597.49977035739721
3423.5 40173.945505277057237 42614.473485188638733
3424 40174.935184482266777 42622.077553431081469
3424.5 40193.852921497920761 42644.541849348875985
3425 40150.279682923217479 42597.956917878567765
3425.5 40127.985803686300642 42579.736823970080877
3426 40145.884688868296507 42605.109850585235108
3426.5 40176.721142147078353 42635.435718322180037
3427 40126.950607296348608 42593.465938517227187
3427.5 40158.056305348909518 42625.723556196608115
3428 40157.265615019685356 42633.752801264621667
3428.5 40167.504221724302624 42646.391285323137708
3429 40182.680777202323952 42665.322778151799866
3429.5 40202.089320982158824 42689.880394078674726
3430 40144.969557346550573 42631.229214776933077
3430.5 40189.730961879693496 42677.550324162373727
3431 40223.668678166162863 42705.4516751140618
3431.5 40188.483577318271273 42665.854854750919912
3432 40206.428152715234319 42683.510722119710408
3432.5 40224.039355002416414 42704.423422786938318
3433 40227.112059723076527 42702.293438880071335
3433.5 40220.185953170162975 42698.319241117555066
3434 40187.532286975052557 42677.300360143570288
3434.5 40201.560593660084123 42693.184488159778994
3435 40215.190229850442847 42714.490175284343422
3435.5 40168.688021903231856 42668.073892085936677
3436 40159.324995813971327 42655.792999643126677
3436.5 40118.391128476287122 42615.341753338987473
3437 40161.574756377005542 42657.119521264721698
3437.5 40149.213742106134305 42641.660601619711088
3438 40165.167306682880735 42662.193763356786803
3438.5 40142.053943595419696 42639.637630336830625
3439 40143.28869515855331 42654.283103125693742
3439.5 40134.229700681491522 42646.358215288142674
3440 40148.452963899784663 42661.337074345959991
3440.5 40159.280732339480892 42671.621636147108802
3441 40124.984685552015435 42640.382993735649507
3441.5 40127.016621828173811 42644.917353159275081
3442 40112.685491803080367 42632.254250294368831
3442.5 40131.556611442851136 42649.018431778058584
3443 40152.517451734092901 42683.870817668415839
3443.5 40188.095679862773977 42719.365948109771125
3444 40174.77336429283605 42707.879672256021877
3444.5 40212.191340313591354 42741.498967846913729
3445 40225.196702444438415 42759.663869341413374
3445.5 40236.270580303309544 42781.070534014739678
3446 40203.566961231510504 42751.000827548843517
3446.5 40229.732077655506146 42781.725194922146329
3447 40252.071097731932241 42800.832163901475724
3447.5 40231.039915284025483 42770.386714041116647
3448 40253.160637005072203 42805.152144943058374
3448.5 40274.554792491078842 42834.271988937536662
3449 40238.396020265085099 42799.957748073939001
3449.5 40234.535097411440802 42796.048757600343379
3450 40284.638508862233721 42848.373894609176205
3450.5 40258.493674890851253 42830.200065325589094
3451 40271.593719888034684 42839.345976489079476
3451.5 40261.604373541049426 42840.465360585141752
3452 40303.979196005275298 42886.653101235366194
3452.5 40288.144312163050927 42880.998906514789269
3453 40283.175483624268963 42884.988543304374616
3453.5 40276.513528960567783 42883.508605253868154
3454 40269.746594303105667 42885.720935077952163
3454.5 40263.205071262796992 42873.736679334200744
3455 40286.476232810658985 42897.535294914116093
3455.5 40276.625340503916959 42894.953540105969296
3456 40267.843683500810585 42892.122935021012381
3456.5 40281.231577481768909 42909.484327641723212
3457 40244.256705603242153 42864.041290326276794
3457.5 40284.726457907985605 42907.310468370029412
3458 40278.921260611758044 42904.832162838436489
3458.5 40266.442081546716508 42897.61288522342511
3459 40301.536569265372236 42936.683343457247247
3459.5 40308.174041183301597 42952.992290809190308
3460 40304.431246367792482 42954.332586460091989
3460.5 40298.169432531503844 42940.563478122159722
3461 40300.78744328461471 42948.709463544648315
3461.5 40305.12759120312694 42950.660581892952905
3462 40306.272779525992519 42958.337325846834574
3462.5 40335.871328930283198 42989.901955182227539
3463 40345.717241277721769 42995.066593537609151
3463.5 40348.53959454127471 42999.048652785852028
3464 40340.404011558086495 42986.141564401652431
3464.5 40309.857140258856816 42961.528788453280868
3465 40353.463154228746134 43016.145634731656173
3465.5 40335.795238047590829 42999.720895021746401
3466 40367.066647879029915 43020.731518253065587
3466.5 40326.39474955231708 42995.151558235455013
3467 40338.686797572154319 43006.975653396555572
3467.5 40307.778002493760141 42991.667810373168322
3468 40353.679651036109135 43035.322487627177907
3468.5 40402.630904982390348 43087.583604262894369
3469 40383.233618300553644 43077.300797275158402
3469.5 40375.14838211593451 43077.239059545201599
3470 40416.775306876057584 43114.425649054763198
3470.5 40390.084682326596521 43097.288369273781427
3471 40428.970666311397508 43131.627949460438685
3471.5 40433.717918465117691 43144.096181835993775
3472 40399.872789391069091 43113.694842457865889
3472.5 40479.852454405707249 43200.103179018347873
3473 40420.653387304046191 43142.410273996829346
3473.5 40402.780218508283724 43128.705633905949071
3474 40428.363087538942636 43160.695391890323663
3474.5 40454.214535649698519 43190.643925287600723
3475 40500.371580268350954 43244.589207783959864
3475.5 40476.694421117885213 43217.087399221672968
3476 40456.858990346045175 43200.071129811833089
3476.5 40470.215249441382184 43214.681960991903907
3477 40514.018369368226558 43264.244838821781741
3477.5 40507.94483973718161 43261.880661753879394
3478 40527.185611841188802 43291.333290786096768
3478.5 40563.305389348941389 43318.822881641135609
3479 40555.84801798677654 43316.207579695663298
3479.5 40597.424233264202485 43360.178287832757633
3480 40563.836848713996005 43321.915269630786497
3480.5 40550.016850131381943 43315.34861381832161
3481 40545.950290664804925 43309.39428898258484
3481.5 40547.665895656544308 43327.130277322474285
3482 40576.340085176321736 43348.98529488411441
3482.5 40557.805530291043397 43328.330411744667799
3483 40576.168311938854458 43346.657271038428007
3483.5 40590.475554948432546 43364.158313263244054
3484 40564.236500473263732 43332.620861305447761
3484.5 40609.991864792136766 43371.241391173243755
3485 40617.389117518701823 43374.15164480011299
3485.5 40619.691394730696629 43376.738025778067822
3486 40556.625494456049637 43324.242568541871151
3486.5 40624.699328307360702 43401.569729129856569
3487 40599.66037386089738 43375.822240992696607
3487.5 40610.79437211919867 43387.625211064769246
3488 40633.381175809830893 43404.011550987735973
3488.5 40662.011229698742682 43437.313112490614003
3489 40694.545898320233391 43463.623539078565955
3489.5 40685.507045389065752 43453.428553142504825
3490 40622.779317324137082 43387.376134155449108
3490.5 40651.732341712464404 43422.738572247690172
3491 40637.804265263825073 43415.98018640873488
3491.5 40651.650949921946449 43433.788370892223611
3492 40659.26655689827021 43447.952216719451826
3492.5 40635.949964075385651 43419.991298691958946
3493 40626.433834960022068 43415.483087121669087
3493.5 40589.22999505646294 43376.462239328138821
3494 40557.16664668811427 43336.660376941501454
3494.5 40630.245821783450083 43412.610037278645905
3495 40618.95440790108114 43404.522384995208995
3495.5 40683.234486532302981 43483.753319952818856
3496 40685.979432885571441 43480.947976009359991
3496.5 40719.154240637806652 43519.087131624073663
3497 40685.111795281845843 43486.803394159214804
3497.5 40706.996124974706618 43518.450201602390734
3498 40706.890520133674727 43521.802606516066589
3498.5 40696.986119716071698 43511.03761805529939
3499 40677.045053048626869 43500.259244847125956
3499.5 40700.686986908316612 43530.143499171063013
3500 40686.282851461641258 43525.468741123382642
3500.5 40706.963759574959113 43552.567675538804906
3501 40687.336235354021483 43534.828371826348302
3501.5 40709.707910652716237 43551.696851295098895
3502 40690.937909019005019 43536.66216894354875
3502.5 40684.904373365898209 43534.761687365804391
3503 40647.845262364055088 43503.346471460012253
3503.5 40638.333338621428993 43496.417574152146699
3504 40631.819117708568228 43491.324144941376289
3504.5 40577.282580645107373 43441.325465747475391
3505 40609.065967092406936 43477.478926020863582
3505.5 40597.375999991752906 43470.954190943484718
3506 40596.733146758735529 43468.732231288799085
3506.5 40571.979518964137242 43450.206544771484914
3507 40545.665977687305713 43421.07502255954023
3507.5 40558.906621944996004 43443.665613071032567
3508 40587.806479399492673 43470.343550072386279
3508.5 40572.668842693463375 43456.777035493418225
3509 40547.014073337551963 43426.580090988929442
3509.5 40575.122579560229497 43459.165215411638201
3510 40615.483019988088927 43501.389362745409016
3510.5 40626.809774012217531 43513.868978165701265
3511 40569.200514528587519 43454.506440636665502
3511.5 40577.289251478374354 43461.171285123455164
3512 40589.742686119883729 43472.623068565582798
3512.5 40624.080364585199277 43515.291140938905301
3513 40620.740082820891985 43514.015645619096176
3513.5 40615.840979049942689 43517.988656443878426
3514 40680.182126597937895 43586.795845656612073
3514.5 40604.845201942232961 43511.134661831660196
3515 40613.966821250272915 43516.760043110742117
3515.5 40624.206218701707257 43539.839753917258349
3516 40653.363894807698671 43565.412852299807128
3516.5 40663.646878053048567 43578.816164641531941
3517 40668.355814012793417 43589.576591687284235
3517.5 40708.715707743525854 43627.009802709661017
3518 40668.562601408018963 43596.159233020305692
3518.5 40726.067305301185115 43647.645127904150286
3519 40722.491689445705561 43647.684701592326746
3519.5 40735.366595980871352 43660.64491216847091
3520 40741.5117612049944 43664.479156592700747
3520.5 40728.233665459862095 43654.644157102731697
3521 40728.827876772716991 43655.590440007457801
3521.5 40720.906685625457612 43644.763098053452268
3522 40745.390570820658468 43674.463558781848405
3522.5 40740.842151038152224 43676.313067318638787
3523 40720.645792403847736 43656.932214511849452
3523.5 40765.620474756193289 43704.73937464577466
3524 40801.73087183979078 43753.272168572613737
3524.5 40809.005206950183492 43751.833592070455779
3525 40777.167309340191423 43723.582938054249098
3525.5 40774.852217257677694 43731.179686691029929
3526 40769.251799987338018 43724.378207102912711
3526.5 40804.325366530647443 43752.261517103688675
3527 40814.456821751438838 43773.653102199663408
3527.5 40785.694345268821053 43744.925996268211748
3528 40790.674874957119755 43756.014481761267234
3528.5 40734.041142077505356 43703.448879894815036
3529 40722.403763336180418 43691.704868442400766
3529.5 40745.757723331327725 43717.737031102515175
3530 40759.510557802743278 43738.746446774246579
3530.5 40752.502170938307245 43737.038042152322305
3531 40747.020990940451156 43739.406663804380514
3531.5 40762.321782556529797 43753.643403045389277
3532 40779.510546497687756 43773.652277912580757
3532.5 40739.303990453758161 43728.166515115706716
3533 40761.311852767714299 43752.881191755346663
3533.5 40739.184871501282032 43720.841439174400875
3534 40787.121548902323411 43770.46971665865567
3534.5 40728.268341342096392 43713.246330915986618
3535 40737.546159372235707 43727.603532014232769
3535.5 40737.771861803943466 43730.466539563181868
3536 40783.168864037870662 43776.817740532518656
3536.5 40767.976059970649658 43767.54221630020038
3537 40778.708292711125978 43780.81369799530512
3537.5 40805.624316538312996 43811.846243420273822
3538 40801.256388039466401 43809.47767812263919
3538.5 40762.979137946102128 43778.857638501875044
3539 40817.346947518497473 43836.992826119814708
3539.5 40802.86237091296789 43822.849287932818697
3540 40776.601088759693084 43784.071496593482152
3540.5 40731.393290595959115 43743.885985191220243
3541 40742.106188821016985 43760.142085795494495
3541.5 40772.076322739201714 43791.584109095572785
3542 40759.662272862769896 43783.865635435700824
3542.5 40736.708244917834236 43762.955096916215552
3543 40748.904255846988235 43791.289556398667628
3543.5 40742.496042802820739 43792.010907608360867
3544 40718.137671884236624 43759.701883580011781
3544.5 40752.763653307309141 43790.686405261520122
3545 40757.4822136930743 43811.675525985752756
3545.5 40801.182853011639963 43856.145228893699823
3546 40754.506524967953737 43817.220977625183878
3546.5 40787.93233853073616 43847.274187425413402
3547 40792.403762668582203 43846.800643126909563
3547.5 40859.040077900863253 43913.250271353957942
3548 40785.536819773420575 43838.474103187101719
3548.5 40816.63592674391839 43877.993862854433246
3549 40816.317697906495596 43871.011394926157664
3549.5 40805.221454407292185 43865.740075185029127
3550 40772.424658046191325 43839.011191340781807
3550.5 40824.402004649797163 43891.011755938918213
3551 40785.495127394468 43855.985166749967902
3551.5 40840.082347921961627 43911.284352709051745
3552 40802.453363921864366 43875.685255715718085
3552.5 40849.513680651260074 43927.286260063126974
3553 40856.18929813647992 43941.455589403558406
3553.5 40857.708230028008984 43943.570167442128877
3554 40830.954678530441015 43907.034327113993641
3554.5 40805.65312613639253 43887.821795472613303
3555 40818.385337512467231 43890.996375913156953
3555.5 40793.842400228924816 43877.597868218566873
3556 40782.417649158443965 43859.718227355464478
3556.5 40806.440643738933431 43892.807116088879411
3557 40807.252007789335039 43885.968552931444719
3557.5 40807.785062496783212 43879.408257163144299
3558 40766.243871182996372 43841.605380776651145
3558.5 40791.488442286470672 43862.371929635461129
3559 40840.74865428195335 43916.039152306111646
3559.5 40855.137115727047785 43931.901818733851542
3560 40887.367780474516621 43964.262089431183995
3560.5 40879.98858085500251 43961.043012521084165
3561 40979.451870512653841 44046.739873485006683
3561.5 40936.100704338314245 44021.748007865331601
3562 40915.450470348456292 43993.352200815308606
3562.5 40935.143700810353039 44007.607739765240694
3563 40904.448509003239451 43982.02535814546718
3563.5 40933.730072015037877 44019.701188778373762
3564 40925.798079311389301 44021.153599964898604
3564.5 40927.955127772824198 44016.649312451969308
3565 40895.548647910909494 43987.651003972830949
3565.5 40930.728443531792436 44032.06583116092952
3566 40911.246726219898846 44021.468075624157791
3566.5 40961.133791338608717 44059.788531859034265
3567 40950.338035771615978 44054.738366346005932
3567.5 40933.314256341313012 44044.687297250471602
3568 40942.438563288837031 44043.698147408780642
3568.5 40924.370296117958787 44028.048231817861961
3569 40965.846525466586172 44065.744914483897446
3569.5 40950.472023487069237 44062.637388187562465
3570 40959.994228868512437 44062.343653694391833
3570.5 40935.669390657902113 44041.54205163817096
3571 40930.777880057008588 44039.43770332087297
3571.5 40925.067816674054484 44030.714720765339734
3572 40983.903611755435122 44093.891398627230956
3572.5 40955.142461619085225 44054.970831085134705
3573 40960.637910346675199 44067.191651109802478
3573.5 40925.81546329856792 44032.490751284822181
3574 40943.469224819062219 44042.61675556479895
3574.5 41000.394026913963899 44106.063437174394494
3575 40959.349901063731522 44057.5106601689331
3575.5 40955.877654229043401 44058.869463495291711
3576 40966.167026582428662 44065.728073272759502
3576.5 40950.653403392032487 44049.865503855973657
3577 40951.337757778746891 44047.92127447319217
3577.5 40994.721737406827742 44089.656568310179864
3578 40995.372511746187229 44095.724955980840605
3578.5 41011.337723134281987 44113.235271668541827
3579 40988.105841791599232 44092.543612502973701
3579.5 41023.429208160443523 44139.635339409207518
3580 41018.759280758204113 44132.762583999487106
3580.5 41028.631682166545943 44139.328939590668597
3581 41004.450443333975272 44109.995707493813825
3581.5 40996.517966108433029 44106.014103994064499
3582 41020.314565362750727 44127.442616490850924
3582.5 41003.537598943374178 44105.293021883997426
3583 41014.697970432920556 44133.02553010815609
3583.5 40980.664502182931756 44101.0587312484422
3584 41024.17213878876646 44147.326323450237396
3584.5 41020.932896373975382 44152.744433700128866
3585 41071.96446415540413 44206.233786912598589
3585.5 41031.828798425667628 44166.515055023512105
3586 41055.667356608195405 44186.852870261129283
3586.5 41054.97067387826246 44189.617951992768212
3587 41051.114562766902964 44183.162080532521941
3587.5 41020.56330458206503 44156.702447717216273
3588 41042.247810993168969 44177.510542024821916
3588.5 41026.280901323087164 44160.859150404568936
3589 41083.105887646204792 44214.755262218364805
3589.5 41079.133089446499071 44207.802569496299839
3590 41096.381275769985223 44233.110729005296889
3590.5 41091.956854650990863 44226.857245977967978
3591 41028.131759141848306 44162.631569832228706
3591.5 41042.957529244551552 44176.385926741531875
3592 41083.673832457738172 44218.565701411622285
3592.5 41078.524033587265876 44225.870797168419813
3593 41052.508951846670243 44207.282725424389355
3593.5 41034.349101246283681 44189.373374603259435
3594 41033.955964038039383 44191.690374580975913
3594.5 41048.770782093888556 44205.541822008774034
3595 41035.140274521334504 44198.232880336276139
3595.5 41031.4665450858447 44192.676616247052152
3596 41082.679681149631506 44249.182840073925036
3596.5 41062.315362034772988 44230.492520858140779
3597 41074.94804534369905 44236.377259664732264
3597.5 41039.021378239958722 44207.28374097377673
3598 41050.174778387256083 44218.893908721081971
3598.5 41051.068104872749245 44217.907211614743574
3599 41078.526137795510294 44249.426253382931463
3599.5 41043.613639050912752 44219.082685739151202
3600 41048.555668988963589 44214.639173542025674
3600.5 41047.503803147475992 44226.115137103894085
3601 40997.21345441822632 44177.112480533178314
3601.5 41002.790224948832474 44188.718931360861461
3602 40975.982002080228995 44166.29919165296451
3602.5 40960.010990458104061 44165.182500875955157
3603 40986.70043895591516 44183.769872957804182
3603.5 40959.427307910402305 44157.479706053556583
3604 40961.774138057495293 44164.363485075409699
3604.5 40979.163175061716174 44190.174751352591556
3605 41018.460835509795288 44234.201648070840747
3605.5 40960.333457189277397 44170.179026246514695
3606 40995.691629552464292 44204.533917049215233
3606.5 40971.39400306292373 44185.82097600443376
3607 40982.627861300861696 44193.34781451557501
3607.5 40993.892149131606857 44215.985089015834092
3608 40962.748815531587752 44184.850790587028314
3608.5 41020.687540255399654 44254.075387117751234
3609 40976.334550559833588 44207.670174400183896
3609.5 40967.801872192670999 44201.47180268108059
3610 41025.644853871301166 44266.123964397345844
3610.5 41019.460492924052232 44262.244891150046897
3611 40999.308419043278263 44235.59780479229812
3611.5 41014.094841061327315 44270.497725391178392
3612 40992.542632633056201 44253.280620001060015
3612.5 41013.521842255242518 44269.634269903850509
3613 40993.870950085351069 44261.76851853858534
3613.5 41035.547119285598455 44299.655587450579333
3614 41018.712097179159173 44285.493359684223833
3614.5 41047.015136529262236 44315.421877629938535
3615 41025.536980498647608 44314.17628467722534
3615.5 40988.412742726592114 44278.062867704429664
3616 41034.39368003247364 44327.199982435246056
3616.5 41012.339155013680283 44306.148656909703277
3617 40983.947139933188737 44282.286872259101074
3617.5 41029.515813291633094 44336.756862357447972
3618 41033.990461248533393 44342.32869911337184
3618.5 40989.942398812578176 44306.253829529581708
3619 41009.632950409279147 44326.871360090568487
3619.5 41027.313864926516544 44345.241310973397049
3620 40999.529942550296255 44324.01570367532986
3620.5 40997.108622756495606 44318.855015099972661
3621 40994.788502450741362 44321.47406197735836
3621.5 41018.869236460603133 44341.856181361268682
3622 40976.173721340128395 44300.302874664783303
3622.5 40983.836916187181487 44310.888252468241262
3623 41017.587082997204561 44350.386807204398792
3623.5 41003.106889856739144 44327.762322092719842
3624 40981.047042495665664 44305.256713116927131
3624.5 41015.151497558508709 44344.729777076514438
3625 40999.167412812457769 44330.114676443481585
3625.5 41065.410679620326846 44390.759847031979007
3626 40991.296733994138776 44318.228722966370697
3626.5 41005.322996282280656 44328.367156800719386
3627 40979.900109775604506 44300.630877689232875
3627.5 41015.674886580600287 44336.577047395177942
3628 41009.824510560611088 44338.897297350013105
3628.5 41005.434158518612094 44334.94008963387023
3629 41001.767738114009262 44320.851047443749849
3629.5 41005.617885750041751 44326.866498300223611
3630 41031.029859718670195 44343.220098874211544
3630.5 40986.09181424286362 44300.695772182632936
3631 40993.91740910615772 44316.321673098544125
3631.5 41023.078613003664941 44332.806210073416878
3632 41023.252427748841001 44339.270571219072735
3632.5 41028.36529801600409 44355.671663230692502
3633 41011.790555400089943 44334.559191838307015
3633.5 41045.710340817946417 44371.354862538602902
3634 41020.011437286178989 44340.625196492183022
3634.5 41067.095290154793474 44386.177283797420387
3635 41016.931923329902929 44350.21043170431949
3635.5 41051.154886770389567 44381.137658706902585
3636 41067.922321518795798 44393.763456533975841
3636.5 41077.639412674732739 44405.321199845006049
3637 41038.52980465098517 44365.030559730927052
3637.5 41069.730101281966199 44393.512156437318481
3638 41052.395723133886349 44382.437744097449468
3638.5 41070.797409799524758 44392.449228927769582
3639 41032.728333514052792 44371.964834275233443
3639.5 41043.385529801234952 44384.015700161871791
3640 41041.556351602928771 44391.913198191257834
3640.5 41030.235477908579924 44386.98255951047031
3641 41052.079610302331275 44415.239788879720436
3641.5 41061.696400095155695 44444.621941187084303
3642 41066.728146942477906 44457.208988176702405
3642.5 41063.605259024450788 44458.633388845504669
3643 41029.160580525945988 44413.598097632537247
3643.5 41039.294687962894386 44429.12325705956755
3644 41084.747353948616365 44479.316773714563169
3644.5 41059.016726596179069 44452.432833738872432
3645 41048.713139981919085 44445.144389942674024
3645.5 41061.206779014333733 44466.077303872298216
3646 41096.110808157238353 44494.078186608741817
3646.5 41105.232999158419261 44505.439151516082347
3647 41091.832610779470997 44489.807876702681824
3647.5 41085.566719121670758 44481.785681136942003
3648 41061.094154121099564 44455.063458937642281
3648.5 41082.30039029904583 44477.14436524125631
3649 41082.652983605155896 44470.248715281762998
3649.5 41101.273690289577644 44494.229245881833776
3650 41110.682147922227159 44508.203079415317916
3650.5 41115.123288879694883 44508.164766681147739
3651 41116.045648626059119 44507.083420232782373
3651.5 41099.359922516348888 44491.445928302680841
3652 41110.042754904956382 44496.027131333881698
3652.5 41132.812658015405759 44525.322919220823678
3653 41162.273693854112935 44558.287142144021345
3653.5 41148.022488987320685 44554.600788991956506
3654 41155.472629789772327 44568.296547995254514
3654.5 41191.657345815947338 44604.758403920714045
3655 41224.150150070207019 44632.369850362541911
3655.5 41207.065203427846427 44611.43033713081968
3656 41198.349706791086646 44598.794500957068522
3656.5 41235.249029882652394 44644.555033885400917
3657 41226.012138486243202 44632.019714126763574
3657.5 41256.743742559614475 44665.230495812022127
3658 41257.292275495114154 44671.593977902935876
3658.5 41290.49931051965541 44706.266358944631065
3659 41260.558262360114895 44677.488103571849933
3659.5 41302.290425215789583 44715.081476993364049
3660 41271.987475969217485 44689.876279431620787
3660.5 41281.742849495742121 44710.052057021515793
3661 41254.689306049629522 44686.879762009950355
3661.5 41302.284156474466727 44726.36360452810186
3662 41239.815307081953506 44668.242953408080211
3662.5 41263.412059815906105 44692.116841893723176
3663 41266.140957392875862 44699.264845068049908
3663.5 41251.813096883066464 44687.18963137564424
3664 41280.519395231902308 44711.382907608858659
3664.5 41268.400288646043919 44697.098728391065379
3665 41246.30499433890509 44678.236896059243008
3665.5 41276.28513885641587 44718.829208066650608
3666 41282.498837862272921 44729.581292021997797
3666.5 41300.477271782496246 44746.398732080822811
3667 41298.559593463505735 44733.40274010282883
3667.5 41300.981867981696269 44748.381156790346722
3668 41296.679668394310283 44747.844652411455172
3668.5 41291.375484516102006 44740.860145487487898
3669 41249.937504117173376 44700.738630892752553
3669.5 41283.231275734513474 44730.733860427077161
3670 41260.308903475845 44716.473796822690929
3670.5 41279.191904597515531 44731.502237775122921
3671 41260.103939886379521 44714.338254793197848
3671.5 41334.233089979345095 44784.763583229461801
3672 41307.899265862026368 44753.111033143599343
3672.5 41261.229911777263624 44706.942521471530199
3673 41286.798198946897173 44742.018244988619699
3673.5 41296.370725675013091 44747.912511339600314
3674 41321.458539322877186 44778.056213568765088
3674.5 41327.410626106218842 44786.878120950728771
3675 41303.279183962840762 44772.971700624701043
3675.5 41342.649703930335818 44811.000448693746876
3676 41361.903488366173406 44831.648708403074124
3676.5 41328.304786122069345 44793.06553665544925
3677 41336.344740166750853 44813.007856417243602
3677.5 41326.709440070677374 44794.194954320679244
3678 41331.611903640368837 44809.701385644686525
3678.5 41318.962470950682473 44794.71254505716206
3679 41348.50217640484334 44831.006067858281313
3679.5 41352.832587197895919 44838.048809629995958
3680 41330.036379839897563 44805.526349227278843
3680.5 41360.350794099380437 44842.986379272122576
3681 41363.933161884575384 44844.919608986441744
3681.5 41351.244319095960236 44838.833176156789705
3682 41355.840870354571962 44854.631779766277759
3682.5 41334.67479558056948 44827.607800196834432
3683 41357.218238676454348 44849.92687321925041
3683.5 41371.91441039172787 44876.143037454094156
3684 41384.221099333066377 44895.183946619501512
3684.5 41391.857445698915399 44903.270856425180682
3685 41372.916404817857256 44891.731293141645438
3685.5 41415.964072544971714 44944.625169470826222
3686 41411.328327660165087 44936.697151482803747
3686.5 41401.488212197567918 44934.950375462656666
3687 41368.08178371660324 44905.463726244342979
3687.5 41388.063411110306333 44931.899923300057708
3688 41372.268025437057076 44911.99939276859368
3688.5 41431.77715608797007 44982.272632112049905
3689 41391.740376659559843 44938.088650226898608
3689.5 41399.363247302884702 44941.479810365097364
3690 41412.024178177292924 44953.677438406295551
3690.5 41402.83016126487928 44939.988522575236857
3691 41424.54487816234905 44961.270531320602458
3691.5 41390.781039412075188 44938.49289045977639
3692 41365.107875398694887 44903.079661987976579
3692.5 41380.408145805289678 44920.888210930810601
3693 41378.387433925097866 44926.546900279565307
3693.5 41377.481978910473117 44931.897941341121623
3694 41402.245249812745897 44951.042779382616573
3694.5 41366.847396405195468 44913.479146456047602
3695 41381.237568290365743 44932.542697054566815
3695.5 41390.216745976969833 44936.835334287818114
3696 41349.340407326599234 44899.381309375763522
3696.5 41386.753183127031662 44946.87160129808035
3697 41399.919106134446338 44959.163557139625482
3697.5 41373.876727399227093 44935.395790709437279
3698 41401.438639919309935 44966.065045043229475
3698.5 41431.027036821076763 44998.759589474873792
3699 41386.401877516684181 44962.975217785286077
3699.5 41421.05377964451327 44994.75175788555498
3700 41427.02457336934458 45001.335198107160977
3700.5 41391.423553109416389 44965.012348423500953
3701 41437.939708484263974 45008.880313195048075
3701.5 41455.583955296882777 45025.297884083709505
3702 41453.450082780371304 45022.278200946428115
3702.5 41439.267752667306922 45011.115162399706605
3703 41445.001619018090423 45014.801257580737001
3703.5 41433.73171808636107 45010.26425897385343
3704 41440.180225094925845 45021.349119037797209
3704.5 41465.692986089750775 45057.435163639158418
3705 41450.689984602482582 45044.010577623012068
3705.5 41445.426528677875467 45043.801057682321698
3706 41428.379999915516237 45036.780078557610977
3706.5 41488.759853378549451 45106.500540512613952
3707 41453.307629058726889 45082.18270353146363
3707.5 41471.83611482354172 45103.894039916944166
3708 41450.151272084032826 45080.154623250025907
3708.5 41471.057032748140045 45108.672637975229009
3709 41471.070647822467436 45113.160188849018596
3709.5 41442.679395193074015 45083.304056588851381
3710 41461.686670959483308 45097.939513368968619
3710.5 41452.490835803153459 45099.364229517625063
3711 41503.482730565774546 45157.929132735058374
3711.5 41486.54299452680425 45125.292972818220733
3712 41476.157640894896758 45121.935839961050078
3712.5 41483.827017171119223 45130.676899381265684
3713 41456.751728126968374 45105.263840638101101
3713.5 41475.529763928854663 45127.584609230623755
3714 41462.733150441286853 45115.547853802425379
3714.5 41484.623146802638075 45131.816199097345816
3715 41528.57794971367548 45183.622050314108492
3715.5 41497.299230182572501 45152.377571169155999
3716 41487.193734579319425 45143.635321302659577
3716.5 41503.49542212155211 45150.66769791409024
3717 41531.287931046172162 45171.735156513212132
3717.5 41525.048122042462637 45166.349223534511111
3718 41523.211428983820952 45173.618269817699911
3718.5 41492.104867812922748 45149.044244595002965
3719 41531.106824170557957 45178.697223740389745
3719.5 41509.6366013254883 45160.090944145347748
3720 41511.921600704481534 45170.637722190942441
3720.5 41507.060218163154786 45168.899173924604838
3721 41522.047941358381649 45184.112203748358297
3721.5 41504.471333026158391 45164.030040759331314
3722 41541.557532851191354 45211.048408978975203
3722.5 41522.162567329425656 45188.39718385006563
3723 41500.339209801459219 45168.330974371754564
3723.5 41540.635228904284304 45200.523416168274707
3724 41555.124399772976176 45217.939699816473876
3724.5 41564.70041212173237 45226.38928521557682
3725 41532.562768228483037 45207.45515791059006
3725.5 41558.222057001417852 45221.865403207892086
3726 41589.416269134017057 45248.057607806302258
3726.5 41572.49695167018217 45231.166779228071391
3727 41575.411268254742026 45245.400960681326978
3727.5 41590.110461765005311 45262.745646161674813
3728 41587.876499312595115 45266.419878524175147
3728.5 41625.399908254563343 45304.268742757878499
3729 41570.312473265570588 45261.904361051303567
3729.5 41577.421112328120216 45261.507727105250524
3730 41584.062203403744206 45278.974896223589894
3730.5 41608.180480285453086 45298.184853328268218
3731 41606.524734343489399 45292.820194182735577
3731.5 41639.637470641784603 45324.972156065479794
3732 41605.324421462930331 45295.452442778318073
3732.5 41625.740566753942403 45310.620616449930822
3733 41649.022764641442336 45333.182909159244446
3733.5 41662.134997207773267 45353.379821304675716
3734 41648.29598844643624 45336.495082279187045
3734.5 41628.91184079444065 45326.939948145045491
3735 41635.956490894590388 45336.53898804034543
3735.5 41616.502874794932723 45326.497572901585954
3736 41664.140350572750322 45373.487450711771089
3736.5 41648.940180882564164 45359.931817230004526
3737 41670.474360628271825 45382.585404246725375
3737.5 41664.36916466162802 45375.941373474022839
3738 41703.436396768629493 45413.731313008727739
3738.5 41720.415289509452123 45438.134522597720206
3739 41707.945809023578477 45414.584718345846341
3739.5 41699.470239905815106 45412.416778341990721
3740 41746.601964341731218 45459.896292631652614
3740.5 41724.049084914338891 45451.867049664877413
3741 41736.345613086406956 45469.804195182427065
3741.5 41779.970171786182618 45518.40530692179891
3742 41726.380567399392021 45467.399009926099097
3742.5 41725.403366212864057 45470.852491307952732
3743 41704.28535267355619 45443.398617081998964
3743.5 41750.204057289221964 45490.96115707053832
3744 41703.789706074458081 45451.795240357438161
3744.5 41720.157674919973942 45481.45189300605125
3745 41753.388727779274632 45523.808487096554018
3745.5 41717.59754267334938 45487.35244763798255
3746 41725.731993082954432 45489.805175588706334
3746.5 41683.272658982124995 45456.660587394391769
3747 41755.653062475503248 45518.59218923492881
3747.5 41753.31114608887583 45522.885754227820144
3748 41748.305986278770433 45527.361666358701768
3748.5 41806.226568976970157 45588.489117312783492
3749 41824.464137818635209 45608.639770677626075
3749.5 41823.07428966245061 45613.184928348317044
3750 41809.479609975489439 45606.666704101684445
3750.5 41788.523166993632913 45584.479416664740711
3751 41845.346962535208149 45642.967834179675265
3751.5 41828.069277215843613 45616.662422811830766
3752 41847.697903235210106 45641.491860400703445
3752.5 41852.12956232358556 45642.971900160388032
3753 41832.37242015220545 45625.489052854536567
3753.5 41860.434626860995195 45650.908082071357057
3754 41859.927475337841315 45657.099709699206869
3754.5 41864.211986578004144 45662.247496059171681
3755 41865.887309788471612 45666.992194929167454
3755.5 41893.717635106229864 45700.208046098501654
3756 41877.248337356664706 45686.053171299463429
3756.5 41921.833940716154757 45737.838121631772083
3757 41875.736675455897057 45690.252820465764671
3757.5 41911.310920101772354 45742.64257325870858
3758 41902.476262278541981 45727.754276844563719
3758.5 41910.688372784898093 45741.83009816352569
3759 41867.770494139273069 45713.316653894544288
3759.5 41908.617574818556022 45756.99700238314108
3760 41889.496408694772981 45738.448837991265464
3760.5 41889.665823345807439 45750.81204579849873
3761 41888.458019391764537 45748.85923770617228
3761.5 41910.718779218957934 45771.565962746753939
3762 41905.648280073437491 45776.63564085028338
3762.5 41893.746641964869923 45760.915888486437325
3763 41897.061055652615323 45766.412368684534158
3763.5 41866.009377192800457 45729.423954886980937
3764 41862.522750311080017 45735.530469715507934
3764.5 41888.739056968472141 45758.709682330569194
3765 41909.484102326314314 45776.992008264402102
3765.5 41918.683305596518039 45788.540861247180146
3766 41911.835618946541217 45785.789225553773576
3766.5 41904.110652032599319 45776.888802304994897
3767 41900.945081135185319 45767.550582249532454
3767.5 41954.810479844316433 45814.253974813298555
3768 41935.957317311891529 45796.082373244396877
3768.5 41907.535440675019345 45767.192417068239592
3769 41913.483293049714121 45778.605258985291584
3769.5 41927.609943253759411 45797.449472475134826
3770 41906.105980578628078 45787.713398685038555
3770.5 41924.059795023698825 45803.544215100831934
3771 41942.574738977724337 45815.438953234865039
3771.5 41904.669238120215596 45781.366525465295126
3772 41911.013468779565301 45785.002777958776278
3772.5 41933.155661910248455 45813.208493832375098
3773 41914.922310925721831 45803.222771305197966
3773.5 41909.944721499057778 45807.464356691503781
3774 41889.589606213427032 45794.05515216459753
3774.5 41919.058599107840564 45817.146690112735087
3775 41888.422731568141899 45792.615390981147357
3775.5 41896.674911165180674 45800.467923117306782
3776 41877.743467912754568 45793.221117399298237
3776.5 41918.572431736603903 45837.354510348159238
3777 41929.653937913462869 45850.403110917875892
3777.5 41932.980965401802678 45865.245863902149722
3778 41894.355433849494148 45813.928891837378615
3778.5 41900.858392246525909 45838.206030345740146
3779 41906.01380591992347 45854.112814150103077
3779.5 41941.50819231767673 45883.715741654435988
3780 41964.993311221827753 45911.522678560591885
3780.5 41964.807286402785394 45921.318876694451319
3781 41975.705893072619801 45917.787256223062286
3781.5 41999.917460147051315 45954.404236221496831
3782 41993.984440801556048 45936.097633869219862
3782.5 42004.851504518199363 45961.426635435491335
3783 42010.432454824644083 45966.581722528135288
3783.5 42007.577204187131429 45966.120491126624984
3784 42006.868937753759383 45962.44048625407595
3784.5 42014.224784138074028 45973.149045428392128
3785 42065.119800153785036 46021.450307018778403
3785.5 42014.998484467163507 45973.0396957853809
3786 42022.281557120390062 45973.968387011773302
3786.5 42030.946542490033607 45977.356804075629043
3787 42051.507884134953201 46007.312328129446541
3787.5 42039.255689343364793 45999.588492466347816
3788 42024.184929701426881 45989.316001968785713
3788.5 42055.688069754476601 46012.438896572115482
3789 42085.718856572835648 46047.722131234811968
3789.5 42042.451798553607659 45997.235020180356514
3790 42013.548634653008776 45982.431741743610473
3790.5 42036.663872118384461 46016.467536577154533
3791 42061.373089878186875 46034.89673519696953
3791.5 42026.401807615940925 46012.537584458754282
3792 42046.031514765621978 46029.363019554781204
3792.5 42028.881330956341117 46025.126879721974547
3793 42078.793401700255345 46061.814758353233628
3793.5 42060.216138442279771 46057.376812378781324
3794 42041.125306125723 46043.442215813905932
3794.5 42090.237172380497213 46095.613892024841334
3795 42098.483613093609165 46105.798362981324317
3795.5 42087.279404319247988 46102.015786987241881
3796 42070.429309412917064 46079.926556239748606
3796.5 42067.011918367730686 46092.875738383452699
3797 42085.126115389735787 46112.472284721356118
3797.5 42069.345158071046171 46097.123036445475009
3798 42043.716208197765809 46068.981621924729552
3798.5 42068.671574465719459 46095.285044853008003
3799 42065.472019174565503 46098.906569555219903
3799.5 42061.562581066071289 46098.019754614477279
3800 42042.753960152476793 46078.875430889209383
3800.5 42047.099308807002672 46085.896711431472795
3801 42026.715341369221278 46071.973248970665736
3801.5 42048.126233942522958 46097.518147984548705
3802 42036.929793004201201 46082.417925203051709
3802.5 42031.125145450198033 46085.098810061936092
3803 42063.206832224583195 46132.135063615845866
3803.5 42039.109387293516193 46099.395616019181034
3804 42050.912363774601545 46115.953778928436805
3804.5 42043.891529355125385 46096.161599293525796
3805 42068.209027019664063 46125.611392654871452
3805.5 42037.904528237391787 46105.745525044221722
3806 42111.788950274771196 46174.15268160715641
3806.5 42107.91811548583064 46178.215990101605712
3807 42104.917427077431057 46177.391792593683931
3807.5 42092.919173425114423 46165.152782159653725
3808 42108.978479404613608 46183.770244321967766
3808.5 42087.598226577152673 46173.605252495595778
3809 42094.785269187574158 46183.280398625647649
3809.5 42072.125637599368929 46163.131458824536821
3810 42128.763893079049012 46225.724674978133407
3810.5 42121.70202311425237 46218.086451742259669
3811 42086.771133631606062 46186.165915197889262
3811.5 42086.983081271901028 46192.447627182213182
3812 42080.949829569777648 46190.665442664620059
3812.5 42062.039586997598235 46175.915773518223432
3813 42125.912574736517854 46239.144751756037294
3813.5 42098.322200082642667 46222.316497408617579
3814 42103.149652650397911 46223.80298021780618
3814.5 42127.327540464000776 46258.955091008458112
3815 42085.301676791910722 46222.682419516968366
3815.5 42072.483991685177898 46218.209541895143047
3816 42106.113792804033437 46254.247362363857974
3816.5 42112.407062381345895 46268.354543534849654
3817 42050.01204367842729 46218.740191140655952
3817.5 42080.007331647946557 46247.102063174424984
3818 42062.892678133597656 46232.629538701869023
3818.5 42060.529145147520467 46234.577609624699107
3819 42075.545035827337415 46250.976211827975931
3819.5 42118.177904821750417 46299.552021210896783
3820 42092.183318437804701 46270.703073433469399
3820.5 42107.896965613676002 46300.14605725529691
3821 42069.066838777936937 46258.178039943362819
3821.5 42080.632158533553593 46277.10762126211921
3822 42133.16053226301301 46334.86921049488592
3822.5 42098.362879479740513 46301.971162654699583
3823 42140.79891224259336 46339.509668113627413
3823.5 42151.353609972517006 46344.133258446825494
3824 42114.821480546808743 46307.748561739361321
3824.5 42155.548452321330842 46355.707339088388835
3825 42166.264054197905352 46372.211890853512159
3825.5 42204.068154219334247 46409.542096029275854
3826 42198.927464534470346 46402.128156371101795
3826.5 42182.842918025329709 46385.024587454565335
3827 42186.614563767441723 46390.099371548334602
3827.5 42213.055431748995034 46413.97726622607297
3828 42173.200188367853116 46383.254872581019299
3828.5 42221.268120113105397 46428.869183943534154
3829 42216.532079167605843 46429.787911396990239
3829.5 42222.071772983617848 46430.150517347821733
3830 42237.890165097574936 46456.499321725437767
3830.5 42233.607254498987459 46443.137202201702166
3831 42268.038571777527977 46478.464804192037263
3831.5 42232.5381330692544 46451.849518326249381
3832 42279.692418969898426 46489.427402420609724
3832.5 42216.186734156035527 46440.334024804687942
3833 42225.210965026490157 46453.337625920234132
3833.5 42271.340014266861544 46486.042568088618282
3834 42311.100778058505966 46528.112918193015503
3834.5 42275.807143830890709 46498.074465968747973
3835 42286.594890159904025 46505.59032988553372
3835.5 42354.489128910980071 46578.458097262118827
3836 42351.824426053397474 46575.862598755127692
3836.5 42333.394832596815831 46564.91600280473358
3837 42328.458534343153588 46558.734966774296481
3837.5 42326.226288018304331 46560.440970595933322
3838 42316.525351215124829 46540.613016669165518
3838.5 42327.346777322723938 46561.625092103262432
3839 42391.082094463068643 46615.95941077900352
3839.5 42347.420205282796815 46586.047860670252703
3840 42345.818058736273088 46583.174704385543009
3840.5 42334.341313478493248 46572.565149513706274
3841 42324.089498077388271 46562.373864361907181
3841.5 42333.679865599784534 46571.701517944355146
3842 42362.256084478962293 46597.015669376101869
3842.5 42331.332195176262758 46564.601564224925824
3843 42348.675231398447067 46580.186280100257136
3843.5 42336.206704170297598 46584.214637148179463
3844 42331.862850093668385 46584.254240843300067
3844.5 42342.787131943536224 46592.938709783389641
3845 42288.929741240703152 46538.968026943017321
3845.5 42311.946834916256194 46560.23670018712437
3846 42304.375226772099268 46557.388475712439686
3846.5 42297.764415059791645 46564.029524685909564
3847 42286.40847734567069 46556.008827744510199
3847.5 42305.302168149915815 46577.272134687191283
3848 42283.929981649169349 46553.79003414104227
3848.5 42277.976029157405719 46554.976403103719349
3849 42311.40165814392094 46600.85735466623737
3849.5 42352.319312267100031 46651.892272404678806
3850 42307.709227560284489 46605.348256858822424
3850.5 42331.140419702489453 46635.039422526715498
3851 42294.342370094593207 46606.368103520362638
3851.5 42308.284636110751308 46611.292603669739037
3852 42314.720440210709057 46621.869622733167489
3852.5 42307.388079864424071 46618.591808987293916
3853 42361.053919279249385 46666.847504137047508
3853.5 42323.452912176675454 46635.067465811043803
3854 42345.952390793638187 46654.44426180436858
3854.5 42304.124689607626351 46602.633075238969468
3855 42358.198326793979504 46659.507998837572813
3855.5 42349.807590587268351 46655.348074678047851
3856 42346.981631769798696 46652.773992662980163
3856.5 42381.459890840545995 46698.762235435409821
3857 42362.273239908317919 46679.288887356247869
3857.5 42406.3059492429893 46729.272307033010293
3858 42414.25835112205823 46733.706761091416411
3858.5 42422.906130376453802 46741.642375849085511
3859 42439.973196824292245 46756.353488515844219
3859.5 42416.46024599957309 46747.153119708462327
3860 42467.106649828150694 46789.644776161832851
3860.5 42420.308898685689201 46739.25573777340469
3861 42439.066173950050143 46763.466785675795109
3861.5 42446.190902764566999 46772.924963833538641
3862 42437.962955215210968 46762.059680555015802
3862.5 42479.505201129104535 46812.945240210319753
3863 42474.610944124739035 46805.210381581724505
3863.5 42471.584242166572949 46804.660607171077572
3864 42475.019749782601139 46819.28530186345597
3864.5 42442.185289522385574 46784.629891134660284
3865 42446.676947469757579 46794.997992895572679
3865.5 42475.672990703576943 46830.350335151706531
3866 42486.969289525972272 46833.2850984409597
3866.5 42471.512307795826928 46817.647219274665986
3867 42492.000193517953448 46833.721421581729373
3867.5 42540.331530599767575 46884.525021150126122
3868 42552.662145071612031 46896.498318555008154
3868.5 42527.436098426682292 46877.781116087397095
3869 42537.092139046857483 46882.924758493041736
3869.5 42527.697870807969593 46881.19782017973921
3870 42504.703133064322174 46862.528043670907209
3870.5 42507.639310269041744 46877.210723342956044
3871 42521.916564888029825 46889.637792437410099
3871.5 42505.186650914467464 46880.315502651552379
3872 42503.280355822993442 46878.215394206890778
3872.5 42467.626600134943146 46843.540589333075332
3873 42489.477432982494065 46865.392010446506902
3873.5 42489.888886483808164 46874.410566546597693
3874 42487.789626682504604 46873.368464724124351
3874.5 42520.890112614200916 46907.032760186259111
3875 42489.683118832275795 46873.438214267116564
3875.5 42504.52603000500676 46888.560469906275102
3876 42485.048126435380254 46861.133895455997845
3876.5 42520.52702534294076 46893.692071263329126
3877 42505.811294883678784 46881.406067201540282
3877.5 42525.145738154635183 46893.311837153501983
3878 42535.580935133184539 46893.223494228295749
3878.5 42552.223103684511443 46914.263913587230491
3879 42582.405315324918774 46937.731360776400834
3879.5 42634.057708881438884 46992.687460222485242
3880 42611.054859815434611 46975.256712228590914
3880.5 42589.868425480563019 46956.991953406199173
3881 42667.164612454471353 47026.161583882792911
3881.5 42649.385289458346961 47007.528389250852342
3882 42668.261266988054558 47015.164897000475321
3882.5 42657.825195270423137 47008.509557134311763
3883 42714.801176551954995 47069.711030283368018
3883.5 42717.905210577802791 47066.688076375045057
3884 42711.844265246676514 47068.390846672940825
3884.5 42710.835370016415254 47061.685813713404059
3885 42718.843312864410109 47064.584045365561906
3885.5 42725.520514698124316 47081.736978704779176
3886 42765.037334581262257 47117.136220491032873
3886.5 42777.226106152229477 47133.35241457902157
3887 42814.508029515403905 47167.747599582129624
3887.5 42891.498340063975775 47241.77850766346819
3888 42882.989657057121804 47233.863186445218162
3888.5 42852.308516361095826 47201.469994860948646
3889 42876.724363599969365 47230.413303513079882
3889.5 42858.37537382197479 47219.021637972735334
3890 42830.182281377085019 47192.303143208308029
3890.5 42829.67764633603656 47199.774025858045206
3891 42816.260736325304606 47175.263085089609376
3891.5 42812.160389036900597 47181.249027393481811
3892 42812.124743832166132 47190.204334835274494
3892.5 42820.540964761225041 47198.959032366416068
3893 42863.519982961341157 47246.94689057177311
3893.5 42880.978790815504908 47266.579509792172757
3894 42891.757853336821427 47282.79908022894233
3894.5 42862.599025942625303 47256.740324071572104
3895 42898.010361071552325 47303.374425176858495
3895.5 42902.235685792293225 47315.744544553890591
3896 42911.448852914189047 47321.862545014031639
3896.5 42879.718408519664081 47286.253418490035983
3897 42889.313996877113823 47301.64335341072001
3897.5 42907.473320828496071 47332.609972695325268
3898 42916.537472571966646 47341.101580322654627
3898.5 42935.323099833680317 47370.621712668180407
3899 42922.325067085985211 47363.827608093801246
3899.5 42888.471713493127027 47334.487204977995134
3900 42894.17981156645692 47345.949345059358166
3900.5 42899.768004279874731 47363.924073276612035
3901 42883.416931926265534 47348.955442670689081
3901.5 42849.907295578261255 47308.198430458614894
3902 42866.237089493879466 47321.457622874557273
3902.5 42858.428829242409847 47327.155224923269998
3903 42885.409125407713873 47353.380030061794969
3903.5 42855.465104518072621 47316.764190910347679
3904 42930.946545407183294 47400.809363601256337
3904.5 42935.862019054606208 47404.127344813190575
3905 42913.085569156479323 47387.420716861903202
3905.5 42948.294460162716859 47428.573945405289123
3906 42970.149748567811912 47455.638393961613474
3906.5 42997.173182727929088 47472.487379521262483
3907 43002.993727140092233 47483.135926046103123
3907.5 43039.706459193439514 47518.704683096184453
3908 43101.653921539909788 47574.617920752614737
3908.5 43025.779492641740944 47499.671195022579923
3909 43069.788104733423097 47551.784252847101016
3909.5 43069.14306305021455 47541.499796647149196
3910 43080.575065444725624 47560.60909339482896
3910.5 43093.001671632766374 47577.508708756467968
3911 43091.906060802328284 47573.746129625076719
3911.5 43039.921736022712139 47528.644174131492036
3912 43049.902584271942033 47537.147189866620465
3912.5 43104.22262502805097 47595.710819062151131
3913 43036.087046023436415 47543.053903957530565
3913.5 43017.480937616615847 47521.225987982732477
3914 43073.385979039463564 47574.269265756563982
3914.5 43053.382844307052437 47557.438525477744406
3915 43123.904460435791407 47634.095904002373572
3915.5 43150.467490730326972 47664.731537736850441
3916 43053.803286685062631 47574.949390788009623
3916.5 43077.962030191454687 47608.291392997423827
3917 43111.650448716136452 47640.146664575586328
3917.5 43162.377756137961114 47699.706443571689306
3918 43171.767008243630698 47710.622521963632607
3918.5 43142.456341983757738 47678.904832297077519
3919 43185.904908412157965 47726.736312221684784
3919.5 43199.829859352343192 47742.127733899906161
3920 43200.778125491502578 47744.226341624511406
3920.5 43219.826985450534266 47767.789238444820512
3921 43216.672573597039445 47764.236393926184974
3921.5 43215.050670423363044 47771.588958572756383
3922 43271.991519250397687 47834.344876978087996
3922.5 43316.955149684661592 47884.506839352885436
3923 43312.504464278310479 47876.870557184156496
3923.5 43327.4134995843051 47897.601013604224136
3924 43331.005151397548616 47895.193778021166509
3924.5 43352.302747384535905 47913.963396550818288
3925 43387.308259943529265 47948.277902180569072
3925.5 43315.832814463545219 47886.923600893460389
3926 43315.367300381527457 47888.199724952486577
3926.5 43296.619678821429261 47878.244832053249411
3927 43290.333136207118514 47871.98920253029064
3927.5 43283.539812018330849 47873.216620238796168
3928 43255.716503250623646 47852.631355467136018
3928.5 43284.972809380757099 47881.594519980579207
3929 43289.330465567436477 47887.895997508217988
3929.5 43236.576837306849484 47841.047096075039008
3930 43241.440231370856054 47842.731297168429592
3930.5 43262.242476133193122 47869.512344219234365
3931 43243.540024081172305 47841.727029827838123
3931.5 43231.643532364985731 47831.349433621391654
3932 43277.566550603994983 47898.388753908751823
3932.5 43254.309358759841416 47879.367911090746929
3933 43249.677674077145639 47871.497878679525456
3933.5 43212.137823434422899 47846.135259528935421
3934 43236.882510364957852 47863.80327600784949
3934.5 43243.225847537105437 47876.131545508935233
3935 43239.185315552058455 47857.823680744564626
3935.5 43229.226183575570758 47868.360321463391301
3936 43265.656800482262042 47900.322336222881859
3936.5 43270.983915596560109 47909.863168106545345
3937 43239.217314984154655 47881.063810003244726
3937.5 43206.129170666325081 47832.744525252419407
3938 43204.631635154488322 47834.161729969324369
3938.5 43227.083238445287861 47856.613786554305989
3939 43235.351609606550483 47868.631173483074235
3939.5 43270.616432740920573 47901.518852999579394
3940 43256.337352060785634 47892.654289388214238
3940.5 43244.962471942548291 47882.898673418218095
3941 43303.670284135019756 47942.474433622635843
3941.5 43330.114445796738437 47967.16158485073538
3942 43292.806013744302618 47934.13223608230328
3942.5 43283.859937581088161 47927.859392687940272
3943 43323.711712625568907 47965.517471649814979
3943.5 43268.690061826251622 47921.691196916668559
3944 43246.481869725328579 47905.137470253110223
3944.5 43290.109654231688182 47956.86561128932226
3945 43255.361649966864206 47921.869419879665656
3945.5 43211.80371556137834 47881.241970518050948
3946 43201.368963382978109 47879.723907052175491
3946.5 43161.109841448553198 47850.3728205218722
3947 43130.314455712134077 47814.911233931270544
3947.5 43176.38609893933608 47866.455881581765425
3948 43160.577336460759398 47849.814108285478142
3948.5 43188.799889295201865 47876.149179607942642
3949 43172.848957412912569 47868.719443805006449
3949.5 43194.402142806473421 47894.848530932067661
3950 43184.385016751126386 47876.984794008130848
3950.5 43197.919686041648674 47902.172965731260774
3951 43211.005213704702328 47912.099447034976038
3951.5 43260.1357960434907 47944.763851364732545
3952 43249.732085013718461 47950.714381044970651
3952.5 43297.362420849058253 47997.487524315271003
3953 43301.683469430026889 47994.013597072022094
3953.5 43307.158011857820384 48000.969603069745062
3954 43327.68080337234278 48033.356610892937169
3954.5 43301.839294138662808 48020.90141560662596
3955 43304.423372475801443 48026.876655553154706
3955.5 43347.101076903534704 48063.184177081966482
3956 43358.562542211890104 48087.003205374516256
3956.5 43352.642627054876357 48070.044297920328972
3957 43325.095119174220599 48045.163800580870884
3957.5 43345.224091730146029 48072.480244360223878
3958 43351.024835842974426 48086.595302402951347
3958.5 43320.403862508384918 48057.378770374212763
3959 43346.112124848055828 48081.197588764996908
3959.5 43432.556508378271246 48164.631000916364428
3960 43437.804661748516082 48172.5431608541694
3960.5 43373.372225472579885 48109.512950840071426
3961 43402.254551951271424 48157.16454167948541
3961.5 43414.187639017312904 48164.838017268433759
3962 43404.841357001452707 48153.367595877411077
3962.5 43360.459685567606357 48109.130501766361704
3963 43364.754784975499206 48105.972056011967652
3963.5 43323.557764839606534 48072.044860828675155
3964 43302.2255727175434 48054.19641507268534
3964.5 43302.394944212610426 48049.716930985312501
3965 43346.498301090759924 48090.312697038927581
3965.5 43312.704941974639951 48059.846623906916648
3966 43316.143070222773531 48071.914740941683704
3966.5 43310.469467476366844 48054.984170765565068
3967 43317.537391034449684 48072.804108813586936
3967.5 43381.552144580971799 48141.520561903183989
3968 43381.730364219380135 48141.592370384008973
3968.5 43380.467354836917366 48142.314519822939474
3969 43375.329538175930793 48141.134022984573676
3969.5 43367.371163984040322 48146.994988746169838
3970 43429.767083930732042 48214.215668864162581
3970.5 43383.18608603188477 48154.333310192567296
3971 43364.546867335535353 48137.359859585179947
3971.5 43376.098173830752785 48154.882430875702994
3972 43386.301696457019716 48173.380565662031586
3972.5 43337.702786826208467 48133.317279790266184
3973 43304.352542468208412 48095.035907706143917
3973.5 43339.085359964352392 48142.238859365905228
3974 43322.193526241258951 48119.025220818257367
3974.5 43284.717050220708188 48076.397187930691871
3975 43302.856525488336047 48101.774797365316772
3975.5 43301.496662319797906 48094.283015971945133
3976 43323.140410920670547 48118.521916141078691
3976.5 43308.214161351541406 48117.602227423762088
3977 43288.822691720553848 48099.068100016855169
3977.5 43316.653265862994886 48127.9626843148435
3978 43322.055478145033703 48139.00790862152644
3978.5 43372.787736689351732 48190.703498085873434
3979 43369.80853717627906 48187.929293974622851
3979.5 43392.688278208283009 48223.253894812070939
3980 43436.621425631536113 48267.201143037513248
3980.5 43433.443330834103108 48271.203236654975626
3981 43374.001659204797761 48219.06284094700095
3981.5 43361.9768065032913 48203.494304041043506
3982 43365.10815581845236 48208.169005918149196
3982.5 43293.150415158248506 48128.604313901327259
3983 43318.515030603964988 48160.189501837805437
3983.5 43360.984372400460416 48207.020251168149116
3984 43361.775546036245942 48207.066652487410465
3984.5 43340.052064499017433 48192.527525012657861
3985 43382.176623362574901 48220.215946696887841
3985.5 43410.011381554359104 48259.458983047981746
3986 43431.43702252132789 48282.772387264740246
3986.5 43422.068945242142945 48275.08279420305189
3987 43441.716919111669995 48293.082297180670139
3987.5 43444.885298515873728 48298.857534725546429
3988 43436.718657345001702 48285.953434975897835
3988.5 43440.171584122952481 48305.202731832272548
3989 43440.385650377327693 48297.428304616980313
3989.5 43364.304205842323427 48221.935141080066387
3990 43414.254280555280275 48267.918228056099906
3990.5 43371.191823897017457 48226.061264150775969
3991 43371.983408924999821 48233.167402446619235
3991.5 43383.693851853880915 48261.694539592841465
3992 43347.581862276674656 48226.680003929242957
3992.5 43367.214945595405879 48236.85670439794194
3993 43431.129359148777439 48299.452153386948339
3993.5 43360.372199880956032 48235.262166851432994
3994 43385.062356865404581 48255.287801194688655
3994.5 43354.196732832635462 48239.177065335439693
3995 43407.138745345298958 48294.708075945847668
3995.5 43384.541863985570672 48277.163606256741332
3996 43427.500146589358337 48332.767498890949355
3996.5 43409.081422193259641 48318.087974336252955
3997 43465.514203527418431 48377.271620492188958
3997.5 43447.683269597866456 48366.411100338023971
3998 43467.228740507962357 48391.606621112172434
3998.5 43473.79946161051339 48393.289790415263269
3999 43482.163332786120009 48401.147782011365052
3999.5 43488.670032832109428 48402.644268329313491
4000 43512.577974886240554 48434.401542878251348
4000.5 43541.655616263167758 48452.437897106152377
4001 43555.665557067732152 48476.281027058961627
4001.5 43565.372194046743971 48472.236294407615787
4002 43588.69974866265693 48495.543579159384535
4002.5 43613.754652515533962 48528.930630837116041
4003 43582.227066396153532 48493.686982767852896
4003.5 43527.431681687288801 48432.769608452610555
4004 43507.551902781859098 48408.792325459988206
4004.5 43572.689632324319973 48483.019252815451182
4005 43539.505473949131556 48445.483514393592486
4005.5 43540.826715380433598 48439.921722746330488
4006 43563.731778810055403 48472.784558148647193
4006.5 43544.331851047318196 48460.188014317958732
4007 43508.017414515117707 48421.039663511459366
4007.5 43532.005528612848138 48443.149724187940592
4008 43475.348110796556284 48381.541439606779022
4008.5 43523.601017553744896 48436.649076584304566
4009 43497.208876369870268 48422.812481066197506
4009.5 43502.062471751618432 48428.58032641322643
4010 43506.533147363341413 48425.650691229719087
4010.5 43481.572130661726987 48407.442943197245768
4011 43530.504276376261259 48459.297714850268676
4011.5 43532.074312083896075 48466.420557317229395
4012 43490.143723862565821 48425.590054963060538
4012.5 43471.502693620961509 48415.417932718904922
4013 43514.298460615471413 48474.546772649540799
4013.5 43457.438634869962698 48410.799750777900044
4014 43470.634423308125406 48424.523063740867656
4014.5 43443.439404412172735 48398.138949340165709
4015 43487.279718536650762 48445.397421365763876
4015.5 43470.614065831323387 48430.766344258350728
4016 43453.963495724841778 48422.992585906060413
4016.5 43477.932133559093927 48464.531338616667199
4017 43458.285730219926336 48440.290012599019974
4017.5 43495.607458135658817 48482.436763282254105
4018 43473.177416845384869 48462.143574864028778
4018.5 43518.725492834782926 48511.683029328734847
4019 43533.53437242754444 48522.146825747084222
4019.5 43479.337446179342805 48475.113721984096628
4020 43498.567333285696805 48488.444849409832386
4020.5 43529.351422118590563 48525.836040789901745
4021 43493.67171121040883 48504.714544438684243
4021.5 43492.89105086249765 48500.13048493462702
4022 43476.39579340153432 48487.859186223307915
4022.5 43465.594135452563933 48487.107641727277951
4023 43437.572793004204868 48464.518131012671802
4023.5 43386.255360972667404 48425.37343929529743
4024 43469.490464925926062 48517.103334413950506
4024.5 43441.023316433900618 48492.543511483738257
4025 43455.697397735239065 48514.541782123458688
4025.5 43457.566926618070283 48517.748539547195833
4026 43448.28301772850682 48515.56996785159572
4026.5 43494.650365051878907 48570.784003902736004
4027 43493.986374341708142 48566.571083247043134
4027.5 43476.261144819327455 48555.236517140016076
4028 43465.867231783238822 48547.672556676647218
4028.5 43486.194629637167964 48563.783481467631646
4029 43501.278721561269776 48580.795914775764686
4029.5 43497.52607974937564 48579.755983801558614
4030 43457.327744475682266 48530.024540721366066
4030.5 43480.042646249508834 48559.892478717396443
4031 43479.137267180543859 48562.944823764228204
4031.5 43485.878464412540779 48565.830806400525034
4032 43453.851947015573387 48539.043912069573707
4032.5 43456.602273473698006 48538.240917157461809
4033 43448.071746078108845 48535.018328736907279
4033.5 43525.025153836271784 48610.590416355742491
4034 43491.634917273368046 48590.378240555401135
4034.5 43481.087316768906021 48575.512641089539102
4035 43486.913823756112834 48585.94175244611688
4035.5 43504.872304408199852 48610.772531218091899
4036 43454.956149114186701 48565.6006725579864
4036.5 43474.134622138961277 48587.322588797047501
4037 43430.214145008751075 48543.866709494337556
4037.5 43433.0193402416553 48556.968052004689525
4038 43447.4259271556366 48568.831532424228499
4038.5 43443.955196659509966 48581.361404981485975
4039 43422.663729852436518 48554.925578344031237
4039.5 43440.607467233960051 48568.585539123421768
4040 43456.528057896044629 48592.670811044386937
4040.5 43445.588470309266995 48586.207074996149458
4041 43413.337421564137912 48559.65643818222452
4041.5 43483.536310407711426 48626.16629254205327
4042 43464.25272569583467 48602.037045872530143
4042.5 43484.223563955216378 48621.269690360881214
4043 43466.965628769736213 48617.016377421030484
4043.5 43495.358378406250267 48641.361628109989397
4044 43507.959740218044317 48657.595782663542195
4044.5 43510.28306395393156 48666.86823498695594
4045 43513.402806918122224 48662.993989721340768
4045.5 43478.138527662522392 48633.162466227346158
4046 43544.702773607852578 48696.222214018751401
4046.5 43504.760967856484058 48667.789723969726765
4047 43498.322568044030049 48667.803316190067562
4047.5 43497.474290977646888 48665.179365686373785
4048 43530.425185596206575 48695.356900606500858
4048.5 43474.35446562172001 48646.110163571735029
4049 43529.017148160513898 48705.953904362846515
4049.5 43485.701310048389132 48656.951417889584263
4050 43469.902526749392564 48633.866876297135605
4050.5 43474.364071545525803 48645.681803746716469
4051 43532.516505965177203 48698.521557761261647
4051.5 43494.395980243985832 48652.058918352879118
4052 43509.40211187726527 48670.589997106333612
4052.5 43491.674763772956794 48653.716748833016027
4053 43491.79185466508352 48654.743163706851192
4053.5 43464.444277240967494 48627.905327037835377
4054 43509.270536371033813 48670.517861732601887
4054.5 43502.271195203175012 48664.967582355755439
4055 43508.987258378016122 48673.508227587371948
4055.5 43492.814314233248297 48665.039323497228906
4056 43507.741928493334854 48674.373408338215086
4056.5 43504.411900342485751 48680.767293980032264
4057 43501.336006279147114 48658.412560094788205
4057.5 43518.589463237687596 48669.508213491943025
4058 43514.228644783041091 48676.441849383685621
4058.5 43562.588344599185803 48718.679576938673563
4059 43564.418396250533988 48716.845199436356779
4059.5 43593.219993390455784 48751.190291161903588
4060 43555.31657670065033 48716.12827659213508
4060.5 43547.072208692690765 48710.653730175217788
4061 43590.901711207457993 48750.857964975402865
4061.5 43558.984506925080495 48725.998786933792871
4062 43582.559560922323726 48757.880752583158028
4062.5 43565.808337378417491 48740.612014407357492
4063 43575.752222263050498 48744.64781539687101
4063.5 43578.124560052172455 48762.166455871956714
4064 43635.050179452460725 48802.700053980996017
4064.5 43601.044087515787396 48771.11064795335551
4065 43563.387515153510321 48733.440910693236219
4065.5 43589.470409310204559 48749.205766512772243
4066 43596.608254322964058 48756.69367724886979
4066.5 43625.084309247286001 48792.037948200522806
4067 43621.088586657540873 48786.805980315155466
4067.5 43590.530217838713725 48754.318114139998215
4068 43632.469780566447298 48792.681908648708486
4068.5 43618.191048941582267 48781.371487584183342
4069 43655.010499199292099 48819.88007430221478
4069.5 43627.390279898318113 48787.84811336848361
4070 43674.463330514001427 48835.000472625659313
4070.5 43622.282161360992177 48791.168476798949996
4071 43640.855472840798029 48816.044120437771198
4071.5 43680.665140891811461 48857.716288133582566
4072 43672.443428902945016 48847.546301460002724
4072.5 43642.432227391356719 48827.055055673597963
4073 43668.983384201179433 48848.214312510652235
4073.5 43644.315277823567158 48825.928022772168333
4074 43664.749806455074577 48840.598165196410264
4074.5 43658.569671420285886 48840.200443478432135
4075 43648.228560418130655 48834.764402219036128
4075.5 43683.122001351730432 48868.189858416277275
4076 43729.29411526874901 48919.488112920051208
4076.5 43672.572178858499683 48870.550725091787172
4077 43686.405416898523981 48886.796724950028874
4077.5 43685.208179210407252 48892.033317920228001
4078 43702.85432054924604 48916.585890170754283
4078.5 43640.433865278704616 48862.327252425529878
4079 43663.952268531946174 48876.343438728770707
4079.5 43646.631456818467996 48858.324587437382434
4080 43683.831586479733232 48900.773613498669874
4080.5 43688.16782080369012 48906.431078201807395
4081 43734.741551361636084 48961.680197866699018
4081.5 43745.00179307104554 48976.549696476926329
4082 43734.208594352872751 48962.316851412062533
4082.5 43729.824453182154684 48965.261588685927563
4083 43704.401415642460051 48940.07486026098195
4083.5 43709.924286444183963 48950.722021479559771
4084 43725.206921868048084 48970.018948171484226
4084.5 43705.550081177054381 48952.4640305715875
4085 43728.561971101735253 48967.733373299372033
4085.5 43723.333836813508242 48960.394566773160477
4086 43750.235907224101538 48993.530462963084574
4086.5 43713.608266523675411 48965.590718038205523
4087 43741.710985394383897 49002.839550258308009
4087.5 43710.328322073670279 48978.550635842475458
4088 43699.512068659460056 48960.672361196688144
4088.5 43699.125057274701248 48968.64349092356133
4089 43731.37684847683704 49003.358434076428239
4089.5 43728.740286882806686 49000.310127764452773
4090 43786.885179371696722 49056.929699284781236
4090.5 43776.076973395196546 49055.183501975392574
4091 43824.023753393579682 49098.67611698203109
4091.5 43821.195374062335759 49105.647873023590364
4092 43866.101627274620114 49150.141532577872567
4092.5 43876.842979512010061 49159.343552457226906
4093 43876.900880112218147 49160.567473655712092
4093.5 43916.233173849199375 49198.819724046901683
4094 43925.698073066334473 49220.57154899136367
4094.5 43921.906878088433587 49210.88942217760632
4095 43909.209373141275137 49193.324156078480883
4095.5 43920.146448539191624 49211.454168198200932
4096 43901.481970027773059 49194.158730183749867
4096.5 43897.919793936554925 49192.234202665735211
4097 43911.359656255684968 49198.335515952552669
4097.5 43903.564156960383116 49195.462255773185461
4098 43858.801544036788982 49155.550209028850077
4098.5 43900.001165264147858 49196.245791981360526
4099 43879.765726434117823 49174.748433049331652
4099.5 43907.64457667361421 49205.277235021778324
4100 43910.233510856967769 49214.926598118356196
4100.5 43958.651824032465811 49270.549925366743992
4101 43909.771373161158408 49225.87073515564407
4101.5 43946.817528492189012 49261.720965784952568
4102 43930.43133429458976 49265.24589024620218
4102.5 43942.40565427079855 49278.563071331554966
4103 43871.615044590347679 49210.625349768291926
4103.5 43896.410093060985673 49237.368722284496471
4104 43856.242758146014239 49199.625409493397456
4104.5 43893.771877884464629 49238.699676781980088
4105 43867.235982571932254 49213.407685413876607
4105.5 43882.063678490936582 49221.464695977578231
4106 43843.332864041236462 49186.886511127864651
4106.5 43892.861593625682872 49236.152778696850874
4107 43890.684962963445287 49231.424058851094742
4107.5 43896.885371713993663 49238.578881120425649
4108 43896.709896150328859 49226.057521139402525
4108.5 43947.951010202508769 49287.679728553724999
4109 43977.549173431252711 49309.600069651409285
4109.5 43997.689788800613314 49319.561207723745611
4110 44058.953242235060316 49387.003848272368487
4110.5 44024.236932922125561 49350.70711402825691
4111 44078.883617985433375 49402.89745432928612
4111.5 44104.222104350439622 49428.522028901585145
4112 44129.037779181293445 49457.186622357010492
4112.5 44125.774185404763557 49457.60468402148399
4113 44141.999505318730371 49478.205661011299526
4113.5 44188.769888080903911 49518.230102389883541
4114 44232.104174918094941 49570.738080464703671
4114.5 44297.304469641538162 49634.790294578247995
4115 44309.407005021668738 49636.28141912756837
4115.5 44336.225892511036363 49672.754667776913266
4116 44337.421493758149154 49679.668479044499691
4116.5 44370.201369053647795 49711.413628413465631
4117 44336.451634114229819 49673.587195645181055
4117.5 44350.169200469441421 49698.899589003696747
4118 44371.780679024413985 49729.492049025750021
4118.5 44379.672268269292545 49740.059335472265957
4119 44393.214524080183764 49748.771718135423725
4119.5 44431.365988296034629 49784.281747200599057
4120 44392.947523613845988 49759.318693607114255
4120.5 44453.5863395076085 49806.638754776584392
4121 44474.496171863851487 49829.829943646502215
4121.5 44469.931001794153417 49834.256950962801056
4122 44440.459067037067143 49794.338770372720319
4122.5 44376.93708521915687 49737.914522461884189
4123 44367.666574125054467 49730.778877987002488
4123.5 44406.024423416143691 49769.157442168012494
4124 44414.940847560123075 49784.789342979231151
4124.5 44401.961352123864344 49777.120418769685784
4125 44457.033031025144737 49837.222911250952166
4125.5 44430.919107551242632 49811.279600151094201
4126 44426.611952309547632 49829.350419708156551
4126.5 44461.099357029321254 49851.145537047093967
4127 44437.194982263798011 49843.115073242559447
4127.5 44435.404626842821017 49844.851020775538927
4128 44439.267075888557883 49857.742386709076527
4128.5 44418.37415156771749 49837.410902131559851
4129 44448.895509610134468 49867.549174290907104
4129.5 44464.186358600221865 49879.604383234291163
4130 44467.060239882295718 49887.746328099790844
4130.5 44426.137702968844678 49844.599524203527835
4131 44454.668295027237036 49874.52617516436294
4131.5 44426.056337044203246 49834.614616726183158
4132 44394.413122827303596 49809.333293635274458
4132.5 44411.103956061859208 49818.708180832894868
4133 44431.260136050259462 49855.457001669688907
4133.5 44386.674646481456875 49815.568831524513371
4134 44415.648183380442788 49842.835019531106809
4134.5 44352.945205930591328 49781.022819402060122
4135 44383.121342175771133 49812.714855264333892
4135.5 44328.691577921621501 49768.442787244013743
4136 44372.193874751668773 49811.763172732331441
4136.5 44336.236187798043829 49782.116635395497724
4137 44398.483254918115563 49829.738278819575498
4137.5 44378.561271982027392 49812.878682086564368
4138 44344.425130867253756 49786.202032421409967
4138.5 44303.076807611229015 49751.164697323634755
4139 44390.625654054310871 49834.021089188710903
4139.5 44388.56432608160685 49826.019094958865026
4140 44392.064407948666485 49844.919967591791647
4140.5 44351.361637552210595 49803.195118265619385
4141 44352.996458196583262 49805.144978622105555
4141.5 44280.167441905723535 49729.171833537096973
4142 44311.842775771729066 49757.863618856063113
4142.5 44274.673376831531641 49739.03752608189825
4143 44248.376576896509505 49704.51497597098205
4143.5 44299.681098500128428 49756.794563643212314
4144 44337.758360611464013 49799.509913429777953
4144.5 44304.557674577365106 49772.500976533279754
4145 44270.333860515078413 49748.266690668424417
4145.5 44298.273568271950353 49771.888473051702022
4146 44266.824487736732408 49735.374803203012561
4146.5 44233.983376266223786 49708.100473883729137
4147 44259.747061849906459 49740.566186994205054
4147.5 44257.377197298046667 49740.512290863014641
4148 44222.519158860450261 49712.726558921676769
4148.5 44250.715357667817443 49737.809043464440037
4149 44236.36391020292649 49729.578815420638421
4149.5 44230.540629687529872 49733.907641331039486
4150 44229.925537872921268 49729.946540897202794
4150.5 44210.128473887358268 49714.707284302108746
4151 44271.52807978468627 49775.431459936044121
4151.5 44229.015512457706791 49731.856600338411226
4152 44249.594859544260544 49760.337511641962919
4152.5 44184.617172922269674 49696.053501418347878
4153 44211.167927921684168 49729.607479101054196
4153.5 44184.700001358680311 49699.343363062587741
4154 44198.474435549964255 49718.558496803525486
4154.5 44201.500577685903409 49713.480120121748769
4155 44213.132677987443458 49733.251403387112077
4155.5 44179.117970420789788 49699.972481657001481
4156 44226.345546456912416 49740.274264910665806
4156.5 44238.304603269367362 49746.802807103405939
4157 44258.352167083132372 49777.392353686642309
4157.5 44288.652363341141609 49807.857664412265876
4158 44277.073243041093519 49791.023671232753259
4158.5 44227.837273758093943 49752.773856844694819
4159 44244.215345400771184 49765.010275561544404
4159.5 44254.680968956279685 49775.308586717961589
4160 44231.044740145080141 49762.005241488484899
4160.5 44238.824168126957375 49770.496466229655198
4161 44229.599902977985039 49765.637197239309899
4161.5 44262.2022287237196 49800.803589668459608
4162 44261.847255487438815 49805.943749181547901
4162.5 44210.522234137773921 49757.962482604700199
4163 44240.946115967024525 49797.524316949173226
4163.5 44256.304670391153195 49812.774205497007642
4164 44240.61774832168885 49792.4284356845601
4164.5 44232.483954819232167 49789.56518296586728
4165 44269.996453912179277 49830.837246200193476
4165.5 44271.994065666920505 49830.924686244950863
4166 44279.309983902057866 49850.972650417992554
4166.5 44246.023984702616872 49814.608031985611888
4167 44255.119867237997823 49816.778247480571736
4167.5 44259.864765426027589 49819.517113100380811
4168 44235.454767499206355 49796.272581067161809
4168.5 44271.795030774999759 49821.549437835623394
4169 44280.511399967916077 49837.734574298912776
4169.5 44292.894555654173018 49851.92601250311418
4170 44266.693064156330365 49826.886116443150968
4170.5 44298.210843482345808 49857.896821632311912
4171 44247.438321587003884 49809.064932119443256
4171.5 44273.948030757819652 49848.550793006383174
4172 44304.774088265308819 49879.143551876484707
4172.5 44295.33159967706888 49870.408598694477405
4173 44295.021545611976762 49876.791231798481022
4173.5 44258.935708981873177 49830.225597914490208
4174 44282.784313593008847 49855.374501996870094
4174.5 44302.561310588142078 49868.775858779452392
4175 44318.755153836667887 49895.392795796884457
4175.5 44286.36269710896886 49859.869200837667449
4176 44289.010587404671242 49867.811112778319512
4176.5 44286.838783786770364 49868.271333430398954
4177 44311.962790136189142 49887.093124397979409
4177.5 44282.097021556524851 49856.423262075353705
4178 44233.623861967520497 49817.171382570544665
4178.5 44288.463397234925651 49863.386450116515334
4179 44282.667176337461569 49857.332591927675821
4179.5 44301.862964416846808 49884.211158769445319
4180 44277.505005050115869 49863.120925286842976
4180.5 44324.455846255812503 49916.063369310533744
4181 44324.331641695687722 49924.88145053252083
4181.5 44289.585810143173148 49889.058056556939846
4182 44308.125770935068431 49918.058832627983065
4182.5 44333.195605491404422 49941.551586876623333
4183 44317.183864838953014 49923.263027816436079
4183.5 44338.093676996104477 49956.530304066815006
4184 44330.627343209103856 49949.265302948217141
4184.5 44286.300212359543366 49913.439520411156991
4185 44264.69971166572941 49890.011694594337314
4185.5 44335.539549428758619 49951.810183519482962
4186 44321.182922984226025 49940.947241373753059
4186.5 44314.769483543241222 49941.479291875526542
4187 44305.886336942901835 49951.051961330784252
4187.5 44312.771289650772815 49950.244255708421406
4188 44304.11431273513881 49956.220903357592761
4188.5 44337.882596151175676 49982.270500776336121
4189 44338.484652806808299 49986.428287352726329
4189.5 44330.648322265995375 49980.423069977128762
4190 44347.516185211105039 49994.845967301582277
4190.5 44343.616508176390198 49982.54738566812739
4191 44339.778986752477067 49978.817605859228934
4191.5 44326.657955461276288 49969.240087981866964
4192 44304.834468289671349 49954.769337493373314
4192.5 44345.283876764937304 49984.983434385350847
4193 44393.238841023863642 50052.992861874154187
4193.5 44371.654872797356802 50017.445896933400945
4194 44344.238602529010677 49981.632265238782566
4194.5 44394.024822967097862 50036.769182431722584
4195 44326.856086586565652 49971.173099825107784
4195.5 44399.032077268333524 50053.014651145495009
4196 44414.350549818111176 50062.901328760781325
4196.5 44434.057116369534924 50082.135803835684783
4197 44430.375629080815997 50077.153587616478035
4197.5 44449.561310694611166 50091.465990241122199
4198 44428.976733970979694 50079.699797164605116
4198.5 44424.537615101733536 50067.803557547638775
4199 44427.066640839650063 50076.066283678796026
4199.5 44434.647929254133487 50078.782344269420719
4200 44462.830394720171171 50103.105733114949544
4200.5 44499.40994590579794 50138.894361228878552
4201 44524.657325656087778 50169.887724696360237
4201.5 44562.897788775895606 50198.525046797229152
4202 44558.277870438534592 50197.503747771064809
4202.5 44541.195914152936894 50190.703655595483724
4203 44587.977927589825413 50238.111025699363381
4203.5 44577.335631453308451 50225.474378490107483
4204 44597.77491560526687 50257.240395808854373
4204.5 44600.443896510594641 50251.969988455573912
4205 44550.625316108489642 50193.119832370226504
4205.5 44554.585347284846648 50217.366557297398685
4206 44492.151377998452517 50159.80513042788516
4206.5 44541.188054550395464 50222.412081725982716
4207 44506.289364623604342 50184.605894664848165
4207.5 44519.892286701731791 50196.733443545454065
4208 44509.413553810161829 50178.506495538225863
4208.5 44513.851141774888674 50196.701557862463233
4209 44544.628320712203276 50213.151276389704435
4209.5 44576.821949771707295 50252.448470096329402
4210 44557.710353148249851 50231.005966196658846
4210.5 44588.901007095213572 50263.668826113877003
4211 44596.650686530876555 50273.098919607255084
4211.5 44554.078114896183251 50235.382254834854393
4212 44566.225074832196697 50239.203830953738361
4212.5 44588.690384438683395 50276.19857598382805
4213 44611.087342799415637 50303.322010729178146
4213.5 44563.847434348921524 50245.980093491998559
4214 44574.778706916884403 50264.016126438378706
4214.5 44531.324887172639137 50216.568005975903361
4215 44523.269187047015294 50214.51710223700502
4215.5 44536.22526756276784 50224.158164525266329
4216 44515.891463681742607 50203.725867889210349
4216.5 44527.885348778516345 50225.64761111241387
4217 44576.158629253986874 50268.419336931940052
4217.5 44582.06252473211498 50278.125893159158295
4218 44544.615857243210485 50229.095084130211035
4218.5 44503.01777016746928 50192.793418538596598
4219 44522.069357632935862 50223.40672580114915
4219.5 44523.102031932139653 50230.096391628627316
4220 44505.21512177936529 50214.144583065128245
4220.5 44509.173163169340114 50209.954973703082942
4221 44517.909064716572175 50226.361265194478619
4221.5 44530.712338038931193 50250.188189147498633
4222 44546.403610851084522 50269.236960093272501
4222.5 44578.266240201410255 50294.908960692984692
4223 44548.947927300672745 50270.628429507814872
4223.5 44572.58323806890985 50303.254097685283341
4224 44547.667620445303328 50286.499411845055874
4224.5 44549.355300224713574 50291.732432861441339
4225 44558.512423698040948 50295.227323207298468
4225.5 44523.067153674921428 50276.972923876048299
4226 44564.941767796757631 50310.860266241921636
4226.5 44588.326542808681552 50342.753792228999373
4227 44585.812447269381664 50350.219360250121099
4227.5 44573.511948812658375 50340.360689482178714
4228 44602.656845410470851 50377.137180623562017
4228.5 44544.395854175367276 50317.588104682436096
4229 44592.146975068339088 50368.605431961099384
4229.5 44589.51722805386089 50380.013947870997072
4230 44548.339411931447103 50336.277705632564903
4230.5 44624.389606164106226 50407.375871129639563
4231 44591.328496362599253 50374.315063401336374
4231.5 44579.650274669445935 50373.902595209729043
4232 44618.937404010765022 50400.545777176244883
4232.5 44617.948395041254116 50398.533965377137065
4233 44636.319974655161786 50428.911974709488277
4233.5 44669.280477678403258 50453.726872603132506
4234 44654.002927629364422 50436.23549819253094
4234.5 44699.725981756702822 50488.06395492701995
4235 44728.363710470148362 50508.968382543876942
4235.5 44767.122668251649884 50552.365972273670195
4236 44749.791449204851233 50548.740262175204407
4236.5 44725.964814503044181 50524.337447117322881
4237 44742.818257886479842 50531.567962134846312
4237.5 44703.396229875630524 50503.694221991041559
4238 44747.485252332262462 50546.101031880527444
4238.5 44712.610887288799859 50519.037414653561427
4239 44738.268729624396656 50538.368319095548941
4239.5 44775.038502464936755 50584.838641290640226
4240 44798.547700289054774 50609.492594910101616
4240.5 44742.007373211468803 50550.70224006351782
4241 44716.525664796230558 50522.694284342869651
4241.5 44761.568895541568054 50573.864597203391895
4242 44776.590638684356236 50595.847924933899776
4242.5 44793.556833407499653 50606.174226438823098
4243 44793.278320104487648 50611.598353172157658
4243.5 44856.118482425750699 50677.971958846857888
4244 44809.365146329459094 50639.222186757106101
4244.5 44857.359255254079471 50680.556598012524773
4245 44847.988830659014639 50677.639801427088969
4245.5 44915.184356732184824 50734.869475788538693
4246 44901.225370706037211 50723.340871633423376
4246.5 44944.026601863493852 50758.939750180339615
4247 44902.53415713342838 50724.522260248675593
4247.5 44909.151542401123152 50715.2808282577098
4248 44978.656899724810501 50797.967988173710182
4248.5 44947.533827867729997 50771.196855460111692
4249 44952.954117169509118 50779.303919950019917
4249.5 44971.69185413451487 50800.737542904047586
4250 44960.444703957109596 50781.333253818818775
4250.5 44959.999565709564195 50780.29311891769612
4251 44887.420558629746665 50719.756086722460168
4251.5 44940.870690241798002 50776.992210428732506
4252 44937.430675229035842 50778.373404452016985
4252.5 44864.518699267275224 50702.584960237436462
4253 44890.394430996690062 50736.873118771560257
4253.5 44815.005977462657029 50663.666087361540121
4254 44861.636841070576338 50710.220047332782997
4254.5 44856.462267667142441 50703.381968669767957
4255 44824.815119429687911 50673.324501618255454
4255.5 44834.590324339369545 50697.359492524883535
4256 44848.098378683171177 50693.033198479970451
4256.5 44823.271305823895091 50689.330095124321815
4257 44855.985217843161081 50718.054541303470614
4257.5 44884.719795086632075 50750.102034759678645
4258 44873.665639608101628 50741.599212317480124
4258.5 44878.18409881588741 50746.387858804337156
4259 44871.917781223120983 50753.023016148166789
4259.5 44872.143348357392824 50747.437943699951575
4260 44902.492300398444058 50778.806479691826098
4260.5 44880.910558676783694 50771.407621987033053
4261 44882.224291416401684 50755.068010278075235
4261.5 44878.757625515623658 50765.410592190688476
4262 44856.596566215324856 50747.182412243870203
4262.5 44852.960578031394107 50745.541935382934753
4263 44885.950151500510401 50774.045432065962814
4263.5 44835.674127146783576 50724.854257108134334
4264 44873.506452877634729 50758.324828771634202
4264.5 44862.52765020672814 50755.24344762153487
4265 44847.853596127548371 50738.277857129949552
4265.5 44841.973732738872059 50734.668827889800014
4266 44821.596434344864974 50717.419852833685582
4266.5 44804.702761216860381 50709.284927914966829
4267 44820.777562944596866 50727.101241473057598
4267.5 44793.545718779983872 50709.165755747344519
4268 44747.498219456858351 50661.56247608744161
4268.5 44751.646634872166032 50670.503463983557594
4269 44793.122924397175666 50712.359281547353021
4269.5 44762.065793162277259 50683.195893828145927
4270 44768.414216035780555 50700.796845930133713
4270.5 44790.161883428481815 50719.406290389910282
4271 44810.527957630525634 50750.398322442822973
4271.5 44834.712721416137356 50774.105615337750351
4272 44795.746125376892451 50735.155542290034646
4272.5 44790.476118558159214 50724.129333730110375
4273 44749.322561636014143 50694.891500427896972
4273.5 44756.437640572490636 50698.934760928204923
4274 44787.039537323100376 50735.498703827732243
4274.5 44833.514483129685686 50778.132592822170409
4275 44801.301516033105145 50750.031874388871074
4275.5 44852.115811863281124 50801.04945419968135
4276 44856.265526123315794 50803.024402368304436
4276.5 44887.202718298140098 50830.035462649575493
4277 44843.048565925928415 50777.694748931433423
4277.5 44911.223067193030147 50863.376023615695885
4278 44895.048768492059025 50830.39248480736569
4278.5 44874.906247849212377 50822.223281892467639
4279 44875.823925031028921 50820.417365770110337
4279.5 44891.695686819664843 50849.847239000911941
4280 44884.041534800031513 50837.200603693658195
4280.5 44887.040260733672767 50843.630427423064248
4281 44903.494783145790279 50863.430668194843747
4281.5 44889.152872963066329 50859.649076501234958
4282 44908.56711549666943 50865.851761709782295
4282.5 44940.383731517344131 50897.345813684558379
4283 44960.495329667865008 50920.543509528673894
4283.5 44957.30562818582257 50914.179737463971833
4284 44934.728770407105912 50898.085370565320773
4284.5 44877.359959693458222 50851.815533022476302
4285 44910.941802159548388 50890.342896538422792
4285.5 44891.735478370144847 50876.961603910807753
4286 44928.404967089794809 50911.89192927172553
4286.5 44917.340394277249288 50896.839876530502806
4287 44896.173092559598444 50882.904351492885326
4287.5 44910.632351280160947 50910.933089661222766
4288 44905.425573075372085 50898.711491187808861
4288.5 44920.833307059707295 50913.402193079884455
4289 44881.312097036410705 50874.468752343593223
4289.5 44862.26385169688001 50843.329412981074711
4290 44916.080917503524688 50897.67626957561879
4290.5 44896.898053579818225 50873.224127830457292
4291 44919.568262524029706 50898.836688461364247
4291.5 44885.559574681989034 50865.84270647620724
4292 44946.560558881043107 50935.570500596644706
4292.5 44917.191767409807653 50906.807020429812837
4293 44933.673536867485382 50918.125708055362338
4293.5 44897.50445278245752 50890.755398816807428
4294 44902.601314801417175 50892.67989145082538
4294.5 44919.093299170686805 50931.333548665599665
4295 44878.671738906261453 50905.995049150209525
4295.5 44901.013917931246397 50926.257011918220087
4296 44912.971763618697878 50938.425308456011408
4296.5 44876.017487543176685 50901.847363108878199
4297 44853.458045977808069 50880.553016505640699
4297.5 44898.474274394058739 50929.843000985267281
4298 44940.989571163183427 50969.519643086088763
4298.5 44890.381230935214262 50922.328211878375441
4299 44848.425829988591431 50884.626657048851484
4299.5 44863.253050574057852 50904.726894820916641
4300 44880.142665300663793 50918.078061097156024
4300.5 44856.958883971557952 50901.802182226310833
4301 44862.337089588974777 50912.271952056413284
4301.5 44908.518295768924872 50946.050843793302192
4302 44868.018172843614593 50915.577390452912368
4302.5 44880.60414543873776 50923.160655005485751
4303 44909.418780872321804 50944.84388158537331
4303.5 44861.854451133724069 50904.462876867371961
4304 44917.01872325479053 50954.555152959233965
4304.5 44946.869313360693923 50990.303637146818801
4305 45002.860703919715888 51045.68726898553723
4305.5 44968.089158322625735 51018.857898752234178
4306 45003.198433288016531 51048.875206841577892
4306.5 44999.694896800887363 51052.032705732177419
4307 44966.426515931794711 51018.337004320819688
4307.5 44964.651688853831729 51005.115477794097387
4308 44986.339401633638772 51031.280747202479688
4308.5 44973.104990941588767 51017.074977274984121
4309 44989.777867611366673 51043.288174944798811
4309.5 45005.094238943274831 51052.497122980930726
4310 45042.528439528876333 51086.041558294185961
4310.5 45067.349971750430996 51106.652492417124449
4311 45094.075723467838543 51131.430898830243677
4311.5 45044.265514751212322 51091.336861707488424
4312 45082.592085666568892 51126.849018536209769
4312.5 45030.021854109414562 51075.06483050854149
4313 45083.551676244547707 51130.913489018421387
4313.5 45110.413494834334415 51166.348136895765492
4314 45132.653055753486115 51179.042105192944291
4314.5 45096.431669369667361 51143.436344074652879
4315 45147.409385726241453 51194.736832036389387
4315.5 45100.536756042711204 51155.884205080685206
4316 45083.082159642115585 51138.187584677973064
4316.5 45080.219127096468583 51139.11449221894145
4317 45051.781581495633873 51110.881892523786519
4317.5 45067.601977229103795 51132.759161352856609
4318 45068.827584520695382 51139.043214926670771
4318.5 45111.718222098781553 51180.724292883598537
4319 45031.822398420117679 51093.998448694655963
4319.5 45053.203553925777669 51117.179187796202314
4320 45087.529747323649644 51165.109593985536776
4320.5 45077.155458335058938 51155.188679046819743
4321 45073.087715525529347 51158.597675909513782
4321.5 45088.406238416784618 51176.702512369876786
4322 45044.323053583793808 51146.901823151616554
4322.5 45100.800686916838458 51191.847399378821137
4323 45039.175203947372211 51140.390966981962265
4323.5 45075.015272593482223 51191.375044443462684
4324 45089.20549210934405 51203.822798441848136
4324.5 45077.880708591059374 51194.611596109563834
4325 45082.051460781207425 51199.714415948270471
4325.5 45112.108944097766653 51223.315723985942896
4326 45066.788743160032027 51195.295375415524177
4326.5 45117.962878249607456 51240.104583742053364
4327 45111.451084756685304 51236.60458556823869
4327.5 45111.129395767842652 51225.640076217059686
4328 45064.825900576724962 51192.92575417477201
4328.5 45081.023749103056616 51219.228009761274734
4329 45063.106436808186118 51206.005008867330616
4329.5 45115.262249340463313 51254.016717544625863
4330 45117.081692129628209 51263.869865450717043
4330.5 45063.114246303463005 51210.955342667417426
4331 45052.43060519843857 51223.581040982338891
4331.5 45051.895561553916195 51223.760688307942473
4332 45052.99521696507145 51217.593501602503238
4332.5 45052.198689855060366 51221.153092087719415
4333 45095.699830875026237 51280.440377173232264
4333.5 45089.060411128928536 51272.562891023197153
4334 45044.025347561102535 51234.207932410710782
4334.5 45062.219480796018615 51259.014555449721229
4335 45057.323927386547439 51262.021163797624467
4335.5 45054.200698690961872 51260.591534420862445
4336 45029.053448224680324 51235.970374745658773
4336.5 45007.799484867799038 51219.04181668721867
4337 45040.874842562203412 51256.890242655805196
4337.5 45043.471256912445824 51275.236314799978572
4338 45051.675434411939932 51283.816755722749804
4338.5 45019.688312449274235 51249.503102463248069
4339 45058.149363326439925 51295.75245025633194
4339.5 45023.860769773993525 51270.952485965673986
4340 45073.209838806847984 51314.829219896135328
4340.5 45089.420505219735787 51335.514889425532601
4341 45088.625930252164835 51343.445812745871081
4341.5 45082.636076891212724 51332.842826046951814
4342 45113.813043407426449 51371.928264860682248
4342.5 45115.922902421814797 51381.898199400973681
4343 45119.721044919861015 51386.929044710923336
4343.5 45064.599654441452003 51325.409220899768115
4344 45086.828081513645884 51347.328198345712735
4344.5 45126.206246574496618 51381.707593289465876
4345 45136.841840421999223 51391.070340219877835
4345.5 45089.327495958386862 51360.261277242927463
4346 45087.631314592574199 51352.294975315555348
4346.5 45138.283389488489775 51410.018086748925271
4347 45132.004996378032956 51404.340253400368965
4347.5 45105.747616618522443 51384.134422428476682
4348 45103.867535756129655 51372.827488530900155
4348.5 45105.599479350326874 51380.466888747665507
4349 45114.948224375752034 51388.312915108144807
4349.5 45085.995342598340358 51362.965256524257711
4350 45152.546474401715386 51427.953485274563718
4350.5 45152.913825996198284 51431.18135829242965
4351 45096.939599283134157 51386.596733371909068
4351.5 45147.924811339340522 51432.842413136248069
4352 45127.47364904092683 51412.190131580726302
4352.5 45087.189665418554796 51384.067004188487772
4353 45119.454006674764969 51414.078875085011532
4353.5 45133.392033163851011 51442.793985242155031
4354 45166.785443599634164 51469.129218053058139
4354.5 45138.727141031595238 51437.574258488828491
4355 45141.905879635334713 51439.332676893165626
4355.5 45166.047736801752762 51476.773692872004176
4356 45204.36617655903683 51503.27275303514034
4356.5 45143.514900449263223 51452.30385237558221
4357 45167.453443507896736 51473.66536694689421
4357.5 45185.501374942410621 51484.030634899783763
4358 45158.032597275501757 51474.437620002448966
4358.5 45156.930652299597568 51468.0256855372063
4359 45115.572716238304565 51428.608247324751574
4359.5 45156.944856718677329 51462.758980778853584
4360 45147.711330615384213 51446.409083136051777
4360.5 45181.11563680312247 51479.985341598301602
4361 45183.462499591478263 51482.600218211708125
4361.5 45180.493368969051517 51475.703179218988225
4362 45173.183447036157304 51459.183361650742881
4362.5 45212.071453808363003 51507.677186932618497
4363 45186.190511609849636 51483.6281698338571
4363.5 45157.856316160206916 51461.381454403686803
4364 45149.456458148568345 51447.150596319894248
4364.5 45165.354767268967407 51468.32247037950583
4365 45175.170700982853305 51481.743231509062753
4365.5 45179.086696273625421 51488.2033538464093
4366 45177.560827049899672 51483.346393639192684
4366.5 45170.556015033478616 51471.572189727063233
4367 45164.814582765095111 51480.825817426135472
4367.5 45174.388889248628402 51489.868217176284816
4368 45159.316773071841453 51478.154575793836557
4368.5 45126.018133740246412 51451.527510414322023
4369 45172.168821173676406 51492.252505352233129
4369.5 45156.296304314048029 51485.076565188355744
4370 45165.079741362758796 51492.772632257721853
4370.5 45178.273503820521 51511.058971856451535
4371 45196.402149162306159 51520.033354499282723
4371.5 45173.951652194424241 51488.726847685247776
4372 45203.772188759059645 51524.39449822986353
4372.5 45179.113499526858504 51500.878582005287171
4373 45186.773950142698595 51520.78402097702201
4373.5 45195.408989887415373 51528.983574261626927
4374 45250.092272756985039 51578.052888037716912
4374.5 45199.094683203467866 51520.019454455665254
4375 45249.918231059498794 51576.382395239787002
4375.5 45183.728865075616341 51507.439367954561021
4376 45251.816799413580156 51571.561848449127865
4376.5 45254.603738400219299 51568.063317810810986
4377 45251.967066452081781 51567.328454859831254
4377.5 45275.717226274922723 51603.417350822739536
4378 45285.905007386412763 51617.482541128949379
4378.5 45263.350700125803996 51594.965316370871733
4379 45250.96640205579024 51580.897997659914836
4379.5 45288.606906203720428 51617.192216740950244
4380 45282.809240704213153 51612.143703085210291
4380.5 45365.876023701712256 51698.690457893906569
4381 45273.267540642300446 51595.130228239788266
4381.5 45310.489457260388008 51642.011128996149637
4382 45343.614147547537868 51681.544750040564395
4382.5 45321.076428578628111 51650.783804122242145
4383 45343.563641433749581 51671.258355406331248
4383.5 45337.086734236094344 51672.438351276839967
4384 45351.801313660129381 51699.682448485058558
4384.5 45324.474277916029678 51669.346951358500519
4385 45354.643215199859696 51698.120239909017982
4385.5 45404.735318600294704 51737.561339513209532
4386 45339.894752287356823 51675.419884916598676
4386.5 45358.081180459870666 51692.206362671029638
4387 45371.819607700679626 51702.966723000899947
4387.5 45427.1079135276741 51773.663891450225492
4388 45413.083279020858754 51765.801167382633139
4388.5 45390.463683660251263 51729.091699049968156
4389 45372.921577225009969 51720.634739697554323
4389.5 45397.559716282368754 51749.421568098077842
4390 45369.578954560805869 51729.324987510764913
4390.5 45371.375449761064374 51729.73297102284414
4391 45333.179667899283231 51698.317087529794662
4391.5 45355.555776915112801 51728.41077326269442
4392 45342.961609904421493 51722.072272538905963
4392.5 45379.598101825860795 51750.968427067666198
4393 45370.507391369210382 51749.059885025075346
4393.5 45390.825917394380667 51770.610612695607415
4394 45414.957972168951528 51787.509280013182433
4394.5 45406.845757669623708 51793.311683029212872
4395 45452.603322072063747 51837.425024545220367
4395.5 45421.476478176169621 51809.739900741617021
4396 45475.916930451952794 51863.735111990550649
4396.5 45487.932268593605841 51869.044851051738078
4397 45492.384994304025895 51886.144266677212727
4397.5 45487.616354362427955 51865.74387797741656
4398 45529.983361129758123 51915.592928723541263
4398.5 45538.666945610195398 51921.912626644378179
4399 45580.427305595585494 51950.943882649356965
4399.5 45556.835623571838369 51937.496788249787642
4400 45622.704491173819406 52004.969426184441545
4400.5 45557.965168752845784 51941.193160677852575
4401 45621.535119618711178 52001.205089269162272
4401.5 45615.219942878284201 51991.707420375038055
4402 45613.129128335451242 51982.193414488436247
4402.5 45617.252261131121486 51993.577131521480624
4403 45685.732297169364756 52067.207253577274969
4403.5 45641.597466508355865 52019.954824252381513
4404 45629.092349379548978 52001.584386346868996
4404.5 45621.008576167165302 51992.457271965969994
4405 45563.198580814205343 51947.501708832991426
4405.5 45598.381959312791878 51990.34804792253999
4406 45584.16422558845079 51981.49335718324437
4406.5 45611.644075276322837 52005.213644716663111
4407 45530.353481575519254 51931.755058659931819
4407.5 45535.113949383558065 51934.110138744828873
4408 45570.190824880330183 51975.490686841716524
4408.5 45597.048035570667707 51992.223196368438948
4409 45595.840886551362928 51996.853532532302779
4409.5 45619.969632547654328 52010.183389889032696
4410 45639.433747715418576 52035.216970604524249
4410.5 45647.616222627810203 52047.185726879964932
4411 45694.197412666428136 52098.555285037269641
4411.5 45694.523197792237625 52097.382771236530971
4412 45673.747482909049722 52081.201335731020663
4412.5 45699.274879541968403 52105.971181719556625
4413 45728.951092877854535 52130.972801081348734
4413.5 45694.888001862542296 52099.757532382027421
4414 45721.874586660582281 52127.651832357762032
4414.5 45719.260990606504492 52141.070301210769685
4415 45766.038279111780867 52181.417888374548056
4415.5 45704.854130724539573 52128.220007479692867
4416 45732.794453008114942 52168.288404898936278
4416.5 45767.197641873128305 52204.808850103596342
4417 45718.628156757942634 52169.203446941217408
4417.5 45691.589820358778525 52149.974796635069652
4418 45680.020784205175005 52130.666086824967351
4418.5 45670.398736228722555 52121.659668300315388
4419 45690.980051711230772 52160.662938688750728
4419.5 45686.809449504340591 52157.146109537810844
4420 45654.210159572867269 52120.899034986483457
4420.5 45667.557466435799142 52141.072171860556409
4421 45736.654379073232121 52220.200772003314341
4421.5 45675.326235007785726 52148.823543531696487
4422 45626.439268157802871 52103.618380094645545
4422.5 45679.501400675377226 52155.592017046525143
4423 45696.095546093354642 52171.100339197029825
4423.5 45712.525074776400288 52198.841544881419395
4424 45734.905613595423347 52229.486225088454376
4424.5 45709.607757398160174 52205.900316683881101
4425 45694.71912597505434 52199.823987446987303
4425.5 45721.031256655172911 52235.48173353781749
4426 45749.270597932656528 52260.427615362830693
4426.5 45716.70242096392758 52237.528226453738171
4427 45749.409202553506475 52276.57369693522196
4427.5 45693.238449255462911 52219.515970091480995
4428 45740.721285126652219 52271.149833618554112
4428.5 45749.100288510293467 52283.368403419764945
4429 45751.697064000087266 52282.720191952670575
4429.5 45786.175670466094743 52317.205509449122474
4430 45763.887262528456631 52291.586525002378039
4430.5 45792.652377972182876 52317.464687904968741
4431 45801.350421158618701 52332.466948057728587
4431.5 45828.62793757522013 52344.969157120809541
4432 45858.255081397335744 52382.251507775588834
4432.5 45874.875250145552855 52395.95684761107259
4433 45865.720702681217517 52387.617780177912209
4433.5 45895.227947276398481 52416.92434283442708
4434 45900.718575536746357 52426.317892026207119
4434.5 45911.118429734990059 52426.76136617717566
4435 45942.770596773239959 52454.194374840357341
4435.5 45979.328422260994557 52489.09548382704088
4436 45919.34804686728603 52439.265550444921246
4436.5 45907.544379578685039 52430.19121922316117
4437 45975.91587852788507 52490.504873576202954
4437.5 45996.067690917341679 52508.264763477905944
4438 45991.126809496920032 52508.343726505576342
4438.5 45999.817930880934 52522.416051264059206
4439 46001.251779279715265 52532.704081101634074
4439.5 45980.438945254143619 52520.828768166385998
4440 46001.547992617488489 52526.969058808987029
4440.5 45974.738492732518353 52497.160192220522731
4441 45961.837661445344565 52501.803941763741022
4441.5 46013.388301988808962 52552.28525504693971
4442 45999.375502326794958 52543.615503866756626
4442.5 45972.363672611027141 52529.545088243896316
4443 45990.820100405107951 52546.96572053048294
4443.5 45949.509647130602389 52496.235814382082026
4444 45958.880864370861673 52513.088041534043441
4444.5 45983.216111158806598 52527.013568248024967
4445 45985.722978666904964 52524.382846754335333
4445.5 46019.263801782610244 52559.460989865976444
4446 46020.114195892143471 52562.371240155422129
4446.5 45961.350850151568011 52512.118937799641571
4447 46018.210895476149744 52563.614176025184861
4447.5 46046.348836160002975 52591.853708506379917
4448 46033.891096497820399 52585.036662736609287
4448.5 46041.077036696267896 52593.750071302245487
4449 46116.366027255346125 52676.793936333509919
4449.5 46174.605138687089493 52732.122176385630155
4450 46155.370227280334802 52712.2773308267424
4450.5 46205.677080597146414 52772.39007194867736
4451 46230.604211651232617 52800.520245341103873
4451.5 46213.825564740574919 52798.947973693248059
4452 46244.946117918021628 52823.107997716702812
4452.5 46216.569702166678326 52791.556870843640354
4453 46186.395521503894997 52766.003063517229748
4453.5 46233.017817364656366 52810.113658519883757
4454 46188.561946398898726 52767.476980298502895
4454.5 46211.072368590932456 52781.558073497311852
4455 46252.162382972332125 52830.977578322723275
4455.5 46236.564137070672587 52808.90889959361084
4456 46212.468967299231736 52792.453374927761615
4456.5 46249.099052419631334 52845.403726470438414
4457 46212.161793590646994 52804.864707142645784
4457.5 46168.271024334724643 52766.38949607846007
4458 46238.554840572258399 52837.018787787848851
4458.5 46211.2771540249596 52806.667596832056006
4459 46255.102115710353246 52855.755158160573046
4459.5 46159.865565468287969 52765.706211965662078
4460 46231.871690226107603 52832.055663024446403
4460.5 46226.397793228927185 52836.623204258372425
4461 46195.426887297202484 52805.984994369748165
4461.5 46229.380878277232114 52843.142284070425376
4462 46178.509116378212639 52798.232645777905418
4462.5 46210.508719412879145 52819.837523618545674
4463 46255.348740994653781 52864.605790017623804
4463.5 46215.021086851193104 52824.631111549671914
4464 46252.394892640942999 52856.858758982431027
4464.5 46235.509072767119505 52841.806314944798942
4465 46258.515402021614136 52863.037800706384587
4465.5 46313.871076004434144 52924.485393047107209
4466 46293.932040188708925 52913.755975910637062
4466.5 46301.687780427579128 52916.876232106464158
4467 46285.095899127103621 52903.795525732988608
4467.5 46303.680501523602288 52921.434064841618238
4468 46343.90241271211562 52967.705779495925526
4468.5 46347.627709326625336 52963.015980640942871
4469 46412.047872739713057 53037.179401008426794
4469.5 46455.694485322848777 53077.909212201178889
4470 46496.619619732868159 53117.065947412294918
4470.5 46515.370958060098928 53136.385169649445743
4471 46472.194810387896723 53100.425160278813564
4471.5 46446.278360378455545 53066.479896990895213
4472 46382.76142261140194 52998.603294058273605
4472.5 46410.301691148051759 53032.176590783768916
4473 46393.064447313961864 53015.536823269176239
4473.5 46430.536155373061774 53048.581157968299522
4474 46429.841472990010516 53056.592375099324272
4474.5 46410.88851560868352 53026.018594535555167
4475 46395.504354573546152 53019.714644293861056
4475.5 46389.429686627918272 53016.428690302222094
4476 46425.514521156961564 53055.484809098175901
4476.5 46396.55162075322005 53023.444565480887832
4477 46399.055242669077415 53025.122231349763751
4477.5 46455.823122743277054 53087.761069233776652
4478 46484.878534669747751 53114.733365741507441
4478.5 46499.522736468024959 53142.344974981744599
4479 46456.066158160792838 53090.504474928173295
4479.5 46474.504841163849051 53107.891887458434212
4480 46460.345807705147308 53088.131085728149628
4480.5 46457.565217509130889 53084.79601097205159
4481 46446.697624475367775 53091.051557820865128
4481.5 46503.338801782127121 53138.680029626921169
4482 46516.959126160283631 53149.690072483419499
4482.5 46508.041727524592716 53144.090394607810595
4483 46524.562417552442639 53167.591893629367405
4483.5 46536.271634211530909 53186.030632595851785
4484 46532.5457641689718 53192.363200460313237
4484.5 46565.573663997769472 53217.315066425631812
4485 46498.886088788902271 53159.446966179981246
4485.5 46544.902002710470697 53204.796236400361522
4486 46481.633029649943637 53156.072996278628125
4486.5 46446.408387947885785 53130.538070811569924
4487 46455.296339719679963 53124.053314188371587
4487.5 46492.860371761409624 53171.38111053211469
4488 46521.566526159011119 53206.128308791543532
4488.5 46531.631424735249311 53212.337209310564504
4489 46506.446767196590372 53196.258745582890697
4489.5 46496.031976384372683 53186.000134861380502
4490 46473.658504476712551 53166.00102996701753
4490.5 46477.398997068994504 53169.907220540037088
4491 46527.478114179495606 53224.836619794696162
4491.5 46492.637707739544567 53178.995205911247467
4492 46499.269267496572866 53194.02213613789354
4492.5 46458.991530126193538 53159.06300936556363
4493 46458.299353136259015 53160.837317245146551
4493.5 46431.401753151054436 53141.287015359950601
4494 46432.567394130928733 53153.78663993612281
4494.5 46371.036628800589824 53085.269452105101664
4495 46308.455328957854363 53030.571468460497272
4495.5 46292.908415444857383 53009.854879798469483
4496 46350.579907440849638 53074.092021147473133
4496.5 46329.323864093392331 53041.477895983451162
4497 46378.514451183560595 53104.653904103462992
4497.5 46326.732496999378782 53059.267496694752481
4498 46388.955775743103004 53125.516939111505053
4498.5 46321.881649329603533 53068.834215362192481
4499 46296.510395154684375 53046.430043950444087
4499.5 46322.995356690800691 53093.256773487999453
4500 46343.22673960942484 53118.17972137848119
4500.5 46309.185320318392769 53069.749269137326337
4501 46280.282735695778683 53034.25113616946328
4501.5 46326.449684627892566 53077.260539168557443
4502 46365.631948209433176 53121.572103856160538
4502.5 46377.215469637820206 53132.386313770766719
4503 46402.756747488325345 53155.181950312027766
4503.5 46383.297582723535015 53133.10560152787366
4504 46415.58703067812894 53157.081501594984729
4504.5 46396.669759721567971 53128.906873277017439
4505 46434.667313997189922 53163.173277258814778
4505.5 46394.863352532556746 53129.060159884043969
4506 46369.521490810184332 53111.436404438049067
4506.5 46384.03616555158078 53130.581939864023298
4507 46421.178300410683732 53153.292838333727559
4507.5 46418.960674148729595 53164.762733718198433
4508 46400.900719208875671 53145.381900531647261
4508.5 46348.206016391319281 53089.59417284680967
4509 46310.714221785579866 53054.948504900203261
4509.5 46287.081042575526226 53031.923433999189001
4510 46327.678486358418013 53077.163565288938116
4510.5 46255.197151714404754 53002.427446409346885
4511 46259.219550268157036 53018.26563709077891
4511.5 46291.774222370666394 53055.733671504356607
4512 46334.402481843513669 53101.890719931812782
4512.5 46292.986900717718527 53061.126157549428171
4513 46265.390058728284203 53043.708850134462409
4513.5 46265.781398127801367 53051.699003734851431
4514 46289.840127329538518 53082.05165059112187
4514.5 46218.983273137455399 53010.502509694204491
4515 46239.193439043243416 53018.926948696011095
4515.5 46318.735237344604684 53102.915246735406981
4516 46312.941572610288858 53102.348368615887011
4516.5 46247.88627023967274 53027.003958472021623
4517 46303.522208134076209 53090.188588739787519
4517.5 46284.467809383982967 53082.75027319232322
4518 46254.467020263960876 53059.167602342473401
4518.5 46295.662779727979796 53102.148513240172178
4519 46304.874155855919525 53113.105882886979089
4519.5 46316.39982764931483 53129.323125090944814
4520 46276.348015618794307 53085.520708415700938
4520.5 46340.40167619544809 53148.296963391912868
4521 46355.410399486296228 53158.224262646639545
4521.5 46373.156581030852976 53174.984119791821286
4522 46326.092387456890719 53126.726220008182281
4522.5 46367.897364742362697 53161.184372164927481
4523 46354.521053448115708 53144.057515973472618
4523.5 46413.787547138170339 53201.111497020225215
4524 46364.726060827699257 53162.58809848943929
4524.5 46368.640542076194833 53166.627771837462205
4525 46354.621859586150094 53154.192373568817857
4525.5 46403.258202504475776 53217.482866655656835
4526 46376.021039567145635 53194.01185500221618
4526.5 46393.339737966998655 53210.816568042806466
4527 46389.678878633509157 53204.208031746660708
4527.5 46391.991677076744963 53216.524235121214588
4528 46394.504028546260088 53221.711715855431976
4528.5 46456.586651648147381 53285.006587402938749
4529 46429.389598082307202 53272.328683383479074
4529.5 46434.286539879045449 53275.427505178035062
4530 46384.250514675281011 53233.475174742408853
4530.5 46407.564093061148014 53277.231168994723703
4531 46398.064583007035253 53265.104847848444479
4531.5 46388.285224764644227 53251.604743705269357
4532 46417.318786412579357 53278.946399098611437
4532.5 46367.367978235619375 53238.791414588878979
4533 46316.322710853739409 53189.883848203462549
4533.5 46323.05097767769621 53204.599192538356874
4534 46361.577152118603408 53238.153545780034619
4534.5 46317.681606152575114 53198.125102321508166
4535 46309.4547444451091 53193.191673528235697
4535.5 46300.518121653942217 53177.787455989724549
4536 46323.430310840449238 53222.206208134593908
4536.5 46328.705429836758412 53241.758983538187749
4537 46317.666291733628896 53217.604563123975822
4537.5 46369.931810548594513 53273.100606918269477
4538 46341.940943767491262 53256.564168714598054
4538.5 46353.215369757439476 53278.988937110960251
4539 46293.835211330479069 53228.003389008255908
4539.5 46310.177209057808795 53244.680317910155281
4540 46325.3590876882663 53255.377225866584922
4540.5 46326.048584679469059 53259.302998256251158
4541 46348.290731304696237 53272.667735939212434
4541.5 46327.302110142933088 53260.768200859842182
4542 46329.900583780785382 53278.849043320959026
4542.5 46327.653241112057003 53277.531613598039257
4543 46311.652412493727752 53274.415022353954555
4543.5 46274.52173616336222 53228.361996755716973
4544 46263.937434729079541 53234.292539273483271
4544.5 46272.429451040079584 53255.017124212165072
4545 46233.287548051157501 53216.335647263193096
4545.5 46238.104847052723926 53238.247753737487074
4546 46202.651425478914462 53202.257919028255856
4546.5 46228.644607620582974 53228.561412701397785
4547 46168.687019270830206 53177.055087938671932
4547.5 46207.125427119441156 53213.048068406904349
4548 46192.131814219465014 53207.621418426620949
4548.5 46178.11322986768937 53184.722300522145815
4549 46168.664144133399532 53182.291439994660323
4549.5 46185.834259975905297 53208.007673988962779
4550 46199.157955837072222 53212.809161551733268
4550.5 46182.941797618666897 53214.954651472995465
4551 46180.747495498479111 53216.948437294930045
4551.5 46147.165433557660435 53196.439992970743333
4552 46151.171925763897889 53211.124885141085542
4552.5 46168.827783820059267 53238.246204154063889
4553 46173.432496962363075 53240.889749779154954
4553.5 46176.115869322798972 53234.069080472705537
4554 46249.352065647384734 53310.33604927968554
4554.5 46208.530402523269004 53272.251867401857453
4555 46203.444726258290757 53267.487908105380484
4555.5 46252.195776420827315 53315.717574197260546
4556 46233.511604289102252 53284.260041111556347
4556.5 46249.018528249041992 53312.299737486719096
4557 46253.355023237301793 53317.138968566265248
4557.5 46232.11454514660727 53299.713407642069797
4558 46264.906841928241192 53328.80162562422629
4558.5 46281.280982788761321 53354.693833728197205
4559 46292.98264008161641 53354.860688487438892
4559.5 46235.80656735219236 53302.470207037375076
4560 46242.44169493134541 53313.662506719345402
4560.5 46249.919730417015671 53330.01598458931403
4561 46242.341683831902628 53308.508143589497195
4561.5 46247.480030623861239 53319.575635352608515
4562 46260.68147139542998 53337.119799376407173
4562.5 46289.956519572580874 53363.823751669027843
4563 46310.298304438292689 53384.726708082089317
4563.5 46274.467924536795181 53353.587215940729948
4564 46269.567173860326875 53346.140919358658721
4564.5 46294.372037527406064 53364.72991794639529
4565 46277.933345962883322 53357.764258368086303
4565.5 46293.102926689964079 53380.043183177484025
4566 46316.797554420634697 53385.984977324711508
4566.5 46314.486009059663047 53394.720012418838451
4567 46342.161024992085004 53419.924363772981451
4567.5 46364.042382517916849 53442.291986079631897
4568 46334.254627912428987 53398.493926949828165
4568.5 46361.674919153665542 53436.450469966926903
4569 46364.62151765532326 53447.515800764907908
4569.5 46414.350896694450057 53489.74117431337072
4570 46383.252196133784309 53467.517314603464911
4570.5 46402.599534208515252 53480.788104760176793
4571 46410.973051401640987 53490.953289224489708
4571.5 46377.218510914848594 53462.341352312920208
4572 46393.242973636144598 53466.392122387915151
4572.5 46379.395049404847668 53460.415076256766042
4573 46392.586916920547083 53471.302202030390617
4573.5 46350.267550285236211 53424.874640878064383
4574 46407.673514644848183 53492.994097925751703
4574.5 46383.655756873027713 53463.94716420568875
4575 46427.934082949439471 53525.236537276861782
4575.5 46424.61638868375303 53514.779667856528249
4576 46403.572437367387465 53489.347640280015185
4576.5 46463.781277728056011 53562.174699228889949
4577 46458.362405875086552 53564.549688656887156
4577.5 46441.418257832228846 53543.752525931733544
4578 46444.255296766459651 53551.101302118957392
4578.5 46483.238686364027672 53586.771942676095932
4579 46453.244228836105322 53570.886782399684307
4579.5 46495.122865464640199 53615.407531426491914
4580 46434.364825197502796 53547.108762671945442
4580.5 46462.385923334768449 53587.017737998561643
4581 46436.127998491683684 53563.626569461805047
4581.5 46510.421146759137628 53623.697768144629663
4582 46485.181043875665637 53610.14078821620933
4582.5 46498.612035226913576 53610.076841207883263
4583 46533.106443411925284 53652.910046530509135
4583.5 46515.760144894768018 53642.201169200307049
4584 46530.190661111439113 53652.398699040721112
4584.5 46525.9808932993692 53657.076875863007444
4585 46572.016655018145684 53707.561196465409012
4585.5 46553.372448882109893 53697.310142262504087
4586 46554.883794301502348 53692.416340759795276
4586.5 46550.891834606874909 53697.259490268821537
4587 46559.674818772997241 53709.635290605743648
4587.5 46598.524733407415624 53756.98543377230817
4588 46548.60732469578943 53724.35136758806766
4588.5 46555.786564065761922 53725.037455583311385
4589 46554.487871936515148 53733.703176326533139
4589.5 46612.096200718915497 53799.369557469814026
4590 46562.859663838127744 53758.112762736753211
4590.5 46574.321710121825163 53772.96968621484848
4591 46575.798181236474193 53773.861025681144383
4591.5 46575.514945729235478 53768.017097165306041
4592 46586.652586960684857 53792.927261389035266
4592.5 46589.198536469899409 53804.449900746200001
4593 46548.440407063288148 53766.135938731124043
4593.5 46563.126266193976335 53782.332881060829095
4594 46560.419340973072394 53768.225226407746959
4594.5 46548.499975619946781 53764.727067543230078
4595 46578.425582788971951 53795.580365129004349
4595.5 46589.025671203999082 53808.843777131864044
4596 46608.920649924424652 53837.006481704622274
4596.5 46585.907050769958005 53813.208736064014374
4597 46599.390411868262163 53828.736098028319248
4597.5 46649.699569624906871 53883.720949709502747
4598 46596.500971341476543 53835.599373875273159
4598.5 46584.023848177945183 53819.305374615352775
4599 46588.473499915053253 53826.93644417647738
4599.5 46609.081603368795186 53846.65126278889511
4600 46639.340802801605605 53885.083684375080338
4600.5 46641.691741233160428 53889.027016896456189
4601 46652.645575241243932 53903.102003065643657
4601.5 46583.917252351420757 53837.628872671164572
4602 46567.343700715842715 53825.617527690876159
4602.5 46635.824675475370896 53901.675311812628934
4603 46576.925462978499127 53847.754370984839625
4603.5 46569.07794720333186 53842.188983863423346
4604 46594.315135054283019 53878.810094321917859
4604.5 46578.503813650109805 53869.145565144492139
4605 46548.09240936471906 53850.379625731460692
4605.5 46582.994780810440716 53890.2750953743016
4606 46548.706426162760181 53854.899022568395594
4606.5 46594.3572104411287 53891.042326570161094
4607 46557.73228202752216 53866.317084814960253
4607.5 46588.121824788831873 53883.090887718470185
4608 46578.964305065514054 53886.593239380978048
4608.5 46601.904125446024409 53910.470308656556881
4609 46641.421291134618514 53939.340683070324303
4609.5 46668.373361955113069 53964.095052957214648
4610 46619.327260631769605 53921.56177953050792
4610.5 46690.707078087005357 53985.622347773023648
4611 46694.815666800379404 53989.490728981072607
4611.5 46729.295421902985254 54024.375223836505029
4612 46737.630075503991975 54029.107212876151607
4612.5 46802.142855684971437 54091.365485036265454
4613 46773.707378928615071 54059.14431679842528
4613.5 46760.967948045290541 54047.386438677684055
4614 46783.825722717665485 54066.491677227160835
4614.5 46834.114715148702089 54115.735899478109786
4615 46850.232241706260538 54133.028592939845112
4615.5 46851.879524057352683 54132.508365089081053
4616 46884.821506591324578 54172.059386640081357
4616.5 46827.426720956653298 54116.802960288339818
4617 46849.459611406440672 54140.659978019364644
4617.5 46822.475039349308645 54125.394410819048062
4618 46826.411344826403365 54124.43466684568557
4618.5 46756.354028731992003 54056.556109701901732
4619 46817.135028408309154 54124.084630160468805
4619.5 46842.647590531596506 54148.985255887397216
4620 46799.61403338360833 54113.472122394705366
4620.5 46793.493720257873065 54105.796656631951919
4621 46851.319534994145215 54161.988592196634272
4621.5 46758.560008537577232 54078.242729446450539
4622 46790.918570524605457 54109.692472516813723
4622.5 46751.703079728096782 54072.996601969149197
4623 46824.89663062334148 54142.818542342625733
4623.5 46810.575719518572441 54138.058379419773701
4624 46762.983281994413119 54104.111827507513226
4624.5 46790.226877231260005 54120.683307424900704
4625 46825.974425728389178 54160.212784260620538
4625.5 46748.785329061262019 54076.191496756684501
4626 46786.241438926612318 54115.058545722233248
4626.5 46852.954450560107944 54191.812420281406958
4627 46839.018473797455954 54187.245756421565602
4627.5 46835.30514635462896 54185.796831858948281
4628 46817.104454016167438 54162.014540863274306
4628.5 46890.655909556917322 54232.023763088909618
4629 46865.690238661962212 54217.913067089182732
4629.5 46921.360859460924985 54272.375982154633675
4630 46906.728627985146886 54250.543059017560154
4630.5 46908.864596383806202 54251.466500961185375
4631 46885.697557718980534 54235.832143848594569
4631.5 46917.292702210579591 54258.703758310126432
4632 46905.701176783979463 54260.225659139279742
4632.5 46837.765280865212844 54199.947570039541461
4633 46879.335201165456965 54235.634490538985119
4633.5 46856.824202053787303 54214.886033859700547
4634 46860.325589934640448 54230.459485096202116
4634.5 46869.3579968597478 54221.360353079719061
4635 46936.122137575752276 54298.116681138038984
4635.5 46930.232336373977887 54301.127891971889767
4636 46916.172939309341018 54294.892797729218728
4636.5 46927.206463900110975 54307.347684732005291
4637 46920.720620902742667 54298.367924228419724
4637.5 47000.37658130149066 54386.713510137895355
4638 46981.050547488586744 54369.067784596489219
4638.5 46944.764855316367175 54327.557012261546333
4639 46980.309809503560246 54378.270461318563321
4639.5 46993.414454117817513 54391.860373173309199
4640 46983.80792264885531 54394.307492739077134
4640.5 47004.560034802285372 54416.757414396524837
4641 46973.283934202867385 54395.820924567276961
4641.5 46968.376328357546299 54390.736675313957676
4642 46931.823037964299147 54348.460063377700862
4642.5 46975.647866609535413 54414.303340852180554
4643 46948.151692407249357 54389.16233311551332
4643.5 46913.560612965105975 54366.213753232012095
4644 46937.92841959540965 54375.616863210852898
4644.5 46896.837184021846042 54337.891764565196354
4645 46904.207158995544887 54353.401340534204792
4645.5 46918.171645511742099 54367.570978735995595
4646 46850.69723218184663 54287.87270153001009
4646.5 46944.099363575311145 54389.24477959847718
4647 46919.897089898149716 54370.015044945386762
4647.5 46958.799593766809267 54405.772433184778492
4648 46902.110758559334499 54351.405678038769111
4648.5 46937.116033318270638 54383.994876412609301
4649 46930.804583191362326 54381.300863124328316
4649.5 46943.501668423559749 54396.048563916789135
4650 46979.596176584054774 54446.909151003521401
4650.5 46965.435384575437638 54420.44749984084774
4651 46921.650831265251327 54382.49419228950137
4651.5 46974.0492693411652 54441.672062783443835
4652 46987.908472270639322 54451.835915857307555
4652.5 47041.097180527103774 54512.300745488180837
4653 47080.804887195954507 54550.842388373777794
4653.5 47101.139657424377219 54568.920494715639506
4654 47069.221548493078444 54536.646690875233617
4654.5 47052.987653184129158 54547.17004498316237
4655 47045.840532067304594 54532.153842084560893
4655.5 47055.147171508273459 54552.431241759346449
4656 47095.347193181958573 54590.535644043717184
4656.5 47091.565143208179506 54593.531279057773645
4657 47100.231498221794027 54605.597285965035553
4657.5 47050.330594088496582 54557.820397340990894
4658 47062.587658449047012 54560.243650220247218
4658.5 47117.394506204298523 54622.329547529596312
4659 47073.428031402763736 54584.108350419010094
4659.5 47058.643921056718682 54574.367131963241263
4660 47096.373723911689012 54608.302702504071931
4660.5 47047.638035347634286 54569.907101780976518
4661 47082.177560858937795 54602.491877212938562
4661.5 47132.240485449932748 54655.128894123838108
4662 47113.290287539886776 54642.592314646550221
4662.5 47124.265693003886554 54644.933402585193107
4663 47102.937829483322275 54637.895799018348043
4663.5 47150.649306273713592 54681.489786854901467
4664 47135.701063506036007 54674.874257577052049
4664.5 47178.725117845366185 54718.297835198551184
4665 47152.23510272083513 54693.510857704022783
4665.5 47179.090990362288721 54731.374331276172597
4666 47176.751781496961485 54736.018426128277497
4666.5 47181.314462644753803 54736.278948884733836
4667 47256.677402175679163 54807.253784932639974
4667.5 47202.340471765703114 54765.117722847367986
4668 47210.166215366189135 54776.54170707094454
4668.5 47227.18415184346668 54790.788382057799026
4669 47254.269135227121296 54821.1741877366876
4669.5 47199.015712576787337 54766.002160737603845
4670 47193.92842625479534 54771.087536377533979
4670.5 47215.637425804889062 54784.604395457812643
4671 47197.040279457170982 54776.530922561942134
4671.5 47210.822621446539415 54794.821106700772361
4672 47156.411880948347971 54730.82793419216614
4672.5 47163.585998382550315 54739.737855380371911
4673 47198.353191183858144 54777.380205181441852
4673.5 47165.08884324743849 54738.489197804301511
4674 47161.654343456633796 54742.101208803484042
4674.5 47218.971897406954668 54800.956361616132199
4675 47167.098821824743936 54762.615932779553987
4675.5 47199.86582008816913 54788.887602297458216
4676 47232.750488761994347 54822.255035281341407
4676.5 47259.095769754007051 54846.829654071909317
4677 47214.186620893597137 54798.586630889891239
4677.5 47175.9237681030354 54766.49922481131216
4678 47215.531451352064323 54805.682451044071058
4678.5 47148.879580428838381 54737.650038765008503
4679 47141.42686772198067 54733.578947461792268
4679.5 47119.516527874657186 54712.935143109454657
4680 47145.948709360061912 54742.719403864153719
4680.5 47089.707834783584985 54695.787675665589632
4681 47070.00467131894402 54687.923358304840804
4681.5 47132.092497310506587 54745.382899979471404
4682 47063.088523241865914 54684.92763390680193
4682.5 47059.198391302517848 54670.354228616626642
4683 47060.114848682169395 54685.232100155531953
4683.5 47074.975227612383605 54683.362756421644008
4684 47083.904455164272804 54700.665921906307631
4684.5 47147.097249826496409 54769.681440256470523
4685 47130.160967589356005 54754.717016751863412
4685.5 47160.11434869828372 54780.128838562588498
4686 47116.090445714180532 54750.773573000267788
4686.5 47174.032460922309838 54797.549695299545419
4687 47157.963143002096331 54776.823803657571261
4687.5 47125.862406677260878 54752.725815067613439
4688 47128.518406540126307 54747.536986393715779
4688.5 47171.921526656704373 54822.965651297963632
4689 47136.282763240276836 54787.118336789964815
4689.5 47160.452494531127741 54810.963599847556907
4690 47174.959779637909378 54825.169542576099047
4690.5 47216.587283389257209 54875.331323956845154
4691 47203.854084986327507 54863.421929977244872
4691.5 47187.71188719591737 54841.75274180064298
4692 47179.508614394479082 54823.760263601026963
4692.5 47157.979575597542862 54810.67497739551618
4693 47151.160614672575321 54807.427309358747152
4693.5 47137.285703199413547 54803.132510024821386
4694 47206.579192222270649 54865.005595237387752
4694.5 47183.096449410455534 54837.347599165113934
4695 47189.602628298016498 54847.869061670666269
4695.5 47210.004516621680523 54869.504116456242627
4696 47205.923304291791283 54862.572696839823038
4696.5 47192.592847153260664 54849.926995079658809
4697 47161.313605899857066 54820.512831921631005
4697.5 47209.877679553304915 54865.267220028814336
4698 47211.017908860572788 54864.824589318610379
4698.5 47249.564354338632256 54901.260218408729997
4699 47213.145167951588519 54864.449429734930163
4699.5 47213.036394121168996 54888.033929301607714
4700 47236.274968030040327 54900.390024820400868
4700.5 47252.585941156990884 54919.892885065244627
4701 47269.900499876006506 54933.222994733267114
4701.5 47264.533807443847763 54929.558287401981943
4702 47320.958084318946931 54990.226908993121469
4702.5 47344.962746880853956 55000.153828693873947
4703 47372.59121229579614 55025.958327146363445
4703.5 47412.051472898609063 55071.559624105939292
4704 47416.797659709300206 55075.09349011634913
4704.5 47436.754522518553131 55098.158869026134198
4705 47448.757171260469477 55117.156531663516944
4705.5 47404.805982672027312 55078.98776871735754
4706 47474.197693550748227 55144.042075130913872
4706.5 47451.314418392357766 55130.784679453281569
4707 47454.415614598779939 55132.65936172419606
4707.5 47452.707240501513297 55132.8410936936707
4708 47481.976169551708153 55176.206703305862902
4708.5 47432.183895502028463 55127.884528465910989
4709 47455.265966819009918 55158.325637091118551
4709.5 47418.962827801165986 55116.370398797436792
4710 47440.5540270690326 55148.70395611479762
4710.5 47385.309939943435893 55089.718013944497216
4711 47377.982784408370208 55081.425700176776445
4711.5 47392.769317290163599 55095.325746290596726
4712 47433.655810408206889 55137.863735258237284
4712.5 47469.382653807180759 55175.334576951048803
4713 47462.469520202670537 55174.801099046446325
4713.5 47525.404274545515364 55240.569796092080651
4714 47516.909247142983077 55232.772784812041209
4714.5 47530.564444201510923 55236.769285924900032
4715 47578.87034250661236 55282.374024254742835
4715.5 47609.299110287684016 55316.726340148656163
4716 47641.787826422427315 55363.556175693855039
4716.5 47643.665594790254545 55349.015944989085256
4717 47596.552512322137773 55306.33028039020428
4717.5 47650.047223615591065 55353.093426001483749
4718 47666.596923555618559 55377.017106158433307
4718.5 47673.177175640725181 55379.399977139109978
4719 47648.192588964273455 55357.592185527930269
4719.5 47635.917012504411105 55348.643651057645911
4720 47688.64277228780702 55409.648277247069927
4720.5 47705.171233913002652 55423.737682136801595
4721 47749.198054234293522 55467.783711173884512
4721.5 47722.361021190641623 55444.733313608878234
4722 47801.660807044725516 55527.766343864401279
4722.5 47840.30904383509187 55554.726984467430157
4723 47895.033821107528638 55612.214919745623774
4723.5 47892.722238527181617 55602.672103575736401
4724 47957.434486698781257 55677.586138589656912
4724.5 47956.714070232839731 55691.552340882772114
4725 47997.748720440533361 55744.294506167083455
4725.5 48021.132514997276303 55759.074632737065258
4726 48039.569028075464303 55774.681479591192328
4726.5 47994.990621895107324 55724.935443007729191
4727 47987.33506805509387 55719.882846697641071
4727.5 48020.9013900512291 55762.786770321181393
4728 48028.431639127171366 55760.31343168434978
4728.5 47966.79831562074105 55700.599973491494893
4729 47983.23964438103576 55714.681753955126624
4729.5 48000.781669009993493 55729.518180463106546
4730 48009.641340734735422 55755.764736354896741
4730.5 47970.783885912394908 55731.730818641997757
4731 47966.12886756221269 55723.29390060158039
4731.5 47957.645086717631784 55709.881706500105793
4732 47988.998783343340619 55739.97885621390742
4732.5 48053.357546217790514 55807.612416986332391
4733 48053.863819477453944 55811.656806940663955
4733.5 48045.16250753775239 55793.36643376822758
4734 48068.674937422634684 55817.394221137015847
4734.5 48147.191490596655058 55916.584845820645569
4735 48131.370396599588275 55895.329255990240199
4735.5 48128.59390933632676 55888.262767415792041
4736 48196.748065971609321 55963.384988736259402
4736.5 48237.913314185861964 56001.001476337398344
4737 48248.883688196496223 56012.77589996860479
4737.5 48254.892179140901135 56019.461302641801012
4738 48323.954791459997068 56092.806085383374011
4738.5 48333.985604071356647 56103.44547015074204
4739 48318.311083986336598 56076.758412799419602
4739.5 48301.119141174138349 56064.961587065532512
4740 48380.408407261624234 56141.639460131111264
4740.5 48362.800172070827102 56137.575051491636259
4741 48379.627699526303331 56151.389678477848065
4741.5 48332.666466636750556 56107.028537142330606
4742 48377.095920473664592 56134.537083562245243
4742.5 48405.706712719649659 56163.093354302895023
4743 48357.802072774808039 56110.396850729164726
4743.5 48347.187928570558142 56098.8479627478373
4744 48347.447781878800015 56108.019744649893255
4744.5 48293.063209177242243 56060.506193575594807
4745 48306.697452814703865 56063.677405517235457
4745.5 48317.687944063996838 56076.622363594833587
4746 48300.828539346788602 56054.584652421013743
4746.5 48389.445794905157527 56141.829669704005937
4747 48365.141151097835973 56119.645059649548784
4747.5 48375.660426943155471 56134.513372640685702
4748 48270.056023752382316 56033.608667764303391
4748.5 48343.208701879120781 56109.483595657409751
4749 48368.259808823924686 56129.477403061260702
4749.5 48350.047519168801955 56132.234977010215516
4750 48424.749384572111012 56204.939596872463881
4750.5 48401.050972564029507 56192.023152667832619
4751 48382.43927245924715 56171.849513238477812
4751.5 48409.471209514435031 56217.254006466559076
4752 48379.288850817029015 56177.023767369479174
4752.5 48322.235319199971855 56118.912872379354667
4753 48335.202990158817556 56130.4124515562944
4753.5 48356.031634057835618 56162.645189503477013
4754 48315.663823120150482 56118.234006915801729
4754.5 48259.063546925091941 56081.016748211317463
4755 48215.179232679445704 56036.102500982284255
4755.5 48192.145863487705356 56012.258443301208899
4756 48216.473745173010684 56043.322058038196701
4756.5 48154.461853495522519 55963.597526670397201
4757 48281.283048691533622 56093.895967477255908
4757.5 48250.927807487511018 56064.995606389711611
4758 48223.967323615943315 56051.711109993164428
4758.5 48226.675927686999785 56050.94541663043492
4759 48243.008489703825035 56073.274037005983701
4759.5 48241.721618211930036 56072.990411253187631
4760 48327.424665845472191 56166.842961469737929
4760.5 48322.121030682174023 56158.196959290798986
4761 48358.542374793469207 56197.410354009334696
4761.5 48318.037475098542927 56162.904353011479543
4762 48285.929877755661437 56136.663786270451965
4762.5 48281.152820669289213 56127.118359267689812
4763 48297.802972070181568 56141.950271469948348
4763.5 48351.04159156109381 56196.375821464913315
4764 48308.801755895605311 56161.483753118438472
4764.5 48306.694300898103393 56151.405403052260226
4765 48329.323373691804591 56178.81593520163733
4765.5 48268.790081462007947 56125.093007008748828
4766 48283.829568288005248 56140.000013198172383
4766.5 48198.988340249816247 56054.864432880865934
4767 48257.881811689992901 56122.400827486912021
4767.5 48256.943391489170608 56125.33724895271007
4768 48213.624151160067413 56067.09312907551066
4768.5 48210.316933989612153 56081.534165982797276
4769 48193.536279121399275 56065.177441864536377
4769.5 48244.859256120835198 56104.893166569869209
4770 48193.544794117500714 56062.319402149565576
4770.5 48184.060849125111417 56059.857213458963088
4771 48216.197421444579959 56097.122860363859218
4771.5 48191.981009536364581 56072.575607157712511
4772 48211.676422950258711 56082.382760715452605
4772.5 48233.800296150635404 56118.583096425383701
4773 48284.568500407971442 56158.781570007842674
4773.5 48248.365924468889716 56128.130429196811747
4774 48313.941538759834657 56198.634095585010073
4774.5 48282.32379172428773 56173.728276389512757
4775 48308.272222467989195 56205.709023843257455
4775.5 48307.935037418654247 56201.933247843269783
4776 48317.645248404565791 56205.754275118277292
4776.5 48295.997096840321319 56196.912577933857392
4777 48313.622344836112461 56225.120107357426605
4777.5 48268.511129787439131 56166.410560081167205
4778 48290.062137804074155 56209.238729907367087
4778.5 48296.735323929664446 56217.381793636399379
4779 48257.387526649530628 56162.486584106030932
4779.5 48265.06212088954635 56163.35897652064159
4780 48237.460730781975144 56137.503172125303536
4780.5 48246.902686675224686 56166.874466389795998
4781 48313.431770475923258 56240.442839817733329
4781.5 48298.624370518911746 56216.956480915083375
4782 48308.392560762724315 56229.34237339264655
4782.5 48348.669998042052612 56271.991757355157461
4783 48301.214318175312656 56235.682064336113399
4783.5 48243.37040978846926 56172.497556005051592
4784 48258.529430363429128 56190.206133196166775
4784.5 48213.870554401291884 56165.328376974684943
4785 48240.955694315183791 56204.57591484447039
4785.5 48210.354598256839381 56170.807322761851538
4786 48156.530640098775621 56116.585427846497623
4786.5 48214.035696395963896 56168.208488313415728
4787 48168.674445206161181 56116.780526584567269
4787.5 48161.51779192401591 56114.729215086430486
4788 48144.860522688366473 56101.519123347919958
4788.5 48149.393389541684883 56111.66065771504509
4789 48131.986294906928379 56100.969246126427606
4789.5 48091.08826232595311 56056.275794302506256
4790 48058.154809178515279 56024.983342756873753
4790.5 48065.963816290161049 56034.115635415131692
4791 48017.113310187647585 55990.114882127207238
4791.5 47969.092556817231525 55942.007123595722078
4792 47949.300867610152636 55930.674127747399325
4792.5 47974.32913568537333 55955.465995881117124
4793 47954.086846975769731 55937.920243833075801
4793.5 47892.354307266497926 55890.425943483838637
4794 47867.320688672254619 55861.568663846082927
4794.5 47842.171132571609633 55840.94178789149737
4795 47891.509845405453234 55891.251009681916912
4795.5 47826.937271625953144 55824.464786564596579
4796 47825.501499934536696 55824.05238924526202
4796.5 47829.549220416069147 55828.746416915164446
4797 47858.35604977895855 55870.106451569648925
4797.5 47864.202847065032984 55867.938386620982783
4798 47883.142913313298777 55890.547692290005216
4798.5 47885.744224011221377 55889.42879524523596
4799 47963.69248850090662 55971.049261395870417
4799.5 47922.510251929699734 55936.746627558793989
4800 47928.830959214785253 55936.184032651304733
4800.5 47909.103262455682852 55912.123216621344909
4801 47917.304471096605994 55929.044219700423128
4801.5 47948.025108531503065 55963.614020472472475
4802 47987.454309402790386 56008.54399477946572
4802.5 47946.315270974053419 55963.037225927640975
4803 47939.152967533387709 55954.160753391028265
4803.5 48030.567503552862036 56032.865138753651991
4804 48047.517731938511133 56061.341035034871311
4804.5 47998.787987548217643 56016.992365255544428
4805 48042.93860856948595 56073.212031040005968
4805.5 48079.583477548294468 56091.466421449214977
4806 48065.082009307894623 56083.732831660105148
4806.5 48106.408475858981546 56122.550564367644256
4807 48102.880764461457147 56124.400276126616518
4807.5 48067.061762478137098 56087.369835897290614
4808 48110.703665096785699 56122.40610252024635
4808.5 48101.110814736595785 56117.745588996214792
4809 48156.457472354239144 56182.845102556930215
4809.5 48148.328170380504162 56181.827837952812843
4810 48191.13475404647761 56227.625999638396024
4810.5 48188.409021756393486 56220.828745963095571
4811 48171.444788481647265 56212.79311813563254
4811.5 48202.776182697263721 56244.683863256461336
4812 48231.317389097435807 56271.208668740800931
4812.5 48120.128903669254214 56162.982498502889939
4813 48236.096457618557906 56289.40664770854346
4813.5 48218.917164637183305 56278.233932617040409
4814 48202.823800527396088 56268.898801416267816
4814.5 48200.732219109508151 56262.262461873426219
4815 48204.926166073419154 56273.015307581968955
4815.5 48201.613577163509035 56278.864600948894804
4816 48170.472865448631637 56249.246781124995323
4816.5 48211.417172742767434 56283.164211388218973
4817 48269.129695845804235 56339.843676940872683
4817.5 48220.464455958892358 56294.564766811658046
4818 48265.701343129359884 56335.716365440930531
4818.5 48262.973072505032178 56329.668786680762423
4819 48294.032354955830669 56368.532798974585603
4819.5 48321.533619458743487 56398.458531221447629
4820 48329.934621122862154 56401.733170176565181
4820.5 48411.185876663272211 56483.67351095147751
4821 48440.772524313055328 56517.314287891495042
4821.5 48465.221532161725918 56544.190520145923074
4822 48514.639927633172192 56587.320889103706577
4822.5 48422.159818601277948 56496.853324313306075
4823 48423.811361173669866 56501.684156897346838
4823.5 48493.810671295846987 56577.722605750990624
4824 48551.486911678883189 56630.423918300715741
4824.5 48512.993079080959433 56596.754784753931744
4825 48554.557857355037413 56641.56115740811947
4825.5 48519.493232258595526 56601.503736905593541
4826 48483.637812616245355 56579.311775742455211
4826.5 48558.27152339755412 56645.57025928045914
4827 48601.465886424586643 56695.936841386064771
4827.5 48522.651120942107809 56618.230486064894649
4828 48549.74163445814338 56639.245711361043504
4828.5 48563.644516943764756 56664.430423063837225
4829 48530.536735299720021 56620.510234793757263
4829.5 48527.708387550366751 56630.856088539178018
4830 48604.9549777669381 56709.709209832428314
4830.5 48606.537413799633214 56713.616022533307842
4831 48635.600912075322412 56741.948505397202098
4831.5 48542.980719143866736 56645.883425851869106
4832 48666.554444942055852 56776.609767292742617
4832.5 48685.758827197510982 56795.066107722064771
4833 48648.399603323938209 56763.371203116053948
4833.5 48748.206024799997977 56870.115213648590725
4834 48721.925469875968702 56851.419451630848926
4834.5 48768.778405881741492 56896.241356854166952
4835 48783.729191052829265 56904.182288715644972
4835.5 48813.393762682426313 56946.118679126440838
4836 48753.554285944213916 56885.034132988825149
4836.5 48806.129120248588151 56953.546078807659796
4837 48784.996325958811212 56935.248987174425565
4837.5 48755.034366118197795 56897.592704718306777
4838 48758.445188012803555 56907.152173315123946
4838.5 48733.059407470311271 56877.490995731248404
4839 48749.171580310037825 56901.552347959579492
4839.5 48775.749320844719477 56942.48525298529421
4840 48767.497549156068999 56938.39352973838686
4840.5 48770.555585715053894 56938.177464476735622
4841 48794.179753492557211 56972.141345341100532
4841.5 48808.852767902833875 56979.782672111221473
4842 48762.192762998507533 56943.114609045871475
4842.5 48814.293917942748521 56999.275310103825177
4843 48867.398350141993433 57045.532088650659716
4843.5 48935.05205338189262 57122.092323341828887
4844 48886.490242003434105 57062.98735272562044
4844.5 48868.799022196930309 57042.753100375826762
4845 48900.111194203898776 57081.392476747838373
4845.5 48873.576751489723392 57061.991312278776604
4846 48862.394712874032848 57056.001869952509878
4846.5 48835.344015319773462 57025.21476207372325
4847 48937.553111053195607 57126.225339474556677
4847.5 48952.184434490547574 57146.220257595108706
4848 48926.2581899079305 57120.872712787117052
4848.5 48974.238101544120582 57180.996761720343784
4849 48935.445907006695052 57136.154307772012544
4849.5 48897.718589056086785 57103.581859995792911
4850 48933.562423125869827 57150.135457826072525
4850.5 48958.059241931332508 57187.036743531061802
4851 49013.675375145423459 57241.167722246602352
4851.5 48930.68622646050062 57161.78968994202296
4852 49007.22519656210352 57236.924545316236618
4852.5 49026.857765810265846 57263.719233855299535
4853 48964.505889922271308 57203.996029697642371
4853.5 48974.940741146616347 57210.023472604065319
4854 49003.309348797505663 57241.489801800009445
4854.5 48958.966880296946329 57198.064616313138686
4855 49029.196134610203444 57265.870883838200825
4855.5 48995.712617716941168 57239.381413428694941
4856 48962.942787134183163 57201.302587417434552
4856.5 48985.010570643091341 57235.523075609664374
4857 49047.705783316574525 57307.867100669616775
4857.5 49081.12029911542777 57335.430634536700381
4858 49087.649030303808104 57335.65227595117176
4858.5 49117.657616116230201 57363.176567762566265
4859 49210.511929960470297 57469.960156800858385
4859.5 49268.537704024973209 57524.595134884795698
4860 49274.744227877483354 57539.00697879656218
4860.5 49423.583047937121592 57680.872435727491393
4861 49449.234845324048365 57723.323409259734035
4861.5 49541.358666874686605 57820.996855553981732
4862 49495.045073509732902 57766.995598368164792
4862.5 49621.741434311043122 57912.280111651693005
4863 49594.097790452666231 57893.153695120316115
4863.5 49598.781579755763232 57908.691297926350671
4864 49583.49006499243842 57896.555443880359235
4864.5 49568.260664865956642 57882.674936130017159
4865 49484.054719741470763 57809.622886355180526
4865.5 49487.104441831754229 57819.430596253791009
4866 49524.483237382984953 57862.582969096816669
4866.5 49515.771106225831318 57839.449892656135489
4867 49484.688644962086983 57809.476421766114072
4867.5 49587.223717645007127 57918.079793330973189
4868 49552.988674726067984 57887.744426280849439
4868.5 49480.0344373837288 57812.794634067031438
4869 49476.329642847667856 57809.255809965157823
4869.5 49458.545218367115012 57790.118073338424438
4870 49490.982563107565511 57815.546053300298809
4870.5 49443.96814023071056 57775.048991372394084
4871 49436.716922982835968 57760.827132361271651
4871.5 49500.122581379466283 57822.778245749264897
4872 49408.192718367034104 57729.903025403182255
4872.5 49349.770125218768953 57685.27196296191687
4873 49317.606098417883913 57651.910381410067203
4873.5 49248.583590092021041 57574.279741532162006
4874 49281.354965406397241 57620.475177865562728
4874.5 49201.343201087329362 57540.876387967560731
4875 49219.48915843845316 57564.237596230595955
4875.5 49233.575915242196061 57585.231204932460969
4876 49262.861073306514299 57611.911492222934612
4876.5 49184.371754694562696 57526.37814776491723
4877 49272.979085695704271 57623.531536149755993
4877.5 49237.32532610312046 57586.779223379446194
4878 49241.620596986271266 57595.909178818561486
4878.5 49231.871644425402337 57583.519363511455595
4879 49266.808676658467448 57626.345666517307109
4879.5 49267.689740659450763 57628.608373656163167
4880 49283.068380069598788 57637.764993575881817
4880.5 49302.205233149150445 57664.683758802784723
4881 49255.7807561940499 57626.575395483945613
4881.5 49305.263189471166697 57686.92148763055593
4882 49250.610463813391107 57631.497279270057334
4882.5 49297.925469128313125 57688.888543999877584
4883 49204.571967399948335 57595.529352413650486
4883.5 49211.259231138945324 57597.660841329576215
4884 49180.063302748341812 57568.279539068607846
4884.5 49191.677412386576179 57576.719230203809275
4885 49152.90804723805195 57537.659358454788162
4885.5 49115.548720022205089 57511.468150523141958
4886 49122.859947536904656 57503.779307583608897
4886.5 49169.498912110590027 57564.960753657920577
4887 49085.404963088265504 57490.595286678973935
4887.5 49059.63466340109153 57471.085775351661141
4888 49084.592590471424046 57478.947777116489306
4888.5 49067.11631741905876 57465.567398061633867
4889 49092.397119029730675 57491.702966744283913
4889.5 49059.816464524767071 57454.145752810618433
4890 49086.177632690800237 57477.511532881377207
4890.5 48976.483480246039107 57383.468615629572014
4891 49011.339032289004535 57415.51780966950173
4891.5 48980.235330846815486 57380.670350064829108
4892 48957.725720254100452 57351.00744973737892
4892.5 48979.383971302188002 57372.081821859006595
4893 49003.974302493232244 57415.076123631326482
4893.5 48880.011927580766496 57289.683227479297784
4894 48888.633457039257337 57291.791715354775079
4894.5 48852.392040792845364 57270.784418374394591
4895 48908.760129047477676 57325.089219032866822
4895.5 48912.639356390769535 57333.820543392190302
4896 48951.987508757309115 57380.996275200835953
4896.5 48998.073411563324044 57437.012933013160364
4897 49069.458319293204113 57501.593361299550452
4897.5 49093.037491089780815 57525.649147180236469
4898 49097.743076252132596 57536.357220060504915
4898.5 49136.569936446445354 57561.001471255716751
4899 49111.771864440423087 57554.145999625943659
4899.5 49130.528907113955938 57578.514617214685131
4900 49180.039754079669365 57614.408617906126892
4900.5 49199.105808010848705 57628.760777848809084
4901 49198.991997972334502 57624.180093588860473
4901.5 49248.32931261567137 57677.415635613841005
4902 49275.517929898800503 57707.29385470860143
4902.5 49266.011063215286413 57708.217391354024585
4903 49255.384638311348681 57695.774746054710704
4903.5 49227.610837943379011 57670.412401279099868
4904 49236.816182987939101 57685.66590645978431
4904.5 49227.59715069840604 57677.458146754317568
4905 49248.485482467753172 57707.626568105486513
4905.5 49269.244456687461934 57735.974470276858483
4906 49263.316321427802905 57737.179871001731954
4906.5 49292.423296752829629 57749.934926398680545
4907 49303.124637851324223 57765.917549359473924
4907.5 49253.825209259353869 57717.506955689997994
4908 49273.769622711392003 57745.293706274787837
4908.5 49244.762623408350919 57725.871028107663733
4909 49193.855615115338878 57675.127230212165159
4909.5 49116.038333175507432 57586.769402231642744
4910 49110.416055056935875 57571.725662188473507
4910.5 49072.463151705967903 57542.554141633911058
4911 49080.197697133851761 57563.007444655238942
4911.5 49037.633335494349012 57523.592295948124956
4912 49013.333715213819232 57513.508476815208269
4912.5 49053.551006680412684 57550.44997853309178
4913 49037.04138340002828 57525.544100045517553
4913.5 49004.647203440275916 57500.837580329418415
4914 49003.833362478428171 57500.733424532736535
4914.5 49071.79589495241089 57566.34685528587579
4915 49057.794675268953142 57558.095662927022204
4915.5 49007.720600157561421 57508.844890635526099
4916 49069.426848318224074 57572.230023534415523
4916.5 49095.791935387736885 57599.277198857846088
4917 49075.225000269660086 57577.452162610294181
4917.5 49052.856133450128254 57549.376692554302281
4918 49092.021291500182997 57596.625502433649672
4918.5 49126.343686565203825 57628.363511591283896
4919 49115.886563432264666 57622.103145027947903
4919.5 49074.749023903728812 57581.472815359666129
4920 49161.065086186259578 57675.781903355695249
4920.5 49083.622678198938956 57599.043596403505944
4921 49021.20942664413451 57549.511447176504589
4921.5 48968.157046389693278 57489.611421958034043
4922 49004.436914309415442 57518.523861456749728
4922.5 49016.579440483634244 57542.604228334173968
4923 49058.42607847556792 57589.854733617299644
4923.5 49025.487059151470021 57559.353550339001231
4924 49019.919339694730297 57547.747422258442384
4924.5 49052.305805826639698 57580.534209290752187
4925 49060.650010155921336 57586.57951362284075
4925.5 49030.552115516096819 57563.782118347313371
4926 49023.521352878873586 57553.664203526910569
4926.5 49027.66849975410878 57564.929306687641656
4927 49049.172779762891878 57589.909325486391026
4927.5 49002.36205051773868 57541.177926266747818
4928 49075.988826135057025 57618.236479673731083
4928.5 48975.260232775333861 57528.368588147641276
4929 48980.019932473842346 57535.453472816261637
4929.5 48982.150167215280817 57522.621793006685039
4930 48992.648927541777084 57557.342683484923327
4930.5 49030.19020720737899 57598.478115959762363
4931 48969.31362077594531 57539.909133244778786
4931.5 48947.5094124184252 57524.387614239996765
4932 49007.02927452961012 57580.086792904126924
4932.5 48986.60877147665451 57566.678496904016356
4933 49003.757159441302065 57598.032739429509093
4933.5 49069.911568440380506 57657.624119631465874
4934 49094.837624213243544 57679.31315548310522
4934.5 49124.91737743626436 57707.552712560791406
4935 49054.872562000491598 57639.454860960126098
4935.5 49116.919799491370213 57704.043486180002219
4936 49076.65809215909394 57677.357420384862053
4936.5 49111.075949964942993 57707.187469597149175
4937 49124.007762576118694 57707.509947348989954
4937.5 49095.031378016108647 57678.259092327112739
4938 49053.33407658906799 57643.647562149737496
4938.5 49032.890280852443539 57623.241883805647376
4939 48991.575375707980129 57583.088032902087434
4939.5 49069.191943882113264 57658.822189753620478
4940 49084.99730525794439 57681.849344196278253
4940.5 49091.998697455543152 57689.19468052162847
4941 49121.971601846205886 57727.589052247269137
4941.5 49070.614450013454189 57677.936698560675723
4942 49087.782086069506477 57689.244804424073664
4942.5 49037.969122188260371 57652.251858868519776
4943 49086.967319617637258 57693.275125913147349
4943.5 49085.918514109805983 57691.842957583954558
4944 49118.554773078816652 57731.408645824725681
4944.5 49114.705575679799949 57743.059409846973722
4945 49092.730855413712561 57723.063965188259317
4945.5 49126.896927426474576 57754.17608578484942
4946 49100.870599659079744 57733.559577722495305
4946.5 49144.233305259331246 57782.092298599272908
4947 49162.157441970070067 57793.754292356192309
4947.5 49145.548148406553082 57764.156175910706224
4948 49183.882188441893959 57809.429119541564432
4948.5 49251.383196587994462 57872.591793036852323
4949 49311.162971590638335 57940.308440526539925
4949.5 49320.661449343708227 57940.341068206180353
4950 49302.218564880960912 57934.182801425835351
4950.5 49335.313291681566625 57968.041015480048372
4951 49328.267864364766865 57969.580305101415433
4951.5 49341.888641626705066 57973.692529017978813
4952 49348.556798068362696 57983.77061623512418
4952.5 49318.090606652200222 57965.156337946631538
4953 49305.682765060038946 57946.012186420855869
4953.5 49334.851348883043102 57974.50241709133843
4954 49316.01870473906456 57959.916906829501386
4954.5 49411.957759214303223 58044.84947643410851
4955 49396.72650593418075 58025.406412645621458
4955.5 49452.82256752212561 58084.984690172677801
4956 49445.672051690402441 58070.686214939705678
4956.5 49400.393118852909538 58035.226076984079555
4957 49391.719239642363391 58030.195990970154526
4957.5 49353.252048004876997 57996.16513216302701
4958 49378.625413991037931 58020.781990861250961
4958.5 49408.313125663145911 58052.279370967684372
4959 49377.078812689651386 58032.183406148214999
4959.5 49369.444777528100531 58032.880452241981402
4960 49401.78664671604929 58074.956269716087263
4960.5 49410.469141670189856 58086.931978201988386
4961 49440.688058287014428 58109.141186001426831
4961.5 49402.866175437789934 58078.961771462585602
4962 49411.613479189007194 58089.436400419705024
4962.5 49472.598734354156477 58159.408198648983671
4963 49430.571198085635842 58120.152257802037639
4963.5 49430.299392123284633 58109.354332447190245
4964 49453.948127857467625 58139.807109103785479
4964.5 49477.245119125160272 58175.531249120911525
4965 49457.757583256934595 58154.978306755176163
4965.5 49511.659827859868528 58202.968735463662597
4966 49492.39752230225713 58183.921124032152875
4966.5 49502.587544792491826 58195.092865480735782
4967 49455.796461764628475 58134.528507550174254
4967.5 49445.587477247783681 58125.640872560550633
4968 49475.326815037900815 58144.973433660386945
4968.5 49478.502669790832442 58148.503302076882392
4969 49480.180389255023329 58151.781412795899087
4969.5 49501.43329348055704 58172.524019625016081
4970 49476.875982052617474 58154.274203215391026
4970.5 49473.121506714138377 58158.646607310198306
4971 49466.138308903005964 58144.014615092251915
4971.5 49407.796220668518799 58092.082558138637978
4972 49404.477155198990658 58102.79546650096745
4972.5 49389.841055627781316 58095.412726263690274
4973 49393.796319998422405 58094.485707479609118
4973.5 49334.693320093167131 58028.174617677897913
4974 49366.80405914637231 58066.542825646210986
4974.5 49398.366760916804196 58106.860308147399337
4975 49373.545757249288727 58092.740019405377097
4975.5 49282.337106228376797 57999.944253373665561
4976 49301.886939109426748 58027.538543805712834
4976.5 49348.768411141099932 58074.913137115239806
4977 49379.644306005604449 58122.466250098856108
4977.5 49397.882468559662811 58134.111365096076042
4978 49401.790310831369425 58142.780897011492925
4978.5 49395.782012014795328 58138.112004047470691
4979 49440.208695892353717 58200.529857984307455
4979.5 49462.806581515906146 58224.928024639055366
4980 49465.64118602493545 58218.044282637973083
4980.5 49479.237179275347444 58243.272445697963121
4981 49492.739691985480022 58254.92628507687914
4981.5 49468.922029867848323 58237.546102498010441
4982 49454.604832845310739 58240.641668283424224
4982.5 49435.346961432733224 58214.56581941517652
4983 49463.186340305343037 58243.964029171140282
4983.5 49443.232985307280615 58222.655430766004429
4984 49392.605396419887256 58195.124636622858816
4984.5 49455.832995636155829 58254.395557654519507
4985 49390.475074728215986 58195.733759410431958
4985.5 49473.826814588515845 58294.04445538771688
4986 49508.399861793419404 58317.831641522963764
4986.5 49516.758525805547833 58340.370486290754343
4987 49527.604348399705486 58345.69796403204964
4987.5 49563.856526908224623 58381.106179582624463
4988 49608.509953858279914 58431.724334783175436
4988.5 49648.451738433832361 58476.691472997066739
4989 49690.566478747248766 58521.328000992827583
4989.5 49701.24572363729385 58537.325239855861582
4990 49599.905925973369449 58438.845243471623689
4990.5 49589.714831856093952 58431.591132987210585
4991 49579.134385391698743 58426.67870820027747
4991.5 49540.038309556097374 58380.770168705988908
4992 49567.720342133332451 58406.486766043220996
4992.5 49579.020837273048528 58431.824243517097784
4993 49602.162505095453525 58448.968928374757525
4993.5 49503.399443904643704 58354.99935774361802
4994 49509.281351484889456 58386.274661636474775
4994.5 49609.219219771148346 58474.970906039285182
4995 49579.098928285064176 58442.643652153790754
4995.5 49583.650729694745678 58461.476407811438548
4996 49589.83229771162587 58466.156720738610602
4996.5 49637.91194946833275 58513.01084890934726
4997 49712.82077673963795 58583.806643182229891
4997.5 49697.364110243586765 58567.51198135784216
4998 49728.308377923829539 58595.155982888871222
4998.5 49693.233222217480943 58564.23700974752137
4999 49662.91476991615491 58547.350583100334916
4999.5 49728.854683942394331 58620.287428266448842
5000 49705.642920126192621 58600.581948274382739
