# time(ps) MSD_C MSD_Si
0 3.7101497835075645946e-24 5.3800376844945426483e-25
0.5 0.31767544628072080792 0.3174654957512689224
1 1.1506405397996686268 1.0557325894780171804
1.5 2.792094205085452252 2.080528248062705643
2 14.142748502415578571 10.532019378527845532
2.5 38.288236501183973814 30.738670702785622524
3 60.339175738237024404 50.40524166579618992
3.5 81.597400534188437859 69.608603350771645069
4 102.64352197799773592 88.863961301969169426
4.5 124.0412723541308111 108.66544246939592711
5 146.25407563663961241 127.71023241633739076
5 146.25407563663961241 127.71023241633700707
5.5 168.02320197447110672 147.04681638822444256
6 190.0978950533563534 167.07135398353500477
6.5 212.46069452236250186 187.54950669188008305
7 233.50198976012381991 207.36213170690041352
7.5 255.30084734307354211 226.6252041325657558
8 278.08235835605728425 247.85305274840240486
8.5 299.93126040955371536 267.0219826461226944
9 321.29124712199961778 286.47443501394616305
9.5 343.16668318548562411 306.01527615389562698
10 366.18539217096855509 326.13097868673571611
10.5 388.49038996142593305 344.71952249486764686
11 409.90576504361513344 363.92628022668174026
11.5 431.50883555322582197 383.48730199753066472
12 454.37702825158390851 403.29526170535734764
12.5 474.88699223681794592 422.19799626553026428
13 497.02215877256173826 442.39653567698331926
13.5 518.84496794604024217 462.7794526397162258
14 540.82991652589089426 482.79906170421674005
14.5 560.15998111680278271 500.94107033814697161
15 582.08444314504606609 520.91237869591191156
15.5 603.76720534076309832 540.58280773267529185
16 625.48930918122994171 561.07368707918385553
16.5 648.55295634985611741 581.67126879607678802
17 669.34599422344672348 601.49331957815206806
17.5 691.30494155032238268 621.24938922822354925
18 714.47870773740214645 642.11840978402995006
18.5 735.68920336398480231 662.61909484365810385
19 757.6366056158739184 682.57938754387271274
19.5 782.91215986573649843 705.2028663809057889
20 804.20910886792057681 725.28554654694414694
20.5 827.84373928240427176 745.849959433840354
21 851.10041939003917832 767.62944567191323131
21.5 872.50963517960133231 786.8307201448366186
22 896.9354168332200743 806.96189318277674829
22.5 919.89964018834427861 827.22955242091165928
23 945.13381482245824827 849.94999452361332715
23.5 967.10988134609158351 869.51072420156879161
24 985.90063476879288373 886.6379465100417292
24.5 1005.710028683528094 905.27091005045360816
25 1026.73869144342666 924.58825471507111615
25.5 1047.6461466084431322 943.64768642548256139
26 1068.4394339931725426 964.03702624867753457
26.5 1089.5465290302677204 982.71803605400407378
27 1111.9690603903004558 1002.2398834620508978
27.5 1132.3443933820144593 1019.2857639627147819
28 1152.4959149162132235 1037.5788949454647536
28.5 1175.6247549765937492 1058.7478032022513617
29 1193.6823685237732207 1076.2375544143737898
29.5 1213.8124986267757777 1096.826584902601553
30 1235.9379220484599955 1116.8460774524492081
30.5 1257.1400814929343142 1136.532302931754657
31 1280.5329409333623971 1157.9943241203363868
31.5 1303.0295013075829047 1178.1903756970980339
32 1326.9583085794474755 1198.054651835901268
32.5 1349.2844739636457234 1219.0651921557280275
33 1370.6646746720609826 1238.9717874774562461
33.5 1391.7605834701682852 1260.9642110663498897
34 1416.4496741467753509 1283.9223074403612372
34.5 1440.1653430154397029 1305.7380619983709948
35 1462.4314508126108194 1326.1118495938007982
35.5 1483.2329461423159955 1346.7143541997977536
36 1506.2339523646021462 1365.4125786522245107
36.5 1531.377910571072789 1388.1596947202599495
37 1556.1855388615201718 1409.9670300129575935
37.5 1579.4236540229869661 1429.6060450859963566
38 1603.4083379755313672 1449.1544705284518386
38.5 1627.6624314333414532 1470.9961601418965529
39 1652.4572924821293327 1491.0903717085250264
39.5 1673.0597376205339515 1510.1097315670938315
40 1694.7493351937075658 1532.2792299102843572
40.5 1714.8218223158357887 1550.9829880875799972
41 1736.6707264360613863 1571.7962182639362254
41.5 1759.4995574720358036 1592.1934471874210431
42 1783.3893534537558025 1614.481375835069457
42.5 1809.5556801376992553 1635.2929275545184282
43 1835.1395994465835884 1660.8084066792271187
43.5 1852.8314913913213786 1679.0382203246101653
44 1874.3706453713134579 1698.6566310571201939
44.5 1903.3106511672003762 1722.1271274147140957
45 1928.3859200438182597 1743.1040248820925171
45.5 1945.5519582887195611 1759.4482926839232277
46 1962.3307850651985973 1774.6664562591047343
46.5 1985.2018722992856965 1797.0059066432870623
47 2006.995140609209102 1817.4368549210773836
47.5 2035.4495456052179634 1841.2867753235395867
48 2057.8026656482611543 1859.5891912206195684
48.5 2085.3531737697921926 1883.360951571617079
49 2109.5359191264010406 1907.8059662528510216
49.5 2140.5447674808378906 1936.0710680669990325
50 2163.2734926326252207 1957.8040860179478386
50.5 2193.7233689446870812 1987.9396525906931856
51 2215.7504804762579624 2007.4519520580620338
51.5 2244.3193777408305323 2036.3190217399862831
52 2269.5349177357011285 2059.1293859651050298
52.5 2297.9630017009094445 2084.2682475152037114
53 2321.4412071661522532 2106.1336947362929095
53.5 2342.586196146120983 2127.7933804331296415
54 2368.5508147214445671 2151.8523255052118657
54.5 2387.3892047891367838 2170.0536358304029818
55 2410.5604467595585447 2190.0126463385090574
55.5 2432.6831780410361716 2209.6927161883868393
56 2454.6122267694563561 2228.3711598244267407
56.5 2474.1970958284759945 2246.0566233847721378
57 2499.7926725376796639 2267.5527291575485833
57.5 2522.105694150644922 2287.5655176670957189
58 2541.096753043013905 2302.315437957443919
58.5 2561.8757704593795097 2318.1077162707638308
59 2579.8707197376975273 2335.139913967881057
59.5 2605.6882964269452714 2358.5643362366049587
60 2623.147034510002868 2377.9766816786159325
60.5 2641.2211846260843231 2394.3956727023428357
61 2659.1953722149460191 2411.0553050540252116
61.5 2682.0801630930527608 2435.7453408467531517
62 2706.5456765164635726 2458.2509586429805495
62.5 2730.3072632760058696 2482.5339614195022477
63 2756.9936010406718196 2506.2088896573895909
63.5 2784.3725383666819653 2529.2254866128523645
64 2809.7733229277296232 2553.5077381802584569
64.5 2829.1576670861677485 2573.448088132601697
65 2856.6239199113683753 2597.9694522373047221
65.5 2886.068350148133959 2622.2193559152906346
66 2908.8735923245458252 2642.1076748968880565
66.5 2937.8424309370257106 2668.7392596407435121
67 2967.9008128358477734 2693.4592206143011026
67.5 2996.5996761837800477 2717.3373197364680891
68 3026.6511050573908506 2743.9623976316656808
68.5 3057.6927633716518358 2769.8014786169956096
69 3079.8504271728070307 2791.1988022252298833
69.5 3101.9431099646835719 2809.5418014138531362
70 3132.6429638706367768 2837.4042631138995603
70.5 3155.6361242954699264 2858.0424627551756203
71 3180.600583460355665 2883.5970487007880365
71.5 3206.3449759115947018 2906.8761623281384345
72 3236.248769722056295 2933.6658704083743032
72.5 3260.5202629683512896 2956.4492466917504316
73 3282.0040240382681986 2976.7144429263366874
73.5 3307.1241129898617146 2998.395144854481714
74 3332.1080553267306641 3019.3470721776643586
74.5 3351.4753282285378191 3038.8857766340852322
75 3377.8446664153843813 3058.8110150238767346
75.5 3396.2583636519543688 3076.2519309375975354
76 3421.7713197561311063 3098.9622280641333418
76.5 3434.265254612523222 3110.1762275019013941
77 3453.0680687420981485 3127.0362784983431084
77.5 3471.9803027407865557 3142.3113668327973755
78 3492.4150872940385852 3162.462784101055604
78.5 3513.1535661379916746 3180.5070679859277334
79 3538.4714215759995568 3201.2430398748279003
79.5 3558.2976317687644041 3217.8278789859855351
80 3581.6392332700434054 3238.0485342495794612
80.5 3599.0287918304775303 3252.2995966648422836
81 3623.8566983094124225 3273.9081519522505914
81.5 3639.9053628750307325 3291.2420953442797327
82 3654.8873069895230401 3305.0654664756452803
82.5 3672.4059489434816896 3319.0635116899966306
83 3693.3754599414455697 3337.3328152347712603
83.5 3714.8208584957396852 3352.8693766691126257
84 3738.9163544886414456 3375.2031878409538876
84.5 3761.8890399156548483 3398.4016268300861157
85 3788.5172934692650415 3425.0942814140335031
85.5 3817.9323068575804427 3449.8456223439907262
86 3840.6432753933172535 3469.290913942852967
86.5 3862.2397131323518806 3490.2460424129521925
87 3884.1855347551145314 3509.8215098591354035
87.5 3903.9796998422057186 3526.2126217574882503
88 3925.0192175267698076 3545.1066697181363452
88.5 3946.6832268345119701 3565.3837128135292005
89 3970.8009915501611431 3589.7677219525035071
89.5 3996.6908508003270981 3614.1787790028133713
90 4017.8015465132016288 3637.2591322619159655
90.5 4042.6269014288782273 3659.8390240905146129
91 4068.0755502986403371 3681.303517664602623
91.5 4097.5043090494982607 3702.9793217858891694
92 4117.800774818492755 3724.378673981393149
92.5 4148.052965847964515 3752.931923372768324
93 4172.2377776111952699 3774.2555874340928312
93.5 4197.327169212757326 3799.2980771264715258
94 4221.6314655286669222 3822.5610790037599145
94.5 4244.8647579782027606 3844.3415513155919143
95 4267.4107928581088345 3863.7331168366649763
95.5 4283.2217861029739652 3879.9740557154041198
96 4312.0652362456376068 3906.9905041266047192
96.5 4332.0149850914558556 3926.0515567877973808
97 4356.5351579387170204 3950.3495235228297133
97.5 4382.8728057978469224 3973.744090441301978
98 4410.1757930157154988 4000.6684055842470116
98.5 4444.8427713677201609 4032.5154624902520482
99 4471.6222344447623982 4057.4936630518081984
99.5 4495.3509933276300217 4075.0453934664406006
100 4517.7662720110593 4093.5282411817106549
100.5 4529.9963705151221802 4103.5997252021834356
101 4550.9142687471921818 4119.956801499303765
101.5 4565.1639663480145828 4133.3602757593444039
102 4587.5630442916353786 4153.7516899319825825
102.5 4596.2905834578486974 4168.3657278926884828
103 4624.1272647380192211 4191.7525095266173594
103.5 4654.5258742040077777 4220.4338051111071763
104 4667.0349405025972374 4231.3094681981920075
104.5 4688.5643864411104005 4252.1517599416401936
105 4717.4185685400707371 4277.2624002563925387
105.5 4738.4190521991677087 4298.0951081356060968
106 4771.0473107770030765 4325.4332064955260648
106.5 4788.6582776766144889 4344.2748718852799357
107 4816.5154709948901655 4370.9640223269379931
107.5 4814.0990158000322481 4371.8374724925361079
108 4836.0787509129240789 4393.4924300309949103
108.5 4855.4141235495326328 4408.8477135880539208
109 4878.1613314854193959 4429.3323742952034081
109.5 4890.2765945036999256 4443.0456912691042817
110 4901.7158303686264844 4453.9009394364902619
110.5 4925.4899710877234611 4473.322983358430065
111 4931.6743254897737643 4479.7747016852781599
111.5 4947.8396098049752254 4493.8279974758806929
112 4969.4454381343057321 4511.893092863642778
112.5 4988.0218957992983633 4528.2415532473232815
113 5006.270579053802976 4546.9924670630834953
113.5 5021.4508482364208248 4558.9026627586426912
114 5042.5236104789228193 4579.0032315749049303
114.5 5063.6335320826528914 4599.0960674480238595
115 5095.4205062759947396 4624.6197262259329364
115.5 5108.9506160694854771 4636.8346896503762764
116 5130.8095116121057799 4657.6660022518626647
116.5 5156.12095225504072 4678.8997317241655765
117 5168.6944909274761812 4695.5526515929350353
117.5 5191.1945121209218996 4717.5538039121720431
118 5217.9887803293231627 4744.4605645475749043
118.5 5248.7723901702784133 4768.3263791355939247
119 5266.6592446457643746 4784.4028092201115214
119.5 5295.2483635066273564 4808.711359106206146
120 5323.1633508862423696 4832.3992532552456396
120.5 5352.7479290340716034 4858.9583201170344182
121 5376.031615470302313 4878.6650073068985876
121.5 5402.3967127080295541 4896.3920270486059962
122 5433.7494690971325326 4923.7160603971587989
122.5 5464.4239271072337942 4954.7413491817133036
123 5493.9808711039595437 4982.495855350894999
123.5 5524.367888783485796 5010.5082533821978359
124 5549.6211205515010079 5036.2934831811026015
124.5 5573.2548837140693649 5058.1444910286154482
125 5595.1576555554593142 5080.7151377003947346
125.5 5608.3744024813750002 5096.803084767188011
126 5626.2413054333583204 5109.2212121809780001
126.5 5650.1540650412680407 5132.9866054944141069
127 5666.7926213479004218 5148.9026533581254625
127.5 5680.5117124725793474 5160.840305750853986
128 5701.8118507688013779 5176.7422466976704527
128.5 5725.9365551499531648 5196.8460968582030546
129 5742.168767625311375 5212.0717788424035462
129.5 5768.0421438054308965 5238.701989149797555
130 5782.2501438512454115 5250.4064339990236476
130.5 5813.9354609066831472 5279.6962560439642402
131 5841.8298826618593012 5303.1426438261150906
131.5 5866.7070493826677193 5333.4165350851417315
132 5889.9213434139282981 5360.6547342908688734
132.5 5930.3888723317149925 5397.0382616772722031
133 5951.0391888095355171 5414.5186175499029559
133.5 5973.1281892258502921 5437.6955484323907513
134 6000.1764255350444728 5460.9003556000734534
134.5 6020.0685312427476674 5477.1836110102804014
135 6055.4686411902839609 5506.6512668587556618
135.5 6080.759404994743818 5527.626068681115612
136 6105.9059328232551707 5555.2149680469492523
136.5 6132.9736543134085878 5584.8191403631008143
137 6167.5808104160078074 5615.8856082021256952
137.5 6192.4945441517502331 5639.5070472446532222
138 6216.7192220581382571 5665.1791441902505539
138.5 6254.3524607821700556 5695.8410627747934996
139 6273.2748566873497111 5716.8321791637899878
139.5 6311.8854373749481965 5758.5171095657660771
140 6348.8858738894423368 5794.1387121064353778
140.5 6372.3504918132184685 5819.1406130262048464
141 6402.863801624154803 5845.4721583399950759
141.5 6427.3766444835509901 5868.8215474550106592
142 6462.2902640217689623 5895.8813207463645085
142.5 6493.9322660594189074 5924.2464947803418909
143 6496.6324426973133086 5929.7908204073992238
143.5 6510.8578871323825297 5939.274547093574256
144 6527.6332738071150743 5950.1314674378145355
144.5 6543.2518931151653305 5962.6190159660463905
145 6552.484490216942504 5972.9256078321659515
145.5 6563.1826856861789565 5980.120593112300412
146 6590.6581075764916022 6002.7378820512294624
146.5 6612.6128403365701161 6019.8300245630216523
147 6653.6446448613014581 6054.3878012704763023
147.5 6675.9048999315800756 6076.0251553980751851
148 6681.190181203965949 6085.1277340788892616
148.5 6703.1998188212191963 6106.8919780751448343
149 6719.018751026685095 6123.1017929300605829
149.5 6730.8099662696677115 6135.7959073739875748
150 6742.9960892588633214 6143.6156477710937907
150.5 6751.2186533705926195 6155.412908401463028
151 6758.0832457051374149 6160.7250139335019412
151.5 6776.6104437226194932 6173.7320046327731689
152 6795.9147647980571492 6188.0292986288877728
152.5 6816.1545104065025953 6204.3240750602471962
153 6855.8991426569236864 6241.2796066663704551
153.5 6879.5535319305481607 6260.0018367364018559
154 6893.484023800225259 6275.0337455407798188
154.5 6920.6614389197475248 6294.0543219876617513
155 6941.3170773206647937 6312.1148512811023465
155.5 6969.6354138367078122 6340.9224837831143304
156 6992.9464377920176048 6364.8109540793002452
156.5 7004.7311715231344351 6377.9414930174070832
157 7017.766891482074243 6386.7727361112392828
157.5 7025.6663565098679101 6397.7392213228331457
158 7059.0608805454730827 6424.4474665153629758
158.5 7072.955925842187753 6440.1489112031304103
159 7091.0080717545888547 6459.1596567048927682
159.5 7119.7286207065371855 6486.8437043104795521
160 7154.1967351575776775 6519.6079916365906683
160.5 7180.3433942740502971 6543.0594108893637895
161 7202.3248711513924718 6564.1540068264612273
161.5 7222.039177915306027 6580.7865728571869113
162 7240.5315189442935662 6601.0749304501359802
162.5 7266.7264223456668333 6626.5487510301991279
163 7283.7503718569078046 6645.8509110850372963
163.5 7310.9969696811440372 6674.728772131938058
164 7342.5199291497274316 6703.5081125463702847
164.5 7368.4306037716487481 6730.9034839226169424
165 7378.7406174114794339 6738.5331532916097785
165.5 7401.7471761463784787 6759.9550374235659547
166 7433.6936666107167184 6792.0818148617863699
166.5 7468.2704723177685082 6826.0873286791120336
167 7509.4388008827454541 6868.897908006914804
167.5 7546.0078272809450937 6905.8452501144074631
168 7562.5607045927390573 6920.8373485125848674
168.5 7580.5306619303073603 6933.0719982597556736
169 7598.7326873934198375 6948.8374572257116597
169.5 7621.1681864727679567 6974.2317869545859139
170 7648.2338829649461331 6997.8079698105584612
170.5 7664.648492218235333 7017.8663188100235857
171 7703.1306390001300315 7055.4409253020239703
171.5 7741.8438260091943448 7086.71231425975202
172 7770.0124883150729147 7112.5666702485268615
172.5 7799.796154898862369 7140.3175393722467561
173 7834.4217482417443534 7172.2655941502280257
173.5 7863.4715572215200154 7203.1007427468284732
174 7892.401974369864547 7224.3569539917170914
174.5 7911.777839535126077 7238.9446945807021621
175 7927.7340462796773863 7252.1732728809301989
175.5 7928.5817655951350389 7258.0208343558824708
176 7926.3888619217996165 7250.410939575737757
176.5 7946.685404091484088 7269.5665161431479646
177 7970.2506818405363447 7295.7978748662708313
177.5 8009.0500931665637836 7335.6873419715184355
178 8037.4155477932154099 7360.7278009369629217
178.5 8082.4452950973973202 7391.1306521775886722
179 8121.2623215025523677 7418.0925086448078218
179.5 8146.7177053013119803 7444.6603328874080034
180 8159.36238591788333 7453.7139514408290779
180.5 8150.0767544355221617 7441.8598651427391815
181 8169.8973175085066032 7455.5788727470371668
181.5 8200.1283784896750149 7479.5050841188240156
182 8211.9782885041677218 7495.8280856929477522
182.5 8226.8227910695695755 7509.5196821477584308
183 8244.7015582047224598 7526.0979562050188179
183.5 8276.2572214020565298 7554.8645176833470032
184 8299.8554133245033881 7576.4615473641679273
184.5 8320.6311208544884721 7589.9013615516878417
185 8345.9185493231088913 7612.8965932355831683
185.5 8370.88194525860672 7633.2306922201232737
186 8380.645439052628717 7645.3684730096274507
186.5 8401.427951456997107 7657.6380707805919883
187 8410.6888974863886688 7666.6965597714697651
187.5 8449.1371913713610411 7699.3622750781478317
188 8457.3168696965003619 7705.5557945860518885
188.5 8482.6539556173247547 7724.6939415204124089
189 8508.2884692271563836 7748.5465301033382275
189.5 8519.2115101467843488 7760.646422817232633
190 8549.5082247362715862 7791.0216313708287998
190.5 8568.58372148804483 7811.0009185059725496
191 8583.5340256073850469 7825.6346101685467147
191.5 8625.2186160388337157 7862.5830943726023179
192 8640.2088509082113887 7879.6558724630604047
192.5 8661.9216632817206118 7899.7174481008842122
193 8681.9067291142364411 7919.0380634511793687
193.5 8694.4734493513260531 7931.9867370975816812
194 8713.8635597248157865 7953.8002182068084949
194.5 8746.3039315966416325 7977.0703429667919409
195 8786.5500077927663369 8010.4791653034681076
195.5 8792.8531782180325536 8016.2122726413763303
196 8832.9296521463766112 8051.511116665935333
196.5 8844.9653856759068731 8063.779201542138253
197 8864.8777282774135529 8081.8768986447994394
197.5 8871.4256613951747568 8088.7738343411901951
198 8883.8556840776527679 8093.5853966859203865
198.5 8875.5655586303419113 8091.6178982158389772
199 8905.7266339421948942 8116.8185074598641222
199.5 8924.1663411994068156 8130.7066863640084193
200 8938.4253836201150989 8142.7252859281497877
200.5 8971.7420236851339723 8171.0414570057764649
201 9010.4854400239582901 8199.2932446361646726
201.5 9024.1786701264045405 8211.9433530334426905
202 9068.3655026736487343 8246.9794382501986547
202.5 9083.3433631192619941 8262.4356365494459169
203 9080.7722743048270786 8259.0834755197411141
203.5 9096.9305584128960618 8273.6240769319483661
204 9114.1248375436844071 8293.7937552053645049
204.5 9140.4385855549408006 8317.974873335862867
205 9161.1813247574773413 8333.1409224306680699
205.5 9194.5580734270497487 8360.8905998666614323
206 9198.212625897511316 8368.2851300176389486
206.5 9239.0338889430895506 8403.365885768447697
207 9264.2615615640042961 8425.7405759342582314
207.5 9287.6549672587771056 8444.5633329325519298
208 9318.1183782324224012 8471.937181781984691
208.5 9332.7741995092001162 8483.4666590012111556
209 9365.1360678118799115 8518.5043079890783702
209.5 9384.8471024379141454 8534.4892809041011787
210 9403.2360841028021241 8545.2603496448573424
210.5 9419.8364293202503177 8556.7090821892761596
211 9431.5663531885784323 8565.614968618236162
211.5 9459.8329048561699892 8588.38750663099745
212 9469.0725520715695893 8599.2861003283233003
212.5 9499.8953917137678218 8624.5101268654343585
213 9540.5644649996174849 8658.6686337349001406
213.5 9573.1540407585871435 8685.0072958898854267
214 9609.642678737616734 8718.1761158605149831
214.5 9628.4670243899618072 8737.2796738839806494
215 9669.3051647825159307 8772.4113958648085827
215.5 9701.2791911808271834 8803.7700043946897495
216 9734.3945046120752522 8831.5704824120275589
216.5 9780.9063716806067532 8872.1454628111732745
217 9817.3475697060766834 8904.2858825700695888
217.5 9835.8484362252911524 8921.1985740807376715
218 9858.0769758538954193 8942.8674962767654506
218.5 9886.8528768041251169 8965.1690753299099015
219 9911.4715176603240252 8988.5743888679226075
219.5 9940.9143528062177211 9016.610726569300823
220 9941.13417252254294 9017.159834651152778
220.5 9993.8263012510687986 9066.81137965733069
221 10005.739194156933081 9083.1050486266667576
221.5 10006.769410542052356 9079.9840926806555217
222 10027.961727236628576 9096.4768417047725961
222.5 10040.122450824184853 9106.4876881403179141
223 10066.235470779985917 9123.2061614221729542
223.5 10101.341140141041251 9155.3063677227346489
224 10129.719795502691341 9189.3196645240004727
224.5 10162.298613243385262 9216.3674491863839648
225 10206.600079913094305 9251.8534885791777924
225.5 10223.752928228519522 9267.1294755223170796
226 10255.925827108692829 9294.4933593443802238
226.5 10283.631088401716625 9314.6757306143299502
227 10301.507820364673535 9332.0566040778940078
227.5 10313.849906546709462 9347.3097311530200386
228 10315.076549248919036 9352.1542133768853091
228.5 10334.966265044507963 9372.0588884402350232
229 10334.114901272609131 9370.3526976429002389
229.5 10353.718981673870076 9385.3314146720149438
230 10379.277565186906941 9411.0814135263863136
230.5 10403.297719288511871 9436.4345729132819542
231 10426.467556459481784 9459.7095281494493975
231.5 10443.997672140694704 9479.3516326744138496
232 10472.807717895631868 9508.2632326613293117
232.5 10498.521295376134731 9533.5278891086873045
233 10524.785068542048975 9555.6642619941994781
233.5 10551.802618284811615 9575.5757422763726936
234 10568.765602655177645 9593.6505886708509934
234.5 10588.734621655039518 9617.4386871422575496
235 10615.403032941308993 9644.3704188753381459
235.5 10641.18407474988453 9663.2338744828593917
236 10655.130038394328949 9670.2071667148011329
236.5 10671.18647941994459 9682.8268815004412318
237 10704.973576839869565 9703.5256849143315776
237.5 10713.345062078291448 9711.1797033975690283
238 10705.841972009708115 9708.1168121814698679
238.5 10744.206141888922502 9745.0465745885776414
239 10765.114462736732094 9765.0335682279492175
239.5 10785.008873286553353 9784.3284919684156193
240 10781.507290707155335 9780.7229901408700243
240.5 10805.041249691661505 9805.2779189825050707
241 10839.687302399719556 9840.6387303619758313
241.5 10890.266459513872178 9890.8880033161112806
242 10911.949388904586158 9908.6616947983857244
242.5 10924.45417195288428 9914.840636082832134
243 10944.194673576625064 9934.9462334227682732
243.5 10967.563855353642793 9964.5403702213097858
244 10981.552815627681412 9974.9935164616163092
244.5 10999.728687316412106 9989.1746239503172546
245 11019.109053025964386 9997.3925522953795735
245.5 11053.074180111087117 10025.770921585130054
246 11069.589946306306956 10043.025208973951521
246.5 11111.583432332456141 10081.56567497294418
247 11145.858369609961301 10116.189319299855924
247.5 11170.627907975695052 10137.73349103765031
248 11189.064134685522731 10158.009669747005319
248.5 11224.340557373381671 10186.740372049262078
249 11246.522309099935228 10207.403239012188351
249.5 11286.844809198020812 10237.457464336974226
250 11332.721399807414855 10277.044664330740488
250.5 11369.142887965235786 10315.769775554368607
251 11412.755839928313435 10353.883336094835613
251.5 11439.543219188022704 10377.533102849040006
252 11448.124915717873591 10382.861951975264674
252.5 11480.42222684517219 10413.293556978522247
253 11528.680122986605056 10459.874589570457829
253.5 11540.193027204544705 10467.070738512640673
254 11555.127191499495893 10478.548655135464287
254.5 11597.717469537956276 10519.374445355895659
255 11607.818709188046341 10529.673645338543793
255.5 11655.95322545909039 10567.751247043497642
256 11693.080952698230249 10597.686531307659607
256.5 11707.116600696454043 10613.258777675162492
257 11764.090306681937363 10659.864834669697302
257.5 11778.340454227090959 10674.775659299053586
258 11796.285365156671105 10690.661805965146414
258.5 11800.517607111594771 10699.939501336211833
259 11802.806127756626665 10707.385567688452284
259.5 11838.837570289317227 10748.134447169153646
260 11840.286507553559204 10749.018598424374431
260.5 11840.602859285552768 10752.413252415979514
261 11829.793313300824593 10746.25642501841503
261.5 11845.093542497483213 10761.307500115310177
262 11858.558416567513632 10774.995974504545302
262.5 11878.21333321918064 10793.01471068014871
263 11921.630463614095788 10828.66420654204012
263.5 11922.100358357089135 10830.527260039441899
264 11952.579302829144581 10854.397844108876598
264.5 11964.842426166189398 10861.668078890354082
265 11960.10239608869415 10856.480832561483112
265.5 11970.478741342583817 10872.925296919587709
266 11999.942259419585753 10901.625424451751314
266.5 12014.514639738321421 10921.005940226801613
267 12043.73718579099841 10950.518060950740619
267.5 12065.310054108962504 10972.223551035271157
268 12096.809672690440493 11001.038094694093161
268.5 12122.845962001189037 11020.677637452597992
269 12161.373126084394244 11055.710624762279622
269.5 12200.349941192234837 11097.159644519446374
270 12245.020487204394158 11146.068449908640105
270.5 12283.994601338594293 11180.323052577999988
271 12300.983735439420343 11200.049509592628965
271.5 12311.076883956651727 11205.614095216256828
272 12318.259246881045328 11211.799477382603072
272.5 12329.696121140274045 11225.477000698971096
273 12339.132035613312837 11237.106865685869707
273.5 12349.147894665153217 11256.538659376225041
274 12378.880286291228913 11285.578755852322502
274.5 12402.27598933151603 11303.203348212191486
275 12408.211328907627831 11306.451197116190087
275.5 12424.316703715876429 11316.154580925920527
276 12464.424435710381658 11345.889232770890885
276.5 12480.372574547045588 11354.65943039339254
277 12514.523675438305872 11380.030226763075916
277.5 12525.624368465896623 11389.072330441895247
278 12548.587961502145845 11409.26595599070788
278.5 12579.407752152419562 11441.964018223765379
279 12601.087748661813748 11455.948631909463074
279.5 12626.228163062376552 11478.202580957364262
280 12662.570606886356472 11504.738198500263024
280.5 12674.117790074089498 11516.546540821109375
281 12714.937272257706354 11542.387198982769405
281.5 12740.251903112237414 11560.975272119456349
282 12773.228942386553172 11589.139348660131873
282.5 12814.386984339131232 11616.963613489275303
283 12861.099697898749582 11658.18569541400575
283.5 12861.088414677358742 11663.902747638272558
284 12883.052991512327935 11685.607382618576594
284.5 12902.265428369752044 11708.54422787126714
285 12941.158284408513282 11746.941892850658405
285.5 12972.645897641388729 11779.714094765120535
286 12988.131423941174944 11791.391128996867337
286.5 12991.750409828506235 11794.512861553072071
287 12971.7097182606758 11788.658361140307534
287.5 12966.679698599007679 11787.890738398435133
288 12997.744859364007425 11815.648212343661726
288.5 13009.425719781505904 11831.408500571404147
289 13013.758416072731052 11830.508135584725096
289.5 13029.700779411012263 11843.511599025787291
290 13021.764596460452594 11835.393599144783366
290.5 13037.381077178493797 11856.068220294877392
291 13055.069217800424667 11863.256480727553935
291.5 13063.448486744551701 11876.940481302617627
292 13077.663272411471553 11886.497685409216501
292.5 13102.55467247154229 11914.784969101026945
293 13112.864326849577992 11921.415115002593666
293.5 13146.017567350996615 11952.43386545181238
294 13160.40110412656577 11965.940688033750121
294.5 13163.97610693193019 11968.141623658540993
295 13197.337456833207398 12000.649384549371462
295.5 13225.063448166789385 12033.250111409972305
296 13254.244642907067828 12062.259161515166852
296.5 13272.748872268770356 12076.867895926379788
297 13316.15535061175251 12117.230083184851537
297.5 13331.487445259343076 12135.786744980463482
298 13357.180814469482357 12161.149505900109943
298.5 13375.046666560270751 12177.188601898102206
299 13378.457866700531667 12174.696941703492485
299.5 13397.758064337675023 12190.61330264188291
300 13408.268746287503745 12205.985521167025581
300.5 13444.173894941259277 12239.437906684599511
301 13471.373419214536625 12269.090377970926056
301.5 13479.430621795025218 12273.413594526908128
302 13488.398011472729195 12281.905808874120339
302.5 13510.378282270812633 12301.105444345430442
303 13560.440601625206909 12343.843403321077858
303.5 13574.876486818047852 12356.342584090796663
304 13570.933381967543028 12356.557083425157543
304.5 13586.856141060656228 12370.761240601155805
305 13600.814659725505408 12388.548173528770349
305.5 13652.999575355637717 12436.239268868032013
306 13653.164003317759125 12434.521679346366
306.5 13677.315222566117882 12455.024180860180422
307 13709.307694883327713 12485.145232307982951
307.5 13719.675395082680552 12495.679278960325973
308 13738.750523419434103 12510.127884760519009
308.5 13772.162054111238831 12541.318093465295533
309 13794.662753517039164 12552.191734278741933
309.5 13819.256554421241162 12580.098251439452724
310 13828.76040106173059 12590.821595287327
310.5 13828.691911627161971 12589.705427685206814
311 13857.68736144516879 12611.045611881692821
311.5 13858.608833189995494 12612.725840187380527
312 13853.803152513833993 12610.419631197830313
312.5 13857.224529523991805 12619.18839378728444
313 13878.822650963553315 12641.942191860598541
313.5 13890.389908635466782 12653.283847168286229
314 13900.073243720928076 12663.775077336282266
314.5 13950.627138123065379 12707.700851645906369
315 13979.738963646079355 12738.208628080708877
315.5 14002.1285801925751 12764.914308109631747
316 14037.431219376278023 12796.180813400274928
316.5 14060.541940650031393 12814.223388994774723
317 14078.452072679741832 12839.395888583085252
317.5 14118.842781634035418 12866.965589485176679
318 14114.551031312646955 12867.335924863677064
318.5 14178.795890161763964 12913.683151539617029
319 14206.177042003078896 12933.526575727328236
319.5 14239.498587414745998 12968.252779384669338
320 14275.967508394691322 13007.768720737265539
320.5 14343.629687106878919 13066.287341006245697
321 14358.991681628032893 13083.553768819412653
321.5 14428.343954659860174 13139.591465296465685
322 14475.291898186727849 13184.095705081264896
322.5 14542.113337261278502 13242.787090432240802
323 14570.349220959971717 13267.58721818230697
323.5 14578.121824628426111 13276.174348973929227
324 14578.699235830477846 13281.332424699881813
324.5 14613.259661146494182 13304.789113399603593
325 14646.005568933542236 13334.192807260349582
325.5 14682.229369299802784 13364.823343400383237
326 14694.154566685840109 13387.348478388499643
326.5 14657.79270624482524 13365.11721403683805
327 14668.075294576663509 13374.180028295550073
327.5 14710.089028609161687 13415.960628889481086
328 14747.895774208926014 13458.75682431477253
328.5 14786.581417547120509 13494.957512259317809
329 14820.751425587361155 13522.134526493935482
329.5 14862.513774434099105 13557.514426631805691
330 14871.584132457695887 13557.667290753748603
330.5 14914.88000963007471 13583.24793156792839
331 14970.468917866895936 13633.94596354467285
331.5 15015.618710860908323 13671.984007776694853
332 15057.486376650489547 13707.055921154302268
332.5 15092.123189902627928 13738.626611270710782
333 15099.951936227924307 13744.340291111813713
333.5 15113.753301949860543 13756.131802874022469
334 15120.008776183851296 13763.089292030606885
334.5 15093.806267256806677 13737.201412975458879
335 15104.794453259566581 13748.316234522682862
335.5 15139.847281699532687 13772.094621884869412
336 15166.721403351795743 13801.714111246521497
336.5 15191.396902343582042 13828.480068715411107
337 15226.674922863012398 13861.67515447993901
337.5 15247.660999726540467 13878.874620699134539
338 15297.944730552137116 13922.382810460147084
338.5 15330.19271763055076 13950.587472426812383
339 15387.45618165095766 13995.910116635943268
339.5 15398.239940799554461 14003.930303730387095
340 15466.478100759197332 14068.565837082607686
340.5 15499.148478260869524 14090.255596641689408
341 15539.620259016533964 14126.016276750404359
341.5 15565.452985660363993 14146.199397425054485
342 15569.881333795095998 14144.314911885145193
342.5 15588.758571959306209 14162.018901844157881
343 15631.383285342624731 14191.350677131136763
343.5 15640.675072898060534 14194.767642213100771
344 15689.098992925970379 14242.441888208759337
344.5 15738.137424158843714 14279.2293518392853
345 15781.301102225166687 14321.741969424643685
345.5 15832.589891917765272 14370.811615103160875
346 15830.924570267799936 14377.759847201730736
346.5 15843.196966303143199 14384.095277660611828
347 15847.602962048158588 14390.690870515847564
347.5 15818.554023529792175 14370.950750758942377
348 15835.868106746496778 14386.326985469511783
348.5 15846.780026441207156 14401.738623175637258
349 15884.198320243884154 14439.517754062593667
349.5 15899.692359404927629 14454.525597358135201
350 15911.647486836116514 14462.424048649820179
350.5 15915.146246625292406 14465.76480421015367
351 15963.67922071814246 14504.231803616148682
351.5 16037.497262077513369 14562.789422502375601
352 16052.489624263187579 14576.008860964862833
352.5 16085.612071074330743 14604.505757323297075
353 16129.624483685867744 14647.43509353463196
353.5 16174.194341597678431 14688.707841788220321
354 16203.936068840557709 14717.408799367934989
354.5 16216.422029243236466 14724.703421836649795
355 16227.633411879760388 14733.201812029970824
355.5 16258.192713810780333 14759.550907516595544
356 16288.80694373802362 14793.688455881270784
356.5 16314.070824714799528 14806.081349741407394
357 16333.138644431879584 14820.958095623927875
357.5 16346.077902021530463 14833.698420169908786
358 16365.952375467040838 14853.397090418196967
358.5 16410.188732638845977 14893.21321160525622
359 16419.369312948110746 14895.93323227079054
359.5 16426.308830661080719 14899.789093595189115
360 16466.431769817230816 14942.389439016935285
360.5 16476.751919379930769 14956.139598210131226
361 16511.344959859154187 14986.593245865904464
361.5 16504.881561403508385 14975.943426351081143
362 16485.819702147371572 14958.261041558842408
362.5 16492.602265817051375 14952.802053220977541
363 16483.378161425200233 14946.393197557586973
363.5 16537.42117984009019 14999.78961701989283
364 16556.22746600181199 15018.008494659919961
364.5 16602.442880210728617 15060.888860367393136
365 16635.193618987268565 15086.397919803579498
365.5 16667.108630578793964 15113.578197879918662
366 16672.816121971954999 15122.442213492859082
366.5 16692.449880216012389 15145.914267565520277
367 16756.968033416178514 15201.543897936782741
367.5 16802.517511975911475 15239.909031206563668
368 16833.621056606734783 15269.666207587495592
368.5 16875.078036693535978 15310.353276620908218
369 16942.626730478383251 15372.64653456256201
369.5 16949.134765104096005 15378.764904710948031
370 16985.577152983070846 15411.104046593029125
370.5 17021.109465568570158 15439.38639729728493
371 17040.059683767649403 15464.270140857808656
371.5 17058.535433278229902 15483.241113622530975
372 17094.110169153540483 15512.006663714379101
372.5 17143.066109259238146 15549.661418837058591
373 17169.309936458255834 15568.913199063499633
373.5 17172.983133352656296 15580.095834977302729
374 17179.203099629372446 15593.047126671421211
374.5 17194.486807593610138 15603.70621651685542
375 17221.726992416770372 15628.335519281246889
375.5 17282.552341724538564 15678.287491861825401
376 17284.760227176218905 15675.62939719100541
376.5 17290.152624950984318 15679.244421472169051
377 17285.630446463881526 15679.639542736567819
377.5 17298.240966332086828 15691.651575675603453
378 17323.297144591251708 15716.125478469963127
378.5 17357.235818853092496 15744.791382548268302
379 17380.279598054370581 15769.179374229426685
379.5 17419.799686882513925 15801.898777603879353
380 17454.315532427030121 15826.870599331115955
380.5 17513.259564524996676 15882.997441061630525
381 17507.000928092918912 15880.19286726676728
381.5 17527.968408992084733 15897.450530070165769
382 17575.14620237505369 15942.624102069496075
382.5 17602.132785644309479 15970.567455876198437
383 17636.373062016951735 15992.704303419637654
383.5 17656.144517768720107 16009.828170609685912
384 17719.965779624388233 16056.098446681799032
384.5 17759.202079439037334 16084.416675894901346
385 17784.29892244916482 16103.962157712592671
385.5 17825.148061164640239 16141.742544421760613
386 17899.252278488325828 16204.011597846891163
386.5 17957.026240987124766 16257.273790560489942
387 18022.360083306761226 16312.372372424575588
387.5 18022.327471225671616 16311.965409118507523
388 18072.825876688879362 16356.343907983917234
388.5 18090.102220424974803 16368.682702736354258
389 18080.836766404940136 16360.08524769620999
389.5 18075.516491195918206 16355.677818572428805
390 18063.276599416109093 16350.659932754537294
390.5 18090.78815804678743 16379.820390199894973
391 18122.795755357867165 16398.919714807248965
391.5 18140.277871424332261 16415.725022721875575
392 18183.495746491720638 16456.561170223048975
392.5 18223.576166715381987 16490.401472496458155
393 18287.094121344012819 16553.081191731234867
393.5 18344.504181755884929 16600.582430207148718
394 18361.768903340464021 16617.043610694359813
394.5 18381.020948702891474 16637.172574724656442
395 18412.162484874883376 16665.239165375176526
395.5 18466.995972569027799 16714.520235564479663
396 18531.944665694009018 16772.464180346407375
396.5 18539.913092642786069 16783.187858361528924
397 18545.378378348235856 16793.708805767004378
397.5 18604.205207892329781 16848.527157269356394
398 18647.829658146754809 16888.740929485764354
398.5 18673.413416009851062 16912.019224596282584
399 18716.105370466451859 16960.827575237162819
399.5 18779.586448668134835 17014.90822463772929
400 18764.000840126700496 17003.428868822084041
400.5 18831.650484272464382 17069.18707469362198
401 18863.113952696625347 17095.568849836894515
401.5 18903.943319992380566 17134.70801853843659
402 18948.847580528148683 17175.716931535051117
402.5 18975.062931795848272 17200.78201053286466
403 19014.35313317611508 17229.5724228678082
403.5 19024.794194655787578 17225.734238726807234
404 18996.695497526055988 17201.161888353661197
404.5 19016.317548347782576 17219.778259107104532
405 19018.404539077302616 17213.859518376182677
405.5 19035.236690594316315 17220.23803850695549
406 19064.526955095934682 17241.439186043000518
406.5 19071.180512055780127 17239.160444985132926
407 19055.650010651166667 17215.595549044570362
407.5 19063.465425157708523 17231.881678074631054
408 19020.77910425301161 17191.52730592806256
408.5 19033.302624940759415 17201.721466778217291
409 19033.234993641446636 17199.911003388155223
409.5 19064.641928338769503 17231.452349385846901
410 19072.62763243415975 17235.337885548426129
410.5 19124.639600548282033 17273.883023501959542
411 19186.550868233975052 17323.027034964470658
411.5 19199.237591554890969 17335.634926096496201
412 19221.620603407729504 17356.724923559362651
412.5 19263.124728703067376 17399.290084180909616
413 19295.708571461400425 17434.530528089828294
413.5 19330.858320752086001 17470.654152860766771
414 19294.254009818705526 17441.618514087112999
414.5 19327.393987289589859 17473.865935457066371
415 19326.941485591483797 17480.562494842619344
415.5 19288.037461884356162 17449.070069254830742
416 19255.32629696929871 17423.487211517465767
416.5 19236.117878805664077 17399.037506626431423
417 19238.253324841582071 17397.141094102898933
417.5 19254.506534614767588 17405.197736291098408
418 19282.331030247820308 17425.844749248637527
418.5 19298.61073935564491 17431.936760446897097
419 19305.656044926832692 17442.696719954965374
419.5 19322.284382634308713 17460.640545033766102
420 19363.960558078582835 17491.195822150737513
420.5 19402.662542522604781 17524.448297728453326
421 19433.093305473041255 17551.029043689839455
421.5 19477.706539282928134 17593.096214001314365
422 19515.996246321479703 17628.939572441977361
422.5 19592.326115839390695 17693.806593634599267
423 19581.535887617133994 17687.94455833007305
423.5 19562.653262697898754 17669.998102874342294
424 19579.071629682206549 17687.436310295790463
424.5 19547.173239078420011 17661.738915608246316
425 19620.085430532762985 17719.852829238792765
425.5 19651.764132901244011 17748.005474498411786
426 19644.747677692175785 17741.143178730486397
426.5 19654.235104913364921 17761.597299730485247
427 19731.097689929840271 17828.389384441379661
427.5 19758.679261844594294 17860.824154474914394
428 19775.776444295595866 17872.722294213937857
428.5 19815.91344570082947 17910.300762817227223
429 19842.330478963122005 17937.120078685762564
429.5 19930.280812086024525 18015.007996461648872
430 19994.505149244127097 18079.671942337030487
430.5 20046.921330712964846 18125.956668321010511
431 20032.688577978879039 18113.106714622088475
431.5 20108.830159613560681 18179.870719865222782
432 20148.19879557565946 18217.410346364926227
432.5 20195.110870522727055 18262.829593530448619
433 20175.267414677615307 18246.435952646312217
433.5 20205.576642305506539 18274.913685077244736
434 20233.978182696675503 18301.295763670230372
434.5 20195.987767622653337 18273.564063042063935
435 20191.648938151090988 18268.071858068844449
435.5 20259.639678458366689 18319.416529259906383
436 20347.737184834797517 18390.27862147768974
436.5 20353.780143159066938 18394.77789887477411
437 20372.230804827351676 18410.902379802933865
437.5 20347.612052024003788 18389.926984188641654
438 20375.433443946123589 18413.181214861808257
438.5 20417.01492642532321 18459.328666170582437
439 20449.939595346539136 18488.554466357483761
439.5 20453.452306003207923 18500.94403238869927
440 20508.68552642339273 18552.749083047594468
440.5 20492.66029418242033 18542.832607312760956
441 20524.551273227949423 18571.716689897504693
441.5 20546.03877584363363 18587.097495060192159
442 20555.819540694283205 18596.137444551091903
442.5 20577.172667027829448 18619.129450775835721
443 20580.789223379095347 18622.531745428728755
443.5 20625.291894105692336 18666.343272563364735
444 20602.894149023915816 18641.747680073818628
444.5 20617.239381089439121 18657.210981281485147
445 20634.921673794815433 18669.765873387084866
445.5 20638.97085179511123 18680.315058377731475
446 20677.741844651376596 18716.832814403172961
446.5 20654.587726414996723 18692.478252499888185
447 20667.983838583808392 18705.323043174528721
447.5 20666.933164198315353 18712.249956433493935
448 20655.054321796120348 18694.681722056804574
448.5 20672.248565578091075 18707.522499190141389
449 20666.619696011213819 18703.279463919156115
449.5 20647.951425807568739 18685.374845335059945
450 20661.24571317520531 18701.74555114652685
450.5 20722.473223984390643 18751.799392667311622
451 20764.588799536799343 18791.639615421878261
451.5 20777.072447321632353 18805.649713991795579
452 20763.233602507367323 18794.509846633591224
452.5 20732.954211345710064 18773.362345867011754
453 20737.217316533984558 18779.849469536009565
453.5 20743.647836155854748 18777.379261440102709
454 20796.232052905157616 18829.809572798847512
454.5 20832.592853536611074 18864.275476770842943
455 20866.285076580166788 18897.210419089446077
455.5 20860.270963579991076 18884.262933691330545
456 20892.636585008465772 18909.100341090692382
456.5 20942.013893509018089 18948.712154419074068
457 20949.820624880005198 18955.618310441088397
457.5 20937.534917952994874 18948.713192796698422
458 20916.975050846187514 18933.268588806142361
458.5 20917.920976731675182 18933.423800731903611
459 20933.659936160573125 18950.272457301838585
459.5 20938.968135472980066 18951.631597204406717
460 20917.220011027358851 18928.711100960328622
460.5 20936.862685019132186 18940.550150726834545
461 20969.400400028906006 18964.972474673177203
461.5 21014.853709095881641 18993.300592668449099
462 21003.193387101797271 18984.042045780781336
462.5 21029.868722229493869 19011.134789702653507
463 21074.756006554936903 19058.638008292837185
463.5 21150.965520070261846 19115.642632124392549
464 21202.704426418236835 19159.426455815646477
464.5 21227.93575360050454 19180.017724242672557
465 21252.360670241792832 19209.902644349549519
465.5 21288.043882644185942 19238.377105577623297
466 21317.174260119987593 19270.123335750358819
466.5 21323.94536223481191 19280.884528576742014
467 21317.473991095997917 19273.971360142168123
467.5 21324.029517716589908 19284.95131135982956
468 21318.239241996405326 19274.345590194010583
468.5 21361.311009163731796 19317.438652070159151
469 21345.087420636260504 19296.532916476866376
469.5 21336.153245640318346 19293.793658206923283
470 21344.177409508527489 19302.662037482517917
470.5 21343.911269277850806 19300.853623545874143
471 21325.185120324320451 19281.092143014320754
471.5 21315.951198684910196 19269.462109667587356
472 21373.165388096615061 19326.377136863451597
472.5 21437.725546858193411 19380.84473847330446
473 21503.595610690004833 19440.440915929419134
473.5 21566.667399963997013 19486.281890852438664
474 21595.350996911409311 19508.769019550294615
474.5 21625.780062165587879 19531.215232574446418
475 21633.248166164139548 19545.704254748372477
475.5 21626.20278880690239 19541.164297513318161
476 21681.957573285486433 19591.079472474772047
476.5 21718.289707985553832 19629.289658574489295
477 21694.694430105213542 19604.917864655461017
477.5 21723.200164655951085 19636.941842372882093
478 21735.107864293655439 19649.106622238923592
478.5 21728.258739263004827 19643.212800375920779
479 21726.774651938583702 19639.94270590412998
479.5 21698.559495161953237 19622.829666238289064
480 21664.718741878896253 19594.923620076013322
480.5 21697.121135426870751 19622.227751588015963
481 21731.980980732914759 19656.689532621745457
481.5 21736.84888095698625 19668.2493001118346
482 21769.25922924245242 19706.454524086955644
482.5 21812.720878421063389 19751.461065297728055
483 21806.498558930743457 19754.240508186285297
483.5 21775.891600849605311 19732.544035437156708
484 21778.829961878542235 19733.072507726184995
484.5 21790.595599104559369 19742.29961008526152
485 21822.161385143783264 19775.124525895720581
485.5 21851.111118186396197 19803.961253813024086
486 21846.608509299861907 19797.99195678086835
486.5 21830.27528027767039 19773.711252259920002
487 21833.725639767231769 19778.001001918506518
487.5 21807.170355777983787 19754.101064672235225
488 21838.896120005010744 19767.937464644379361
488.5 21835.101721953742526 19762.824119898898061
489 21834.09067716091522 19761.377094369403494
489.5 21868.574748788949364 19790.640402660133987
490 21877.771429826134408 19798.021705257851863
490.5 21892.997846039917931 19810.747666560837388
491 21916.989370848463295 19830.839994614369061
491.5 21960.873501568406937 19860.698763421871263
492 21974.766516387866432 19869.934166193579586
492.5 22000.810877837906446 19897.477229912994517
493 22019.246610671736562 19917.819153014883341
493.5 22070.472815538745635 19966.820916702476097
494 22077.247544790399843 19971.850726397253311
494.5 22095.454406314889638 19983.256291110916209
495 22125.961328199642594 20009.047464410861721
495.5 22139.670500785759941 20019.326138210486533
496 22144.491095184177539 20027.151792750650202
496.5 22191.844615710313519 20073.489188560768525
497 22252.580410363563715 20129.52824037110986
497.5 22299.845630764320958 20173.170430106842105
498 22321.898054097488057 20196.259743375296239
498.5 22349.988243225383485 20232.763154196083633
499 22381.13317974907477 20261.752225033826107
499.5 22409.699797017998208 20280.474102014770324
500 22416.787616054803948 20280.87107156291313
500 22416.78761605478212 20280.87107156289494
500.5 22425.993196712093777 20294.199987991814851
501 22449.149191832271754 20320.624751727806142
501.5 22428.534785641044436 20300.528492359666416
502 22460.881580379187653 20330.629965079526301
502.5 22496.402748755401262 20370.571417443472455
503 22526.676854407895007 20404.755045297733886
503.5 22541.189714721982455 20424.804313534601533
504 22543.600389722916589 20432.339493443811079
504.5 22514.6348520325555 20415.830786270522367
505 22549.872739649777941 20446.461389932181191
505.5 22546.460450662321819 20434.085092015204282
506 22561.681134631395253 20446.375915262589842
506.5 22543.631926065496373 20421.420149976991524
507 22560.018120821325283 20430.592542901649722
507.5 22592.283344707735523 20447.377631500043208
508 22563.582775501483411 20428.637590711310622
508.5 22659.104653962942393 20510.218825158881373
509 22675.472774844329251 20532.31012524803009
509.5 22698.027769861473644 20550.258838257243042
510 22701.675551572552649 20555.538703086480382
510.5 22707.37979242754227 20568.0971007874723
511 22736.55209958272826 20601.310112467621366
511.5 22760.437438377786748 20624.902070648306108
512 22818.226773197766306 20687.430841674969997
512.5 22793.49445704388927 20670.740834616015491
513 22833.828190373602411 20718.932399860535952
513.5 22845.031676772770879 20733.377634781038068
514 22871.70816282641681 20761.309444210983202
514.5 22926.055801289516239 20807.194195744421449
515 22950.183746333070303 20826.977651158595108
515.5 22942.979308801925072 20829.437459231674438
516 22953.214294977802638 20837.29306530413669
516.5 22973.492305091065646 20861.301884503896872
517 23027.445713224235078 20907.043084790318971
517.5 23081.255793448952318 20953.866133454208466
518 23098.135542721505772 20974.337012749067071
518.5 23110.278154160278064 20981.744309296311258
519 23083.44533518291064 20968.186692417544691
519.5 23105.529154777745134 20983.579114864078292
520 23154.199899135706801 21021.188648762097728
520.5 23205.696891976534971 21072.040277467105625
521 23234.274870049332094 21093.099206844904984
521.5 23265.612847283493466 21135.329761025412154
522 23274.953308417378139 21143.293795937261166
522.5 23337.819522260699159 21205.459292502211611
523 23336.860675580232055 21200.215800806705374
523.5 23301.135232756529149 21172.582850974504254
524 23314.730363912134635 21177.674452895331342
524.5 23355.389361153163918 21210.520008206047351
525 23376.323219806465204 21228.634251648829377
525.5 23395.73917846949189 21246.125947859614826
526 23418.74204200593158 21267.6826768068604
526.5 23449.860002339490165 21300.72275391635776
527 23452.449054976448679 21308.368835792080063
527.5 23478.711828131352377 21336.918623495384963
528 23504.067316083481273 21358.248048240926437
528.5 23515.589332859057322 21365.86113622738776
529 23573.758624171725387 21424.522631999687292
529.5 23594.399363383923628 21434.753093174698733
530 23601.083331225592701 21439.64328620483866
530.5 23639.919222889784578 21477.375442461896455
531 23714.965641384857008 21541.095031381031731
531.5 23763.172851373525191 21575.139551315409335
532 23829.6132957834634 21631.676045982741925
532.5 23846.090571919721697 21649.19073154641228
533 23870.661695477683679 21678.565843358079292
533.5 23931.796308187007526 21738.720347510858119
534 23958.242117913774564 21755.557226348631957
534.5 23961.904633696118253 21751.160573755721998
535 23977.351317600627226 21768.130470053270983
535.5 24023.769207719666156 21807.991488873933122
536 24067.054155396563146 21845.230522054684116
536.5 24112.47450630878302 21893.55645303233905
537 24203.232073415332707 21964.424054067665566
537.5 24230.519734788820642 21986.703410510344838
538 24260.656752473190863 22017.162937070366752
538.5 24287.031087664166989 22044.238325559679652
539 24353.774278181761474 22102.20545406320889
539.5 24365.369780678804091 22100.39991017209104
540 24395.445899891106819 22123.422371687305713
540.5 24417.592190683528315 22137.801246445767902
541 24428.320791956684843 22146.211573359349131
541.5 24466.841286196682631 22181.87656509680528
542 24538.050272760043299 22245.391937201748078
542.5 24585.922010936359584 22290.932866293795087
543 24595.656925656032399 22298.541928729537176
543.5 24564.551728727405134 22277.779658163217391
544 24562.823116836007102 22276.058294572037994
544.5 24553.149603170917544 22274.434936009954981
545 24605.839699248168472 22322.692223783105874
545.5 24611.8341493343396 22328.291733957841643
546 24600.255027517108829 22319.006361119416397
546.5 24595.52475670410422 22313.093685878146061
547 24612.967493282681971 22332.195777473647468
547.5 24632.63128916169444 22355.192292892043042
548 24730.861816730433929 22449.893923350617115
548.5 24783.848503281140438 22501.583518026091042
549 24788.773055446428771 22511.371091832417733
549.5 24870.120927071577171 22584.727676589816838
550 24927.522430104152591 22638.939329819793784
550.5 24981.562293457278429 22690.174633489437838
551 25009.175102992452594 22713.619297156648827
551.5 25001.198745083194808 22705.669279373734753
552 25002.997391904809774 22707.779537758146034
552.5 25040.490542625026137 22742.026858075932978
553 25046.457842999090644 22746.211173503354075
553.5 25026.575250223075273 22732.509236512109055
554 25050.067774128612655 22760.362405570533156
554.5 25008.532166801953281 22722.008184422778868
555 25007.370786319435865 22713.71128157737985
555.5 25051.304949402085185 22751.383463661477435
556 25016.097533146075875 22730.27431231164519
556.5 24980.647645774159173 22702.714716779562877
557 24925.526222458622215 22651.337539350777661
557.5 24975.270852510548139 22694.192933817401354
558 24992.895772128562385 22701.816527205846796
558.5 25023.832658718096354 22727.553108546773728
559 25076.670240417704917 22782.896978002576361
559.5 25052.009871512113023 22759.110708292922936
560 25059.789270153141842 22765.69858393721006
560.5 25067.57197818518398 22784.121966984173923
561 25048.598012125174137 22764.182413803067902
561.5 25076.758478554107569 22784.684133641447261
562 25106.29044327927113 22814.753663022376713
562.5 25094.237139945904346 22806.21620021293711
563 25131.268765580345644 22844.12317103753594
563.5 25150.360630425519048 22862.941748538418324
564 25152.467160252817848 22868.846868531822111
564.5 25143.97220795739122 22863.924299282192806
565 25139.492161047619447 22857.81731117255913
565.5 25148.645699712975329 22858.081547876725381
566 25173.065004367988877 22879.414400912552082
566.5 25135.715042934531084 22849.211085063994688
567 25111.463414910143911 22834.821961511628615
567.5 25135.710966449962143 22861.46712726419355
568 25167.79590595962145 22890.912201114748314
568.5 25235.708576993583847 22960.085214407179592
569 25201.419109389345977 22928.735004424965155
569.5 25226.289089978330594 22951.914619651535759
570 25272.528869698864582 22995.556944788986584
570.5 25271.519453093736956 22996.521495596956811
571 25262.474096566220396 22994.773567417905724
571.5 25282.483970613939164 23010.612185043628415
572 25296.819479919377045 23024.045631990600668
572.5 25340.638894035586418 23062.920950103918585
573 25397.885887776967138 23106.684645275272487
573.5 25413.017453006810683 23129.577197505768709
574 25443.940119682123623 23167.720737821397051
574.5 25468.053532578236627 23185.508122801678837
575 25502.299261681888311 23221.673556969006313
575.5 25552.459689505081769 23270.023559479213873
576 25595.793620724096399 23313.145921377839841
576.5 25645.311955291392223 23360.109252113750699
577 25726.02669590264486 23439.80906359558503
577.5 25744.981769796271692 23453.866866988475522
578 25737.857806151008845 23442.483757596630312
578.5 25755.487161935543554 23455.103197912940232
579 25754.630780251303804 23455.986268142678455
579.5 25814.399318588428287 23501.714336617165827
580 25878.278711157869111 23555.748997612234234
580.5 25865.907118713050295 23540.341710374992545
581 25867.955233010929078 23537.351973243203247
581.5 25879.639524821195664 23544.845721059300558
582 25905.706724780775403 23570.806162933782616
582.5 25949.076626369795122 23614.342001789078495
583 26013.203426237407257 23671.237342206099129
583.5 25983.627048606729659 23640.94444006795311
584 25972.907517555817321 23635.997882285013475
584.5 26027.375650158061035 23678.114614543304924
585 26049.275975146883866 23700.064836376179301
585.5 26085.174397002901969 23739.552771403694351
586 26106.982611910607375 23765.18031251406137
586.5 26126.853112304124807 23779.713859662366303
587 26187.207857928882731 23832.976953734974813
587.5 26231.693147821297316 23871.191155233922473
588 26260.762072487363184 23893.006800036549976
588.5 26257.6398560622074 23891.083887688218965
589 26257.62733766299425 23892.573161307194823
589.5 26217.204557919736544 23855.55183272096474
590 26174.285963568647276 23811.667078785834747
590.5 26166.464964671969938 23800.356291963154945
591 26196.66679383655719 23825.125851769604196
591.5 26245.673298411398719 23867.707253068707359
592 26241.492417644818488 23866.824008755709656
592.5 26284.172445040454477 23911.985659784339077
593 26342.485266002193384 23961.709793826834357
593.5 26400.189936674352793 24018.257054018828057
594 26382.734785767541325 24012.512528406026831
594.5 26379.332282840103289 24010.899053007193288
595 26384.868951976673998 24010.862650659495557
595.5 26409.021323337674403 24043.906287504676584
596 26471.868635790742701 24105.013608765395475
596.5 26536.698017496823013 24166.516358359840524
597 26547.9450592245812 24185.760863716732274
597.5 26554.691347431056784 24196.438537391532009
598 26616.349381686290144 24246.603232546178333
598.5 26635.173634653965564 24274.324476595938904
599 26657.493972296302672 24300.868229784220603
599.5 26713.418477292325406 24351.466383356735605
600 26756.593375988704793 24390.743692155821918
600.5 26775.515625003496098 24413.191488157342974
601 26811.877862751302018 24448.034452911211702
601.5 26864.44933124162344 24498.936192476201541
602 26919.827099897520384 24558.912944693569443
602.5 27009.919427979446482 24647.862128919237875
603 27027.97369112848537 24670.690145965319971
603.5 27059.551869123813958 24702.689480567692954
604 27065.308996704596211 24708.084962004664703
604.5 27084.650713781898958 24725.498269315088692
605 27150.146343596377847 24780.900554531704984
605.5 27177.224339652548224 24815.963835670780099
606 27120.367507295770338 24761.316404300901922
606.5 27095.860275034789083 24738.943230102398957
607 27068.929159129129403 24720.240131961261795
607.5 27034.598432525337557 24689.264864759425109
608 27075.214882426847907 24717.248829442749411
608.5 27128.084238545608969 24759.976634983213444
609 27168.61550043860916 24794.383679116410349
609.5 27170.957707111479976 24801.668921952936216
610 27156.627904381610279 24785.722487472707144
610.5 27137.780481203615636 24771.519105121788016
611 27169.213497720033047 24797.770986032766814
611.5 27181.850228592473286 24803.348047197199776
612 27195.869053367576271 24816.573713177349418
612.5 27211.727682235094107 24832.238865680214076
613 27259.782399607680418 24887.953425989471725
613.5 27304.124011917265307 24937.883954056058428
614 27319.254186323239992 24950.325264349325153
614.5 27371.511609656768997 25002.902265984557744
615 27442.065415797173046 25073.653940487725777
615.5 27462.930928466477781 25090.994673245895683
616 27457.734537339390954 25086.595508632191923
616.5 27485.421077586514002 25118.506946507630346
617 27473.511688160735503 25107.690340966913936
617.5 27537.425311061364482 25164.756374344255164
618 27515.491225949197542 25146.39650912846264
618.5 27514.447459798306227 25143.936942140007886
619 27494.935220648778341 25131.242062972021813
619.5 27478.919587245676666 25124.168474926500494
620 27519.78632493357145 25154.329363711491169
620.5 27578.771820301335538 25212.414885272188258
621 27615.564055490780447 25250.290419609878882
621.5 27636.841225948861393 25279.362151024208288
622 27613.860001145167189 25259.623673919984867
622.5 27614.410033000236581 25262.555895290566696
623 27644.759660103540227 25291.075482352764084
623.5 27701.698802875183901 25346.062335819784494
624 27683.99982657171131 25333.449025411351613
624.5 27707.123722435026139 25360.739287261003483
625 27753.641970218861388 25405.062480129468895
625.5 27802.805954443923838 25453.858809997225762
626 27806.107802279329917 25457.959871160848706
626.5 27748.43073187169648 25403.214329647511477
627 27784.263026478151005 25444.154079890151479
627.5 27744.013485471772583 25405.107176772384264
628 27755.563870413916447 25411.027567668395932
628.5 27768.551160718932806 25423.33673902467126
629 27815.128827354983514 25474.202555456395203
629.5 27872.999753694843093 25522.300872408446594
630 27929.614288178796414 25583.806942893716041
630.5 27963.383154602444847 25625.919682580060908
631 28023.750052461669839 25682.490411756676622
631.5 28017.669111409068137 25679.562518580729375
632 28010.393569206538814 25676.962059539124311
632.5 28052.546691828800249 25730.990304990780714
633 28081.293665403823979 25762.655740810994757
633.5 28076.022474851335573 25762.247544055764592
634 28106.992640609198133 25788.327681602972007
634.5 28106.500025912951969 25786.407478182565683
635 28178.569578685568558 25859.599134709664213
635.5 28260.261441406135418 25930.906252972708899
636 28308.644052666932112 25969.232756533951033
636.5 28263.395922698371578 25930.343062614723749
637 28269.682782419877185 25945.144027681861189
637.5 28241.049934128936002 25926.763615439667774
638 28213.770564491722325 25897.159258959989529
638.5 28202.591164017703704 25896.403878266479296
639 28225.886329287495755 25925.009133275889326
639.5 28288.5101348066637 25982.361734209724091
640 28293.723629670770606 25990.046488407755533
640.5 28326.952309161300946 26020.578981043541717
641 28334.489194751156901 26017.369149011505215
641.5 28299.641235197588685 25991.841548017288005
642 28341.532201606500166 26021.7020941723531
642.5 28306.388739805977821 25986.017999818504904
643 28278.601162902112264 25957.517397898922354
643.5 28355.220195631820388 26027.138945958900877
644 28355.422998370046116 26026.179637705761706
644.5 28355.415617554830533 26021.588143433091318
645 28404.20858363156367 26068.164492026688094
645.5 28397.91424112884124 26066.294824534743384
646 28409.551662062862306 26079.720743845038669
646.5 28456.824268129188567 26120.224981169594685
647 28501.171898875047191 26157.236136334435287
647.5 28487.270198154514219 26147.181967093023559
648 28487.114794198303571 26155.987958044948755
648.5 28487.193819557473034 26151.529133128238755
649 28494.153765973347618 26157.242336261453602
649.5 28528.80512380388609 26185.500271156208328
650 28518.674908526179934 26173.634011765778268
650.5 28554.776075368674356 26212.55188476722833
651 28635.146276093200868 26288.777811265750643
651.5 28678.571181465613336 26332.940560191436816
652 28755.741289248799148 26397.525635824025812
652.5 28837.231236737046856 26477.616876563126425
653 28934.333698269630986 26572.160214431667555
653.5 28909.015676685212384 26550.70987983761006
654 28933.484840090950456 26579.430026933074259
654.5 28911.229459482776292 26553.396093380408274
655 28962.024317173214513 26612.920044905942632
655.5 28951.993195154413115 26605.725085493755614
656 29006.7909669171313 26645.84715907370628
656.5 28957.851034197301487 26598.073216419943492
657 29028.835860195518762 26660.328329193500394
657.5 29117.703195194440923 26735.535452427207929
658 29122.004997818428819 26734.921795246704278
658.5 29103.847845470674656 26718.434586798528471
659 29088.264531463719322 26693.323411386554653
659.5 29087.338617443405383 26692.538720575485058
660 29056.283247976149141 26668.749696625171055
660.5 29057.189470625846297 26670.902667615031532
661 29026.945523790913285 26653.686759797899867
661.5 29027.995395145575458 26650.818181103561074
662 29029.835700229166832 26656.864189958312636
662.5 29054.979148983304185 26674.561030661348923
663 29126.363760135915072 26740.758851606209646
663.5 29117.961096184131748 26738.166612599787186
664 29113.496303573847399 26737.849080114396202
664.5 29069.459091506952973 26698.8282113416426
665 29059.123054625084478 26680.77248964426326
665.5 29011.300524011334346 26638.645856806484517
666 29061.995846787642222 26688.940974427696347
666.5 29039.538091420276032 26675.587431452546298
667 29045.122375190203456 26679.340386220002983
667.5 28990.228239341962762 26627.337852174074214
668 28927.566371574939694 26567.987477050013695
668.5 28958.199933804575267 26601.128023421559192
669 28988.894857514031173 26638.835753310449945
669.5 29100.373449525912292 26734.238701923015469
670 29047.22244709894585 26682.886599053988903
670.5 29008.989910340438655 26657.629883689231065
671 28980.887015221174806 26638.794214651337825
671.5 29022.834572024283261 26675.288170374969923
672 29013.97981430265645 26670.180945096391952
672.5 28993.233043185588031 26653.509607365474949
673 29025.518038576596155 26685.102985069748684
673.5 29029.17421363198082 26687.237555100502505
674 29062.666187544899003 26720.352683377863286
674.5 29076.409359686174867 26729.749070015255711
675 29094.662822380767466 26735.823974803199235
675.5 29100.013184553085011 26747.984355951295584
676 29146.227482011556276 26793.083463805975043
676.5 29178.979952294015675 26810.183463588102313
677 29273.235149824489781 26897.669962766387471
677.5 29292.409071091879014 26926.465367940938449
678 29310.259038076197612 26945.86405512912097
678.5 29357.371894027499366 26983.10560820918181
679 29344.079364016266481 26966.443331215225044
679.5 29326.470630564024759 26951.510414364925964
680 29319.936374767174129 26950.656082173038158
680.5 29357.292493182674662 26986.069424991412234
681 29390.969855562510929 27019.201748673312977
681.5 29371.451024742207665 27005.967408905060438
682 29401.913656378354062 27029.347281132162607
682.5 29452.312222968648712 27070.295575799853395
683 29471.380128715689352 27083.438600610177673
683.5 29559.083984476139449 27154.871679177813348
684 29595.079667420613987 27183.019477365985949
684.5 29578.361113108938298 27171.767054392606951
685 29536.759417544704775 27126.780716590994416
685.5 29579.876416766117472 27169.407997646801959
686 29669.227046315616462 27249.337074390630733
686.5 29724.611094608579151 27306.682599002026109
687 29774.681191761104856 27358.843078626530769
687.5 29810.639894667045155 27381.750025170265872
688 29808.953958280093502 27380.857237902640918
688.5 29865.419318162876152 27431.259517249967757
689 29949.401559874961094 27521.276428114128066
689.5 29987.931403009424685 27562.239675642897055
690 30051.025463831520028 27621.372653772170452
690.5 30071.885668274306227 27643.974912191373733
691 30027.757910401836853 27599.564259555703757
691.5 29982.189708868001617 27562.656723490923468
692 29987.789065554432455 27569.010164916118811
692.5 30036.7517307470589 27611.354419915467588
693 30002.89892421047989 27585.435432580656197
693.5 29993.785765962144069 27570.972084946126415
694 29967.193067197320488 27541.621224521844852
694.5 29959.295554470147181 27535.57695384939143
695 29984.030449051369942 27553.906027401710162
695.5 29973.475388411079621 27542.641589555674727
696 29975.989816608285764 27547.893336418601393
696.5 30023.569700848162029 27602.186427387481672
697 30091.961027942430519 27669.209374688936805
697.5 30083.286139929092315 27667.098002252903825
698 30134.015865018871409 27714.950938536800095
698.5 30155.460036186050274 27729.722246567227558
699 30151.915128237651516 27722.443770718691667
699.5 30087.52805266330688 27665.637108821287256
700 30086.286466819332418 27662.927415362279135
700.5 30053.605397823765088 27640.414322111122601
701 30051.657684480225726 27649.159071989237418
701.5 30085.811631516971829 27674.02133939356645
702 30114.632004274331848 27715.524306995917868
702.5 30119.462769945377659 27720.61970097577796
703 30126.273702301034064 27728.708276849076356
703.5 30178.112554410556186 27780.160927354660089
704 30163.054796108710434 27768.12280338425262
704.5 30172.731141750813549 27776.913026004047424
705 30225.88449257170214 27825.025091094288655
705.5 30265.943898044835805 27874.810132736478408
706 30353.911396608087671 27953.736158344734577
706.5 30394.975307991411682 28006.070118255734997
707 30378.20821235256517 27991.858931844733888
707.5 30422.021778264577733 28030.382796556332323
708 30391.222225592926407 28009.302218215329049
708.5 30376.045146578431741 27993.562086290836305
709 30472.293986571374262 28076.985724364407361
709.5 30552.255050380725152 28141.962971771550656
710 30581.040143458827515 28173.186734528284433
710.5 30603.727844609737076 28196.709404058576183
711 30651.848024349048501 28237.858050801158242
711.5 30673.276628869796696 28255.739005875882867
712 30641.728714587265131 28222.987644798155088
712.5 30585.82111128530596 28175.50925703705434
713 30582.465069991867495 28166.385290556449036
713.5 30632.789067654310202 28212.208037705233437
714 30626.154020762009168 28208.308704308226879
714.5 30624.025496323287371 28199.093995494888077
715 30618.042527839053946 28185.745749558551324
715.5 30682.631736602681485 28236.405381991095055
716 30691.413154098096129 28233.114310848319292
716.5 30754.760481378885743 28295.835411895979632
717 30775.366575973483123 28317.846826706823776
717.5 30788.614999242745398 28325.359164428995427
718 30825.259839270351222 28364.95913312500852
718.5 30850.071001495507517 28387.776435971598403
719 30913.353306085322401 28444.691278414800763
719.5 30967.897933042113436 28491.894891278960131
720 31050.575482274580281 28576.942403723627649
720.5 31053.354976864513446 28591.316817362578149
721 31052.967370585050958 28590.548820255360624
721.5 31023.163314262616041 28563.744068160292954
722 31070.676755363230768 28603.621893530631496
722.5 31055.171385751262278 28597.892843373741925
723 31009.756876219304104 28559.855097555006068
723.5 31045.509426917706151 28592.941579506245034
724 31033.854750375478034 28576.58379490840889
724.5 31017.654902452304668 28553.202820012917073
725 31000.50886372437526 28526.88852983243487
725.5 30963.463056522716215 28493.545274569471076
726 30912.412336576293455 28449.937602515841718
726.5 30927.535812722533592 28461.430548672782606
727 30890.586368958975072 28433.46315301854338
727.5 30848.088845620779466 28394.322189120975963
728 30813.996860975716118 28371.993060300552315
728.5 30899.511758974036638 28446.178986368828191
729 30966.021575157363259 28505.198112021273118
729.5 31037.401535652970779 28571.794589464581804
730 31083.888246384303784 28607.670359970623394
730.5 31133.109162416898471 28651.590951470669097
731 31128.96459094772581 28647.756184423102241
731.5 31121.560387215995434 28630.719449608954164
732 31055.874611907522194 28572.014087173567532
732.5 31059.044984476324316 28564.281803506110009
733 31076.154302508817636 28582.629496723635384
733.5 31073.048441570223076 28580.975063354504528
734 31114.33864116107361 28617.71295346495026
734.5 31101.311596258994541 28605.331711292212276
735 31093.308177870767395 28604.062989080390253
735.5 31122.418833278868988 28629.69699606114591
736 31084.871034205985779 28592.662605463618092
736.5 31152.196522453170473 28647.323312479860761
737 31153.410883112162992 28652.788817400058178
737.5 31216.359266539460805 28709.203843651430361
738 31224.893847875071515 28715.638550307918194
738.5 31227.627277897041495 28717.952543964409415
739 31259.165893887562561 28743.854046681357431
739.5 31296.579024601793208 28771.005013867412345
740 31337.05552957389591 28802.458225864942506
740.5 31282.777851807772095 28756.799407880240324
741 31300.539353856922389 28766.273529340036475
741.5 31264.530082521578151 28733.35822007259776
742 31286.033891897925059 28752.172476035415457
742.5 31307.021883333574806 28775.145608726372302
743 31297.267275635440456 28771.809167397495912
743.5 31323.611641460887768 28791.726152650957374
744 31265.286160977051622 28738.420855977041356
744.5 31184.905531678225088 28660.212403583347623
745 31217.390234427195537 28682.705026526884467
745.5 31210.324925150202034 28674.122886743138224
746 31206.002330498351512 28675.424856265039125
746.5 31163.463909906262415 28637.503762003190786
747 31139.730963670797792 28619.685092317398812
747.5 31150.06307332680808 28634.960784791768674
748 31166.160759446465818 28651.024449293527141
748.5 31102.055274070651649 28597.427694934864121
749 31112.175478664423281 28615.640487252618186
749.5 31095.405292886298412 28607.930484947632067
750 31060.748567244951118 28570.632758407344227
750.5 31072.581277799563395 28581.381537487264723
751 31065.545098340557161 28582.4047399101255
751.5 31028.636934463123907 28549.776568728815619
752 31083.814942707987939 28598.853811901750305
752.5 31125.037592151929857 28637.21822629766757
753 31170.565265854111203 28686.435916084068595
753.5 31175.076878772950295 28708.739979253634374
754 31191.667034998627059 28736.362334996334539
754.5 31198.642529806427774 28750.347604238115309
755 31175.204058233113756 28730.367621801295172
755.5 31203.630237595003564 28754.868753607519466
756 31235.201073854052083 28788.394576061429689
756.5 31228.293970066701149 28791.749478812980669
757 31233.136654527170322 28787.734220688551432
757.5 31253.025174775269988 28802.006332091463264
758 31237.423009100064519 28779.551881318409869
758.5 31318.793079371567728 28864.483474693486642
759 31289.648183742428955 28842.48195487279736
759.5 31320.910823303984216 28866.778265508757613
760 31356.239001331603504 28901.431113312624802
760.5 31419.492914994203602 28947.741508702252759
761 31410.663544976676349 28941.147409214107029
761.5 31395.661511527068797 28933.698680505887751
762 31470.919583645401872 29016.084357463161723
762.5 31459.030210992368666 29009.355826554598025
763 31435.730696447237278 28981.348367277198122
763.5 31440.309708405799029 28984.384273990821384
764 31477.344903582874394 29024.18366087945833
764.5 31486.38043564588952 29038.077535860706121
765 31507.568966098369856 29056.055019555282342
765.5 31534.304102326583234 29075.085351942780107
766 31486.250794058196334 29027.158713349464961
766.5 31512.998996251892095 29051.626520586130937
767 31451.900443537666433 28998.059993032358761
767.5 31521.221262358678359 29058.269320308900205
768 31517.126798247343686 29055.113189769097517
768.5 31534.904191828507464 29066.055282228924625
769 31565.004761097196024 29091.113128431989026
769.5 31572.448206851429859 29097.819223401227646
770 31614.712583178989007 29127.952619102656172
770.5 31556.413832038233522 29075.211854471945117
771 31584.796782519613771 29107.469008289761405
771.5 31617.430721534285112 29129.577581707690115
772 31629.386230475160119 29141.525261730039347
772.5 31713.177330028280267 29220.829400443079066
773 31710.586324721265555 29224.082160932903207
773.5 31697.996817440180166 29215.890065919960762
774 31764.046082094155281 29273.228672417699272
774.5 31821.273757930684951 29329.963569172385178
775 31824.628806247546891 29327.37118547794671
775.5 31806.707786693586968 29310.478067210606241
776 31825.675616180556972 29329.954519499908201
776.5 31857.663750475316192 29350.736975338793854
777 31826.437550505015679 29319.032346583990147
777.5 31813.877445353769872 29301.161243746621039
778 31831.874372069283709 29311.796011244754482
778.5 31840.880355369481549 29317.599112617765059
779 31849.252642072740855 29311.244434889027616
779.5 31852.288822927224828 29310.520907192345476
780 31879.561936188609252 29344.524180429936678
780.5 31949.161642907183705 29408.941944255788258
781 32001.063620297551097 29450.780762565646
781.5 31990.836246471699269 29440.451229989463172
782 32028.244665525133314 29476.370698191327392
782.5 32038.062232673415565 29487.200275052109646
783 32071.577034855050442 29523.199950153782993
783.5 32060.815192159843718 29513.607586366029864
784 32090.502620445146022 29541.269202820603823
784.5 32139.319066202933755 29584.921177092452126
785 32177.740936234818946 29630.027045512135373
785.5 32229.732856898073805 29676.283159801012516
786 32218.148258154727955 29673.934952282168524
786.5 32246.807743346929783 29701.970786015168414
787 32299.329923848399631 29747.054100879999169
787.5 32352.072155437101173 29796.819008437589218
788 32392.335487991400441 29836.220742938305193
788.5 32409.428812584304978 29846.838652809070481
789 32454.857493115861871 29874.371510629312979
789.5 32455.652710958540411 29874.401878903096076
790 32412.550394835161569 29839.325571390916593
790.5 32413.089136267728463 29839.332316282147076
791 32463.803856272894336 29892.47350438795911
791.5 32429.430870016316476 29863.293982382416289
792 32448.132367610189249 29880.811870644782175
792.5 32430.644236489381001 29869.962619506379269
793 32448.513758957411483 29886.682248707485996
793.5 32421.98222290819831 29863.880998926757457
794 32431.426947758849565 29879.973442393220466
794.5 32377.592493129472132 29831.248146872403595
795 32370.034651192065212 29818.743298263329052
795.5 32376.043952982123301 29820.268284061829036
796 32404.564512034834479 29847.005233147268882
796.5 32428.87300952386795 29866.744954389101622
797 32496.663230887577811 29927.051722089294344
797.5 32519.762335625589913 29943.461552224278421
798 32526.888103004006553 29940.299623832870566
798.5 32526.294806060595874 29936.9824881334971
799 32565.572438590501406 29974.171942520431912
799.5 32559.470226985384215 29966.332436142143706
800 32641.630078669830255 30039.315201330013224
800.5 32628.053563267574646 30028.379271399695426
801 32657.248036102864717 30051.412220436635835
801.5 32681.936747583447868 30075.734858105981402
802 32716.861564422561059 30107.487352880292747
802.5 32699.181567282292235 30089.17150993163159
803 32739.784577738781081 30124.294290926096437
803.5 32712.828726293329964 30097.568620060796093
804 32714.131359537379467 30100.813595357791201
804.5 32698.783558951337909 30085.929077175453131
805 32720.275598970249121 30108.449180559939123
805.5 32770.8755619207368 30156.177785146570386
806 32779.238503873479203 30175.719349121536652
806.5 32784.928812074322195 30188.996976973819983
807 32735.037959100227454 30149.210319613459433
807.5 32720.32817212964801 30131.462159426890139
808 32775.210569964991009 30184.673973509856296
808.5 32765.818444217664364 30179.081953988490568
809 32776.516457685625937 30191.469328090588533
809.5 32808.141078325090348 30222.289259217977815
810 32810.23311736654432 30220.40857338402202
810.5 32880.076635139223072 30293.281767385800777
811 32861.692974848701851 30283.954137548411381
811.5 32868.196880076597154 30283.216705918690423
812 32962.094419727232889 30374.505127774151333
812.5 32986.434192523549427 30391.527179683263967
813 32986.586492502530746 30383.483785830754641
813.5 33011.038545119394257 30402.244940686279733
814 33024.691377154471411 30418.993882298480457
814.5 33057.007115929256543 30449.966091525795491
815 33107.814883796454524 30500.843953894018341
815.5 33089.71632394217886 30482.818084222457401
816 33136.438625233116909 30528.882723175527644
816.5 33185.860698503463937 30577.001131373777753
817 33218.979587841931789 30606.604837815750216
817.5 33210.501151079661213 30597.656845165573031
818 33170.054508387278474 30559.696878726401337
818.5 33236.012236573609698 30621.487947589390387
819 33232.716917950136121 30621.071358865385264
819.5 33289.653071802771592 30674.043022895755712
820 33287.23846267737099 30676.168932913074968
820.5 33272.971534164375043 30660.463436938931409
821 33309.513573229254689 30685.107787107099284
821.5 33315.720063214183028 30694.595020157936233
822 33342.171947508060839 30705.219739819891402
822.5 33324.609037428155716 30677.531268605322111
823 33328.459340747831448 30675.852595780022966
823.5 33320.107176173063635 30668.512273184231162
824 33287.415744108890067 30640.88867941711942
824.5 33298.640009999791801 30650.266938857635978
825 33295.340027868332982 30648.679605360975984
825.5 33308.741510872539948 30657.402269971713395
826 33331.111153712903615 30678.737279846573074
826.5 33326.265286425106751 30679.367399302409467
827 33309.854105600417824 30662.500920270224015
827.5 33312.242217880317185 30668.180865639871627
828 33331.574412050169485 30685.859290119402431
828.5 33349.114873905935383 30701.430147352024505
829 33320.047130906656093 30680.851253234402975
829.5 33337.560675836197333 30702.681371470873273
830 33353.366283268565894 30718.96497053814528
830.5 33411.918443786373246 30777.017750114857336
831 33510.3229093920163 30863.670994795917068
831.5 33495.798439748701639 30852.188956282268919
832 33529.526826006069314 30879.681330619023356
832.5 33557.385304060080671 30894.178654178536817
833 33562.27354458910122 30897.430948633918888
833.5 33577.440273433632683 30911.44340387858756
834 33606.493177243850369 30944.888821683700371
834.5 33637.664143250913185 30974.433076188259292
835 33681.590820035569777 31011.111433972309896
835.5 33708.779467634325556 31040.803089050798008
836 33739.768638642475707 31076.194321597045928
836.5 33793.096444527742278 31117.780297732133477
837 33793.986212786701799 31119.709094042311335
837.5 33778.816981750656851 31104.213307471512962
838 33749.242411808911129 31075.868154333631537
838.5 33755.015206792573736 31089.869255270987196
839 33803.934653534837707 31135.632843360352126
839.5 33872.503574411392037 31188.972404646894574
840 33928.341818011380383 31246.586742117717222
840.5 34007.4128818191748 31321.849425332642568
841 34008.621958017807628 31332.616647251277755
841.5 33984.20369576739904 31312.944129932940996
842 33995.101410004128411 31322.469179302468547
842.5 34012.205795125424629 31343.552041660426767
843 34092.999155255536607 31417.586251497988997
843.5 34143.262593703148013 31454.818447225505224
844 34179.294388995134796 31487.253289473694167
844.5 34216.863963611380314 31518.513473652747052
845 34243.395629459206248 31547.36847889893761
845.5 34316.556900691066403 31614.053151665713813
846 34294.875205515600101 31592.451305975646392
846.5 34233.670992251347343 31527.214473708645528
847 34211.361004122016311 31513.850559333761339
847.5 34291.069774860567122 31585.794265018885199
848 34316.283369791148289 31612.56259038636199
848.5 34374.215173212418449 31671.354770493886463
849 34448.244251856776827 31754.23748090292429
849.5 34454.428930177135044 31752.771383050720033
850 34404.330714465977508 31706.89153503043417
850.5 34480.311527646372269 31767.595430501249211
851 34487.075606790436723 31783.635417911315017
851.5 34539.772495043041999 31843.118733496710774
852 34529.370911415455339 31838.178281995860743
852.5 34586.959516552822606 31891.460461630442296
853 34663.411311047901108 31969.682112315291306
853.5 34694.795430268728524 31994.541333325920277
854 34696.247955788130639 31989.285262388861156
854.5 34702.457305902396911 31998.443965909831604
855 34696.417058164901391 31990.605962760208058
855.5 34708.719724674883764 32003.364322956185788
856 34800.850282257619256 32085.986242154347565
856.5 34888.937382700001763 32157.882897921401309
857 34947.803241798232193 32206.54797945730752
857.5 34998.743888973280264 32257.260213493289484
858 34912.175660472021264 32180.251133157707955
858.5 34914.691608259592613 32183.568594328680774
859 34897.136051143723307 32162.855667703544896
859.5 34833.861606391386886 32109.859984971251833
860 34801.018748676935502 32086.781393905643199
860.5 34809.337768914978369 32099.683135454382864
861 34814.858341612736695 32109.728113219203806
861.5 34851.715307753889647 32150.066868172631075
862 34959.781298402835091 32242.232164775090496
862.5 34969.595338973987964 32248.450783266787766
863 35025.367547833462595 32293.783562074357178
863.5 34985.611299775475345 32263.857626189783332
864 35062.841184699391306 32336.180234242878214
864.5 35063.186531679537438 32332.638981756252178
865 35039.605842166150978 32307.204606377938035
865.5 35057.96771992003778 32312.344261886952154
866 35005.26925750492228 32267.87837808930999
866.5 35010.220837898436002 32269.597952923246339
867 35043.10751700183755 32299.324002021206979
867.5 35069.77473720555281 32322.492415868637181
868 35080.793259000995022 32329.542037740502565
868.5 35102.954184974514646 32346.089770315895294
869 35061.082211874709174 32303.897182393851836
869.5 35132.564125073346077 32375.441192703587149
870 35113.955266406512237 32367.756139480501588
870.5 35108.067887663484726 32373.255354634507967
871 35098.991078194900183 32366.923061813282402
871.5 35096.638479697910952 32370.36049422789074
872 35163.304432896547951 32434.858472868305398
872.5 35195.202782698317606 32467.095905531674362
873 35201.127324863227841 32469.429083074992377
873.5 35153.032920321827987 32420.601424836542719
874 35192.090547051702742 32451.089386110215855
874.5 35251.491625309608935 32505.314369752984931
875 35218.458554939308669 32477.948714444435609
875.5 35225.727842190790398 32490.440939672247623
876 35285.218775615598133 32543.802970011940488
876.5 35264.840399050350243 32540.270037925736688
877 35256.858610167117149 32532.630173842539079
877.5 35244.055546089795826 32522.856894397133146
878 35226.279754544317257 32506.610966883839865
878.5 35188.272680529058562 32471.131385290525941
879 35166.093863799171231 32448.572079132158251
879.5 35138.028214025936904 32423.209169140867743
880 35131.204273129747889 32426.169791081334552
880.5 35079.766592226587818 32390.703545817075792
881 35139.588745954642945 32445.95062614694325
881.5 35146.711197629694652 32451.414100823309127
882 35220.952382859912177 32526.354202455018822
882.5 35270.958895147472504 32572.32734285083643
883 35306.853312325532897 32609.263735000520683
883.5 35366.443624321065727 32665.021354267741117
884 35369.605053606537695 32675.713262504399609
884.5 35342.856378540287551 32642.542157371346548
885 35387.636128920734336 32677.668485910580785
885.5 35468.342821034908411 32759.029905975581642
886 35493.896953382136417 32781.103607978708169
886.5 35525.873080103883694 32804.529958745195472
887 35594.869736837630626 32871.287608909849951
887.5 35645.194371084049635 32906.989721662001102
888 35733.85781397059327 32988.431048728300084
888.5 35771.785951454054157 33025.864860197121743
889 35777.782054583942227 33024.284442990756361
889.5 35858.991448213724652 33098.413718117095414
890 35950.389127091424598 33175.106900881430192
890.5 35938.151868723725784 33167.432483976372168
891 35906.060140027671878 33139.409029048758384
891.5 35911.710273951197451 33141.790642983389262
892 35927.432979085810075 33157.05042453227361
892.5 35992.643978486841661 33217.409374496652163
893 35980.50306703721435 33199.486711670579098
893.5 35949.091301413245674 33170.906330196994531
894 35921.30344773503748 33155.847811330808327
894.5 35894.555236880885786 33137.881478399678599
895 35877.67045067363506 33135.082043652910215
895.5 35856.408207985259651 33114.664025425590808
896 35801.743909538156004 33069.914049531187629
896.5 35800.492191944620572 33072.664166909111373
897 35881.745608936915232 33143.556241798694828
897.5 35920.067850461513444 33181.207199469637999
898 35931.30034475614957 33192.914461774089432
898.5 35933.85823020767566 33192.704650425825093
899 35947.571038744346879 33205.630211674440943
899.5 35857.769868923984177 33118.44359701409121
900 35850.337724018711015 33115.159747797850287
900.5 35805.873206786694936 33072.757555472191598
901 35787.747331465303432 33060.644835334591335
901.5 35741.230024384385615 33018.171413445597864
902 35737.849695926284767 33020.136899936085683
902.5 35692.417998180921131 32977.260121873245225
903 35655.704187637318682 32951.862321760767372
903.5 35626.374853555607842 32923.456115054039401
904 35622.001005265294225 32916.597010398101702
904.5 35565.487690953355923 32871.075025874946732
905 35523.503220410690119 32833.856212624858017
905.5 35537.055850850680145 32844.206179232234717
906 35496.857597066358721 32808.356412724337133
906.5 35514.813843675845419 32825.28309185866965
907 35580.653153411498351 32888.131878736610815
907.5 35628.905804193760559 32931.946275591093581
908 35664.076656784432998 32966.818265750109276
908.5 35682.451139458396938 32982.403481323184678
909 35688.151953034081089 32988.291978632711107
909.5 35771.499532081383222 33051.832998601996223
910 35786.376700855464151 33073.754151872526563
910.5 35771.348255216973484 33058.453218273891252
911 35741.682164631609339 33038.431634456952452
911.5 35761.914605795689567 33057.386610101537372
912 35797.322788239864167 33092.718132722242444
912.5 35817.876997492785449 33112.092540108227695
913 35884.346372692169098 33179.669422816747101
913.5 35931.826142666475789 33225.90717308321473
914 35916.253886850558047 33220.824854238795524
914.5 35901.318738777663384 33208.824945886881324
915 35852.572657328011701 33160.881677420766209
915.5 35865.668834456715558 33176.148272509555682
916 35900.503288248444733 33203.268931577549665
916.5 35876.546132274350384 33195.849761667595885
917 35880.850347228297323 33197.098046209095628
917.5 35920.737265735806432 33228.554329119120666
918 35928.555630067523452 33237.149965442426037
918.5 36023.362192995904479 33320.942938974578283
919 36064.539415792300133 33358.576130506357003
919.5 36161.396180831339734 33442.567198163640569
920 36200.094277181015059 33475.360437603645551
920.5 36270.569401544089487 33546.156413807279023
921 36309.407396149035776 33589.63705468147964
921.5 36326.050157602454419 33603.813786176157009
922 36376.779761054363917 33658.954630890424596
922.5 36468.388376933413383 33741.618697709003754
923 36509.828946535730211 33777.824562475376297
923.5 36526.135451107940753 33803.686306100331421
924 36444.549488673343149 33732.882439401677402
924.5 36390.284058584162267 33692.298624686591211
925 36334.965917988309229 33645.062146533484338
925.5 36341.099164918334282 33668.361793958043563
926 36281.575328154853196 33622.02094754143036
926.5 36267.478471926246129 33610.124930629637674
927 36263.090855528629618 33616.689645505532098
927.5 36211.402069212650531 33571.127321600572031
928 36204.364621135900961 33574.332980251572735
928.5 36141.450583655569062 33511.385730214591604
929 36089.224469325745304 33462.712923430110095
929.5 36107.464432907298033 33475.890693310037022
930 36119.212789275195973 33485.881538836525579
930.5 36127.288129824519274 33490.427580718533136
931 36126.087809826851299 33488.658299785580311
931.5 36185.078048681156361 33545.684754851965408
932 36235.386053252041165 33583.310548455287062
932.5 36237.632152197824325 33585.02372208028828
933 36244.854845782974735 33588.059169330823352
933.5 36267.5188387275266 33615.013177473963879
934 36222.546039978435147 33573.380747205228545
934.5 36159.627003737034102 33521.21855846393737
935 36191.399342289856577 33551.579684405340231
935.5 36230.132528162765084 33589.231458451948129
936 36188.939598876153468 33552.731359389093996
936.5 36189.764394053236174 33561.529217520786915
937 36216.18975503607362 33579.744115975983732
937.5 36269.00703116429213 33617.082227785256691
938 36301.034889631933765 33634.205064595931617
938.5 36353.911245440023777 33687.753205062923371
939 36424.605120581298252 33751.59436885463947
939.5 36494.296050901721173 33815.263312403854798
940 36560.505939191192738 33876.68892283441528
940.5 36591.704967201934778 33917.295653432251129
941 36641.866417089360766 33969.086421325540869
941.5 36695.274003794962482 34025.699992056557676
942 36759.582491015666164 34090.582458256685641
942.5 36831.911960556426493 34160.913057696794567
943 36821.93181733880192 34156.451823543327919
943.5 36819.309846829433809 34149.890723319549579
944 36851.539664973584877 34179.485940235623275
944.5 36917.247586346536991 34237.587241780682234
945 36925.438019470639119 34242.463713871969958
945.5 36905.907603394611215 34222.31545972530148
946 36877.673550229425018 34197.908505413412058
946.5 36852.092155945698323 34176.268489104943001
947 36811.667323823778133 34134.738848847722693
947.5 36801.616703043364396 34124.977259365252394
948 36785.361582192897913 34113.456527265137993
948.5 36774.722514127781324 34100.66135923339607
949 36780.560720249770384 34110.268616880850459
949.5 36754.951618645318376 34087.962001159474312
950 36812.168142676215211 34136.920745951327262
950.5 36853.176818936437485 34175.349381700791128
951 36940.154985201719683 34254.944355673265818
951.5 37004.208280736653251 34309.868691662144556
952 37141.686186858532892 34435.389196543954313
952.5 37138.083489388780436 34433.834223625191953
953 37159.111049912673479 34457.301188915946113
953.5 37137.50863776186452 34437.570990065018123
954 37143.186263643481652 34442.260393404481874
954.5 37182.194219291399349 34471.642896333854878
955 37119.649576698771853 34421.277098972139356
955.5 37098.367108778300462 34409.074304197471065
956 37101.813732269867614 34411.071066578566388
956.5 37158.280594132753322 34461.865078672628442
957 37193.195710038104153 34504.343387857661583
957.5 37127.684754463429272 34451.664675617255853
958 37118.060628720500972 34453.096810825489229
958.5 37072.069140256942774 34416.708016697812127
959 37025.477200669105514 34373.610019299398118
959.5 37058.952518497084384 34405.079032442983589
960 37080.59903559594386 34422.20503563566308
960.5 37096.236211291878135 34448.419801879048464
961 37081.157291596195137 34436.54935678691254
961.5 37199.916229625327105 34550.389693479322887
962 37190.174835172743769 34545.653793429715734
962.5 37230.011671491040033 34587.077377605768561
963 37248.515803472961124 34602.981972250978288
963.5 37242.037361686612712 34600.305502403127321
964 37265.647581189172342 34635.927562230637704
964.5 37321.169316299237835 34690.672242564163753
965 37333.586590984399663 34711.534716387082881
965.5 37321.753530311470968 34693.209131412557326
966 37309.682286330840725 34681.720874575970811
966.5 37404.592445553607831 34768.758389012939006
967 37384.00882285683474 34752.114421249621955
967.5 37393.50346403104777 34761.095783225908235
968 37416.565424191518105 34779.547494063299382
968.5 37419.736301106539031 34780.978802319295937
969 37400.188105207103945 34768.143386044866929
969.5 37378.161921499951859 34751.534051318158163
970 37402.335454408901569 34779.271280949404172
970.5 37379.769197871282813 34757.760034054233984
971 37384.216146289458266 34762.65403732231789
971.5 37384.088251100831258 34770.134065867503523
972 37468.512221604702063 34863.595186881779227
972.5 37477.449962363491068 34883.832972775497183
973 37502.229174007879919 34908.49094060324569
973.5 37576.130011711582483 34981.657776889769593
974 37603.450543125458353 35012.407402793993242
974.5 37647.886870419795741 35049.902071372867795
975 37682.524181603395846 35088.937854378425982
975.5 37722.845492022519466 35123.300551818567328
976 37764.263580399303464 35160.436560929760162
976.5 37868.81624453173572 35265.405159601992636
977 37853.303750234044855 35254.94923318529618
977.5 37892.922446364224015 35295.25018517972785
978 37858.090271725741331 35263.107192295472487
978.5 37819.601478559641691 35221.454751254190342
979 37840.585822110107983 35238.458290852322534
979.5 37850.638030893693212 35249.714390167719102
980 37795.916202163083653 35194.378115770137811
980.5 37803.931919903654489 35209.322996445444005
981 37787.112603844965633 35195.322470291386708
981.5 37759.864762977376813 35171.168428189666884
982 37752.75755225669127 35172.876205515465699
982.5 37746.303851543787459 35165.422077571289265
983 37744.945212642254774 35168.879756600843393
983.5 37682.114316600185703 35107.978829164923809
984 37747.974667268965277 35167.125586697897234
984.5 37778.598059473173635 35207.253519890284224
985 37804.670039801894745 35235.366628718118591
985.5 37846.325364295247709 35277.809030671262008
986 37934.069260776559531 35364.377555089777161
986.5 37956.732593301472662 35392.999210418303846
987 37993.481414467089053 35437.415610528776597
987.5 37998.06712030214112 35442.928214032646792
988 38039.62876042091375 35487.03063199994358
988.5 38138.077190512165544 35575.421457806762191
989 38194.01346811818803 35627.23809583219554
989.5 38160.993226148049871 35596.516660784465785
990 38132.88819348373363 35571.235554604099889
990.5 38209.743828313257836 35643.725618189448141
991 38285.377729425141297 35719.182500908493239
991.5 38263.791595386872359 35701.57774446739495
992 38286.369494833503268 35726.467178178412723
992.5 38293.89835841995955 35744.484071716404287
993 38295.519382333717658 35742.173374921709183
993.5 38279.842638887341309 35738.869762653805083
994 38309.669006484982674 35769.113782921929669
994.5 38389.566305595646554 35847.439290029884432
995 38359.261776654850109 35820.759933613902831
995.5 38402.063421566323086 35865.427802953665378
996 38430.646625183449942 35890.173566314231721
996.5 38472.964314390163054 35924.212869309711095
997 38438.843873447083752 35907.133225445519201
997.5 38453.575875527902099 35926.370918028951564
998 38451.086899334630289 35929.398588598298375
998.5 38427.924897898265044 35915.611462686196319
999 38437.658637585656834 35926.880847008738783
999.5 38463.195493932398676 35958.459118043523631
1000 38414.620965883827012 35918.982055054475495
1000 38414.620965883499593 35918.982055054271768
1000.5 38440.453012219608354 35946.86766626501776
1001 38429.800490938388975 35939.187396182904195
1001.5 38446.638687429927813 35957.742826247769699
1002 38394.334156818935298 35915.668677372013917
1002.5 38373.534982246608706 35902.301164052383683
1003 38372.793577226941125 35904.525000493034895
1003.5 38424.41337494430627 35957.143060083159071
1004 38439.848286238404398 35985.08414316746348
1004.5 38426.829329716645589 35978.730139162165869
1005 38405.901779309228004 35959.486092226667097
1005.5 38391.259735780724441 35958.408838556380942
1006 38442.428298445025575 36019.059144114391529
1006.5 38505.960045573294337 36082.529567637415312
1007 38440.431343632400967 36025.997598682457465
1007.5 38427.741099910082994 36020.165899739477027
1008 38450.119398243594333 36044.513908448818256
1008.5 38500.617696420958964 36096.290803567164403
1009 38446.240658489965426 36057.695397921961558
1009.5 38444.838737143349135 36062.953673167670786
1010 38406.725855218348443 36023.658472421593615
1010.5 38411.83552563469857 36037.619061599943961
1011 38433.354607611967367 36063.191239233172382
1011.5 38434.700931959800073 36059.487641521765909
1012 38381.777178783144336 36005.963028054866299
1012.5 38374.37880690365273 35999.768905407181592
1013 38337.594142235400795 35977.676736740831984
1013.5 38339.136605484054598 35980.47958419178758
1014 38384.638716334215133 36025.350117970192514
1014.5 38505.111900605057599 36137.832569169375347
1015 38483.885362662484113 36111.035016747220652
1015.5 38522.972027582742157 36151.313481784600299
1016 38541.250289974588668 36175.619180497633351
1016.5 38563.970282090078399 36204.411950359892217
1017 38608.766581196556217 36250.049995147724985
1017.5 38579.023096025506675 36217.391667552015861
1018 38621.302813907139353 36263.531867480378423
1018.5 38654.763214857855928 36293.161616322991904
1019 38637.446827241583378 36286.084917047708586
1019.5 38582.642251288940315 36242.464750050217845
1020 38567.605808459600667 36232.126303032477153
1020.5 38638.134349874941108 36296.902957084137597
1021 38715.118390342853672 36367.858871299598832
1021.5 38680.432926865869376 36338.836384639427706
1022 38676.946227446969715 36346.322063190105837
1022.5 38724.441070713102818 36400.186869504155766
1023 38693.87292066912778 36368.117429400343099
1023.5 38730.718432450150431 36409.784149775514379
1024 38823.066510453019873 36496.306055092689348
1024.5 38923.13457192973874 36590.017141175565484
1025 38942.673975242134475 36611.868692308089521
1025.5 39008.831107876845635 36674.065552834515984
1026 38980.975602065918793 36652.064292100774765
1026.5 39035.414880220778286 36710.670295181356778
1027 38944.883019664353924 36622.251777249330189
1027.5 38921.485120977195038 36599.69044572126586
1028 38948.331901670782827 36628.680253761755012
1028.5 38857.143902593525127 36547.19589928505593
1029 38887.658702473447192 36579.144797638022283
1029.5 38896.235972373506229 36597.435939327944652
1030 38809.761837792677397 36522.929097399413877
1030.5 38805.619147219586011 36527.117123579431791
1031 38844.278565610249643 36561.713789074943634
1031.5 38882.080317278749135 36603.013216465522419
1032 38994.295459671935532 36717.730821578050382
1032.5 38928.577874157846963 36663.649396034925303
1033 38893.956977263500448 36640.206589227127552
1033.5 38950.303118817719223 36696.57262527399871
1034 38989.371731645878754 36741.320081293553812
1034.5 39057.353663998037518 36810.400160053191939
1035 39052.735184826546174 36814.490015130242682
1035.5 38974.431828458371456 36750.677622373790655
1036 38950.554283233286696 36734.791493884578813
1036.5 38993.712517285639478 36778.306886553560616
1037 39015.217464029818075 36804.102302960942325
1037.5 39021.481832740144455 36819.417452504494577
1038 39089.149798171893053 36895.250619833350356
1038.5 39132.144669613502629 36942.010700888560677
1039 39082.750480999959109 36904.814107720238098
1039.5 39115.918135958156199 36944.758087110494671
1040 39126.017205935102538 36961.136948453327932
1040.5 39097.913989520231553 36937.95252854503633
1041 39062.338826889965276 36908.214248230389785
1041.5 39038.413942739505728 36888.710188718789141
1042 39026.252080790960463 36877.501451668518712
1042.5 39009.636663231744024 36868.538058052559791
1043 39005.569173136151221 36869.464011179901718
1043.5 39029.399476119826431 36897.249093836857355
1044 39010.842632376654365 36887.6622576975642
1044.5 39075.584051589103183 36958.345994984425488
1045 39105.082482302197604 36991.035357463915716
1045.5 39113.560119685462269 37005.100750115132541
1046 39087.600658438852406 36988.364863643429999
1046.5 39092.791537882440025 37002.444320834234532
1047 39030.215189934999216 36952.448784277301456
1047.5 39003.41066096220311 36944.70280449938582
1048 39000.239189319487195 36950.898325559894147
1048.5 38923.588958582702617 36882.802756587414478
1049 38931.327206213980389 36904.048489893015358
1049.5 38972.620467294604168 36944.112492761938483
1050 38980.808773431068403 36960.168085896999401
1050.5 39028.07848054713395 37005.148706918458629
1051 39107.051518634390959 37088.191105024299759
1051.5 39140.972250544757117 37126.336424729444843
1052 39137.150960089937143 37132.66191389253072
1052.5 39228.755445680093544 37222.383697937504621
1053 39200.337212630212889 37205.218595415441087
1053.5 39191.224741154743242 37199.265070949440997
1054 39227.343946923756448 37232.144387074469705
1054.5 39224.502868793570087 37232.329438540473348
1055 39178.367255035453127 37189.092418979831564
1055.5 39129.057466099133308 37153.670341636257945
1056 39204.872950046636106 37232.005514733602467
1056.5 39166.320426396399853 37202.964555893522629
1057 39156.654448230234266 37202.322127051607822
1057.5 39160.82708457334229 37205.170338655472733
1058 39156.397361019735399 37204.367953891727666
1058.5 39154.251832600362832 37206.331398905545939
1059 39218.676345536085137 37266.528431523962354
1059.5 39221.473097066140326 37268.234641324554104
1060 39253.561701295264356 37302.990478304614953
1060.5 39204.708597214179463 37260.104793894162867
1061 39150.168683079449693 37221.103217402247537
1061.5 39073.76864832577121 37160.181828744171071
1062 39130.081129378311743 37224.561897132116428
1062.5 39133.506893643185322 37229.745315118911094
1063 39138.040929241324193 37248.298210651017143
1063.5 39142.658374369646481 37255.3435580626101
1064 39181.420816695135727 37292.973709842204698
1064.5 39110.614162221987499 37224.158583443524549
1065 39107.108057812743937 37227.368517097420408
1065.5 39032.517047469147656 37167.08857577679737
1066 38978.484566669802007 37118.334166684209777
1066.5 39009.275216226677003 37150.374989533447661
1067 38999.679074375300843 37148.413076664750406
1067.5 39016.85806393774692 37172.938464722603385
1068 39014.998852749245998 37182.84832731600909
1068.5 39023.706638952469802 37200.55761727236677
1069 39030.732666409145168 37210.728610101272352
1069.5 39071.174756595406507 37251.790639212318638
1070 39069.923236030859698 37248.60767721303273
1070.5 39041.17696179466293 37226.460969245810702
1071 39068.388722472445806 37257.785879935414414
1071.5 39074.744186704963795 37265.861389868594415
1072 39019.009620888107747 37222.906836697060498
1072.5 38996.923571003739198 37209.738327473191021
1073 38958.151052233632072 37178.387092234792362
1073.5 39002.63081739039626 37226.850029214831011
1074 38951.098298226788756 37183.960073943730094
1074.5 39001.969941904375446 37240.719569722503365
1075 38953.011993703665212 37198.249854986774153
1075.5 38944.591787239522091 37202.295049670290609
1076 39008.157985660203849 37276.984385276329704
1076.5 39020.841969253066054 37292.041101823808276
1077 39004.897640238828899 37280.151834518568648
1077.5 39043.345694604540768 37317.33924801813555
1078 38971.770439614658244 37264.038194110995391
1078.5 38868.550013807995128 37174.075664981144655
1079 38918.084420356404735 37222.343837140397227
1079.5 38968.86478140843974 37270.734197850746568
1080 39014.04161072493298 37316.194594910848537
1080.5 39020.437537376077671 37334.63918317653588
1081 39087.937135678141203 37397.394568650401197
1081.5 39120.429915567860007 37433.029071024328005
1082 39146.092451366755995 37455.432573581689212
1082.5 39197.348583611710637 37507.765382585610496
1083 39237.400203650344338 37551.203158122378227
1083.5 39141.64020591606095 37471.270748851609824
1084 39124.991357824401348 37460.53268974537059
1084.5 39102.912249132321449 37440.847537746143644
1085 39179.603068214077211 37524.770767220077687
1085.5 39117.747626910946565 37472.972462250734679
1086 39102.641756885459472 37467.305579392770596
1086.5 39141.743089727715414 37511.625202699724468
1087 39217.266265767138975 37581.44605301055708
1087.5 39187.535636631495436 37549.569055394887982
1088 39201.536661956692114 37566.378003226433066
1088.5 39171.97433455461578 37546.753754802404728
1089 39256.631328174284135 37631.995191461828654
1089.5 39234.308679017209215 37614.090703885092807
1090 39197.970884633046808 37585.065072871722805
1090.5 39137.60861758817191 37538.620321834088827
1091 39067.277346743583621 37478.758077714024694
1091.5 39125.151924184807285 37537.324365000866237
1092 39203.105183333391324 37616.742975589404523
1092.5 39213.419118136087491 37632.231931077658373
1093 39207.913677269192704 37631.947557380699436
1093.5 39141.503344675242261 37572.20991761280311
1094 39105.203000896202866 37553.730888148544182
1094.5 39079.374610783183016 37538.853753248236899
1095 39043.588418494487996 37512.47982882442011
1095.5 39060.944438695332792 37542.825484374217922
1096 39032.762238365707162 37523.922880539888865
1096.5 39024.002688601256523 37514.203959584687254
1097 38966.170038322306937 37464.491325841117941
1097.5 38967.284017160673102 37471.250296568614431
1098 38986.569993758050259 37495.82183079016977
1098.5 39036.94758679017832 37546.694776984484633
1099 39084.493226904072799 37595.880470161260746
1099.5 39040.814344150458055 37560.821794004579715
1100 39031.796294328029035 37567.760230268067971
1100.5 38984.332687912668916 37533.193122043179756
1101 38954.081550314069318 37504.266062259877799
1101.5 38974.173460908707057 37530.01926672575064
1102 39030.079301788267912 37585.935903470097401
1102.5 39081.18858978676144 37625.649343744407815
1103 39085.005939197566477 37628.693064119863266
1103.5 39167.484074454747315 37713.032581027284323
1104 39181.457401152867533 37728.502141205623047
1104.5 39179.684934179029369 37732.92151609807479
1105 39275.438020331566804 37817.235630623399629
1105.5 39223.90525049882126 37778.037072909777635
1106 39215.821050416561775 37768.71897098908812
1106.5 39254.632033834830509 37806.754335093217378
1107 39214.92449593123456 37780.332233943714527
1107.5 39285.15755907350831 37854.627127403808117
1108 39309.653346680599498 37882.065544277698791
1108.5 39352.562311806817888 37917.161358825360367
1109 39337.765118017792702 37915.605139274499379
1109.5 39285.436795871930372 37875.358247687654512
1110 39345.007543881009042 37945.365446362207877
1110.5 39383.375403802368965 37989.610987805659533
1111 39368.692895281019446 37978.177043405783479
1111.5 39384.717581062526733 37998.423542447300861
1112 39410.025014198741701 38019.57769121950696
1112.5 39470.21566231912584 38082.915847432246665
1113 39446.915234987493022 38068.63990120676317
1113.5 39487.101344152986712 38115.782825990390847
1114 39477.624421853557578 38111.154498624746338
1114.5 39466.594136942389014 38113.721277008531615
1115 39508.908319720947475 38162.938326672810945
1115.5 39543.002311265227036 38206.132954979875649
1116 39579.425986261616345 38249.444911398197291
1116.5 39553.524325741389475 38224.354368829190207
1117 39610.622040759051742 38279.244644795093336
1117.5 39565.898681894002948 38241.211899372807238
1118 39563.332533739077917 38243.68847625390481
1118.5 39591.413416467032221 38275.217226673870755
1119 39564.834345957831829 38256.998118216281
1119.5 39637.514648418051365 38328.128707556294103
1120 39606.843334446821245 38307.697814346560335
1120.5 39549.555090373927669 38250.292543263189145
1121 39640.064875466174271 38346.547946637561836
1121.5 39634.895506258551904 38343.377626875539136
1122 39597.482812323767575 38318.870524276280776
1122.5 39630.977407142214361 38364.699411003122805
1123 39702.207717548379151 38444.075873648842389
1123.5 39700.116835329135938 38448.956486732211488
1124 39709.098126474418677 38473.560584589737118
1124.5 39699.150943396016373 38475.308476363221416
1125 39668.378254933333665 38449.028040063058143
1125.5 39737.001283715086174 38518.809014761827711
1126 39855.265640121760953 38636.759626560778997
1126.5 39862.496319759156904 38660.866209487568995
1127 39839.084854671469657 38646.604421089330572
1127.5 39767.460031152295414 38580.893915687418485
1128 39843.375629940506769 38658.761462946938991
1128.5 39830.985024594781862 38651.66709497589909
1129 39950.668967811740004 38766.301192044265918
1129.5 39971.690245698177023 38794.692463411258359
1130 39913.06219638427865 38739.557944135143771
1130.5 39921.599980431172298 38749.937596790448879
1131 39973.049757088636397 38799.906452722352697
1131.5 40009.659479050045775 38849.257961746603542
1132 40022.613802210638823 38870.854484044881247
1132.5 40060.705698738376668 38907.969716481064097
1133 40004.925849706960435 38866.615191012533614
1133.5 40017.830968214686436 38880.748098968120757
1134 39889.774481232714606 38765.123596410092432
1134.5 39922.422630645523896 38806.051118838571711
1135 39978.54577881705336 38855.193485943636915
1135.5 40027.033946573472349 38902.978703187669453
1136 40053.493387358299515 38936.035606366633147
1136.5 40062.213993214485527 38950.146790361322928
1137 40102.73711071316211 38986.104160981536552
1137.5 40178.781433790310984 39061.931982704190887
1138 40207.050681835840805 39099.545336508192122
1138.5 40251.527908429248782 39150.722279775705829
1139 40202.856080443620158 39110.473611056302616
1139.5 40166.705166467640083 39084.568241224289523
1140 40085.39184139687859 39019.120541018543008
1140.5 40077.109896309710166 39015.770221126855176
1141 40068.409241647605086 39009.933666844575782
1141.5 40089.238814201569767 39029.462984069417871
1142 40094.854142278782092 39037.39299267026945
1142.5 40130.394613757642219 39082.331027325213654
1143 40089.849539401155198 39039.530164497846272
1143.5 40099.849355759819446 39060.258138550816511
1144 40072.812019486176723 39047.666495765071886
1144.5 40079.380852750437043 39063.330750501074363
1145 40052.086090786047862 39046.467653216473991
1145.5 40025.607308777754952 39028.750224428287765
1146 40076.123781032569241 39080.805831115932961
1146.5 40002.502592116929009 39023.14540606540686
1147 40001.218880602711579 39034.628911582338333
1147.5 40009.46336297338712 39047.551773039202089
1148 39997.972873110717046 39048.874113128447789
1148.5 40003.955098196631297 39055.499417897350213
1149 39913.880234631193161 38969.884457592779654
1149.5 39952.166585741462768 39014.142616170880501
1150 40019.171665415167809 39092.350051641180471
1150.5 39997.527534917033336 39085.097891299577896
1151 40022.182982366568467 39116.925267832048121
1151.5 39959.016866676785867 39068.749964638285746
1152 39940.492772367739235 39054.141838185794768
1152.5 39944.189153437648201 39064.233372192989918
1153 39897.888335605210159 39025.721492610340647
1153.5 39960.616991550072271 39090.739422290549555
1154 39974.183004010192235 39106.611334532673936
1154.5 39958.57355112679943 39089.899335483198229
1155 40014.84551519870729 39139.944067830452695
1155.5 40088.345178693220078 39208.196541315497598
1156 40121.958422036223055 39246.820161507785087
1156.5 40049.555397398391506 39191.103091250261059
1157 40075.674241786553466 39224.263646431892994
1157.5 40069.506409996771254 39229.155904217557691
1158 40011.270208229972923 39180.282536753657041
1158.5 40060.111134112543368 39234.927987401933933
1159 40075.72997845349164 39260.09812501379929
1159.5 40047.8655997001988 39241.254346334564616
1160 40049.714292956407007 39240.398036647377012
1160.5 40104.852051899462822 39296.508381264859054
1161 40055.766498114295246 39258.78522710679681
1161.5 40186.459427158428298 39385.008447062216874
1162 40201.462704967801983 39403.011758375403588
1162.5 40178.906689767172793 39385.502860040338419
1163 40200.553279377811123 39420.202496123791207
1163.5 40212.561686904409726 39437.657642123085679
1164 40280.46149627216073 39515.73185028044827
1164.5 40239.312374006389291 39486.452533842319099
1165 40212.593689403794997 39465.344685198630032
1165.5 40210.968328044029477 39473.983105271545355
1166 40191.750896372548596 39468.058400077214174
1166.5 40213.841831864352571 39487.418230148367002
1167 40306.790985443811223 39579.455924127840262
1167.5 40308.530464392810245 39582.38416152386344
1168 40252.241070186631987 39543.291660591756226
1168.5 40268.174442471296061 39573.60342943136493
1169 40254.298024612951849 39570.029442441598803
1169.5 40342.360491023842769 39669.020453480021388
1170 40311.953519037422666 39648.343419790828193
1170.5 40333.067409588678856 39670.848276678865659
1171 40405.26001149827789 39740.647090636535722
1171.5 40419.688494069494482 39758.977132468186028
1172 40425.154185365943704 39774.273761146971083
1172.5 40347.67774978280795 39708.002152583554562
1173 40436.423637436331774 39795.031255994239473
1173.5 40427.599582977520186 39793.963327316276263
1174 40390.518429541603837 39770.130295034192386
1174.5 40355.119830797368195 39740.143880655567045
1175 40318.435559246143384 39711.658562539887498
1175.5 40320.740407237019099 39722.60295586418215
1176 40260.157752277671534 39673.220595424027124
1176.5 40277.8872685576207 39692.373139905459539
1177 40320.866606601783133 39738.345654492135509
1177.5 40298.416387691555428 39719.10293378096685
1178 40352.6583801917659 39768.964417603594484
1178.5 40318.133956357291027 39751.436944016073539
1179 40331.076947379231569 39771.731699133466464
1179.5 40282.907089672371512 39735.603595740285527
1180 40240.453587229792902 39704.070914823532803
1180.5 40247.817703221684496 39709.51350761269714
1181 40259.345842275040923 39731.846397758534295
1181.5 40249.165313388330105 39727.98186400164559
1182 40219.336073585385748 39709.638605491083581
1182.5 40211.539640151888307 39706.625655507290503
1183 40252.14818095479859 39749.263165254786145
1183.5 40232.125660821395286 39730.758725507876079
1184 40276.35503797383717 39777.167894675098069
1184.5 40323.462709071260178 39843.54665983429004
1185 40411.052935044463084 39932.802227972417313
1185.5 40404.020658848872699 39927.763963114033686
1186 40482.09344806138688 40003.261125301294669
1186.5 40562.227354076378106 40081.357386567913636
1187 40497.696622209572524 40024.358960006473353
1187.5 40593.20267730361229 40122.985861679066147
1188 40601.602454603620572 40134.318653403919598
1188.5 40602.197977721887582 40138.94457511480141
1189 40500.99319696076418 40047.486993494385388
1189.5 40548.300473174334911 40103.648997463700653
1190 40583.98590865067672 40150.883437425807642
1190.5 40542.43237571039208 40115.774342272699869
1191 40522.75951709425135 40100.464739021124842
1191.5 40559.012115621677367 40141.763256598169392
1192 40522.776397306355648 40111.624912460880296
1192.5 40584.736454914695059 40171.520178754763037
1193 40646.745591179627809 40231.351996700905147
1193.5 40685.128846094492474 40278.94258941411681
1194 40569.160578247276135 40177.978984315639536
1194.5 40568.623172214596707 40175.075357033703767
1195 40614.031529725245491 40226.157185733107326
1195.5 40611.748589406626706 40229.701132906324347
1196 40626.85845315597544 40252.045329371518164
1196.5 40677.960720321221743 40305.457156469004985
1197 40713.574352485775307 40357.332560840208316
1197.5 40676.865116856650275 40322.625483367628476
1198 40735.115691696271824 40386.006241504299396
1198.5 40779.636223817418795 40428.120746844564565
1199 40834.47363257114921 40486.103310550744936
1199.5 40931.982239497156115 40586.933912224427331
1200 40878.91419371018128 40540.452842300757766
1200.5 40810.409454377288057 40478.244182933260163
1201 40775.527686803783581 40448.497577186411945
1201.5 40730.540743932433543 40416.512657639999816
1202 40759.617943791752623 40454.760451658461534
1202.5 40740.336403135072032 40435.344587497180328
1203 40733.4076173408248 40438.778140041235019
1203.5 40670.161141927412245 40378.120866158147692
1204 40751.897027224964404 40463.435649570026726
1204.5 40799.430683329417661 40519.255360186441976
1205 40809.327345180099655 40536.424016807286534
1205.5 40818.375640931059024 40550.588101977140468
1206 40804.463326848403085 40551.824204677497619
1206.5 40844.780996778012195 40595.141210860201681
1207 40826.819372580786876 40583.287910393686616
1207.5 40888.834124869281368 40654.36439797685307
1208 40921.023663434134505 40690.865234391967533
1208.5 41002.970217948241043 40783.468782151903724
1209 40894.923416786135931 40689.251686811287072
1209.5 40856.927947469223 40663.929543826438021
1210 40873.371372694877209 40686.559945143206278
1210.5 40937.628210530237993 40756.892257580904698
1211 40891.531671585580625 40723.555561606248375
1211.5 40844.26317019914859 40689.326132145761221
1212 40862.315966481342912 40712.530655663882499
1212.5 40910.251504943124019 40761.810469621144875
1213 40838.271511272134376 40705.253295107468148
1213.5 40817.660180548373319 40689.347982176412188
1214 40825.387883879106084 40707.034295628887776
1214.5 40915.915939872298623 40788.615475228252762
1215 40936.288832834339701 40800.312752319419815
1215.5 40929.281706705427496 40797.866007676202571
1216 40950.574655602395069 40834.565551450774365
1216.5 40975.142881659929117 40863.087794585699157
1217 40916.699197473819368 40811.366278784633323
1217.5 40920.60260005294549 40824.937422371534922
1218 40911.704987622884801 40829.937748950433161
1218.5 40886.891163792432053 40813.354853989010735
1219 40870.737712027337693 40804.975545133049309
1219.5 40916.233805263327667 40848.318709756953467
1220 40881.41011121009069 40819.779316902742721
1220.5 40883.641053595740232 40822.575506153800234
1221 40938.147741896027583 40874.658433013013564
1221.5 40942.556687779811909 40880.881824887976109
1222 40964.481488274519506 40918.768101598892827
1222.5 41001.57411903017055 40958.505987760006974
1223 41041.151382646195998 41005.793691997714632
1223.5 41061.725786432340101 41025.881452045374317
1224 40966.395958009496098 40940.857057561959664
1224.5 40973.64506223792705 40952.50237826861121
1225 41015.97305580291868 41003.972888938209508
1225.5 41008.417805399869394 41000.664442452471121
1226 41126.226685800276755 41115.206673944107024
1226.5 41138.256342521082843 41131.036566501847119
1227 41141.536900218343362 41144.392550686163304
1227.5 41143.13026402862306 41154.676032749179285
1228 41193.061426024716638 41214.139253086359531
1228.5 41201.991871121470467 41218.68785160335392
1229 41151.020297562077758 41175.610613926335645
1229.5 41159.293697556677216 41189.205243478172633
1230 41103.244328182641766 41141.683801739876799
1230.5 41093.259799601750274 41141.477003986554337
1231 41127.040422328376735 41194.610001613807981
1231.5 41127.635667398433725 41198.600778030813672
1232 41076.717146603819856 41150.432975185132818
1232.5 41104.426439130555082 41188.902841080496728
1233 41198.614816889472422 41286.700263895116223
1233.5 41246.673121877960511 41336.03862124816078
1234 41256.368657548206102 41350.968358136618917
1234.5 41271.325966701610014 41374.064785748145368
1235 41350.764072722158744 41455.662688300224545
1235.5 41450.018585821519082 41559.972357519851357
1236 41498.956524002482183 41604.607710021882667
1236.5 41576.231547117815353 41686.171696185949259
1237 41556.380944459044258 41675.627993743197294
1237.5 41476.65239628656127 41610.653137926499767
1238 41453.105211130721727 41593.433438469473913
1238.5 41456.431623366981512 41608.978810827822599
1239 41494.909582978958497 41648.267631400136452
1239.5 41478.836032523722679 41642.13526357171213
1240 41475.214582938831882 41645.570766378383269
1240.5 41549.560917244605662 41723.681452669719874
1241 41581.752361258681049 41761.533330189871776
1241.5 41643.351365437214554 41833.976800082673435
1242 41572.813729536661413 41775.18001635622204
1242.5 41478.714369245972193 41688.975361854427319
1243 41621.213178055630124 41844.250735217086913
1243.5 41611.708784473921696 41833.791701129106514
1244 41700.317894371924922 41919.026777501567267
1244.5 41720.531745642234455 41937.257282977443538
1245 41705.450209374488622 41928.936731319605315
1245.5 41765.923529988489463 41989.992175401785062
1246 41866.301359476827201 42094.880037283532147
1246.5 41871.146497966437892 42099.29151764413109
1247 41914.897919870541955 42146.961898568246397
1247.5 41858.677384940623597 42101.428898673555523
1248 41874.663596554397373 42122.052135943624307
1248.5 41806.163406805921113 42051.025579431094229
1249 41864.10670917686366 42114.663023879300454
1249.5 41835.840902168078173 42103.988387692741526
1250 41823.859774915625167 42096.188329417316709
1250.5 41736.206485935821547 42025.815360141874407
1251 41801.660529047723685 42094.653225714304426
1251.5 41745.139292178857431 42047.813067851617234
1252 41844.979048690198397 42151.427954488834075
1252.5 41870.589082066791889 42175.898520992283011
1253 41982.095921483443817 42295.976545910001732
1253.5 42021.514275617089879 42337.905287524954474
1254 41930.247272016611532 42259.383223602133512
1254.5 41900.144139924850606 42245.715062677780224
1255 41819.604950244676729 42181.452339935196505
1255.5 41819.387614396240679 42176.770623213153158
1256 41793.32144742357923 42164.771679550460249
1256.5 41843.988075209112139 42225.084111781783577
1257 41816.853863134158019 42205.120173615243402
1257.5 41817.939945435915433 42217.830154416675214
1258 41806.534714843575784 42214.940289205645968
1258.5 41765.32176706604514 42174.498720496900205
1259 41853.93524048042309 42257.490093149222957
1259.5 41900.44150507923041 42305.341371125417936
1260 41899.829826691253402 42313.266358648965252
1260.5 41922.971188027273456 42349.416309885687951
1261 41874.314239358056511 42302.51634365440259
1261.5 41841.144408760272199 42274.314960416246322
1262 41890.709219582233345 42330.516530912245798
1262.5 42019.022391702405002 42452.574777619964152
1263 42004.191720563503623 42451.560311693719996
1263.5 42022.213764695050486 42474.733258503205434
1264 42045.114880123292096 42505.278988320133067
1264.5 41911.663329390125 42382.124362224167271
1265 41913.704546049892087 42389.506310127369943
1265.5 41904.002916485194874 42391.826574007835006
1266 41906.821553072557435 42400.975562105748395
1266.5 41959.599196839037177 42456.140161139956035
1267 41992.335585187945981 42487.939858035832003
1267.5 42010.511160905436554 42516.210780215369596
1268 42001.117228946030082 42511.236065198711003
1268.5 41942.69909535547049 42466.367182630106981
1269 41955.668804505345179 42493.873560631211149
1269.5 41894.72941415358946 42434.364295115068671
1270 42009.972177117531828 42550.869772757454484
1270.5 42060.058200843319355 42602.54732201036677
1271 41975.381816842455009 42526.097484136880666
1271.5 41895.568479286885122 42466.799404225377657
1272 41843.782367265564972 42418.005808270558191
1272.5 41847.864811814113637 42427.596084020893613
1273 41796.218823075185355 42382.241377647587797
1273.5 41882.626933684965479 42480.146480539384356
1274 41925.299859326209116 42529.042657620528189
1274.5 41941.840358549401572 42550.274272858936456
1275 41848.489917238410271 42473.298811407483299
1275.5 41937.27719603132573 42572.293809057191538
1276 42004.871403756958898 42645.832317893939035
1276.5 41947.005973723556963 42596.177332495004521
1277 42024.606502393602568 42671.161419576244953
1277.5 42100.782766161348263 42754.540892131371947
1278 42067.212525294788065 42735.263150384860637
1278.5 42004.90332275719993 42679.563186558181769
1279 41966.205243723328749 42654.482892693886242
1279.5 42081.252454692890751 42768.221390610160597
1280 42127.918491569638718 42810.06585834978614
1280.5 42111.410183378087822 42805.501474522134231
1281 42079.110804788761016 42784.394110653673124
1281.5 42085.021425363862363 42793.487832496801275
1282 41968.747346841308172 42681.759093730273889
1282.5 42027.515540614091151 42752.568997603979369
1283 42148.730274696405104 42881.723207342067326
1283.5 42076.151756833918625 42829.617862269915349
1284 41985.958990553350304 42747.809277518179442
1284.5 42000.985365915003058 42766.76960084655002
1285 42044.556884609162807 42813.558221339560987
1285.5 42025.786468871476245 42803.559326301758119
1286 41984.670997379187611 42766.993521722724836
1286.5 41924.68866831070045 42722.774169472104404
1287 41925.187122170136718 42739.189333996684582
1287.5 41923.491386591384071 42736.256606289600313
1288 41982.21123709964013 42800.404011732927756
1288.5 42006.20925379217806 42825.733703025951399
1289 41936.692682749526284 42763.247395327409322
1289.5 42005.598972670690273 42847.950735037200502
1290 42022.641477267854498 42870.61115588179382
1290.5 41981.846825918073591 42829.956926541621215
1291 41937.926554469449911 42803.646197403693805
1291.5 41908.208386007325316 42796.069362106965855
1292 41936.596752082259627 42823.282393788045738
1292.5 41959.255026315287978 42852.696829474058177
1293 41918.335565605178999 42823.453778195544146
1293.5 41874.188135860822513 42787.480219066485006
1294 41845.31859850242472 42756.151830981616513
1294.5 41902.790666616565431 42825.704237178288167
1295 41794.532917012635153 42734.167867307427514
1295.5 41782.021146423838218 42728.953668987174751
1296 41842.253130139331915 42796.515816319275473
1296.5 41824.435831461865746 42785.478534775371372
1297 41856.028157304368506 42824.657718439273594
1297.5 41879.327072244144802 42857.114559952606214
1298 41945.534857501639635 42934.883491859895003
1298.5 41857.522182313245139 42858.204482592300337
1299 41874.481350293266587 42884.934752139321063
1299.5 41871.884007063679746 42886.176357462260057
1300 41823.712517822394148 42838.733781667295261
1300.5 41829.855269337218488 42842.546913142330595
1301 41836.999055826810945 42856.135052275159978
1301.5 41932.580053488723934 42951.412290655258403
1302 42012.794275626598392 43035.975412406085525
1302.5 42046.767683014164504 43067.258107746085443
1303 42067.368974171367881 43093.525619008229114
1303.5 42068.185227153546293 43100.636376949085388
1304 42075.459719844955544 43104.960805671624257
1304.5 42009.949395205403562 43053.957727190485457
1305 41939.353844521814608 42998.713029976846883
1305.5 41976.598380852410628 43038.494214213380474
1306 41934.841733666769869 43008.028747303476848
1306.5 41861.738829703244846 42946.440097833416075
1307 41777.752986296851304 42876.942332145372347
1307.5 41727.379631752410205 42838.09426433036424
1308 41737.542375361721497 42853.468682038786937
1308.5 41745.048546768266533 42867.886225765119889
1309 41743.292181228825939 42873.687235159392003
1309.5 41693.861710628276342 42830.406067208990862
1310 41760.646535615545872 42897.498671171189926
1310.5 41827.760409767790406 42968.410854929199559
1311 41813.572788719473465 42964.962819405431219
1311.5 41777.499284814512066 42941.893846092090826
1312 41826.079799389692198 42996.628048658254556
1312.5 41849.848568900044484 43018.354745238568285
1313 41932.839553642137616 43106.605608603480505
1313.5 42007.108912283671089 43181.046037382708164
1314 41971.674756813750719 43158.465419776723138
1314.5 42009.368685929075582 43201.899274546049128
1315 41899.243001677736174 43102.660473080446536
1315.5 41882.35950362496078 43097.60668589949637
1316 41812.184929794602795 43035.847930723946774
1316.5 41803.662889160987106 43034.094790380841005
1317 41828.999908816876996 43064.959342844776984
1317.5 41907.152341857377905 43141.867378963848751
1318 41976.272733407466148 43209.176196258005803
1318.5 41976.514506999927107 43209.069112261655391
1319 41950.740465797753131 43183.128733534547791
1319.5 41886.717079598456621 43132.283357401647663
1320 41925.06273683236941 43168.672872685645416
1320.5 41920.472691116236092 43167.67757325713319
1321 42003.093783862430428 43255.284814325867046
1321.5 42029.415870375705708 43283.265138411639782
1322 42060.911647621622251 43317.088648290591664
1322.5 42115.43018110380217 43367.37023135353229
1323 42128.900097264981014 43399.320117932329595
1323.5 42093.490966894976737 43377.650755495065823
1324 42194.428276941129297 43478.919632096483838
1324.5 42196.609142397806863 43478.00550295074936
1325 42198.641027455058065 43493.143640659516677
1325.5 42222.342961333954008 43520.212451736275398
1326 42111.49507375194662 43422.345894332764146
1326.5 42112.641239372191194 43436.73163865506649
1327 42160.379043235829158 43494.404311170183064
1327.5 42166.396140290758922 43499.415635151177412
1328 42199.16865878453973 43538.356087180429313
1328.5 42228.898282661488338 43572.162694423983339
1329 42259.907978323448333 43605.258991329879791
1329.5 42325.910480817416101 43677.234724270849256
1330 42383.259624518759665 43734.553462277486688
1330.5 42352.739524229706149 43708.891923311748542
1331 42289.771876713835809 43657.676154329928977
1331.5 42262.369008434099669 43642.353035982916481
1332 42309.44400939920888 43686.913550605197088
1332.5 42295.795740452318569 43679.587937360112846
1333 42322.9110325594811 43719.852160460381128
1333.5 42326.547066047918634 43719.555001612869091
1334 42419.870897509375936 43812.678031306902994
1334.5 42404.976734548210516 43807.120238954565139
1335 42360.439729750891274 43768.365256143049919
1335.5 42284.112944524102204 43696.16633908804215
1336 42371.849490793487348 43796.79347166968364
1336.5 42271.946105113725935 43705.438351533157402
1337 42277.207310533383861 43727.716624086788215
1337.5 42263.596783334993233 43721.077936689762282
1338 42218.645235018877429 43679.209205296217988
1338.5 42149.974557276596897 43618.495706158959365
1339 42279.565650997414195 43745.963811517154681
1339.5 42209.404546130099334 43681.39191343847051
1340 42137.075926326455374 43613.650509551953292
1340.5 42239.701507011035574 43717.685019902441127
1341 42310.803703712190327 43798.449891233089147
1341.5 42294.73574402268423 43787.802542814235494
1342 42239.429902586984099 43740.065852828513016
1342.5 42213.282710099942051 43713.508942975626269
1343 42240.414681553345872 43753.777528327838809
1343.5 42204.789018317656883 43727.416209795934265
1344 42178.748745186770975 43715.435870410547068
1344.5 42223.394415032234974 43764.447158963237598
1345 42320.294612256264372 43858.450210403585515
1345.5 42316.297141542418103 43853.969613270033733
1346 42375.795109230355592 43922.998193319312122
1346.5 42421.930328340509732 43976.886059151314839
1347 42399.201827087374113 43968.570066817308543
1347.5 42354.743629293720005 43929.365380704293784
1348 42414.625361527316272 43983.743391891541251
1348.5 42489.389234836839023 44065.453090724091453
1349 42537.667901380060357 44116.856958387339546
1349.5 42498.909580996325531 44086.899802071908198
1350 42456.358795368985739 44041.611709969038202
1350.5 42457.047630864588427 44046.010165174346184
1351 42374.883375810248253 43979.872531786808395
1351.5 42352.859961229652981 43970.027589867517236
1352 42388.086160272803681 44003.69098844761902
1352.5 42365.068961402561399 43979.451661768500344
1353 42270.694556468493829 43889.009404584030563
1353.5 42275.030089787280303 43897.440999105980154
1354 42304.449064620581339 43935.871619409947016
1354.5 42323.700958494075167 43962.10627079137339
1355 42238.470960251943325 43887.675448783345928
1355.5 42173.028913494817971 43835.010298450004484
1356 42207.035181390303478 43878.776045153492305
1356.5 42206.043755267244705 43894.865961702125787
1357 42244.111968231401988 43946.502914940392657
1357.5 42280.481991825217847 43990.277295312684146
1358 42307.106129860956571 44034.79530503465503
1358.5 42366.835635831084801 44104.875812084916106
1359 42263.476967102324124 44003.520266887200705
1359.5 42320.886091411543021 44067.341141307886573
1360 42275.58794383960776 44027.523354132019449
1360.5 42227.366985364278662 43987.474464567872928
1361 42189.923608461205731 43946.643810244910128
1361.5 42171.532016833189118 43939.135500891658012
1362 42094.435414485858928 43865.350352729896258
1362.5 42154.133486103557516 43923.624145307614526
1363 42196.923576370085357 43982.146390902336861
1363.5 42178.742300966274342 43960.50975879667385
1364 42252.777410907401645 44035.466322968160966
1364.5 42299.883749909444305 44083.138045778061496
1365 42238.613534813084698 44038.444277468734072
1365.5 42318.582325587085506 44120.79816383573052
1366 42287.340741251449799 44092.282318277313607
1366.5 42342.230365253606578 44149.256144500170194
1367 42291.393876448084484 44099.758004128227185
1367.5 42220.632270117086591 44049.340488001558697
1368 42156.816204463873873 44001.196542675337696
1368.5 42232.234093681487138 44083.776665244200558
1369 42167.459158538011252 44021.820027016990934
1369.5 42210.934522970565013 44077.293639259398333
1370 42311.042147799918894 44176.95346862635779
1370.5 42308.378303568970296 44170.502074500422168
1371 42377.195752954110503 44242.426862643573259
1371.5 42331.948518124132534 44206.584660284090205
1372 42405.358040619532403 44284.524459107553412
1372.5 42295.157977268056129 44173.13169856978493
1373 42368.014757115903194 44246.407849997420271
1373.5 42446.175806556719181 44324.235616038356966
1374 42461.568020075028471 44347.366366038055276
1374.5 42406.076591337427089 44299.231013961718418
1375 42335.860192646468931 44236.350130959857779
1375.5 42328.161475333137787 44246.621956818715262
1376 42340.380137215070135 44262.803547807343421
1376.5 42345.987675922304334 44271.063420628241147
1377 42386.062682320167369 44312.719388331577647
1377.5 42412.251299709685554 44345.000200628492166
1378 42481.103650961253152 44418.388400751959125
1378.5 42527.399640079624078 44471.539471466094255
1379 42545.097946937705274 44499.716600600571837
1379.5 42521.404981672560098 44486.445980897187837
1380 42447.293172947174753 44415.295405202909024
1380.5 42482.97521688836423 44452.850068622770777
1381 42419.267764214477211 44396.341476876477827
1381.5 42416.822247087722644 44410.86327587901178
1382 42390.326150845779921 44393.494439964240883
1382.5 42506.860907820737339 44522.3395794440803
1383 42504.502488817721314 44530.96603931458958
1383.5 42537.217894740351767 44574.969627162485267
1384 42504.062512141084881 44549.784107157473045
1384.5 42498.888951157496194 44557.559859478664293
1385 42504.96893968621589 44569.024865328137821
1385.5 42559.068878495745594 44611.968745984035195
1386 42561.219315164606087 44619.314265616587363
1386.5 42584.181454643716279 44642.825737866522104
1387 42654.189830938987143 44718.64745489096822
1387.5 42627.822884953478933 44696.223491879936773
1388 42625.593765437253751 44703.331287079847243
1388.5 42718.649815395663609 44797.173782023994136
1389 42751.18502326032467 44844.157296108984156
1389.5 42776.560939852592128 44867.560702863775077
1390 42780.123880096238281 44880.494045226630988
1390.5 42835.301479115405527 44938.816669205923972
1391 42796.37424870445102 44907.740885065206385
1391.5 42751.02330019762303 44863.106819237291347
1392 42784.219228854759422 44909.089344583670027
1392.5 42786.401864210376516 44916.917852524064074
1393 42873.340971376179368 45012.464390552973782
1393.5 42929.242662214615848 45070.981505329138599
1394 42940.615581679099705 45089.863938901718939
1394.5 42975.439728372490208 45127.387925233946589
1395 42946.277527733029274 45107.813275906737545
1395.5 43055.495279859620496 45222.381773326087568
1396 43073.922745874311659 45249.448762962019828
1396.5 43046.20992094004032 45227.309814509790158
1397 42991.278093448912841 45184.962322361359838
1397.5 42994.638780920780846 45195.881969868387387
1398 42977.332478855751106 45192.207111656265624
1398.5 42910.848258076504862 45138.967329644139681
1399 42935.960257337123039 45176.593687915621558
1399.5 42951.800438682272215 45203.003018230025191
1400 42927.689331781446526 45175.288146889579366
1400.5 42841.561650256175199 45097.305107358653913
1401 42881.338995106860239 45143.578704828942136
1401.5 42924.11448401051166 45186.060820677361335
1402 42957.072245080329594 45213.27301444033219
1402.5 43035.767662472331722 45291.226367424627824
1403 43079.516718184328056 45342.691355494076561
1403.5 43107.008572191552958 45378.868239071955031
1404 43030.17615315256262 45302.188715217569552
1404.5 42950.035458063750411 45229.003015088033862
1405 42883.350988818863698 45174.836781843026984
1405.5 42845.619212629382673 45138.75882445089519
1406 42766.34577144641662 45071.218739755793649
1406.5 42768.428576815997076 45086.917612404213287
1407 42774.250131191256514 45109.863381764269434
1407.5 42779.107890262901492 45116.110863902897108
1408 42800.228301970892062 45151.503957386092225
1408.5 42776.851065515824303 45148.251217018572788
1409 42730.014289745682618 45110.593778501548513
1409.5 42755.186742310404952 45143.950484366905584
1410 42699.900090254101087 45082.449176064481435
1410.5 42818.7666573892202 45204.600892091570131
1411 42871.439903340833553 45259.42453875598585
1411.5 42898.59475133815431 45290.868984414795705
1412 42787.740922802164278 45196.726997723657405
1412.5 42715.338150957424659 45135.407488211065356
1413 42715.537344145108364 45145.690983688386041
1413.5 42684.66668692897656 45116.773846615607908
1414 42775.959926806099247 45215.079357258771779
1414.5 42749.292017969579319 45177.745088835028582
1415 42802.828619007879752 45231.484831601992482
1415.5 42721.555543461370689 45159.028450152749429
1416 42729.050032877887134 45168.609354122294462
1416.5 42766.707515397341922 45220.657749247977335
1417 42812.975808902621793 45267.687811446296109
1417.5 42731.51151547927293 45186.90521792499203
1418 42821.417352814984042 45287.483694383845432
1418.5 42769.264292773688794 45238.610904666893475
1419 42817.90497691303608 45292.065246511061559
1419.5 42876.512567501536978 45346.494642134370224
1420 42854.943516238163284 45332.10814551335352
1420.5 42838.498770286554645 45327.853817144285131
1421 43015.753669295852887 45510.260758218129922
1421.5 42967.245433038959163 45465.416879407770466
1422 42888.009364441568323 45393.240124879361247
1422.5 42976.285772991555859 45484.075261612102622
1423 43015.224216582471854 45526.641900588896533
1423.5 43019.602092349894519 45527.080699721671408
1424 43001.473369447579898 45514.565026317213778
1424.5 42991.846079994116735 45510.389425554894842
1425 42958.364983508145087 45485.720046083726629
1425.5 43034.963092772086384 45559.467250708519714
1426 43036.602603283979988 45569.798749486522865
1426.5 43078.046174972376321 45627.701418832570198
1427 43031.475630047803861 45588.307641256229545
1427.5 43010.905017641664017 45576.024375438420975
1428 43010.794119479854999 45588.701999975608487
1428.5 43037.330324885428126 45618.247910034020606
1429 43024.300323234012467 45611.706634204645525
1429.5 43078.718580667802598 45668.853859977527463
1430 43181.851326883021102 45771.843912688462297
1430.5 43259.854112713270297 45856.515832577868423
1431 43223.928894612014119 45829.852880132748396
1431.5 43218.873491998601821 45832.204327076316986
1432 43255.270555489398248 45871.649254933305201
1432.5 43251.769617774312792 45882.128587673687434
1433 43219.932357212426723 45852.655001562568941
1433.5 43254.330557758119539 45889.464067619534035
1434 43163.346349854189612 45812.169420255151636
1434.5 43195.970994933850307 45853.170000545760558
1435 43150.053871143602009 45809.381772907472623
1435.5 43103.175610758582479 45779.690817346541735
1436 43126.772932014573598 45798.988541452890786
1436.5 43058.953079275393975 45749.56854250147444
1437 43098.781533976492938 45801.237027918170497
1437.5 42964.949232470076822 45681.105580672374344
1438 42942.355500053941796 45665.562224412497017
1438.5 43027.259856326178124 45772.110368218825897
1439 42958.451418876524258 45716.029659357278433
1439.5 42907.253770402581722 45660.22037608485698
1440 42989.179632910876535 45746.273554487612273
1440.5 42997.600354989124753 45755.088702707158518
1441 43007.495719896498485 45782.494947035556834
1441.5 43015.413749970241042 45795.906164459825959
1442 42935.164665159638389 45720.536263343296014
1442.5 43039.400803239666857 45832.148365936700429
1443 42970.474204001919134 45770.524776361249678
1443.5 42978.609761346342566 45797.876470778574003
1444 43002.878198613012501 45831.352978370145138
1444.5 42964.461218982221908 45800.515294684155378
1445 42931.683301022312662 45771.443555041500076
1445.5 42998.707240477240703 45845.705524913209956
1446 42992.508177313793567 45847.853825749247335
1446.5 43023.282887358014705 45867.427018998118001
1447 43028.488148127740715 45886.206670962914359
1447.5 43041.605856288537325 45906.263632856956974
1448 43070.650908076662745 45940.185304767852358
1448.5 43117.177117193663435 45984.103088643118099
1449 43132.661650247537182 46002.809653177246219
1449.5 43207.660872854998161 46079.137336802370555
1450 43232.24217585354927 46104.440267858415609
1450.5 43140.681689608478337 46024.998681492055766
1451 43096.321994787314907 45985.677018949434569
1451.5 43261.479200122841576 46156.532860247243661
1452 43281.894392355905438 46178.095588464042521
1452.5 43188.971940167495632 46096.682944071137172
1453 43114.342924531483732 46032.874996589271177
1453.5 43112.365689352496702 46038.986966465286969
1454 43110.191036735770467 46048.490812905431085
1454.5 43104.925266964870389 46042.985607445720234
1455 43116.84447837027983 46061.074331817952043
1455.5 43022.950106399606739 45974.983020667023084
1456 43012.689271999646735 45975.278962976728508
1456.5 42939.58478970608121 45910.155464452021988
1457 42890.273951452953042 45876.986756796832196
1457.5 42897.035852581910149 45895.615640803931456
1458 42878.979285607172642 45886.091093090282811
1458.5 42988.718047877759091 46008.206387942402216
1459 42925.678360850499303 45953.924314068055537
1459.5 43001.969733558420558 46042.77057891835284
1460 43048.210310191396275 46081.123376771938638
1460.5 43043.400750838016393 46090.791515611308569
1461 42962.818534552810888 46024.966254242950527
1461.5 42960.631077225363697 46038.523314770493016
1462 43034.013821123800881 46110.009183487025439
1462.5 43022.922732783656102 46112.131898822182848
1463 43092.37510458320321 46177.975210957338277
1463.5 43064.927805357823672 46159.209918034597649
1464 43031.504682368409703 46132.432725590093469
1464.5 43004.39256086730893 46123.755121482616232
1465 43014.856509023491526 46144.707706277520629
1465.5 42932.527359718951629 46063.733977414340188
1466 43005.989643710825476 46148.173453805444296
1466.5 43012.650546587356075 46155.562931360153016
1467 42991.857421850370883 46145.759171780555334
1467.5 43058.894325452289195 46220.539622639604204
1468 43040.331946732534561 46200.232366282580188
1468.5 42980.991716258082306 46156.670825934183085
1469 42978.631232636609639 46166.868514957051957
1469.5 42933.21836865649675 46124.056294574860658
1470 42933.120813214874943 46141.203714957009652
1470.5 42958.653124339201895 46182.699729208099598
1471 42942.048458629978995 46170.250368546796381
1471.5 42907.727630583322025 46139.519111833658826
1472 42936.16525326451665 46174.427777931516175
1472.5 42853.746835454723623 46107.669299499859335
1473 42773.438121857245278 46036.816147679091955
1473.5 42866.760030602905317 46132.17187706581899
1474 42941.255848596796568 46193.413741115145967
1474.5 42853.287690783057769 46103.151716692722403
1475 42839.171008128658286 46101.194203952982207
1475.5 42819.352747193435789 46086.703766894970613
1476 42850.432833149789076 46116.433169447125692
1476.5 42907.079371192587132 46178.859366766635503
1477 42815.455214639870974 46084.03864928818075
1477.5 42784.381757054048649 46066.465617479589127
1478 42746.742838983765978 46037.345631216063339
1478.5 42733.914680273082922 46032.362871124365483
1479 42657.795444615847373 45961.929797759796202
1479.5 42754.618812027176318 46060.431914757609775
1480 42695.028489974982222 46020.227530315758486
1480.5 42652.587506575015141 46002.351605822012061
1481 42714.215965937270084 46067.817232885397971
1481.5 42722.426704778103158 46083.15762668762909
1482 42676.165064422275464 46041.266603561321972
1482.5 42790.439013149996754 46166.232715880723845
1483 42678.022289348475169 46054.220543206116417
1483.5 42688.466584491550748 46077.215084755087446
1484 42659.575072236242704 46065.438386670510226
1484.5 42664.785847895560437 46076.341518511973845
1485 42646.399660007526109 46065.490374030334351
1485.5 42634.130719971006329 46073.176010358489293
1486 42692.890808578071301 46129.658179599478899
1486.5 42625.302262949888245 46065.532354056544136
1487 42626.976840662398899 46067.366582336231659
1487.5 42589.221934261047863 46039.226281811264926
1488 42541.280656537142931 46007.286097371434153
1488.5 42538.344285216458957 46017.352912181959255
1489 42609.509313155351265 46094.152510693063959
1489.5 42500.912700694570958 45998.954768065341341
1490 42458.265861888648942 45971.985353903568466
1490.5 42356.310162337504153 45876.342602429911494
1491 42324.653839016165875 45850.857095915176615
1491.5 42324.447510840182076 45853.554764594453445
1492 42391.354125724406913 45927.621360854311206
1492.5 42434.382700228336034 45968.452561246820551
1493 42373.629024186942843 45914.097692038645619
1493.5 42485.107005109217425 46018.875744462944567
1494 42588.441640977500356 46124.034370231784123
1494.5 42556.415999580887728 46105.94941363689577
1495 42509.256079787730414 46078.806664534298761
1495.5 42564.924600150108745 46144.908578053007659
1496 42567.158469440488261 46145.556724809015577
1496.5 42541.010452110989718 46130.090484710402961
1497 42485.357012937020045 46082.108239519860945
1497.5 42457.908537220195285 46064.021183148688579
1498 42501.448370293124754 46120.301818002611981
1498.5 42489.77227808033058 46108.46692402962799
1499 42445.073633100873849 46077.662751463198219
1499.5 42394.094019291289442 46031.497320616384968
1500 42408.282443297219288 46052.362480010677245
1500.5 42395.32367366332619 46052.388353386966628
1501 42444.293254814067041 46109.954194208461558
1501.5 42435.715817297255853 46114.954019769225852
1502 42360.182166307575244 46041.458895165080321
1502.5 42374.869781967841845 46065.203992448507051
1503 42337.703406562955934 46022.656556011432258
1503.5 42385.772497161575302 46071.51320001881686
1504 42405.392636416596361 46097.245915559069545
1504.5 42434.728639248947729 46132.350382602358877
1505 42395.176395515685726 46100.896896487814956
1505.5 42367.425221340912685 46091.559324754052795
1506 42354.0701682224244 46077.071479714672023
1506.5 42338.751533620801638 46067.224504456193245
1507 42369.966062097431859 46106.240784203509975
1507.5 42412.916346499026986 46153.888161788927391
1508 42420.11031971709599 46166.031734041876916
1508.5 42404.606850777490763 46170.131769471467123
1509 42376.127997845323989 46153.847495836453163
1509.5 42348.557429331558524 46138.960492365979007
1510 42328.339466782628733 46134.952841517755587
1510.5 42221.07338583238743 46047.393775132448354
1511 42275.921745040534006 46122.542461042292416
1511.5 42228.798982201144099 46080.237509301376122
1512 42238.31919700835715 46102.744360253484047
1512.5 42192.854492345039034 46063.482130864511419
1513 42171.486515075805073 46043.508332692348631
1513.5 42136.846533573625493 46018.000799507412012
1514 42131.099413320160238 46021.080263214738807
1514.5 42203.316734480955347 46098.752493599771697
1515 42194.316256695688935 46088.41845556658518
1515.5 42214.932516777415003 46124.02688580348331
1516 42158.919091973235481 46084.414937165594893
1516.5 42096.529834551191016 46037.077095503576857
1517 42162.950751478609163 46104.160807012718578
1517.5 42116.966333964657679 46066.282360692726797
1518 42154.481908312802261 46123.004107809632842
1518.5 42137.839368567983911 46113.102531738986727
1519 42181.91407043342042 46166.963814457543776
1519.5 42136.876989881769987 46123.416046686870686
1520 42093.379201180388918 46083.864304432921926
1520.5 42161.112037020306161 46147.391775585878349
1521 42136.776839458318136 46127.677934641884349
1521.5 42162.849789029125532 46163.382378700305708
1522 42128.853458255602163 46127.529516229013097
1522.5 42224.082149013062008 46225.961404588480946
1523 42275.61839718255942 46286.040414534989395
1523.5 42212.720323063913384 46225.725640615950397
1524 42220.845092010160442 46240.736531908427423
1524.5 42208.511396376103221 46231.671494836642523
1525 42321.735682524755248 46360.349423227795342
1525.5 42303.449468676968536 46338.30174250008713
1526 42360.405017821802176 46413.921628607487946
1526.5 42335.392714927205816 46403.232935924424964
1527 42373.98468722483085 46433.986301855889906
1527.5 42367.254223827869282 46424.290683376631932
1528 42428.860707839186944 46486.227790798846399
1528.5 42456.727493551537918 46527.588614399952348
1529 42403.36287671597529 46481.394490443606628
1529.5 42489.646202108087891 46568.979387399667758
1530 42393.453254487227241 46479.069025483993755
1530.5 42508.674645669401798 46590.91636014872347
1531 42447.018945128074847 46533.499344691466831
1531.5 42544.60502206653473 46640.209141077953973
1532 42504.766962561632681 46600.117998427595012
1532.5 42541.236176345068088 46635.075070364931889
1533 42653.054735065867135 46748.959526608741726
1533.5 42667.093412032358174 46778.007536719393102
1534 42617.972774456939078 46731.372783194150543
1534.5 42583.812927091501479 46711.267009705283272
1535 42639.105806519452017 46769.860763016054989
1535.5 42655.836879449700064 46790.936359557344986
1536 42554.654162895683839 46704.945399358846771
1536.5 42571.560374115564628 46715.346178866166156
1537 42628.099757527561451 46775.768530421155447
1537.5 42592.923774871764181 46749.071026128272933
1538 42552.812869427776604 46727.094104102950951
1538.5 42585.579780845466303 46770.707022060494637
1539 42494.710774363302335 46684.45862066130212
1539.5 42521.35568361231708 46711.521182186283113
1540 42564.387480798366596 46750.282076910574688
1540.5 42631.429100021421618 46836.447521788824815
1541 42667.02925888493337 46870.625862102031533
1541.5 42616.550949143595062 46824.4791773064062
1542 42519.087092321147793 46743.401545826345682
1542.5 42532.686297180218389 46761.288225406555284
1543 42502.150986797445512 46729.485536798951216
1543.5 42585.413890992116649 46808.952884276062832
1544 42609.565904565752135 46848.279782721321681
1544.5 42736.091672750408179 46973.94720802341908
1545 42734.296820229901641 46994.805316131831205
1545.5 42632.743139842445089 46908.029243734148622
1546 42703.145124928283622 46985.256075168210373
1546.5 42743.629167928142124 47035.040721878533077
1547 42723.567672441095056 47026.869783608344733
1547.5 42685.544458577664045 46987.008341718894371
1548 42719.868707456822449 47023.725162297130737
1548.5 42726.162340669849073 47031.138581773760961
1549 42776.419584373252292 47086.36814019823214
1549.5 42782.696604321172344 47102.586124748973816
1550 42742.283947750649531 47076.956216150530963
1550.5 42690.395238025754225 47032.315377465973143
1551 42731.110375300158921 47090.052520172495861
1551.5 42821.836210721507086 47175.848654204135528
1552 42739.83406465468579 47101.289183293760289
1552.5 42700.379207679230603 47071.991569558551419
1553 42809.235849050986872 47186.803535181024927
1553.5 42782.504726945153379 47171.053073771152413
1554 42846.740980452006625 47241.46740157797467
1554.5 42844.425770473208104 47252.489510203806276
1555 42793.439025063176814 47216.635850756356376
1555.5 42792.805165251404105 47214.565074485857622
1556 42807.497186356762541 47230.003964284580434
1556.5 42733.154342570815061 47161.863429637029185
1557 42782.48278571019182 47214.365479219908593
1557.5 42751.093967427601456 47187.483095933930599
1558 42699.847709182242397 47147.489724995568395
1558.5 42803.236223429863458 47262.438410763767024
1559 42703.252959780715173 47162.11880377784837
1559.5 42748.449228834353562 47218.321930885693291
1560 42759.64745492257498 47228.515418854956806
1560.5 42802.889887556237227 47272.238106087061169
1561 42827.269930733251385 47301.558778607344721
1561.5 42871.778036311654432 47360.19259367959603
1562 42840.41163679442252 47330.533249166983296
1562.5 42837.973624379803368 47333.81307783783268
1563 42805.388760284462478 47308.891551115440961
1563.5 42920.240744612798153 47424.386237215338042
1564 42970.574144964833977 47466.562649299608893
1564.5 43005.049429601873271 47513.42661320453044
1565 43071.296737719931116 47587.072448496015568
1565.5 43027.587116130009235 47557.487261069320084
1566 43021.478636055253446 47564.885729411755165
1566.5 43022.589130308144377 47568.154223477846244
1567 42983.794677142985165 47526.160855724680005
1567.5 43035.801710906263907 47586.001904911572638
1568 43146.454403517083847 47703.195433422355563
1568.5 43084.618516226772044 47643.503379416673852
1569 43105.064014907162345 47670.713576809866936
1569.5 43105.499826062805369 47664.601902267975674
1570 43156.113714914252341 47737.473161149770021
1570.5 43201.360373839372187 47790.325348644641053
1571 43285.133606705494458 47885.553614365846443
1571.5 43190.447639404490474 47781.236536596363294
1572 43293.024044589386904 47899.485428352702002
1572.5 43323.630566095343966 47939.209971158161352
1573 43302.506301817804342 47925.356232916208683
1573.5 43289.70767110172892 47915.665687489163247
1574 43353.721763590030605 47984.112983498504036
1574.5 43261.111783341759292 47906.78990339369193
1575 43238.896464023164299 47890.593858918495243
1575.5 43253.900257264875108 47920.143970982608153
1576 43268.951169035564817 47950.703024810274655
1576.5 43257.674741886257834 47939.532871997776965
1577 43205.765608979731041 47899.494295208227413
1577.5 43343.192277563772222 48044.37016811594367
1578 43353.603907040262129 48049.98530797183048
1578.5 43372.536767897268874 48075.712018418809748
1579 43388.219679057219764 48100.575787911511725
1579.5 43424.838497903161624 48138.820160977775231
1580 43443.171198717151128 48161.379438064926944
1580.5 43527.505088284029625 48252.149635127585498
1581 43565.146160063079151 48303.662666523639928
1581.5 43649.155469482859189 48390.565274453700113
1582 43652.309239791720756 48395.545454906059604
1582.5 43536.523106986074708 48289.464497607550584
1583 43586.646250915393466 48348.666483973116556
1583.5 43676.984690478871926 48459.189915940994979
1584 43662.836400437146949 48452.900165114602714
1584.5 43615.121916822165076 48421.348498087856569
1585 43717.151077306400111 48527.638802818946715
1585.5 43735.616311801233678 48538.653146799697424
1586 43606.752769958482531 48430.323009900268517
1586.5 43641.673132805808564 48470.4638097615898
1587 43592.178860039748542 48439.547028315828356
1587.5 43603.382012513597147 48455.316994276297919
1588 43675.820719666524383 48534.725185491872253
1588.5 43654.041596929848311 48529.790984841056343
1589 43598.675359543805826 48484.902813438719022
1589.5 43522.345345059358806 48409.39670417416346
1590 43524.032848821232619 48421.568750108868699
1590.5 43386.883873274106008 48297.841496574852499
1591 43458.312231830226665 48376.722418272678624
1591.5 43551.659710353858827 48475.162409169905004
1592 43556.411422119716008 48488.552237396819692
1592.5 43463.148888933123089 48390.846515343182546
1593 43487.457391496573109 48433.710557092512317
1593.5 43529.552408449191716 48474.792390144299134
1594 43493.554339098642231 48444.698983711314213
1594.5 43493.334272207153845 48447.87121823830239
1595 43500.303536155348411 48460.163146515798871
1595.5 43576.351378411702171 48543.143698695123021
1596 43599.453765044832835 48577.58831725854543
1596.5 43571.594341032890952 48537.399708367185667
1597 43662.807513412444678 48635.427300114686659
1597.5 43765.447551323726657 48735.993664915680711
1598 43765.223628589439613 48737.071877464441059
1598.5 43706.086029059035354 48679.915689666879189
1599 43716.419516353409563 48703.744828409100592
1599.5 43642.228284580174659 48613.339681973280676
1600 43685.055495051841717 48660.931568365660496
1600.5 43577.811549798854685 48576.850784298032522
1601 43571.104482069924416 48588.46242859918857
1601.5 43567.207311554469925 48607.73624640305934
1602 43579.59694618859794 48630.192930761593743
1602.5 43571.427465087035671 48617.907364347134717
1603 43573.026063554199936 48631.344339182738622
1603.5 43524.376438195184164 48586.449766746161913
1604 43498.92854993736546 48552.105350062833168
1604.5 43527.874106098082848 48585.499758019010187
1605 43501.049103208257293 48553.61062989414495
1605.5 43665.783393353056454 48717.334770390880294
1606 43618.628543254715623 48674.817195629213529
1606.5 43565.688061936096346 48631.680404321923561
1607 43534.135805056437675 48606.847360300846049
1607.5 43481.070269920695864 48552.463092484198569
1608 43487.28842255964264 48585.360848001335398
1608.5 43426.430251923724427 48523.521765527199022
1609 43482.668480466025358 48582.770684476236056
1609.5 43486.046248511054728 48601.387310766374867
1610 43450.859099817913375 48575.979826541384682
1610.5 43441.309714749055274 48583.798603993134748
1611 43413.758056792299612 48572.869344013699447
1611.5 43451.208664510028029 48612.26976352102065
1612 43499.014213638176443 48654.655663432415167
1612.5 43501.407999264178216 48662.997243454723503
1613 43545.272053618988139 48726.408373498386936
1613.5 43500.438622380512243 48681.661435850619455
1614 43489.746986947728146 48678.572556141618406
1614.5 43490.581675851462933 48683.830405824788613
1615 43552.156171856055153 48757.199165036945487
1615.5 43476.706696234090487 48679.580246511839505
1616 43494.60183264882653 48695.411823332018685
1616.5 43518.94893376698019 48724.490402585783158
1617 43499.301392958324868 48714.017780765934731
1617.5 43476.833520704160037 48700.022374037092959
1618 43520.656576037843479 48752.023907714923553
1618.5 43497.748038086458109 48728.109303766737867
1619 43523.74169700636412 48772.709309356861922
1619.5 43490.970599464519182 48753.649768710958597
1620 43458.345152693960699 48728.945551330914896
1620.5 43423.466486570694542 48699.734868359279062
1621 43429.936823038064176 48710.969916845548141
1621.5 43536.523865200921136 48826.023906284375698
1622 43572.224142903076427 48864.801350477995584
1622.5 43610.635404290682345 48902.40443492475606
1623 43729.641569847779465 49027.545139844267396
1623.5 43711.790242731607577 49008.052145553672744
1624 43737.834053710677836 49042.287386907941254
1624.5 43729.511809929565061 49032.713858561815869
1625 43726.712621797065367 49027.505885181242775
1625.5 43779.602785945477081 49096.279621448498801
1626 43815.379711471388873 49146.929581889344263
1626.5 43786.924486470510601 49136.093326425456326
1627 43766.808850014844211 49124.322637193035916
1627.5 43848.120625707997533 49220.713009773353406
1628 43803.792339021572843 49180.291866060128086
1628.5 43891.139994970391854 49273.280092769680778
1629 43912.066930305249116 49289.880281527424813
1629.5 43916.7376740700347 49311.593987155501964
1630 43908.588095873135899 49309.933237057157385
1630.5 43840.407362948913942 49251.547857065197604
1631 43864.728736642209697 49273.276979016583937
1631.5 43858.960263516346458 49278.067359369430051
1632 43825.757523040876549 49263.822967105545104
1632.5 43793.154179791643401 49229.716454113804502
1633 43758.546039722205023 49202.28761794782622
1633.5 43751.115055192334694 49204.305584371119039
1634 43678.259269257010601 49140.581435833708383
1634.5 43607.823004453341127 49076.08359662379371
1635 43637.910917300723668 49109.585960476426408
1635.5 43634.543657789152348 49098.649308556610777
1636 43683.732586214864568 49155.488052637432702
1636.5 43651.293885221421078 49141.111134768580087
1637 43680.992247804548242 49173.362790979699639
1637.5 43674.652444086881587 49176.455732701484521
1638 43550.412155243669986 49059.580543516931357
1638.5 43638.274356637375604 49155.043771197226306
1639 43637.608617506877636 49158.984805875006714
1639.5 43690.642182849231176 49233.011226172144234
1640 43726.897377641005733 49260.241868922901631
1640.5 43727.19783862082113 49253.075517698234762
1641 43722.746888452071289 49253.294860621776024
1641.5 43723.13614677827718 49260.757843377439713
1642 43710.465499037927657 49253.858463969991135
1642.5 43755.124277272923791 49301.25502036796388
1643 43682.191221559711266 49231.300384134665364
1643.5 43790.945528473588638 49361.314694959888584
1644 43887.471196693251841 49458.726454299496254
1644.5 43880.6879067096379 49454.199414072209038
1645 43942.282196700252825 49519.792175431066426
1645.5 43939.397224769505556 49513.656751019931107
1646 43975.427229396227631 49543.857104094051465
1646.5 44049.017892349096655 49638.412258082105836
1647 44046.320721443036746 49636.429680236549757
1647.5 44112.518147987153498 49714.331950186395261
1648 44122.263805006761686 49724.214402555357083
1648.5 44137.800983990317036 49740.705275607775548
1649 44123.050317718203587 49739.043188061543333
1649.5 44199.240429573881556 49819.094322656048462
1650 44181.121692799089942 49804.82518887968763
1650.5 44051.666799327475019 49674.425970740623598
1651 44064.495883619660162 49679.744069953536382
1651.5 44167.903803208006138 49795.595334327495948
1652 44164.572287416827749 49799.933304717800638
1652.5 44141.621497959597036 49781.362596761406166
1653 44179.012421511302819 49828.170289279507415
1653.5 44235.604592371630133 49887.468997078991379
1654 44199.851215616450645 49855.921146954933647
1654.5 44162.288020124724426 49816.755268336397421
1655 44210.656594992644386 49863.644047425659664
1655.5 44179.250888204696821 49833.874788094253745
1656 44180.86612595054612 49849.270690396813734
1656.5 44189.912385430026916 49863.400568542580004
1657 44123.244306403270457 49797.832020460031345
1657.5 44110.020751412434038 49797.613772891549161
1658 44090.594772740390908 49787.57511245032947
1658.5 44132.736058576127107 49832.816955196562049
1659 44080.689334204900661 49786.078534646578191
1659.5 44071.306525099615101 49792.710123773598752
1660 44013.205992329283617 49739.159997899005248
1660.5 44092.319318871239375 49821.480395491758827
1661 44149.16824705759791 49875.697065683685651
1661.5 44131.92579591350659 49867.566423845404643
1662 44161.18733117627562 49900.30851614306448
1662.5 44176.744648888612574 49897.59362661306659
1663 44173.357775489945197 49898.891206188760407
1663.5 44159.665471578511642 49891.552843728131847
1664 44172.621013753450825 49917.085927294159774
1664.5 44203.057019583880901 49941.90224211133318
1665 44236.458944437748869 49977.925410539945005
1665.5 44221.331247840527794 49978.027539189693925
1666 44268.79070052793395 50035.081065382888482
1666.5 44247.625623442931101 50003.702568847162183
1667 44334.564900597666565 50096.495773764865589
1667.5 44337.633035685903451 50101.325353286963946
1668 44355.708356902352534 50123.576590841817961
1668.5 44440.167478360628593 50215.171180624020053
1669 44460.516786404448794 50258.851207959080057
1669.5 44553.777075339450676 50357.180731284519425
1670 44566.634875556526822 50383.695942760539765
1670.5 44422.567554811932496 50240.511326643449138
1671 44490.606613005926192 50322.204711927261087
1671.5 44431.071353681494656 50279.783744173895684
1672 44360.250657788645185 50220.062985271091748
1672.5 44422.813848028948996 50280.357616466346371
1673 44403.124328389800212 50263.095863777583872
1673.5 44433.325334545057558 50305.964542987021559
1674 44426.011518663457537 50314.569633089362469
1674.5 44501.946831416265923 50394.124030758735898
1675 44554.436079387036443 50451.69294075097423
1675.5 44545.424046117666876 50452.505404649018601
1676 44529.24703929144016 50444.99171826105885
1676.5 44603.098366431782779 50530.800076186038496
1677 44598.797379876879859 50529.502604915403936
1677.5 44606.626500057362136 50546.047677284564998
1678 44633.740001189085888 50576.060466729548352
1678.5 44585.993083834298886 50536.705195224167255
1679 44545.874709653064201 50496.265826933340577
1679.5 44619.177578602881113 50577.577720463348669
1680 44669.594575070717838 50656.228798511685454
1680.5 44632.093889709336509 50619.814234498262522
1681 44659.563599970104406 50657.764106969567365
1681.5 44652.926761413946224 50651.653490508040704
1682 44605.293005535575503 50607.06845978358615
1682.5 44545.639766309483093 50557.129042755455885
1683 44643.558759609244589 50660.530101439348073
1683.5 44639.59294386626425 50658.723516112680954
1684 44702.983483346717549 50732.43282586344867
1684.5 44742.254691269241448 50775.381306066083198
1685 44732.792308477793995 50766.568871960000251
1685.5 44718.772488260226964 50762.870647431765974
1686 44718.317732715848251 50772.819131277894485
1686.5 44704.560197887672985 50754.332236352871405
1687 44707.654991081828484 50773.660644072799187
1687.5 44814.676775954700133 50884.491529640916269
1688 44805.137202137470013 50875.493676275385951
1688.5 44774.582972273310588 50847.884239362523658
1689 44829.086644150840584 50918.823670004872838
1689.5 44900.336337129308959 50988.179508193803485
1690 44893.554427484137705 50980.519100191559119
1690.5 44934.310964073476498 51027.032498839129403
1691 44914.159592731310113 51004.371482047921745
1691.5 45024.831906447761867 51119.641297232235956
1692 44973.38897322480625 51053.802780603888095
1692.5 45073.959723552441574 51163.359122443449451
1693 45089.474398276346619 51203.732393243641127
1693.5 45086.310372364525392 51210.397675721367705
1694 45158.102108987259271 51289.189845519642404
1694.5 45270.203258400331833 51415.112198806673405
1695 45252.930727282837324 51404.220362946012756
1695.5 45258.528706988530757 51424.538772693864303
1696 45353.984669189718261 51526.600863044986909
1696.5 45420.241128610774467 51593.366335932507354
1697 45416.90184492701519 51597.675056797510479
1697.5 45323.072467236568627 51521.080897182975605
1698 45304.845187846171029 51506.715131975164695
1698.5 45314.257520480663516 51529.018188477159129
1699 45271.202659954171395 51494.797729651960253
1699.5 45246.029790260603477 51464.678632919079973
1700 45207.006476794333139 51436.243786986597115
1700.5 45273.3777205092847 51516.141034102372942
1701 45308.507106182507414 51557.031517946226813
1701.5 45391.061863090893894 51658.888041635967966
1702 45434.424296483775834 51697.777054822494392
1702.5 45354.328399877435004 51614.34994082654157
1703 45344.928869890034548 51625.357128592695517
1703.5 45389.599567230739922 51681.365497620812675
1704 45493.335969533989555 51786.880150566306838
1704.5 45554.885702613384638 51861.088605502503924
1705 45516.478146137953445 51824.335973286055378
1705.5 45441.733977726187732 51766.152722120903491
1706 45429.426533301062591 51768.973824995853647
1706.5 45403.171314701845404 51740.464200232185249
1707 45314.095466510290862 51656.076790509541752
1707.5 45236.810825382919575 51585.721175257589493
1708 45228.792005384828371 51585.104000840459776
1708.5 45275.394700494369317 51644.146424334656331
1709 45295.571408951815101 51669.175628003416932
1709.5 45418.306188699112681 51786.377128752174031
1710 45471.567460421545547 51852.211834989633644
1710.5 45394.344382384595519 51786.753732310658961
1711 45366.141977384657366 51759.434705310995923
1711.5 45254.923187338172283 51666.408721513238561
1712 45335.242930668129702 51749.208682634329307
1712.5 45257.625581734711886 51666.248305689434346
1713 45386.89485413114744 51808.80885842940188
1713.5 45377.7868168083005 51814.908268073762883
1714 45414.568224819311581 51847.600244019253296
1714.5 45457.652585793315666 51886.186558572764625
1715 45410.077205579633301 51846.514105581620242
1715.5 45378.688700650724059 51815.480320963732083
1716 45455.275450670458667 51900.051183110779675
1716.5 45339.055352761715767 51800.452201388347021
1717 45381.934946391615085 51852.3591469460589
1717.5 45474.3183870967041 51953.555746950536559
1718 45416.136309324436297 51889.066814663965488
1718.5 45455.351464119863522 51917.160693021913175
1719 45504.300938471453264 51977.15874471628922
1719.5 45605.862336486192362 52074.371486078409362
1720 45580.97405820802669 52057.165208373859059
1720.5 45475.083307812536077 51956.50147469220974
1721 45558.301271036012622 52061.949029315859661
1721.5 45565.148708307104243 52052.079199309759133
1722 45565.196081143782067 52056.907743301570008
1722.5 45510.23409479327529 52011.028513219207525
1723 45591.288512923892995 52102.420600517565617
1723.5 45585.652630872304144 52080.166348517581355
1724 45715.44276605322375 52229.696814085400547
1724.5 45753.460926957406627 52261.82324241760216
1725 45696.659665092651267 52214.822283078916371
1725.5 45794.38112804893899 52314.939113204411115
1726 45724.619040748213592 52246.698766120600339
1726.5 45758.122134861710947 52295.996211985242553
1727 45713.21011684241239 52239.445725548583141
1727.5 45821.721792574913707 52374.426313126597961
1728 45881.59028135673725 52438.784827122894058
1728.5 45890.006455374124926 52456.169584096387553
1729 45928.716423807520187 52497.536319119833934
1729.5 45949.594052660366287 52522.695534608406888
1730 45947.879216254412313 52531.997825223312248
1730.5 45915.147883638142957 52497.939186787465587
1731 46026.105475278840458 52622.031986352849344
1731.5 46032.645490156799497 52604.49063888299861
1732 46032.451590960728936 52614.616764141486783
1732.5 46072.274228790811321 52651.015855664467381
1733 46140.595490873347444 52743.234023845434422
1733.5 46098.15621463428397 52701.092355661676265
1734 46167.278440201283956 52764.446629730249697
1734.5 46068.979217835811141 52679.753797223027505
1735 45979.536733307875693 52615.251413690006302
1735.5 45946.576601381311775 52601.512416825484252
1736 45864.935522542706167 52528.955833713960601
1736.5 45940.520417657658982 52601.649011863737542
1737 45984.061295338724449 52644.07654983647808
1737.5 46063.032419661547465 52739.57448237445351
1738 46065.310899873657036 52744.915361830309848
1738.5 46034.42989124891028 52713.909726017693174
1739 45985.920439139023074 52679.632769548472425
1739.5 45928.224697946039669 52637.300104351532354
1740 45949.648975456024345 52659.499137485770916
1740.5 45959.423171844871831 52679.872439557191683
1741 45973.007301986443053 52698.623355032708787
1741.5 46060.047825409950747 52792.676619453079184
1742 46087.978739154292271 52831.985816159569367
1742.5 46213.113812366129423 52951.657672541812644
1743 46227.040038138635282 52976.010504969519388
1743.5 46281.072392044290609 53042.722376286648796
1744 46262.483313572680345 53028.993573680658301
1744.5 46273.647020423828508 53050.041599825366575
1745 46295.392908935777086 53066.636650234904664
1745.5 46271.06996665992483 53058.273317635954299
1746 46227.371895546784799 53011.087569114235521
1746.5 46255.930199486363563 53063.833505710143072
1747 46224.358526009847992 53032.69336992566241
1747.5 46127.853447300549306 52940.784505587427702
1748 46211.167728740547318 53026.310369320111931
1748.5 46242.849255932123924 53073.647677406646835
1749 46250.035843081204803 53089.579334384383401
1749.5 46179.319980246073101 53004.104646624313318
1750 46122.572682650432398 52952.149516515055439
1750.5 46096.758421637052379 52944.961744980071671
1751 46163.943517790852638 53021.417245109623764
1751.5 46235.334420263927313 53105.378826959204162
1752 46244.526008848908532 53126.491151086578611
1752.5 46174.078150360634027 53048.609023131983122
1753 46236.763074192720524 53122.013513901547412
1753.5 46154.600175134284655 53031.062025412567891
1754 46206.298054245227831 53104.749520710116485
1754.5 46151.784649784603971 53049.373110811808147
1755 46184.659133531131374 53103.645913438296702
1755.5 46271.00980042219453 53200.696285004007223
1756 46281.53303365893953 53210.562032575166086
1756.5 46316.850460592795571 53255.148500435017922
1757 46428.984865664562676 53380.751977971347515
1757.5 46309.352424970471475 53252.86836375889834
1758 46393.423929747492366 53344.402283521012578
1758.5 46416.164112716629461 53378.180915050652402
1759 46469.640956092152919 53447.113018523261417
1759.5 46477.83477578379825 53450.017460648712586
1760 46607.966577998085995 53584.71107833556016
1760.5 46625.196522604310303 53602.265627215623681
1761 46604.568538553598046 53595.333037208642054
1761.5 46545.923099517691298 53559.360236536216689
1762 46490.147410717079765 53502.791321595679619
1762.5 46501.924449223675765 53519.464777830078674
1763 46405.672113572909439 53429.21882580001693
1763.5 46312.166495902085444 53347.114280444075121
1764 46375.693059961944527 53418.878838839351374
1764.5 46430.173108475835761 53466.947203323237773
1765 46472.820677404422895 53519.878900618066837
1765.5 46328.802871430161758 53391.546404628556047
1766 46277.279901818925282 53341.098092420856119
1766.5 46376.044831986793724 53422.10816089407308
1767 46312.436615496102604 53371.138737724271778
1767.5 46384.787784628766531 53456.730460800885339
1768 46443.951993605136522 53521.729506337163912
1768.5 46546.11448711543926 53624.810672904677631
1769 46475.061046826318488 53556.472227951453533
1769.5 46542.812026681436691 53640.03015297017555
1770 46598.124323873700632 53697.004730355925858
1770.5 46543.665611888864078 53641.321176022625878
1771 46580.998681835582829 53691.739985972264549
1771.5 46614.029211080880486 53729.00982554397342
1772 46659.454967099234636 53779.093569939905137
1772.5 46649.345869434939232 53770.805356313314405
1773 46671.442219038799522 53782.756959532402107
1773.5 46788.062944307537691 53920.396323433487851
1774 46776.847141039506823 53919.054841516292072
1774.5 46807.538671940521454 53951.628509193411446
1775 46801.918852224749571 53957.977170066747931
1775.5 46840.640356500982307 54009.597053865261842
1776 46816.168895930335566 53988.988466134753253
1776.5 46815.365331750406767 54005.726892534461513
1777 46862.90550617815461 54070.235436542257958
1777.5 46886.978204275481403 54101.193049119552597
1778 46964.816991038707783 54167.886436056178354
1778.5 47026.514383284411451 54231.427001253250637
1779 47077.690133902884554 54292.168012157388148
1779.5 47131.944468678797421 54364.767978260315431
1780 47204.698035371933656 54442.941990483879636
1780.5 47174.044245559198316 54424.764283042146417
1781 47042.664742443208524 54283.02612102033163
1781.5 47027.92829407093086 54285.083673440880375
1782 47017.002831751175108 54290.484391427562514
1782.5 47014.904193839800428 54283.036171018778987
1783 46925.115194970698212 54203.406752461269207
1783.5 46848.564656134636607 54135.3687022879094
1784 46836.736885512749723 54135.892520621600852
1784.5 46773.462249384559982 54082.747337176602741
1785 46618.7504089185677 53925.543943302116531
1785.5 46641.579029758875549 53968.147312907829473
1786 46595.088940763271239 53933.469332277105423
1786.5 46582.689671593034291 53937.483995683949615
1787 46480.174318746983772 53825.063668350907392
1787.5 46528.786714011970616 53890.304804361971037
1788 46480.87592190754367 53847.20910480209568
1788.5 46482.935666131452308 53859.107743752363604
1789 46544.935294085240457 53934.349351533608569
1789.5 46493.331698438574676 53895.023703217462753
1790 46436.893755817785859 53852.984852551249787
1790.5 46460.971793271841307 53884.100301842925546
1791 46474.169487462415418 53917.238048061437439
1791.5 46365.849219083138451 53806.855375928396825
1792 46292.337744693846616 53743.106516641513736
1792.5 46381.73226633205195 53846.801006389287068
1793 46401.942092890574713 53877.300298546579143
1793.5 46420.507708401557466 53897.90208666651597
1794 46481.483703958736442 53951.867301311460324
1794.5 46433.14723251133546 53913.803247933159582
1795 46390.529451549555233 53887.253565247781808
1795.5 46322.978190339941648 53820.782400668431364
1796 46367.664683071976469 53885.359049621336453
1796.5 46336.082845722339698 53855.327768193805241
1797 46261.016178107158339 53783.360541359790659
1797.5 46318.588534231181256 53862.395672026919783
1798 46217.796737283795665 53767.420468790143786
1798.5 46210.199896003534377 53771.729307848647295
1799 46243.666309531654406 53800.58398170844157
1799.5 46301.11557628949231 53868.718156298724352
1800 46303.842195946403081 53878.222152320624446
1800.5 46316.964555893850047 53886.136848926929815
1801 46410.036867659226118 53993.501472684081818
1801.5 46364.550624419243832 53937.108366514607042
1802 46299.141741617924708 53893.271789978847664
1802.5 46359.814984156044375 53963.344203308057331
1803 46371.810434198079747 53977.205940922656737
1803.5 46309.640085051498318 53920.943461291935819
1804 46379.393451677598932 54005.712868363465532
1804.5 46385.777221464173635 54018.939371662490885
1805 46344.783181448859978 53982.998091605688387
1805.5 46412.781752437942487 54048.924891645619937
1806 46528.471647772930737 54176.886016825876141
1806.5 46565.649242374362075 54216.488084172124218
1807 46574.199847608942946 54224.122994509169075
1807.5 46651.588729936935124 54314.673446324428369
1808 46727.922912375928718 54399.32009011865739
1808.5 46696.917122597827984 54362.19141766679968
1809 46799.5065976401238 54487.395632669664337
1809.5 46827.428575790007017 54527.710367625615618
1810 46911.909746384320897 54623.056358572590398
1810.5 46886.266080586639873 54596.406284778131521
1811 46987.39414032590139 54712.974930774682434
1811.5 47105.64831155675347 54839.22848565478489
1812 47122.858138028437679 54861.523074776101566
1812.5 47158.650795817928156 54904.755398149725806
1813 47175.444643871858716 54937.109247063468501
1813.5 47155.917843728981097 54926.139281237818068
1814 47093.372815085975162 54869.244934048540017
1814.5 47112.694652878228226 54879.776941132855427
1815 47137.712254698963079 54910.448341594834346
1815.5 47146.480175450706156 54928.773320864362177
1816 47230.335135995374003 55014.365661370560701
1816.5 47241.449386670283275 55026.621533274919784
1817 47179.688434484982281 54965.115976929591852
1817.5 47242.863871903806285 55036.129353809497843
1818 47357.172649966647441 55154.983952238755592
1818.5 47387.017261327200686 55185.895864315476501
1819 47344.539552382062539 55151.162958382083161
1819.5 47235.056572634406621 55046.830566068900225
1820 47218.752233517159766 55043.087204952236789
1820.5 47275.634208561750711 55096.56272200049716
1821 47211.155543712178769 55032.457389635033906
1821.5 47267.949670984766271 55107.407663211641193
1822 47240.216335072902439 55093.399606873703306
1822.5 47291.836784517203341 55147.919069542665966
1823 47214.140311866402044 55080.844628614511748
1823.5 47186.070694953581551 55046.524141364447132
1824 47231.965328021258756 55094.741094019205775
1824.5 47132.645869982239674 55002.419033605801815
1825 47090.201308285126288 54955.649209064853494
1825.5 47142.944323629279097 55017.196124952388345
1826 47172.509187163486786 55061.182035749814531
1826.5 47087.574011517681356 54987.686236075518536
1827 47204.988604460420902 55117.819704965346318
1827.5 47087.325930253013212 54999.772929776263481
1828 47096.1528039078039 55019.996771799262206
1828.5 47161.879361809136753 55087.932542217553419
1829 47046.317315061940462 54980.914748684816004
1829.5 47047.81407257871615 54981.446631488826824
1830 47110.612377411824127 55039.200265808598488
1830.5 47150.194937371794367 55070.856663040809508
1831 47212.634544451386319 55160.051695812449907
1831.5 47173.488105826538231 55139.128936962486478
1832 47189.953498787566787 55160.970004013288417
1832.5 47131.147183232962561 55103.433918740898662
1833 47102.087145990903082 55067.932827831245959
1833.5 47157.818753878025746 55139.316933836438693
1834 47137.953290871737408 55125.488421696645673
1834.5 47092.134042397468875 55087.558756144200743
1835 47033.865628002946323 55040.439465056573681
1835.5 46947.274228878268332 54958.864102259176434
1836 47023.260345024653361 55043.100944546851679
1836.5 47002.5478142181164 55021.011721721202775
1837 47035.983168482023757 55062.425850632978836
1837.5 46997.464390508539509 55043.002812685685058
1838 46876.028307130167377 54925.912442389235366
1838.5 46863.967577997012995 54915.291913896202459
1839 46935.998561741405865 54995.327791265277483
1839.5 46990.407863437591004 55054.915936369667179
1840 47098.127391624097072 55177.491095332792611
1840.5 47121.808747227049025 55217.806118082451576
1841 47100.228731225179217 55201.653535603378259
1841.5 46990.550942802328791 55092.279977620833961
1842 46970.712554803576495 55088.675246294995304
1842.5 47075.108135225513251 55200.287043257398182
1843 47200.344393873594527 55324.867940038900997
1843.5 47255.586892645238549 55376.825648805948731
1844 47237.694983672852686 55365.86761390871834
1844.5 47231.745049561563064 55371.136710356811818
1845 47314.535840150565491 55462.023735930750263
1845.5 47299.88791461288929 55449.698437554776319
1846 47285.387457106247894 55445.331868138513528
1846.5 47290.472568710341875 55457.06957404086279
1847 47298.878555767812941 55475.135682813503081
1847.5 47261.426215003208199 55437.7055256011663
1848 47265.769290473333967 55452.016768159985077
1848.5 47260.777203929894313 55448.69136846751644
1849 47182.66117032909824 55392.670030479210254
1849.5 47165.275324811562314 55373.085461037320783
1850 47256.28152603651688 55481.278684669101494
1850.5 47184.683948509140464 55419.409764741372783
1851 47110.965304164892586 55337.632169246659032
1851.5 47158.571348974830471 55405.978834506851854
1852 47152.191230507291039 55409.980010329156357
1852.5 47144.675731301256747 55411.841243498565746
1853 47255.163737786744605 55538.595730414592254
1853.5 47146.439290438538592 55421.577565043742652
1854 47148.370865914774186 55433.081537526159082
1854.5 47265.65891772035684 55570.909001923835604
1855 47180.653556250916154 55473.060796841236879
1855.5 47221.715688343421789 55529.670338505435211
1856 47405.581744381110184 55722.242939082607336
1856.5 47411.064337859599618 55738.6125013008932
1857 47370.828434808616294 55698.583920840996143
1857.5 47362.502375315852987 55691.989888616786629
1858 47355.983243649294309 55695.968835469502665
1858.5 47468.9518315596506 55820.476802619567025
1859 47484.930650837530266 55844.341118769283639
1859.5 47484.953611556193209 55854.660806001113087
1860 47571.247091695062409 55947.548549787148659
1860.5 47553.580653280034312 55923.693575403238356
1861 47620.452149634598754 55986.88097522885073
1861.5 47639.259529218987154 56003.477668416686356
1862 47584.966686276100518 55972.49212774343323
1862.5 47665.048478411285032 56055.864723135673557
1863 47648.410614987704321 56068.715719591025845
1863.5 47560.383857530607202 55977.123851842625299
1864 47634.9411957252305 56065.545102073214366
1864.5 47762.899505027438863 56215.020904756245727
1865 47758.452691222009889 56207.975463698414387
1865.5 47797.911529136545141 56256.647262637554377
1866 47772.094643547454325 56237.82342580043769
1866.5 47893.336681536231481 56359.707995717712038
1867 47872.393964987124491 56351.572864893081714
1867.5 47850.639475587187917 56344.96527869845886
1868 47891.679462989362946 56390.113831489972654
1868.5 47819.832635380385909 56337.326177270697372
1869 47703.598269497786532 56215.858659515877662
1869.5 47680.90623045792745 56207.055438660274376
1870 47677.305100318146287 56211.416602326338761
1870.5 47697.360141192206356 56236.988939231654513
1871 47749.402038075117161 56292.448138664774888
1871.5 47806.696744384367776 56360.68924529573269
1872 47752.316217767147464 56300.105966974973853
1872.5 47782.42228428494127 56324.317235132555652
1873 47730.105374343525909 56286.236196597026719
1873.5 47727.59107581742137 56295.348164860093675
1874 47891.51391017685819 56467.338310511600866
1874.5 47900.578962204352138 56475.041354807275638
1875 47900.146109329456522 56488.245291288287262
1875.5 47891.981231591693358 56474.767336287950457
1876 47873.329447672273091 56456.143990733144165
1876.5 47862.129329754017817 56466.906343047849077
1877 47825.993053489546583 56437.185132356658869
1877.5 47756.201818500703666 56367.006064287495974
1878 47830.739758414034441 56462.076747479877668
1878.5 47931.434715936964494 56569.974610563454917
1879 47887.799630039626209 56515.638175343614421
1879.5 47851.43327890625369 56500.183820562175242
1880 47749.223123080373625 56401.613444547198014
1880.5 47695.722685364205972 56352.344145309383748
1881 47660.530587642380851 56324.009064726007637
1881.5 47703.670514446806919 56386.242797211358265
1882 47805.587421608135628 56509.405687168917211
1882.5 47795.2391209011912 56492.089785088377539
1883 47817.137612951293704 56528.64215630889521
1883.5 47810.088790145273379 56531.380249568661384
1884 47829.484093323029811 56554.286904701279127
1884.5 47813.219570077861135 56518.680021084037435
1885 47935.302899929600244 56660.821250297201914
1885.5 47876.923853970190976 56625.448519170269719
1886 47829.710806655137276 56580.397739946798538
1886.5 47858.656293822925363 56613.328950893315778
1887 47866.615523717053293 56626.130031797554693
1887.5 47832.378526866523316 56600.327809147041989
1888 47685.2549918907971 56451.671123772910505
1888.5 47812.680854431637272 56600.17966735772643
1889 47826.554463092172227 56603.07035464663204
1889.5 47815.358597665304842 56604.097023723850725
1890 47813.578662139450898 56604.403591161018994
1890.5 47724.878455027457676 56511.176272042255732
1891 47849.74281906147371 56650.044292780650721
1891.5 47797.859325765093672 56603.972165188068175
1892 47841.748781082591449 56658.399647071615618
1892.5 47837.94532369915396 56666.919991361697612
1893 47797.940444954816485 56637.088490151370934
1893.5 47800.598526069290529 56637.883542102528736
1894 47886.74526765527844 56735.658434435725212
1894.5 47941.507678382120503 56805.010930360491329
1895 48003.849591645412147 56889.911472331259574
1895.5 47931.168051483706222 56805.186494340356148
1896 47973.662717793260526 56852.699885486588755
1896.5 47880.809673096890037 56780.21001880147378
1897 47968.834549770275771 56859.03653003211366
1897.5 48090.451629351220618 56993.535772457405983
1898 48119.784572070988361 57035.443923392034776
1898.5 48077.848801397667557 56999.608302706401446
1899 48097.618506089573202 57026.736496622936102
1899.5 48102.981815744526102 57033.862450788401475
1900 48056.913772049942054 56997.228207887754252
1900.5 48064.374838709612959 57016.739318048719724
1901 47974.856071872549364 56919.549718449998181
1901.5 47973.216686090803705 56933.459667624294525
1902 47892.416494696990412 56859.330348411960586
1902.5 47893.90861734484497 56876.796565056276449
1903 47958.653322921920335 56947.704162467103743
1903.5 48073.496739750706183 57062.345865808623785
1904 48015.687701522874704 57018.210537398146698
1904.5 48031.053185624754406 57030.236529894493287
1905 48092.404471817448211 57088.007307610852877
1905.5 47954.290329722229217 56954.895400805675308
1906 47922.76326356989739 56926.717302040327922
1906.5 47829.978321042115567 56849.059749495288997
1907 47799.18252504949487 56816.138174757987144
1907.5 47820.7100715471679 56831.424174947060237
1908 47738.781611149483069 56758.935041980119422
1908.5 47754.722934672790871 56776.127580429303634
1909 47795.037999643020157 56835.77864236143796
1909.5 47709.066815896359913 56759.518959047920362
1910 47762.196731973373971 56833.084545917037758
1910.5 47790.465487378554826 56855.331000635575037
1911 47834.043907011888223 56919.939253495911544
1911.5 47860.659798038563167 56945.258238537964644
1912 47926.213899267779198 57005.956122139177751
1912.5 47988.225419798698567 57091.595636972298962
1913 47997.599060691907653 57099.548647527990397
1913.5 47945.101603599461669 57041.533345167161315
1914 48048.152814337227028 57167.820727746206103
1914.5 48078.053059466146806 57190.169285900716204
1915 48219.020493734176853 57335.072128978325054
1915.5 48155.113374649838079 57282.224976821729797
1916 48185.121788875272614 57322.722951983429084
1916.5 48164.636896447613253 57291.218237945300643
1917 48192.261944662117457 57325.200729800591944
1917.5 48152.971521800216578 57284.123292108182795
1918 48320.736462518645567 57467.85130602082063
1918.5 48298.354942582998774 57452.043490220195963
1919 48235.231637833821878 57377.849033240949211
1919.5 48161.593372557188559 57314.724699713275186
1920 48124.765529285701632 57292.709474329480145
1920.5 48100.949917095291312 57277.050872390231234
1921 48218.948919584094256 57397.574096012198424
1921.5 48195.303029947150208 57382.619256057216262
1922 48154.126336994144367 57348.737295799503045
1922.5 48149.962156711357238 57341.616189940970798
1923 48285.429522899255971 57483.892755581269739
1923.5 48290.92663033768622 57507.409818640233425
1924 48448.148134939547163 57671.176085858889564
1924.5 48364.500785945463576 57586.102663192272303
1925 48441.255481422835146 57670.831823618602357
1925.5 48529.39632656051981 57749.672722753435664
1926 48621.246695891844865 57862.654221539072751
1926.5 48580.93490494407888 57829.653132987768913
1927 48705.887634211299883 57949.527057468731073
1927.5 48691.885477391093445 57942.878384272487892
1928 48685.000992865396256 57941.227462955990632
1928.5 48697.992351065455296 57955.457989625698247
1929 48799.207132405063021 58067.51885933594167
1929.5 48845.627115216295351 58119.137465570842323
1930 48923.08369982244767 58213.058216556477419
1930.5 48965.933429316864931 58267.541797617595876
1931 49014.382424482981151 58319.670484417722037
1931.5 49026.620317453700409 58332.709322815127962
1932 48983.534424536155711 58300.159837284729292
1932.5 48996.398749501109705 58310.007962264651724
1933 49046.736250961148471 58360.558095561376831
1933.5 49070.853915694751777 58403.495301925737294
1934 49173.70423472901166 58513.484085929718276
1934.5 49125.848905333412404 58474.955170360291959
1935 49111.681830086548871 58466.478280156450637
1935.5 49199.314851913164603 58559.522093713276263
1936 49158.1928900464045 58503.019533969432814
1936.5 49082.493581871873175 58437.362731883593369
1937 49090.457869007965201 58459.95013769230718
1937.5 49182.657035907963291 58547.39456878425699
1938 49232.760393103861134 58614.168974560474453
1938.5 49202.28231512131606 58591.684298906926415
1939 49158.774131336962455 58548.134997987086535
1939.5 49219.136820272957266 58625.443622978003987
1940 49200.558214409691573 58617.606235222010582
1940.5 49081.036388344269653 58506.555342732266581
1941 49073.049180959096702 58513.646655132331944
1941.5 49113.992098447721219 58554.765902523497061
1942 49106.627654695243109 58553.764054674917134
1942.5 49013.718802440009313 58477.209332277190697
1943 48922.599020438858133 58389.277675471203111
1943.5 49028.965595648929593 58509.258133316317981
1944 48994.141134869925736 58480.498713094668346
1944.5 48860.895442763874598 58341.530375246329641
1945 48920.392993394139921 58418.4749166254187
1945.5 48830.171584227078711 58333.043041859134973
1946 48723.254170102496573 58236.275262240313168
1946.5 48646.544954957171285 58175.106930184876546
1947 48597.68189163957868 58136.298884956973779
1947.5 48643.815444682681118 58195.464684597398445
1948 48599.316495777617092 58154.288641845414531
1948.5 48596.380241752412985 58148.118906440278806
1949 48685.354705167927023 58235.85766879995208
1949.5 48831.704249464957684 58409.55988999629335
1950 48788.897457774743089 58363.93300215814088
1950.5 48721.407937332325673 58299.858604895161989
1951 48690.92015603427717 58280.633311034252984
1951.5 48637.598342622921336 58229.091230703059409
1952 48673.076101818332972 58271.025481870427029
1952.5 48675.614577606633247 58279.105508280030335
1953 48673.47585629230889 58280.745925979266758
1953.5 48770.106471131781291 58391.407178422115976
1954 48780.99007924979378 58403.447558899781143
1954.5 48800.680456697147747 58436.845077819125436
1955 48693.934352446434787 58345.198519220823073
1955.5 48642.80462993549736 58306.073047085970757
1956 48591.720988988367026 58251.133972044190159
1956.5 48697.30202650080173 58365.090424219655688
1957 48673.589818348038534 58344.102588461129926
1957.5 48605.216856422288402 58282.971827535344346
1958 48606.048750226749689 58293.735353953998128
1958.5 48650.348627217150351 58353.036139142408501
1959 48689.485808690878912 58397.81617721231305
1959.5 48634.917378885547805 58346.349017178399663
1960 48607.818982353790489 58336.9426297127211
1960.5 48516.492762321489863 58240.33705215693044
1961 48594.737121939841018 58330.854214879444044
1961.5 48575.108693613707146 58314.529393989141681
1962 48619.265439412738488 58370.978856957204698
1962.5 48467.814441101167176 58236.838378316409944
1963 48461.70331287177396 58228.651815601551789
1963.5 48574.255859185388545 58356.293103044939926
1964 48482.299940225035243 58250.237475950554654
1964.5 48558.650529625941999 58341.645536071613606
1965 48613.275864087423543 58415.451403751285397
1965.5 48507.401685790122428 58331.862775517234695
1966 48558.878886853795848 58405.47799976454553
1966.5 48577.35654015448381 58432.431303373545234
1967 48499.957317607244477 58351.026974935855833
1967.5 48552.172417476285773 58419.172170794299745
1968 48509.56987442348327 58373.558171891658276
1968.5 48502.148205129502458 58382.396656441189407
1969 48484.303133140405407 58372.503654686261143
1969.5 48605.611030808962823 58500.946806251071393
1970 48748.689449794837856 58664.983281482956954
1970.5 48622.135632542733219 58536.17545931393397
1971 48717.472324252841645 58651.517517538930406
1971.5 48866.325024400808616 58819.458684626275499
1972 48923.870390826974472 58881.265894011077762
1972.5 48816.723307732398098 58783.83394123025937
1973 48760.312136345906765 58742.08137807771709
1973.5 48776.786170086234051 58781.712125853242469
1974 48886.21251076093904 58899.601957071114157
1974.5 48855.80631999362231 58887.583284837935935
1975 48835.814558724763629 58877.197578403051011
1975.5 48700.713285089324927 58733.881561248119397
1976 48680.273609546718944 58720.948162974353181
1976.5 48665.485557252330182 58703.389142700754746
1977 48705.838622569091967 58730.07842710344994
1977.5 48669.040421589459584 58705.461974378573359
1978 48697.550526331666333 58748.405906234918803
1978.5 48610.693599704100052 58658.569173272531771
1979 48605.703062087370199 58668.206945394624199
1979.5 48732.28732207784924 58780.611404867180681
1980 48617.801888627225708 58675.139396868136828
1980.5 48601.05347940880165 58677.048248489467369
1981 48625.8382503252069 58714.763271464071295
1981.5 48527.21997048483172 58628.912604432676744
1982 48474.998390636756085 58598.04342739853746
1982.5 48437.682631512187072 58552.971233222080627
1983 48451.520023482611577 58559.643430992538924
1983.5 48583.673275669178111 58707.752615230710944
1984 48444.433939360715158 58567.897579131720704
1984.5 48412.257342617995164 58544.387120931351092
1985 48419.411862055094389 58552.310947259793465
1985.5 48497.991338325729885 58638.169050938857254
1986 48585.957412032104912 58738.202146960022219
1986.5 48544.635099342398462 58700.883236766363552
1987 48552.068634878094599 58701.356063049119257
1987.5 48531.041283676640887 58688.186730493784125
1988 48468.109347478581185 58615.875071263588325
1988.5 48497.121363604841463 58660.574555129045621
1989 48541.20848498356645 58707.430916619348864
1989.5 48675.584760236750299 58853.087244964881393
1990 48697.801489463308826 58876.986851970716089
1990.5 48629.293106906370667 58832.726637196836236
1991 48773.025775295747735 58989.073142036620993
1991.5 48755.034304149347008 58967.092916196030274
1992 48703.144276380975498 58913.016609615653579
1992.5 48654.42881651809148 58877.108879655563214
1993 48497.152925531911023 58742.413222741321079
1993.5 48572.865541751474666 58826.545562393017462
1994 48508.657756125066953 58764.213145474248449
1994.5 48485.865351406442642 58745.562334128349903
1995 48556.778194286453072 58833.056949455203721
1995.5 48596.451456859482278 58890.625952524213062
1996 48485.723381987540051 58764.146637647041644
1996.5 48566.782442122108478 58843.816084322221286
1997 48591.533248651423492 58903.493167267675744
1997.5 48622.015161407187406 58932.710604666594008
1998 48559.401247690184391 58890.067598019697471
1998.5 48445.426557117818447 58792.081357890470827
1999 48434.145455183002923 58801.553083480532223
1999.5 48506.113103270239662 58872.225190983772336
2000 48484.943931001856981 58846.606138768067467
2000.5 48393.500385930223274 58766.696058170855395
2001 48426.106408843472309 58800.493021586356917
2001.5 48411.900038662279258 58807.332391771677067
2002 48343.041092067578575 58737.104868843598524
2002.5 48329.85583950473665 58757.837732935251552
2003 48302.522344385746692 58732.796311121062899
2003.5 48284.059983630482748 58713.27165397589124
2004 48251.600841057377693 58669.580737987635075
2004.5 48427.890087526800926 58866.800560462921567
2005 48429.229884602391394 58856.845612081655418
2005.5 48478.926157384528778 58922.178813572398212
2006 48475.8035949604091 58918.744719221351261
2006.5 48599.295853588409955 59064.689031992580567
2007 48618.137413795360771 59098.048682349355659
2007.5 48741.149147709700628 59214.445448675527587
2008 48775.944016094021208 59243.278519890329335
2008.5 48632.39392758566828 59110.167979153309716
2009 48690.601165128762659 59160.575164448870055
2009.5 48779.058914517947414 59256.722195729271334
2010 48729.661007415146742 59211.825762963257148
2010.5 48818.296392206764722 59304.539499522361439
2011 48818.178319724720495 59310.994051496396423
2011.5 48769.902208870233153 59273.264137240010314
2012 48816.249344293872127 59321.752405052866379
2012.5 48813.212003500208084 59344.428612306095602
2013 48870.637581242539454 59397.941207723488333
2013.5 48870.785556784787332 59417.189964323901222
2014 48882.697903146960016 59432.502091774382279
2014.5 48860.998338647106721 59420.184374477641541
2015 48883.271593973717245 59443.817484902458091
2015.5 48843.229397190982127 59409.75623152202752
2016 48807.122243727542809 59382.736878851283109
2016.5 48804.367078294999374 59391.522310078304145
2017 48845.863181671484199 59434.843717994459439
2017.5 48904.342262098187348 59496.14498966094834
2018 48825.687071929132799 59424.868545077093586
2018.5 48799.875935794014367 59398.856357102908078
2019 48768.933117650471104 59372.534487380951759
2019.5 48809.470611937700596 59422.363150065808441
2020 48952.099750380468322 59595.298872770181333
2020.5 48889.977673881068768 59549.664589321742824
2021 48856.177024693774001 59521.921556836743548
2021.5 48893.762679779036262 59563.537092785933055
2022 48902.851171391164826 59591.500798595458036
2022.5 48822.607021457799419 59510.496436702291248
2023 48944.323409012162301 59639.116611802615807
2023.5 48919.213340514259471 59612.373971338784031
2024 48869.047160452530079 59574.815730587120925
2024.5 48911.358200738002779 59624.206384785778937
2025 48829.170469501885236 59541.680069137983082
2025.5 48862.995505478153063 59588.7196051562496
2026 48857.851570476661436 59595.885203451609414
2026.5 48803.949680035519123 59530.491480785916792
2027 48802.832204106591234 59540.590008649574884
2027.5 48807.854820290485804 59559.312114993561408
2028 48907.902759641125158 59668.211336833701353
2028.5 48808.734744871995645 59572.316021717364492
2029 48809.502158802977647 59585.487069719361898
2029.5 48793.059280409710482 59581.836565938217973
2030 48798.325582683282846 59602.728217896466958
2030.5 48819.769557077415811 59645.076518278110598
2031 48769.98595233195374 59621.323237146469182
2031.5 48878.714363404404139 59725.998189604491927
2032 48903.811414318755851 59752.324241626243747
2032.5 48804.368472390102397 59661.965382284448424
2033 48658.156875408392807 59516.309734658847447
2033.5 48724.166397320252145 59585.273110892332625
2034 48757.841078975274286 59626.989264060219284
2034.5 48757.735905072375317 59638.195821520130266
2035 48765.897198948456207 59654.166225048538763
2035.5 48678.614989303678158 59572.823348793484911
2036 48628.95574581548135 59538.831404422315245
2036.5 48708.863507994377869 59616.970254594911239
2037 48774.29499749133538 59689.616534689106629
2037.5 48817.675906572119857 59746.061361932428554
2038 48724.578358215047047 59671.916615883375925
2038.5 48693.610693577596976 59638.437613270994916
2039 48728.701212216503336 59667.53668870479305
2039.5 48746.566414033331966 59695.139981098553108
2040 48646.982284116827941 59584.358857323575648
2040.5 48613.474839719892771 59571.203325837370357
2041 48532.491239037539344 59505.77374373429484
2041.5 48514.515057342912769 59490.241452596012095
2042 48546.116367145354161 59533.463645014584472
2042.5 48421.490826189357904 59405.978204874743824
2043 48433.386335341601807 59422.657503710041055
2043.5 48534.940370060285204 59544.088743785621773
2044 48522.752710262451728 59521.174587686553423
2044.5 48533.575181873740803 59553.836794228685903
2045 48492.310077134301537 59528.270654874431784
2045.5 48434.515630102570867 59479.74597701208404
2046 48508.986586029459431 59578.015337662982347
2046.5 48460.49375174146553 59547.50174492959195
2047 48443.870953336059756 59532.604124668730947
2047.5 48518.145923148360453 59598.123309253198386
2048 48490.427681961584312 59585.724251241103048
2048.5 48371.568864943692461 59472.915986848951434
2049 48518.423568590100331 59625.46940151162562
2049.5 48620.021668742199836 59742.867672101361677
2050 48612.665595545731776 59732.221763664252649
2050.5 48543.662174821954977 59684.817237702089187
2051 48595.812172334590286 59748.025397432727914
2051.5 48392.746444267431798 59550.859897813919815
2052 48463.670924214085971 59639.026760290551465
2052.5 48522.7543776220773 59701.57462594583194
2053 48532.723851830196509 59726.691152442530438
2053.5 48645.343034352932591 59841.696462315449025
2054 48672.409667788691877 59865.990423399423889
2054.5 48630.547810828647926 59815.053602948217303
2055 48600.831650471758621 59809.693542508954124
2055.5 48567.188998827026808 59786.964804559531331
2056 48534.231702348100953 59762.35016823495971
2056.5 48595.850611719906738 59843.679376863292418
2057 48666.9505162051355 59907.39405743930547
2057.5 48725.686650057614315 59981.670944516030431
2058 48638.953339041334402 59887.934358250277
2058.5 48579.058975078143703 59846.254762787204527
2059 48602.12639242826117 59882.526733181468444
2059.5 48621.060296203235339 59893.641437466147181
2060 48597.095909604206099 59873.142549890100781
2060.5 48627.296516311223968 59923.768734871911875
2061 48707.832005264637701 60018.228535560177988
2061.5 48666.718459498049924 59986.434970532965963
2062 48671.898427706910297 60006.620160536520416
2062.5 48690.402007346514438 60001.000787436794781
2063 48777.961017282628745 60106.173119599428901
2063.5 48697.128137478546705 60033.380575881121331
2064 48681.733638028352289 60024.05764304575132
2064.5 48597.733757659276307 59928.799569258837437
2065 48532.472822150310094 59889.076453339279396
2065.5 48535.851673233708425 59919.640154212982452
2066 48531.958170945450547 59903.893856017180951
2066.5 48540.471049182437127 59917.291150787015795
2067 48564.973261040257057 59941.993258887814591
2067.5 48684.267513401784527 60071.570765049073088
2068 48669.899165546325094 60083.367865702370182
2068.5 48534.277432447604951 59935.700920597751974
2069 48602.864354124329111 60014.193921766403946
2069.5 48665.850687142446986 60088.064401840543724
2070 48733.340727817289007 60175.016215767122048
2070.5 48764.165562957648945 60216.255331436943379
2071 48792.841509263511398 60261.073002517085115
2071.5 48719.828603626883705 60194.650371392606758
2072 48708.984107718693849 60181.849112183037505
2072.5 48771.124197047538473 60238.451490212966746
2073 48663.713252688809007 60137.394331513765792
2073.5 48714.229840155065176 60213.22396770681371
2074 48646.743842116557062 60141.50756923998415
2074.5 48692.264270262647187 60168.716830227698665
2075 48752.864618491221336 60239.095595484723162
2075.5 48782.441267408852582 60254.139250242013077
2076 48829.331904793674767 60310.302119500629487
2076.5 48795.328336336700886 60300.530609364592237
2077 48757.393827576888725 60268.746670424428885
2077.5 48722.219165847236582 60244.564602492566337
2078 48737.130331656306225 60261.610032125376165
2078.5 48799.874062160073663 60333.606924049810914
2079 48730.729336603137199 60274.687877886419301
2079.5 48723.833536150203145 60288.077105599346396
2080 48848.89046641135792 60424.003769146780542
2080.5 48831.444051001577463 60422.617459090841294
2081 48760.492544700275175 60364.437762510337052
2081.5 48705.907313969713869 60298.613820783597475
2082 48634.205255974353349 60243.577205265231896
2082.5 48612.919073535915231 60226.061558930792671
2083 48566.709268489750684 60204.421342453570105
2083.5 48483.120991411124123 60093.935074925197114
2084 48600.596198030820233 60225.73526164372015
2084.5 48683.085057680240425 60318.096475235106482
2085 48758.799928884596738 60405.838248502535862
2085.5 48736.235375915064651 60381.2999282766541
2086 48639.301686111102754 60298.557991580353701
2086.5 48732.684785622404888 60389.635936135426164
2087 48691.452774066077836 60349.24893339076516
2087.5 48752.430394282615453 60426.21274278445344
2088 48826.59581380765303 60519.008236639594543
2088.5 48771.635391700780019 60457.556016385467956
2089 48721.480119198633474 60419.711526796680118
2089.5 48638.778486128918303 60362.762449474415916
2090 48644.543268274755974 60357.915273002210597
2090.5 48556.069430495874258 60268.216154286783421
2091 48492.099566695840622 60214.147741868284356
2091.5 48525.365155520361441 60249.599012430218863
2092 48441.128013826804818 60173.042760931341036
2092.5 48497.025176570765325 60236.996120626048651
2093 48389.61509907994332 60128.362483417899057
2093.5 48336.741471240718965 60091.089868523515179
2094 48314.929437357757706 60070.130859232580406
2094.5 48323.879965736763552 60096.383408296453126
2095 48365.106142851596815 60144.668463807502121
2095.5 48381.679937107721344 60174.449579527426977
2096 48414.528340442608169 60185.020040578390763
2096.5 48416.896788450081658 60207.160950829580543
2097 48453.204426626303757 60243.772821875267255
2097.5 48525.365561441030877 60335.313690716611745
2098 48562.795945990706969 60386.356811722376733
2098.5 48567.314220349740935 60387.598342028984916
2099 48628.75884239734296 60456.400006637210026
2099.5 48578.954808622846031 60419.724237215516041
2100 48664.181540783160017 60517.149563279075664
2100.5 48695.155342469464813 60557.553220031491946
2101 48605.20745011386316 60472.453174688307627
2101.5 48572.616129665351764 60451.83941042067454
2102 48486.810439579297963 60367.818326536216773
2102.5 48462.310871442787175 60355.52580159525678
2103 48445.012449989968445 60360.087181235881872
2103.5 48356.29898365803092 60261.681700702647504
2104 48210.021968626242597 60128.778907401938341
2104.5 48231.09830678517028 60142.071083974376961
2105 48341.082768130479963 60280.321169122777064
2105.5 48293.564182626156253 60225.588019377770252
2106 48236.334074480837444 60192.499269614061632
2106.5 48260.775342779801576 60241.729568609312992
2107 48180.192447349472786 60168.985981548190466
2107.5 48147.668704047391657 60135.921626688119431
2108 48110.675896399829071 60110.860238366592966
2108.5 48122.776814753160579 60139.842863455269253
2109 48063.08391399125685 60089.57453589009674
2109.5 47978.592382333044952 60028.007211256131995
2110 47919.64303990767803 59975.62077129905083
2110.5 47966.974872810067609 60019.791732573758054
2111 48009.765496830121265 60069.50644304465095
2111.5 48055.483375016017817 60132.082898555985594
2112 47974.830395307064464 60070.596479091029323
2112.5 47970.638665274200321 60092.489592515667027
2113 47985.65091698490869 60104.535646975047712
2113.5 47953.790125495157554 60071.048838925657037
2114 47953.163082074286649 60088.401815572848136
2114.5 48034.560142860202177 60184.566790788761864
2115 47947.331401133080362 60106.462262225752056
2115.5 47924.584543806413421 60089.778405694960384
2116 47941.534126210732211 60106.635022701419075
2116.5 47889.848546295244887 60060.61112185906677
2117 47936.331088211249153 60119.562434670588118
2117.5 47932.495480423443951 60117.239573858561926
2118 47858.052812698311755 60049.43245259692776
2118.5 47793.411574486388417 59983.562061420612736
2119 47835.036655694311776 60053.57368041331938
2119.5 47778.85329289555375 59991.360280054628674
2120 47857.138947179308161 60081.013850582414307
2120.5 47954.832498100658995 60182.626892703643534
2121 47996.153422785151633 60243.796490718537825
2121.5 48016.027584405055677 60270.930541851419548
2122 48029.218842422880698 60283.707553259599081
2122.5 48072.93896740553464 60328.906324576295447
2123 48065.38374069006386 60327.227558544713247
2123.5 48125.969159339314501 60393.567998472804902
2124 48066.699898691942508 60352.737975588228437
2124.5 47993.735676864511333 60290.856358108052518
2125 48027.592399637920607 60341.358551839985012
2125.5 48108.677693814017402 60426.382223696557048
2126 48035.614864280360052 60366.220823511182971
2126.5 47963.667499039795075 60296.912665058385755
2127 47841.995456400487456 60202.19433399841364
2127.5 47883.909534056627308 60249.829698992085468
2128 47823.886181771224074 60182.579736692008737
2128.5 47843.118428981128091 60230.369292005649186
2129 47936.480150802293792 60308.693888707501173
2129.5 47896.671638864638226 60270.380261357793643
2130 47824.237553860017215 60215.986914438792155
2130.5 47852.064443657989614 60261.529857214998628
2131 47834.782128197592101 60246.000399495125748
2131.5 47788.810689005978929 60209.177129462324956
2132 47711.501873947621789 60133.783644036746409
2132.5 47822.673652529141691 60246.800242802040884
2133 47816.48044230335654 60261.946079218374507
2133.5 47810.414589090789377 60271.511556109180674
2134 47739.624713688819611 60226.831418832363852
2134.5 47740.497709307644982 60232.729775936000806
2135 47685.943514385849994 60175.635030706893303
2135.5 47696.573429750758805 60173.89869822136825
2136 47704.315952085606114 60192.494829853487317
2136.5 47722.090926952492737 60233.80404874971282
2137 47651.952093150670407 60161.595765599486185
2137.5 47584.076658687205054 60108.705361854386865
2138 47582.585846364709141 60113.659348799250438
2138.5 47487.647014480171492 60039.759448093376704
2139 47434.689492069039261 60001.392293273704126
2139.5 47440.513401625474216 60013.4172407199585
2140 47505.212261752436461 60076.78612144964427
2140.5 47511.816652287154284 60079.216205596756481
2141 47559.489176774659427 60146.813094172364799
2141.5 47537.014001997406012 60128.671517251794285
2142 47430.263002559026063 60013.523153607813583
2142.5 47496.256944912835024 60088.683397380198585
2143 47457.761651848311885 60052.119618328819342
2143.5 47492.885324187867809 60124.589078813631204
2144 47415.687015298972256 60050.033476680218882
2144.5 47457.287084046525706 60102.47034170099505
2145 47485.357544743666949 60133.932815751802991
2145.5 47467.010669364710338 60114.599627495619643
2146 47454.504458385730686 60129.906154067532043
2146.5 47299.325504328808165 59988.831495112914126
2147 47348.956340771495888 60066.201192782289581
2147.5 47368.087692193912517 60084.381102654449933
2148 47443.031963043555152 60157.340416402817937
2148.5 47358.285449742950732 60072.218640539067565
2149 47340.839003161927394 60092.577533267700346
2149.5 47334.263640932622366 60072.340737033911864
2150 47262.740012874419335 60008.193717904730875
2150.5 47226.591130436150706 59974.504303444817197
2151 47259.390676484406868 60016.372921242196753
2151.5 47281.353034277577535 60045.091564335729345
2152 47205.602932080037135 59974.963696444719972
2152.5 47211.679216653334151 59986.287841165190912
2153 47247.461540396783676 60031.241005950003455
2153.5 47299.146131535002496 60097.9908106863586
2154 47193.507798444989021 59996.675720271974569
2154.5 47231.165225600656413 60048.435359923605574
2155 47409.844553823131719 60213.107582222641213
2155.5 47349.757476637525542 60165.040578500505944
2156 47324.775660578598035 60134.422677542075689
2156.5 47366.384531920324662 60202.73878938004782
2157 47329.642978150921408 60173.918727662348829
2157.5 47457.257621691678651 60314.65324943059386
2158 47520.911376257994561 60377.884251057592337
2158.5 47482.381076431956899 60340.907984530793328
2159 47574.583095753849193 60444.500134174340928
2159.5 47631.535373277947656 60514.994046232459368
2160 47614.711450861119374 60507.04323669274163
2160.5 47727.908998625367531 60619.081016993193771
2161 47725.204011255889782 60599.910624443611596
2161.5 47824.691411828760465 60716.07940120742569
2162 47949.371412362299452 60857.241823384210875
2162.5 47929.338074354629498 60852.565521828080819
2163 47837.815050902972871 60762.807931182593165
2163.5 47856.542656963349145 60783.79209414790239
2164 47906.749516018790018 60859.539046377620252
2164.5 47911.483903418789851 60850.582863960735267
2165 47935.783739963968401 60901.70290065665904
2165.5 47893.030593158815464 60868.605424575755023
2166 47839.865631701279199 60831.636746996366128
2166.5 47795.183653013758885 60786.819524256832665
2167 47702.690775210445281 60706.838888206861157
2167.5 47736.113516879428062 60750.43898917039769
2168 47772.390715667286713 60775.82912174667581
2168.5 47807.465047321864404 60817.686370410374366
2169 47844.876824268598284 60858.925986808390007
2169.5 47934.195823719346663 60958.866494862057152
2170 48081.36282474026666 61119.958351617002336
2170.5 48085.148709571098152 61130.715808902219578
2171 48125.935119348221633 61166.45263306992274
2171.5 48123.389797122392338 61170.933623392986192
2172 48167.405443275078142 61251.314698521055107
2172.5 48101.48834784495557 61184.397083485833718
2173 48117.118294455132855 61194.340872933316859
2173.5 48219.963409707423125 61309.16941476494685
2174 48172.594203593318525 61264.471288124048442
2174.5 48235.636205466871615 61343.491310194331163
2175 48195.664335641151411 61308.916857246935251
2175.5 48154.6814036625874 61280.762020135523926
2176 48188.325699713175709 61315.114298387110466
2176.5 48276.326032155026041 61381.123386961720826
2177 48402.908797071584559 61514.235805781972886
2177.5 48383.00408289176994 61506.742278712816187
2178 48481.947330859482463 61627.594774674253131
2178.5 48577.444949508710124 61727.615451159494114
2179 48514.127314093180757 61658.987283563357778
2179.5 48524.062181007808249 61690.612403472157894
2180 48545.075913721426332 61732.56239066618582
2180.5 48452.892060027836123 61624.873613022871723
2181 48413.814426477401867 61598.457512200373458
2181.5 48490.299119700714073 61695.841373778232082
2182 48481.572123116318835 61685.519953303322836
2182.5 48457.709640884379041 61665.528928600680956
2183 48398.221705754869618 61615.206520424573682
2183.5 48314.170731189209619 61542.268786141969031
2184 48435.059062145533971 61656.760932748635241
2184.5 48507.697104060920537 61733.825511790826567
2185 48517.326551215097425 61753.781722727850138
2185.5 48526.738969062716933 61744.375523401176906
2186 48400.457696385856252 61634.018863438250264
2186.5 48389.855709538547671 61634.148112910850614
2187 48439.519213834646507 61678.284368291286228
2187.5 48349.462076509931649 61605.950231782553601
2188 48428.972021067711466 61698.750142544209666
2188.5 48546.88271962080762 61815.343857401145215
2189 48565.108456111272972 61843.242403087402636
2189.5 48500.49736249869602 61794.700622505813953
2190 48440.909380818382488 61721.610820446490834
2190.5 48483.123460177412198 61773.892064415878849
2191 48468.937411420636636 61763.551535142047214
2191.5 48484.85450410030171 61800.245024096468114
2192 48351.475541884843551 61668.452086969555239
2192.5 48367.469825394779036 61693.491181373196014
2193 48469.771016792154114 61809.424416913978348
2193.5 48493.184617200298817 61838.78362415554875
2194 48404.279256559348141 61755.962677896284731
2194.5 48365.919489406602224 61730.707877898115839
2195 48389.184816209773999 61762.441410728853953
2195.5 48331.241083660475852 61710.518140529384254
2196 48273.630657199333655 61658.336010709455877
2196.5 48221.945349654080928 61628.746105266873201
2197 48132.523577610350912 61540.810828049550764
2197.5 48180.107096064421057 61614.46483855038241
2198 48106.427370002988027 61531.621973551111296
2198.5 48084.522922520220163 61519.281801789569727
2199 48199.68847250102408 61631.226119362785539
2199.5 48246.388101696284139 61689.913808103563497
2200 48191.485121525030991 61639.458214963589853
2200.5 48194.010361506982008 61648.245311434358882
2201 48139.713065089767042 61612.510521727279411
2201.5 48051.637568419086165 61523.486926340432547
2202 48063.151544042069872 61542.212262312168605
2202.5 48047.164454653851863 61537.584121716783557
2203 48177.13340034167777 61656.700240500336804
2203.5 48196.891672821744578 61697.430766223093087
2204 48044.153054143571353 61555.651128755140235
2204.5 47972.541394821782887 61489.920311218891584
2205 47981.601381612839759 61519.777362822314899
2205.5 47971.280953781533753 61526.047592120950867
2206 48087.843115111216321 61650.070039268321125
2206.5 47963.90985986457963 61516.95571152678167
2207 47992.150217716640327 61565.818708455240994
2207.5 47940.74482861879369 61522.041208360096789
2208 47955.657507779287698 61540.603614429128356
2208.5 48110.633447808912024 61699.452476764068706
2209 48100.411813591883401 61680.856318386431667
2209.5 48018.673837915361219 61619.493897449268843
2210 48044.710023326828377 61646.182257764347014
2210.5 48038.433127122123551 61641.243398225371493
2211 47968.294152265109005 61543.701977354830888
2211.5 48002.737885478665703 61609.96388004070468
2212 48003.949664720472356 61630.70622679398366
2212.5 48025.144220981230319 61666.803981520919478
2213 48104.610917106547276 61768.020139796666626
2213.5 48006.04479837504914 61659.781061719724676
2214 48067.566666007573076 61731.400542032504745
2214.5 48090.231328284760821 61761.561714559073152
2215 48086.884982864539779 61784.2132933844332
2215.5 48146.602208620279271 61841.109285666418145
2216 48122.660622509669338 61827.161674587936432
2216.5 48205.928914400086796 61933.974254618748091
2217 48120.638246183407318 61830.462545118221897
2217.5 48158.412777397359605 61854.4788748060746
2218 48165.282760289119324 61889.104371728928527
2218.5 48163.300298471920541 61899.250988024701655
2219 48125.549550356321561 61864.56215479245293
2219.5 48087.065083972454886 61824.464666667146957
2220 48077.063774862937862 61816.059551741549512
2220.5 48191.467929654281761 61960.158478738907434
2221 48059.121602421037096 61796.265583793232508
2221.5 48101.846396856366482 61864.501896009300253
2222 48159.174646390369162 61928.986803873813187
2222.5 48103.844747176415694 61885.95888207405369
2223 47969.103162155428436 61767.309304407448508
2223.5 47952.952494679579104 61753.429756180303229
2224 48013.661764195880096 61837.06071936841181
2224.5 47995.467543611805013 61840.953008789627347
2225 47966.260739468940301 61800.688465090403042
2225.5 47983.828768646490062 61852.373845354559307
2226 47935.225661336553458 61823.091130243577936
2226.5 47886.392931586349732 61791.837855774567288
2227 47884.753713874808454 61804.523073689328157
2227.5 47842.012309504039877 61789.204703546485689
2228 47854.206099719500344 61793.497417708160356
2228.5 47844.487138687960396 61797.642996737027715
2229 47764.047325123377959 61718.906117837541387
2229.5 47863.815521494339919 61832.890330951719079
2230 47837.619176781830902 61808.352995277797163
2230.5 47772.00249047523539 61745.098347170511261
2231 47826.965405269140319 61820.719278906079126
2231.5 47795.758183231497242 61800.065306657699693
2232 47765.540878050909669 61801.669075983401854
2232.5 47774.30876043344324 61832.467768103575509
2233 47700.153625836093852 61741.997887044781237
2233.5 47788.302319329806778 61833.583262939064298
2234 47799.567663083689695 61876.043411512371677
2234.5 47725.268183878724813 61814.938504836805805
2235 47744.00962230447476 61848.615127122000558
2235.5 47726.626779542486474 61828.928462073403352
2236 47698.276896741917881 61809.515258970357536
2236.5 47780.131817744557338 61905.747861888856278
2237 47821.18277465661231 61927.866791835600452
2237.5 47853.701607957613305 61972.874404486530693
2238 47852.250393352194806 61987.196634709864156
2238.5 47847.732721476000734 61971.54118376027327
2239 47822.030845220833726 61941.377985328239447
2239.5 47851.544401643826859 61983.903366768790875
2240 47982.655235469959734 62133.669495170666778
2240.5 47928.510361358996306 62081.216046293367981
2241 48080.299723156669643 62244.686973674935871
2241.5 48049.166628173683421 62208.160455875309708
2242 48045.596796468315006 62218.311383619933622
2242.5 48085.803584348708682 62259.262255435336556
2243 48087.74500682715734 62270.820588792361377
2243.5 48038.844771305659378 62228.778814408709877
2244 48101.342717240164347 62308.809971598901029
2244.5 48150.560463597365015 62341.686193434841698
2245 48176.222107841575053 62362.664652282488532
2245.5 48321.563550954022503 62546.509614258939109
2246 48247.918942993077508 62493.03353250148939
2246.5 48233.199232516744814 62481.042021804270917
2247 48233.73859841866215 62474.029433194751618
2247.5 48195.25362798191054 62451.96262748735171
2248 48156.510575334214082 62419.747191890404793
2248.5 48153.526164352770138 62408.920624932528881
2249 48214.930586114634934 62497.190174881223356
2249.5 48259.388384343430516 62562.763945474041975
2250 48283.973949839702982 62585.507931145351904
2250.5 48407.447944895779074 62706.520480194332777
2251 48389.131830213817011 62693.510589356126729
2251.5 48418.931113756851119 62716.738493933378777
2252 48502.046397391051869 62808.266240687305981
2252.5 48539.870953404853935 62841.650930193631211
2253 48636.539867479041277 62949.463060521913576
2253.5 48651.343026199305314 62951.11740336103685
2254 48741.484431290591601 63062.10409695677663
2254.5 48733.840854702903016 63053.968957230004889
2255 48741.510986325636622 63081.054926751879975
2255.5 48750.748944847240637 63105.332824134566181
2256 48598.749996867773007 62951.80694550651242
2256.5 48602.319892940548016 62973.320964474180073
2257 48565.790030978474533 62922.099359566062049
2257.5 48597.914444591398933 62961.903331143614196
2258 48691.717187191716221 63071.265496597574383
2258.5 48651.872910975624109 63030.457524393961648
2259 48664.564956183647155 63074.932090610818705
2259.5 48601.808224448126566 63016.200618199996825
2260 48562.290544665163907 62981.06924438040005
2260.5 48606.391152130621776 63039.847080765597639
2261 48505.706909170323343 62948.515055325304274
2261.5 48544.08517380856938 63010.046239589326433
2262 48644.826576130391913 63112.57114126614033
2262.5 48654.332128685797215 63137.567859510636481
2263 48670.415936937366496 63141.70749741394684
2263.5 48596.318189001809515 63079.730307944264496
2264 48605.038438162933744 63091.05053360133752
2264.5 48718.760659049650712 63217.040425825311104
2265 48720.741214197340014 63218.604377699055476
2265.5 48590.079025260361959 63071.384621060809877
2266 48626.919834886371973 63127.16952205671987
2266.5 48605.130899610296183 63106.881334066936688
2267 48599.312440705733025 63091.529872299164708
2267.5 48588.733035630750237 63096.110329843882937
2268 48504.761900627090654 63023.378134433623927
2268.5 48502.561617238570761 63022.542812466286705
2269 48481.830526930061751 63017.916885507351253
2269.5 48310.378154028694553 62864.96947796933091
2270 48350.945773500417999 62904.056009598505625
2270.5 48337.855409792522551 62905.709444607047772
2271 48391.831864834784938 62978.223363036631781
2271.5 48368.704869813074765 62980.111895594622183
2272 48334.212409471692808 62954.720672572824697
2272.5 48343.205954984965501 62985.325975422354531
2273 48334.462579349543375 62979.066980921532377
2273.5 48401.268676262472582 63056.684181723430811
2274 48507.785561877972214 63189.571789757319493
2274.5 48518.810156361374538 63185.599511900691141
2275 48505.136160240130266 63201.843023178429576
2275.5 48490.290097314587911 63188.431949605685077
2276 48437.904918319101853 63151.320958655654977
2276.5 48392.394840217173623 63094.267000910826027
2277 48299.97200660649105 63009.834867031830072
2277.5 48367.929911004852329 63100.845199523086194
2278 48312.365756150749803 63060.336416019446915
2278.5 48264.033687546085275 63010.43707136582816
2279 48372.215080028130615 63150.272250123751292
2279.5 48365.544442803577112 63116.342783443840744
2280 48417.035099760796584 63198.524866669213225
2280.5 48347.516973243451503 63130.942327131917409
2281 48342.044742667101673 63164.888865769382392
2281.5 48363.303742424264783 63164.388622897677124
2282 48443.438280586386099 63253.159514661259891
2282.5 48457.398246848482813 63273.336242339741148
2283 48489.120088108356867 63311.421959420091298
2283.5 48395.998292156044045 63205.955840172449825
2284 48417.640175338543486 63220.753857770068862
2284.5 48438.076384573898395 63266.765686227256083
2285 48408.188645955262473 63280.577830002235714
2285.5 48272.33342716639163 63133.946398122738174
2286 48257.15267840812885 63133.636278069592663
2286.5 48220.844222784100566 63107.284178869507741
2287 48298.633105507433356 63202.724374490659102
2287.5 48269.842807906672533 63167.915445981263474
2288 48259.344851815192669 63184.081033319147537
2288.5 48223.758232258383941 63150.264067774274736
2289 48151.795191054421593 63073.84251687041251
2289.5 48216.863671768813219 63155.328997617863934
2290 48260.234146375842101 63204.614666778339597
2290.5 48228.337028597590688 63182.024643617238326
2291 48222.01295345742983 63191.064280621925718
2291.5 48272.794519660805236 63253.95390916334145
2292 48196.236254575902421 63180.503185990019119
2292.5 48137.443557673759642 63129.596024573715113
2293 48140.482852885957982 63148.770018470815558
2293.5 48133.260357919483795 63139.197544530492451
2294 48141.391275016096188 63169.340475754492218
2294.5 48060.95589897516038 63108.674897756180144
2295 48017.464819518529112 63075.70093800968607
2295.5 48019.351789160420594 63076.046146162858349
2296 47970.857521083227766 63016.765558040337055
2296.5 47895.204613868525485 62968.083247248054249
2297 47837.774033958638029 62923.09898903760768
2297.5 47807.340134741381917 62906.319884508950054
2298 47803.893936627799121 62916.708365369886451
2298.5 47754.79771868694661 62865.766560677991947
2299 47786.022081761533627 62895.697659835132072
2299.5 47756.027354320001905 62886.587907731554878
2300 47793.301576939506049 62914.647129922945169
2300.5 47812.898003794340184 62935.745087442723161
2301 47852.608095264185977 63000.222055341560917
2301.5 47820.385656818682037 62976.818272282092948
2302 47900.103971034717688 63077.723556493932847
2302.5 47929.966163640572631 63095.268506144057028
2303 47926.762099923442292 63116.014709605893586
2303.5 47889.22150635811704 63079.487445321210544
2304 47861.111931027764513 63065.752476075373124
2304.5 47824.621285207656911 63028.231715698188054
2305 47851.547629674394557 63087.497506010782672
2305.5 47809.305286896560574 63042.341520015070273
2306 47894.110764202465361 63133.879300120395783
2306.5 47821.499763954983791 63086.540202175368904
2307 47812.506214579552761 63069.791301568984636
2307.5 47782.674228023533942 63067.406166038388619
2308 47680.99320289518073 62953.441183855829877
2308.5 47687.935191651507921 62975.660732157157327
2309 47575.874109219039383 62860.439762966409035
2309.5 47620.810875657945871 62928.640533980753389
2310 47550.501909307691676 62877.826598792067671
2310.5 47522.64247079679626 62854.821025148266926
2311 47526.080353765748441 62854.584484198785503
2311.5 47532.217692478836398 62878.463235500785231
2312 47465.308866127787041 62824.366092037766066
2312.5 47484.043859793302545 62839.498818089829001
2313 47530.44770018687268 62910.694290757295676
2313.5 47485.213364327268209 62855.537759855731565
2314 47479.004101003185497 62856.068042340120883
2314.5 47591.989224083903537 62978.966683091020968
2315 47553.883184006765077 62935.277364155263058
2315.5 47529.898998124190257 62935.041007756582985
2316 47542.169547417557624 62956.903462353060604
2316.5 47600.856232867809013 63035.652643360670481
2317 47558.054337311325071 62968.891687483395799
2317.5 47585.177801994788751 62991.359146087088448
2318 47672.018200759375759 63075.112309091069619
2318.5 47737.326841439004056 63161.754643806460081
2319 47756.621534457146481 63172.079740267661691
2319.5 47722.950500442515477 63158.50839896031539
2320 47722.839009721363254 63168.810476494472823
2320.5 47734.327628229541006 63192.10292319036671
2321 47686.190600418267422 63135.163417216521339
2321.5 47653.214701896977203 63115.573994926999148
2322 47770.078110379974532 63241.723621458491834
2322.5 47795.249945380703139 63256.200872804394749
2323 47886.490561402541061 63374.242932584013033
2323.5 47924.086794144699525 63414.522967771634285
2324 47952.739592502082814 63437.052228437314625
2324.5 47863.548759008699562 63358.228853920649271
2325 47881.850393585249549 63386.688840376176813
2325.5 47789.964364963787375 63306.932986537984107
2326 47926.056509315487347 63454.798694924320444
2326.5 47966.243878134235274 63477.600558560872742
2327 48056.020165049121715 63596.815598245615547
2327.5 48086.57331986414647 63630.170500847954827
2328 48105.857720675143355 63649.579813507305516
2328.5 48174.090394293212739 63732.850378259368881
2329 48165.488333995032008 63723.986607650273072
2329.5 48275.195561534528679 63841.575149686679651
2330 48236.974675019497226 63795.761907528329175
2330.5 48232.465127586765448 63772.297401645533682
2331 48328.737138086056802 63897.799113197121187
2331.5 48224.531175341697235 63786.679980142129352
2332 48270.298228069179459 63836.650120333193627
2332.5 48220.089335299628146 63794.040181883814512
2333 48237.398508742953709 63810.719727577416052
2333.5 48201.320837287254108 63791.14280560323823
2334 48254.849674553799559 63870.873310688461061
2334.5 48299.348314127630147 63900.016231476038229
2335 48312.369554405420786 63930.882976887172845
2335.5 48258.053319514969189 63908.68918499823485
2336 48247.060874991220771 63863.600686633966689
2336.5 48318.591609014874848 63971.398568781463837
2337 48329.548998394151567 63974.716367400345916
2337.5 48353.677961570909247 63992.174647486499452
2338 48370.600789997341053 64024.796294275074615
2338.5 48440.938313920392829 64104.861551115471229
2339 48461.667927357673761 64115.503864283717121
2339.5 48397.856075292547757 64094.739317360894347
2340 48387.578914956575318 64103.161197272747813
2340.5 48378.999100401975738 64108.70912719523767
2341 48380.363954063424899 64079.529941003820568
2341.5 48397.126945141513715 64113.713792792790628
2342 48494.129154480564466 64234.230094738733897
2342.5 48530.946949983073864 64285.860189350125438
2343 48397.448466640482366 64116.800355389648757
2343.5 48558.44786421781464 64307.473848620364151
2344 48556.203276798107254 64323.917606220689777
2344.5 48556.045652426706511 64321.477321860395023
2345 48647.378358001114975 64408.881360375358781
2345.5 48637.705495500478719 64396.499596083078359
2346 48672.478747617227782 64432.166432332720433
2346.5 48604.048652119869075 64386.481136293681629
2347 48469.818076249946898 64240.358267317540594
2347.5 48526.507120309339371 64316.430129098320322
2348 48532.700973169739882 64320.224332585530647
2348.5 48574.093611563686864 64345.813682882391731
2349 48588.293788489245344 64356.604004489730869
2349.5 48578.776122404393391 64357.849965561748832
2350 48532.000596539372054 64309.237724904844072
2350.5 48473.176732611522311 64238.953966837085318
2351 48492.906238785886671 64278.883054322679527
2351.5 48487.940222642508161 64271.620275727473199
2352 48503.936586153198732 64303.188197259158187
2352.5 48615.30656821939192 64445.46156499353674
2353 48622.900051896416699 64441.565639722131891
2353.5 48644.2033306111407 64464.980353456492594
2354 48680.171467060077703 64535.340259096876252
2354.5 48576.403017930773785 64447.648901117689093
2355 48491.309021744847996 64362.944475860982493
2355.5 48582.941215781487699 64465.995555786743353
2356 48686.212218925458728 64584.066021869104588
2356.5 48730.309685824642656 64647.425263786280993
2357 48732.735060021026584 64647.292157354000665
2357.5 48716.799643761914922 64650.137800315897039
2358 48676.150219499671948 64597.806226121625514
2358.5 48613.61542428919347 64569.87033508541208
2359 48604.995296705696092 64545.643940731984912
2359.5 48692.304255757306237 64644.680902600695845
2360 48632.950647000347089 64582.010072319506435
2360.5 48483.405969589504821 64451.44758424108295
2361 48506.337244505019044 64493.45166097854235
2361.5 48545.288274913335044 64549.23525370896823
2362 48543.87728896819317 64546.363544796564383
2362.5 48516.083589022440719 64511.607410723387147
2363 48571.922033318434842 64564.351870475431497
2363.5 48651.224918752523081 64672.712960403434408
2364 48690.377218759676907 64705.352955157679389
2364.5 48725.545924638092401 64729.256354312696203
2365 48853.364170590393769 64879.285757137680775
2365.5 48819.541360437986441 64840.252772524268948
2366 48777.216141585369769 64786.531867779922322
2366.5 48740.85725206193456 64766.428186088611255
2367 48911.291060246127017 64954.820014800403442
2367.5 48955.754261720532668 65004.907247016060865
2368 48893.375014778495824 64925.875043565269152
2368.5 48946.433826073356613 65012.437569364308729
2369 48906.964526289033529 64934.513480121881003
2369.5 48926.886057025832997 64995.753058605660044
2370 48885.57496284267836 64976.062393447769864
2370.5 48881.747742305378779 64978.795851675255108
2371 48865.104030863316439 64957.631363617241732
2371.5 49048.035905135606299 65160.419305904841167
2372 48980.265956328992615 65080.03009185494011
2372.5 49042.92066512000747 65165.427473416370049
2373 48975.018160778643505 65094.420399625822029
2373.5 49007.31717471612501 65147.262882612631074
2374 48947.549186476157047 65082.752366300941503
2374.5 49009.699904184868501 65153.391304438366205
2375 49042.86399277010787 65174.762226685706992
2375.5 49138.520002872879559 65290.716517713357462
2376 49084.746444186479494 65226.073550078588596
2376.5 49129.519306699643494 65276.372628418255772
2377 49159.327677777066128 65313.51472736546566
2377.5 49141.384075861213205 65310.037154994650336
2378 49076.948213873962231 65224.323726443333726
2378.5 49070.757888456246292 65230.075287931831554
2379 49154.040721072815359 65346.536868322677037
2379.5 49077.286225010320777 65253.486563149337599
2380 49153.643690227945626 65358.250230085992371
2380.5 49132.735092026887287 65333.91029664236703
2381 49156.434637517413648 65380.23840889341227
2381.5 49117.176849501091056 65319.955021726389532
2382 49241.997368748096051 65483.283443800042733
2382.5 49234.216659926154534 65484.067006466219027
2383 49285.117416372566367 65544.014024441945367
2383.5 49441.733137510316737 65722.269507921504555
2384 49464.633763325640757 65727.765536878810963
2384.5 49512.518063275841996 65776.014118555234745
2385 49495.70444920295995 65759.389643700269517
2385.5 49538.552066880256461 65816.198281977427541
2386 49475.624053787789308 65753.463341231225058
2386.5 49538.868372829427244 65842.575690456244047
2387 49494.42117905181658 65782.872495659452397
2387.5 49617.044452059177274 65927.550389237512718
2388 49593.407687849008653 65916.414088871300919
2388.5 49560.771167448168853 65910.354023581428919
2389 49557.432426040577411 65910.189158248482272
2389.5 49617.59623473368265 65968.895683331240434
2390 49526.855151420597394 65888.85945920748054
2390.5 49500.521695045295928 65863.774891643566662
2391 49571.503982915906818 65946.90075828472618
2391.5 49562.276912040913885 65939.235673422735999
2392 49589.120653770369245 65981.71323903783923
2392.5 49628.896321718166291 66054.208979536750121
2393 49608.672594769566786 66021.653331159730442
2393.5 49640.666119387518847 66078.669880384055432
2394 49694.89615145213611 66109.146038634629804
2394.5 49736.317458871839335 66146.523754983616527
2395 49807.249753629352199 66250.984024923542165
2395.5 49757.575186639463936 66196.33697242224298
2396 49773.494988831043884 66199.995986894515227
2396.5 49856.272863546786539 66314.096444877111935
2397 49940.368678274397098 66410.320409948632005
2397.5 49874.138380499643972 66335.281905016730889
2398 49935.667209389554046 66395.573781333965599
2398.5 49827.568556186422938 66277.059486053214641
2399 49857.340881092946802 66335.22137124328583
2399.5 49889.922538536542561 66343.151350637039286
2400 49850.246251520205988 66334.458196426625364
2400.5 49772.29307950110524 66271.542546136130113
2401 49670.352383148114313 66192.561297380147153
2401.5 49718.248139342314971 66243.545848892012145
2402 49817.302237658550439 66355.356950443587266
2402.5 49799.64383913797792 66339.417803995092981
2403 49835.732075922875083 66374.195397030096501
2403.5 49848.234979816785199 66393.010155599724385
2404 49817.625342701525369 66375.298051892998046
2404.5 49858.910102669084154 66417.668684733202099
2405 49853.277084666675364 66405.620082477951655
2405.5 49964.87192640225112 66525.791282365506049
2406 49956.179697535269952 66513.341162939817877
2406.5 50023.519505789518007 66590.621737403271254
2407 49981.349200835757074 66557.339886598027078
2407.5 50104.781841004121816 66681.952650711900787
2408 50188.887662114473642 66788.929230958441622
2408.5 50289.620689414492517 66903.321544696751516
2409 50275.992169836848916 66900.194740379811265
2409.5 50288.232946195821569 66917.996975594665855
2410 50284.377318361614016 66902.080425251377164
2410.5 50265.25883838081063 66877.653078141753213
2411 50330.724906865500088 66990.046290894184494
2411.5 50350.768659936125914 66988.304954350358457
2412 50334.57927230263158 66962.954862453130772
2412.5 50306.454065052697842 66939.917659319195081
2413 50222.728005286247935 66858.945239337350358
2413.5 50328.898147877065639 66971.604535963007947
2414 50376.118265650933608 67028.754318394960137
2414.5 50309.469782814398059 66953.933284930113587
2415 50374.793566748339799 67030.873428992577828
2415.5 50440.084740714053623 67110.591778192203492
2416 50482.870016808301443 67153.998277794351452
2416.5 50423.243937023064063 67101.478698725564755
2417 50386.067366657676757 67053.030036135678529
2417.5 50451.512900942878332 67133.570959383592708
2418 50459.933162252360489 67149.569279360497603
2418.5 50285.701869814176462 66982.41144729014195
2419 50314.492608086962719 67021.911733260494657
2419.5 50358.614165153703652 67071.731462264215224
2420 50406.554868097089638 67138.404159276135033
2420.5 50348.136694431828801 67080.115217769285664
2421 50529.867954327906773 67288.565324272974976
2421.5 50565.228054961909947 67323.742053504480282
2422 50553.990681048569968 67304.458959858398885
2422.5 50509.096441781206522 67281.978946566639934
2423 50593.462694561298122 67371.84679129133292
2423.5 50614.067612337064929 67393.337427485006629
2424 50603.394313000477268 67382.704810868686764
2424.5 50778.061909813470265 67593.004815927444724
2425 50687.818875935088727 67488.016019371192669
2425.5 50798.250642901104584 67618.270439924788661
2426 50853.915144791346393 67692.910883090735297
2426.5 50716.858832788740983 67545.456584911953541
2427 50714.842886019403522 67550.381695955453324
2427.5 50575.272049297476769 67394.885352913479437
2428 50607.410185330474633 67457.888584760541562
2428.5 50500.197345686392509 67348.482705495509435
2429 50518.729761574628355 67376.864435567738838
2429.5 50573.854122684511822 67454.547440243128221
2430 50601.326731455301342 67492.127732961103902
2430.5 50705.522769804185373 67595.159816309576854
2431 50641.355504630955693 67531.694924978932249
2431.5 50559.892907087152707 67456.084563042459195
2432 50659.177854822359222 67565.150980310587329
2432.5 50628.671453284063318 67563.318967278188211
2433 50565.761730913473002 67486.015184074203717
2433.5 50561.099969586677616 67486.127248353092
2434 50575.918057611532276 67515.852167334029218
2434.5 50437.915648892485478 67379.584277676491183
2435 50342.812804027395032 67299.393869213949074
2435.5 50297.335501507724985 67257.611335217807209
2436 50358.692052320831863 67336.960725216631545
2436.5 50397.500483085277665 67373.330025874936837
2437 50395.410558037583542 67398.804831852510688
2437.5 50503.739046650873206 67525.447168109487393
2438 50434.685882363322889 67414.635389371425845
2438.5 50442.809229906546534 67464.282300367936841
2439 50574.438133553747321 67607.564709802580182
2439.5 50573.009814084573009 67620.502122621503077
2440 50614.957724244115525 67688.812873845308786
2440.5 50660.630752147699241 67728.03111971807084
2441 50745.926504725990526 67831.146769141516415
2441.5 50702.760636403101671 67800.927308602069388
2442 50606.444722409214592 67695.235527094613644
2442.5 50671.103372307174141 67771.656952348683262
2443 50742.212204547795409 67850.858290380259859
2443.5 50723.389008000653121 67841.788372029375751
2444 50737.996679085867072 67878.84134451772843
2444.5 50718.239700892125256 67854.022857065167045
2445 50780.580071704032889 67918.769127120584017
2445.5 50778.574757798698556 67919.261429817648605
2446 50823.848071384985815 67983.881243036536034
2446.5 50803.103705330649973 67957.034097806041245
2447 50787.723062593344366 67951.983993840709445
2447.5 50767.770884644509351 67943.283416436010157
2448 50830.222672468866222 68022.543439307133667
2448.5 50717.021614928453346 67897.296419852515101
2449 50770.319391579920193 67968.464623250896693
2449.5 50887.821004306591931 68106.058799348626053
2450 50789.758804401972156 68004.850151939506759
2450.5 50725.141024125565309 67950.530071854693233
2451 50845.820148744234757 68075.177700429645483
2451.5 50876.468729348976922 68115.399559025929193
2452 50932.869371009008319 68194.132182645174908
2452.5 50958.83584449270711 68223.640216642525047
2453 51098.391165121138329 68372.286467987316428
2453.5 51018.370680447704217 68289.721073111548321
2454 50858.818945358572819 68132.176724804900005
2454.5 50908.040766706762952 68191.428550167693174
2455 50958.89621617620287 68245.20024862572609
2455.5 50856.261795385813457 68142.052273030567449
2456 50783.30540009689139 68066.374988905183272
2456.5 50812.463115957369155 68105.763005343134864
2457 50743.563651127944468 68069.5244088996551
2457.5 50742.962022530220565 68091.568980503376224
2458 50711.202758589941368 68082.776831080278498
2458.5 50674.171054465819907 68037.869950153763057
2459 50679.647811510476458 68039.495847951577161
2459.5 50633.860877173785411 68009.810562933809706
2460 50494.766415431586211 67858.855735686302069
2460.5 50602.966581791835779 67996.195816482577357
2461 50525.153671054285951 67929.03698150695709
2461.5 50500.155400834868487 67914.746573053329485
2462 50559.228164950873179 67985.655517212726409
2462.5 50581.28073091951228 68016.736688410106581
2463 50541.446413486519305 67990.331117755951709
2463.5 50515.888466525895637 67996.698868224513717
2464 50421.767055408919987 67904.157852592659765
2464.5 50488.470762040109548 67990.435821615654277
2465 50426.576186874626728 67900.299698103772243
2465.5 50450.660745890163525 67949.310365642566467
2466 50481.677087006595684 67980.679109301883727
2466.5 50389.695002492284402 67890.964719598734519
2467 50392.36293585250678 67897.230129101619241
2467.5 50416.841816115913389 67945.454535793003743
2468 50422.121053797636705 67957.89658019298804
2468.5 50406.798443917119585 67941.485244564421009
2469 50412.031341785514087 67953.48983199383656
2469.5 50402.768646796124813 67946.909643775856239
2470 50408.336660101143934 67979.571454820747022
2470.5 50359.419903227833856 67909.292029935881146
2471 50428.935107039404102 67986.983865168484044
2471.5 50452.2120310277096 68000.744360441400204
2472 50526.084626307769213 68089.244673369103111
2472.5 50626.704035360096896 68192.461882390678511
2473 50743.69119011326984 68348.703695262025576
2473.5 50650.208516512248025 68239.948840543424012
2474 50659.220839091627568 68241.479481299524195
2474.5 50813.603844712946739 68406.461345331263146
2475 50800.145981506706448 68408.209564302960644
2475.5 50918.413880385902303 68532.820178566253162
2476 50939.869173193830648 68581.954752660458325
2476.5 50966.346797276899451 68611.470786766236415
2477 51005.64991056805593 68667.671814853762044
2477.5 50896.708749694276776 68568.11678193876287
2478 50832.337206915217394 68513.070458624177263
2478.5 50775.787825147941476 68489.373747589852428
2479 50763.801906536755268 68480.260821552947164
2479.5 50738.553984854894225 68458.484572285902686
2480 50679.851131612216705 68388.454893172107404
2480.5 50629.913544204056961 68335.029494650865672
2481 50712.738180964748608 68432.708658129209653
2481.5 50708.53373641656799 68436.126199607504532
2482 50690.975507937408111 68398.598646649566945
2482.5 50689.940795853639429 68410.976722385647008
2483 50803.488512105242989 68539.206815444093081
2483.5 50806.291491255731671 68567.142126696708146
2484 50821.783804896709626 68567.307619447121397
2484.5 50929.021575184007816 68693.921594890533015
2485 50841.641765015330748 68596.075163947927649
2485.5 50941.089578088693088 68725.283358023196342
2486 51051.290149270142138 68853.054766988818301
2486.5 50952.565512329274497 68733.576678471639752
2487 50970.358771057013655 68754.160219121273258
2487.5 51066.979042441525962 68865.676814760445268
2488 50935.03633009436453 68741.740424957766663
2488.5 50912.629997112591809 68718.91815620943089
2489 50921.656108452996705 68718.53166179661639
2489.5 50931.824960235979233 68734.235226945209433
2490 50933.942627794167493 68771.363777980746818
2490.5 50801.443245715272496 68623.964786557931802
2491 50781.596949221020623 68607.10735713368922
2491.5 50824.157052324044344 68656.98289491358446
2492 50881.554685237068043 68727.102853172225878
2492.5 50882.538210061356949 68719.55589190851606
2493 50867.894619639919256 68739.974177834548755
2493.5 50787.479172167353681 68656.22261935712595
2494 50859.568885655004124 68741.554841652046889
2494.5 50885.547039008328284 68781.233774549938971
2495 50940.083246208210767 68843.37502845308336
2495.5 50976.685847375018056 68895.417156978612184
2496 50912.051361654637731 68826.81476053915685
2496.5 51070.807524814052158 69012.174113663553726
2497 51163.092366259617847 69112.205623934103642
2497.5 51150.808444760361454 69103.878207165675121
2498 50974.372223185302573 68895.956209485259023
2498.5 51006.676597141558887 68948.36423232893867
2499 50968.212619184538198 68909.777008337638108
2499.5 50920.445534978658543 68874.845561534049921
2500 51012.064711883962445 68979.328914634912508
2500.5 51015.142250754419365 68989.228158541664016
2501 51159.4436520275558 69167.97290741733741
2501.5 51054.223656065099931 69051.759978965885239
2502 50999.673498825453862 69009.925926850162796
2502.5 50978.440638044732623 69006.744777152081951
2503 50915.910760620899964 68962.200733129269793
2503.5 50881.506497071946796 68925.75893217039993
2504 50899.752602879489132 68932.13776202306326
2504.5 50830.074480956274783 68882.239870361081557
2505 50896.951513778061781 68964.108823409522302
2505.5 50880.441692857646558 68924.848209609190235
2506 50752.340170910472807 68785.511569947426324
2506.5 50885.107412416087755 68927.770802148676012
2507 50926.377607848080515 68975.243484740392887
2507.5 51033.212105524449726 69123.333234993071528
2508 51028.252225649463071 69098.367860889207805
2508.5 50903.170776989361912 68993.767065560095944
2509 50951.118117869911657 69042.062384190838202
2509.5 50873.983617838093778 68963.575249532426824
2510 50863.737220679271559 68952.638171511425753
2510.5 50865.332893548547872 68986.494092294116854
2511 50762.237059547835088 68871.544598341060919
2511.5 50695.427166428831697 68817.543077359223389
2512 50659.384626176244637 68781.886812437325716
2512.5 50698.189779625368828 68848.854900945763802
2513 50721.413632726704236 68868.031132641757722
2513.5 50803.229641039128182 68954.95083726879966
2514 50774.424296235745715 68915.694269932471798
2514.5 50873.966309088333219 69026.907509611919522
2515 50965.529095008649165 69132.729869874179712
2515.5 50963.60169370816584 69138.88928734305955
2516 51045.587519311848155 69246.357539213757263
2516.5 51057.577289197710343 69273.787301787029719
2517 51025.132914645248093 69226.221213861601427
2517.5 51226.21328177403484 69454.98398134225863
2518 51317.300427973103069 69558.130487408969202
2518.5 51320.78761628967186 69574.572513118589995
2519 51350.471208573922922 69599.017328356509097
2519.5 51408.549896930162504 69669.730877406414947
2520 51457.267143057964859 69738.565462762853713
2520.5 51560.539912063686643 69850.320463202646351
2521 51545.233087458960654 69846.161921745107975
2521.5 51601.503884714038577 69894.391415484758909
2522 51673.489960524522758 69984.805629836540902
2522.5 51588.82401227986702 69887.22790021316905
2523 51548.471357735492347 69868.790058280370431
2523.5 51552.313628810428781 69908.636431865394115
2524 51591.43923571522464 69941.66099017416127
2524.5 51660.41023212003347 70008.91100182813534
2525 51730.552948786928027 70093.822673338305322
2525.5 51757.699841176596237 70132.126924276410136
2526 51764.961274341279932 70140.766432491451269
2526.5 51669.177536177521688 70047.439551941410173
2527 51555.527665234541928 69927.882270132715348
2527.5 51429.702719683053147 69798.030197740416043
2528 51458.447464457174647 69840.834856099929311
2528.5 51487.625816205189039 69879.105171273040469
2529 51451.229132714615844 69845.381124570296379
2529.5 51365.534746508601529 69752.757854174415115
2530 51507.86729769003432 69908.106458875612589
2530.5 51603.768880069910665 69991.93647104788397
2531 51590.480013164044067 69969.216024058157927
2531.5 51666.433138572298049 70087.674661807992379
2532 51629.989294081155094 70059.522570616347366
2532.5 51626.705510776926531 70070.233327984882635
2533 51566.251206358516356 70008.855804928709404
2533.5 51466.92540163337253 69934.933488768248935
2534 51561.693033577350434 70047.567632887730724
2534.5 51654.2741018826855 70153.046215122783906
2535 51500.495851567211503 69996.16871377613279
2535.5 51588.372056492051343 70120.074183321863529
2536 51657.008861534981406 70191.966286513154046
2536.5 51580.473341263881593 70099.6834346196556
2537 51591.569558531591611 70096.85431703098584
2537.5 51494.732663366070483 70005.933260072037228
2538 51487.488983329865732 70005.086472653463716
2538.5 51666.300343881899607 70197.077500331695774
2539 51598.471097849651414 70108.381733552247169
2539.5 51669.718294498779869 70194.783555238274857
2540 51685.927649545621534 70216.505785143614048
2540.5 51524.379836441068619 70050.02423200373596
2541 51515.172973350330722 70059.365805410110625
2541.5 51517.174769893834309 70033.961974745441694
2542 51513.844567032523628 70074.773759893651004
2542.5 51406.358862919245439 69961.869301070764777
2543 51429.61382479481108 69986.451102741310024
2543.5 51483.617902212667104 70049.907912413182203
2544 51484.392845952555945 70040.244336584975827
2544.5 51504.131976126867812 70077.243713285977719
2545 51431.543012988004193 70018.850353502930375
2545.5 51461.480583236334496 70049.920564840838779
2546 51517.50175305949233 70136.229279109829804
2546.5 51481.402096251214971 70095.804214536459767
2547 51550.006512982254208 70203.352675103174988
2547.5 51441.302459496146184 70074.947898572849226
2548 51437.745921613386599 70082.472432475085952
2548.5 51494.283008761456585 70128.381754629852367
2549 51428.8449781970412 70084.559545167969191
2549.5 51353.201174124260433 70011.056344384909607
2550 51486.559609725911287 70140.649351203333936
2550.5 51469.394649396344903 70125.673702068728744
2551 51426.824156077222142 70086.663970955720288
2551.5 51543.614419066572736 70218.73985867164447
2552 51611.746441448900441 70307.723625406011706
2552.5 51653.892890418079332 70336.306779128994094
2553 51707.674258348721196 70395.159093398586265
2553.5 51831.633455030350888 70528.247527035477106
2554 51924.089189661652199 70644.603561694122618
2554.5 51851.725967621212476 70568.558586511979229
2555 51898.601229243548005 70620.987946710025426
2555.5 52018.680147838400444 70780.764422293184907
2556 51893.386524106485012 70657.651759270753246
2556.5 51903.371044078150589 70665.796203850753955
2557 51978.230072974562063 70765.190852960280608
2557.5 51950.676412069500657 70750.37029822304612
2558 52003.303555592880002 70820.518196779914433
2558.5 52005.1795662255754 70835.655860363447573
2559 51973.212843183602672 70815.174937148243771
2559.5 52019.079299894714495 70879.581306271400535
2560 52162.469149917604227 71059.066725077922456
2560.5 52034.504742762102978 70902.581180941633647
2561 52109.317339950241148 70987.5090834665898
2561.5 52079.162908145648544 70953.906927364427247
2562 52100.995068072043068 70971.459281118572108
2562.5 52066.656937763225869 70961.949922237399733
2563 52088.277302278307616 70990.584880330978194
2563.5 52051.447827521617 70948.45753636934387
2564 52066.98190264106961 70973.770261627112632
2564.5 52177.753246853157179 71126.746058218239341
2565 52088.632879054239311 71026.503634964858065
2565.5 51998.205486826656852 70910.621456934924936
2566 51962.580738009848574 70897.842324548008037
2566.5 51931.983704104364733 70890.832638499807217
2567 51905.319374141894514 70854.712249896183494
2567.5 52023.991999578087416 71023.072462563737645
2568 52050.241487241306459 71051.364714901559637
2568.5 52127.886964860401349 71144.032892953371629
2569 52133.738844024512218 71133.453591039418825
2569.5 52252.187839305704983 71285.783389250456821
2570 52267.274014704547881 71337.406461823396967
2570.5 52264.496560362247692 71309.537441616412252
2571 52337.116611884717713 71398.705896814048174
2571.5 52285.975953721324913 71337.177149718612782
2572 52170.680380760677508 71216.431402764515951
2572.5 52191.382459386251867 71238.837562352870009
2573 52188.861294665483001 71248.727260335101164
2573.5 52161.937332509325643 71236.369132530075149
2574 52208.012081192471669 71265.215400835353648
2574.5 52185.457981867199123 71242.722329649637686
2575 52135.606087423511781 71189.728980085899821
2575.5 52055.074652678697021 71099.940069131538621
2576 52113.612104504136369 71155.702398693276336
2576.5 52204.016872290070751 71269.999832581292139
2577 52162.994167587385164 71208.435023126003216
2577.5 52151.38638685222395 71219.070990310923662
2578 52056.032941542027402 71133.392077734548366
2578.5 52097.000039749291318 71192.007275620213477
2579 52150.56601841392694 71245.762437182551366
2579.5 52317.450085887612659 71438.996618675446371
2580 52259.98889606573357 71394.582061055203667
2580.5 52215.789389103250869 71334.051596634861198
2581 52187.490591240850335 71303.910546893457649
2581.5 52135.199583946392522 71229.508478219635435
2582 52116.108539295921219 71232.09396787933656
2582.5 52084.053088454857061 71196.349603508147993
2583 52064.80061286122509 71173.922262329477235
2583.5 52123.634304264793172 71250.771116035160958
2584 52088.531499460317718 71240.414194938522996
2584.5 52057.311027227988234 71219.79503480232961
2585 52060.06227809489792 71245.04769824242976
2585.5 52081.679527393767785 71290.657360318407882
2586 52049.489070936469943 71279.203189711581217
2586.5 52116.243015775246022 71340.266414919227827
2587 52262.909119331328839 71496.750206042692298
2587.5 52180.004797556604899 71425.971323161502369
2588 52118.167607319272065 71368.803450696126674
2588.5 52194.356055416355957 71486.010686351859476
2589 52136.206140576439793 71419.037335686109145
2589.5 52143.399558286298998 71449.747630167563329
2590 52141.779619724678923 71435.005321594362613
2590.5 52307.394640350576083 71623.459165137959644
2591 52394.145427159099199 71734.501766728164512
2591.5 52326.346829272049945 71631.689501044878853
2592 52309.035475996613968 71655.682634821365355
2592.5 52358.496710074112343 71735.885637305633281
2593 52253.43818849750096 71632.274321985169081
2593.5 52258.183160299398878 71653.467987475843984
2594 52190.504272785467037 71578.084004694988835
2594.5 52166.308587440675183 71552.078463587429724
2595 52222.246580112368974 71610.897967720535235
2595.5 52407.652626776536636 71815.551387700048508
2596 52456.133384741071495 71875.876809345412767
2596.5 52379.591610833958839 71797.879542127790046
2597 52345.632202187254734 71756.687633812063723
2597.5 52433.590116568244412 71854.177939044544473
2598 52525.889679550135043 71947.47093140144716
2598.5 52470.483348138186557 71895.995916458385182
2599 52553.71605243995873 71991.389883993411786
2599.5 52579.32795759900182 72022.01112837868277
2600 52571.144501883558405 72037.175988040748052
2600.5 52569.50225049155415 72030.771753100314527
2601 52705.568904377760191 72186.231225415423978
2601.5 52735.07833930990455 72211.571214053692529
2602 52771.799748880912375 72258.849408447611495
2602.5 52869.311002228867437 72363.142730987310642
2603 52963.146914729615673 72491.152796277281595
2603.5 52890.499188455833064 72422.084291713530547
2604 52960.932597319850174 72513.929638263391098
2604.5 52897.148274623665202 72441.54486763998284
2605 52919.191542011358251 72472.633081058913376
2605.5 52930.225363251316594 72474.906904525007121
2606 52893.747991400887258 72459.203366868663579
2606.5 52895.808568731423293 72479.240385650628014
2607 52943.596477828970819 72537.740913117129821
2607.5 52917.254766784870299 72495.265528632662608
2608 52898.929832667199662 72492.865336920018308
2608.5 52832.317681695167266 72438.899726226081839
2609 52835.62914260681282 72451.540659804624738
2609.5 52780.868860762449913 72378.96302628981357
2610 52804.386213524194318 72416.709788971944363
2610.5 52786.487976234799135 72403.390329692745581
2611 52730.58415827160934 72348.81725004852342
2611.5 52689.066144757773145 72320.453878112617531
2612 52643.419198354014952 72280.136912190268049
2612.5 52811.152840392103826 72451.251611288957065
2613 52883.112044441091712 72549.428436382237123
2613.5 52741.990387384663336 72386.102751563506899
2614 52677.269839012056764 72315.557950267117121
2614.5 52751.03480687996489 72418.181006744256592
2615 52682.980007279627898 72377.626407726362231
2615.5 52628.783236724928429 72281.493230623731506
2616 52651.273341440304648 72306.224018314867863
2616.5 52725.010606148491206 72416.745459831465269
2617 52782.506021328437782 72483.983474132983247
2617.5 52747.658966805196542 72431.689563799242023
2618 52788.902127808934893 72494.884003442013636
2618.5 52805.825604046563967 72509.859301961769233
2619 52857.20648238024296 72598.368514017420239
2619.5 52796.965888816142979 72559.700419012719067
2620 52767.212724399898434 72536.644012174554518
2620.5 52794.365392921630701 72591.071164493827382
2621 52556.614485281403176 72324.07242183687049
2621.5 52719.906364799033327 72515.768383721326245
2622 52806.100656962997164 72638.64143628012971
2622.5 52678.786065446627617 72472.318274824327091
2623 52864.261321421930916 72704.813063949201023
2623.5 52704.725128564568877 72552.957520863870741
2624 52662.876046495519404 72490.341325027358835
2624.5 52748.758832424246066 72582.379556634536129
2625 52699.77417884949682 72539.015846715206862
2625.5 52619.111961330170743 72469.465552111054421
2626 52585.799359316049959 72453.691177692177007
2626.5 52546.387607780583494 72430.509484790847637
2627 52439.548945258480671 72307.97959286319383
2627.5 52474.624894765758654 72353.745567375168321
2628 52518.913707458123099 72386.552248703956138
2628.5 52466.456768971242127 72348.328667891648365
2629 52438.957048501062673 72304.779639611238963
2629.5 52548.829084614633757 72420.662947372649796
2630 52553.878680829795485 72417.848096216723206
2630.5 52607.496016141136352 72480.414116838714108
2631 52606.860347935413301 72485.339177226516767
2631.5 52649.768099762433849 72545.042518731643213
2632 52833.156491439876845 72761.75067419957486
2632.5 52801.643998549698154 72728.390000688596047
2633 52886.238967649020196 72835.89623474641121
2633.5 52929.227297515230021 72903.794669962691842
2634 52934.127510494457965 72929.512042147791362
2634.5 52969.432626125751995 72982.664270515291719
2635 53028.25076039382111 73035.730004444892984
2635.5 53110.951979262616078 73147.049698120245012
2636 53131.907553890327108 73151.518447311304044
2636.5 53081.423270587125444 73100.798028797333245
2637 53044.95123060476908 73057.088577544462169
2637.5 53145.208838728933188 73199.605287885351572
2638 53084.619051439447503 73127.033541189870448
2638.5 53176.610921476596559 73259.126487174929935
2639 53175.625614694421529 73279.599008519027848
2639.5 53194.817320025824301 73299.420892590525909
2640 53298.156332881560957 73431.251978850908927
2640.5 53250.236985065377667 73408.921616297258879
2641 53230.601671664517198 73386.438987709145295
2641.5 53146.757320706848986 73301.055454687739257
2642 53177.810547349610715 73369.752747815975454
2642.5 53223.88763117579947 73419.866582915798062
2643 53227.642009394265187 73427.355851443804568
2643.5 53211.596334556219517 73407.784176716435468
2644 53236.424202488429728 73447.103586035969784
2644.5 53194.991112841686117 73396.289940977891092
2645 53211.826372286101105 73433.212554862882826
2645.5 53094.586316954817448 73329.512676044440013
2646 53069.232019084367494 73304.392213796149008
2646.5 53150.908925773008377 73405.797100464566029
2647 53033.902202631725231 73283.150287468713941
2647.5 52907.891087453179352 73158.19027379664476
2648 52850.912985667906469 73117.205909408963635
2648.5 52914.645426668837899 73196.928795119616552
2649 53012.065739051853598 73335.350940383272246
2649.5 52982.733921558632574 73282.261091304942966
2650 53006.307288022930152 73324.752765752520645
2650.5 53023.394622712003184 73342.820823878282681
2651 52971.808775520657946 73295.760191244466114
2651.5 52933.751006124832202 73259.702698830704321
2652 52915.911953048234864 73262.584976893544081
2652.5 52936.214707312799874 73280.568543480796507
2653 52913.483776234977995 73240.744251069685561
2653.5 53060.909013705830148 73437.151811302537681
2654 53090.137994910328416 73449.009983770345571
2654.5 53006.943842148844851 73367.601301199916634
2655 52973.900794081135246 73324.656154967655311
2655.5 53125.019926473876694 73501.550152263997006
2656 53049.334892434409994 73438.627547053081798
2656.5 53081.262505495695223 73487.828896294566221
2657 53112.850676778398338 73517.512370634809486
2657.5 53055.805769109618268 73468.120071986602852
2658 52984.453412473762 73388.251500572674558
2658.5 52997.462808477801445 73404.439528516726568
2659 52950.328396234333923 73342.944827284096391
2659.5 52988.706727480290283 73433.004331901698606
2660 52966.536848625059065 73399.009646397971665
2660.5 53073.581151422331459 73521.575386677490314
2661 53111.809522722258407 73578.2150032834179
2661.5 52967.672952009867004 73428.964669437191333
2662 52967.125969738641288 73435.466616636782419
2662.5 52827.42921872241277 73290.386305467312923
2663 52729.624760721126222 73193.920396832749248
2663.5 52702.611714486338315 73166.245525823935168
2664 52684.767763641437341 73158.365362368000206
2664.5 52586.0996623116298 73048.392480170397903
2665 52539.963290602114284 73001.171231040221755
2665.5 52645.568621209858975 73118.826019990665372
2666 52566.809008461554185 73026.564594790892443
2666.5 52561.311744368416839 73041.048208107706159
2667 52581.276633327106538 73046.174387295628549
2667.5 52711.045811772099114 73191.242867830907926
2668 52726.409696731207077 73219.980986608294188
2668.5 52724.697717124603514 73241.424125370482216
2669 52842.510182995938521 73383.857572614273522
2669.5 52907.212833587102068 73453.916014453803655
2670 52950.541892775945598 73502.567026868404355
2670.5 52888.850380416763073 73422.153961875461391
2671 53008.024749528078246 73569.374799514742335
2671.5 53102.40962029498769 73658.43212498560024
2672 53092.758390587376198 73649.998975096954382
2672.5 53285.652387845279009 73875.311573351063998
2673 53301.856316920544486 73879.722377247788245
2673.5 53322.868008292025479 73902.419154831542983
2674 53254.055343131964037 73813.288601011387073
2674.5 53303.260319051158149 73910.968885628230055
2675 53300.713611037252122 73909.401875950410613
2675.5 53342.191734966429067 73966.11155645668623
2676 53394.078388144982455 74013.876281950011617
2676.5 53446.70903770946461 74072.904145591150154
2677 53338.21147790239047 73981.591740582502098
2677.5 53253.221337293784018 73894.474695545082795
2678 53183.207074822021241 73846.39923176902812
2678.5 53186.788613817683654 73846.790031150361756
2679 53310.842382543756685 73995.780109206971247
2679.5 53275.501564054196933 73936.357855613794527
2680 53366.862388010391442 74051.553220991016133
2680.5 53497.176885346452764 74174.507077404094161
2681 53543.621067059830239 74250.868915676008328
2681.5 53511.980406770206173 74220.660905821510823
2682 53539.577559590499732 74234.315498954281793
2682.5 53672.064391259846161 74402.442936148450826
2683 53657.396013631674577 74391.339629787718877
2683.5 53622.442383135276032 74358.412621230716468
2684 53591.932186234938854 74340.505957814064459
2684.5 53625.275856319232844 74371.924704118893715
2685 53698.885452098766109 74474.723042517798604
2685.5 53676.618701123014034 74460.639782074344112
2686 53556.20871810089011 74318.803512690181378
2686.5 53633.545700927796133 74438.606275219019153
2687 53610.475789587573672 74429.158682403707644
2687.5 53591.1182115299016 74393.293043002166087
2688 53643.981818707965431 74449.915630436022184
2688.5 53514.464832937577739 74337.793206877380726
2689 53440.0218809243961 74256.50224364027963
2689.5 53475.54697819006833 74318.611796804572805
2690 53545.400831582206592 74399.329098866292043
2690.5 53550.725317846940015 74391.36706722326926
2691 53599.133422740153037 74453.860269103417522
2691.5 53651.937101320785587 74502.903990291801165
2692 53850.266788769396953 74719.697273701138329
2692.5 53888.870708951166307 74757.887733878276777
2693 53806.352737426037493 74687.936360703170067
2693.5 53896.108339126949431 74800.439804354158696
2694 53875.719917679452919 74787.659859239254729
2694.5 53821.759491736484051 74704.313251508938265
2695 54032.125153929271619 74956.95142504866817
2695.5 54089.855214665571111 75036.74149764329195
2696 54037.894828933960525 74980.27572865478578
2696.5 54055.484666409538477 75027.211544189500273
2697 54044.001667888507654 75009.362474493711488
2697.5 54069.281727566041809 75058.330504672427196
2698 53905.403331955822068 74874.428129402484046
2698.5 53995.634534492419334 74987.357287016086048
2699 54007.924229862794164 74976.74845449354325
2699.5 54165.746353141745203 75154.605370893594227
2700 54191.180304839799646 75194.641834461668623
2700.5 54132.815160495476448 75131.012284338052268
2701 54110.034813154750736 75112.933194362747599
2701.5 54192.381958292709896 75229.818755803149543
2702 54221.752221000300779 75270.114379763850593
2702.5 54303.838687040384684 75383.908788486049161
2703 54115.55884924660495 75161.755612484615995
2703.5 54175.051275590558362 75234.819273702785722
2704 54170.229024697568093 75260.545032067995635
2704.5 54066.319560224081215 75162.838409951145877
2705 53981.253645334938483 75079.05877364949265
2705.5 53982.192732535790128 75093.462205549119972
2706 54041.145168048678897 75185.055961510064662
2706.5 53911.956848961526703 75027.309642172025633
2707 54042.570171780454984 75177.885217934293905
2707.5 54173.590981533801823 75357.363847719068872
2708 54184.932913942742744 75381.448994497724925
2708.5 54093.629472087864997 75273.599467195323086
2709 54078.525419291880098 75277.715198817837518
2709.5 53946.893253555092087 75138.875018477061531
2710 53961.154116749501554 75191.053840948501602
2710.5 54004.084214357739256 75222.48028329659428
2711 54134.268824541512004 75370.853459127742099
2711.5 54218.127417268355202 75455.47882957335969
2712 54192.298912595346337 75435.448105487783323
2712.5 54204.874367148760939 75454.63754149817396
2713 54194.292030503165734 75462.922458566259593
2713.5 54234.518585213772894 75502.174742815128411
2714 54361.300094908037863 75640.955713140705484
2714.5 54316.35708775321109 75582.83291220846877
2715 54354.467996603620122 75639.654901333298767
2715.5 54440.657236167367955 75740.320847125694854
2716 54301.157530150427192 75582.531855907960562
2716.5 54358.723440699301136 75662.383580683934269
2717 54503.377609486306028 75836.961100294807693
2717.5 54517.911398086194822 75857.420322346719331
2718 54474.845957160912803 75819.684748108920758
2718.5 54517.84079439593188 75883.496833646539017
2719 54447.390591027819028 75806.70534254379163
2719.5 54521.202429681405192 75892.652214141999139
2720 54581.777146540829563 75956.270276559516788
2720.5 54482.380905557642109 75837.34385563932301
2721 54511.467698215637938 75863.67629580447101
2721.5 54571.683552348229568 75948.379554210419883
2722 54588.676057679804217 75988.503397136228159
2722.5 54493.007625017860846 75894.539912994601764
2723 54469.871357511961833 75851.029434800919262
2723.5 54493.414495017663285 75903.791279566983576
2724 54433.104945642087841 75825.975354791939026
2724.5 54562.753564113299944 75974.354240953849512
2725 54564.815708149522834 75986.997985203692224
2725.5 54442.029105398221873 75835.331555790718994
2726 54532.922759702807525 75935.273712040972896
2726.5 54583.337285842193523 75990.958897037620773
2727 54546.157329014691641 75945.210265006913687
2727.5 54421.940292111961753 75837.066055161238182
2728 54445.61455595845473 75872.2276295068732
2728.5 54283.388324214050954 75693.766264012883767
2729 54223.318948311709391 75648.041782282656641
2729.5 54069.794949355971767 75483.850920374316047
2730 54131.9636976325055 75560.295156707899878
2730.5 54168.98518155155034 75603.369587435110589
2731 54060.412210836911981 75515.060394127518521
2731.5 54031.481613671894593 75498.207624327478698
2732 54181.932860601569701 75700.527168914850336
2732.5 54215.932871458724549 75709.331140497029992
2733 54314.091268316828064 75832.58160615178349
2733.5 54351.587674809161399 75863.364666721376125
2734 54326.476208150335879 75840.805228058874491
2734.5 54374.62592996708554 75872.366451325564412
2735 54393.045133710926166 75889.620261854710407
2735.5 54523.499709771618654 76068.120386196154868
2736 54576.971551012618875 76131.49279474686773
2736.5 54530.462628014640359 76088.960288531292463
2737 54449.366067555725749 76017.25045537877304
2737.5 54440.914760901687259 76005.074248400036595
2738 54448.519984261634818 76029.191996987021412
2738.5 54424.237821326249104 75980.395812102739001
2739 54572.621523220645031 76198.17136780070723
2739.5 54402.117520396030159 76015.415341418774915
2740 54384.646215687294898 76005.550249426494702
2740.5 54377.893800384023052 76026.436133995230193
2741 54230.818737380031962 75865.592169195981114
2741.5 54232.859060769209464 75866.876517530865385
2742 54165.887035630876198 75823.540831771548255
2742.5 54188.208970471045177 75843.704690264828969
2743 54046.851924603688531 75692.298384049048764
2743.5 54105.69218494357483 75756.356002329383045
2744 54121.051111571825459 75804.056692921149079
2744.5 54208.713928214056068 75919.654381157612079
2745 54061.494453791281558 75741.851492327594315
2745.5 54119.992090769388597 75811.620774244147469
2746 54143.197440925119736 75812.368797533432371
2746.5 54360.510649745810952 76060.961250631065923
2747 54332.003737474777154 76028.889074681283091
2747.5 54316.605298284317541 76019.349659067956964
2748 54378.54950362512318 76105.381175499569508
2748.5 54278.897412033613364 75992.271289898329997
2749 54345.39983602421853 76114.24372753877833
2749.5 54376.36531235534494 76145.415043080211035
2750 54273.337650724184641 76007.422198760774336
2750.5 54283.577730278913805 76013.558257568554836
2751 54524.597546875142143 76313.676262355962535
2751.5 54439.443935229690396 76213.162103349794052
2752 54347.987453154790273 76113.317172304712585
2752.5 54374.018320723145735 76148.919208492166945
2753 54567.163223846400797 76380.284945926017826
2753.5 54560.762732919261907 76373.391466785658849
2754 54514.517790619909647 76325.527329510630807
2754.5 54648.229701342475892 76474.379606593312928
2755 54544.718467472594057 76336.433932340194588
2755.5 54575.544048448478861 76375.692775996925775
2756 54744.542805951612536 76592.794036002727807
2756.5 54823.634291358321207 76693.487415692477953
2757 54718.211784531267767 76571.674463322531665
2757.5 54632.016107423063659 76492.546658003178891
2758 54724.718359394857544 76614.49478858699149
2758.5 54655.172661648415669 76548.4323160082713
2759 54683.446286398648226 76608.063366082613356
2759.5 54638.650840088266705 76539.366765082944767
2760 54620.866565584219643 76520.57368699691142
2760.5 54688.967514780844795 76610.959716495985049
2761 54786.024155617677025 76705.671169549576007
2761.5 54803.285816490439174 76703.982602942734957
2762 54856.751443616405595 76769.510082336040796
2762.5 55042.742372304848686 76985.840285952275735
2763 55130.545623993508343 77071.841542935493635
2763.5 55019.080472967922105 76980.43069459713297
2764 54986.86461299572693 76943.145661954229581
2764.5 54928.571643121089437 76913.734063728901674
2765 54984.870650600234512 76984.254321887434344
2765.5 55122.919822399308032 77138.652333766774973
2766 55142.38268869703461 77167.241284159084898
2766.5 55118.721485040914558 77158.688085410496569
2767 54989.492522781234584 77006.447908391201054
2767.5 55062.079642210963357 77096.758234959794208
2768 55049.6678861841865 77094.931809238885762
2768.5 55050.859289811640338 77102.077060401512426
2769 55110.10068614030024 77172.141186944907531
2769.5 55162.535872471875336 77211.414325663761701
2770 55274.559924707973551 77329.491603539237985
2770.5 55361.962725430785213 77429.560487098700833
2771 55404.499037901376141 77493.399017825635383
2771.5 55229.798999246420863 77317.931542586709838
2772 55214.812070586442132 77310.150536641900544
2772.5 55147.780486307732644 77264.966717462462839
2773 55119.031414570403285 77234.387375582751702
2773.5 55124.722540946400841 77241.670263259278727
2774 55218.363128078410227 77338.031549509032629
2774.5 55287.412721181892266 77432.918985618656734
2775 55296.453867006144719 77418.529166685781092
2775.5 55309.273917039172375 77424.862884992180625
2776 55433.763569275710324 77581.364850214085891
2776.5 55447.661406745137356 77580.354768300865544
2777 55408.005311317407177 77551.393658003449673
2777.5 55340.509538870246615 77493.277425296066212
2778 55380.846285378487664 77564.238525998109253
2778.5 55317.737264864961617 77491.268080390567775
2779 55274.484327757745632 77474.458650706423214
2779.5 55276.199237477201677 77482.944871971514658
2780 55167.471394369487825 77351.071901013681781
2780.5 55183.923841911586351 77382.952941132243723
2781 55150.135773134417832 77352.514668025192805
2781.5 55179.530344162099937 77415.334430585004156
2782 55053.126141903543612 77250.701854313156218
2782.5 55209.66838330758037 77436.00032329390524
2783 55205.380373649117246 77436.568251328222686
2783.5 55276.366976271572639 77554.108084693987621
2784 55256.501451167998312 77539.110391444133711
2784.5 55319.443428078418947 77610.0373806640564
2785 55426.82478620877373 77730.076989956476609
2785.5 55341.310704848627211 77624.763326439773664
2786 55340.774128578297677 77628.103599931142526
2786.5 55207.558445499220397 77506.149507954032742
2787 55015.173605162948661 77304.646563841859461
2787.5 55053.716336727229645 77335.081503307432286
2788 55111.120573790700291 77420.18697134051763
2788.5 55132.609816700816737 77468.229523251851788
2789 55153.932120021687297 77454.417710121721029
2789.5 55076.132574075840239 77387.697713238696451
2790 55064.124016392415797 77380.926005861299927
2790.5 55075.051684993333765 77390.311857033884735
2791 54984.41625559352542 77255.019370599096874
2791.5 55126.348235242985538 77454.288286378170596
2792 55125.874346232405514 77443.332687501155306
2792.5 55107.237082094696234 77447.110759739662171
2793 55115.699060602586542 77462.655014538177056
2793.5 55282.811586373456521 77662.441441442540963
2794 55328.810484054833069 77720.733768200618215
2794.5 55226.8532267826522 77601.121263162436662
2795 55248.487704099949042 77645.659479785696021
2795.5 55135.999624905874953 77531.601710109796841
2796 55112.605060505069559 77509.258404435124248
2796.5 55018.092978127941024 77438.188661136926385
2797 54991.927104508882621 77428.742289027009974
2797.5 55058.781191407804727 77508.667969358430128
2798 55084.53520135088911 77535.494513771918719
2798.5 55020.085213823425875 77491.620376196093275
2799 54962.636332059038978 77408.59857066355471
2799.5 54994.630900081421714 77465.092283423407935
2800 55064.290303034744284 77554.458993097097846
2800.5 55101.572399254284392 77608.397796419158112
2801 55088.169979099446209 77576.758733883820241
2801.5 55083.71693281277112 77554.651546950160991
2802 55094.363275183313817 77584.454955069522839
2802.5 55153.690948519673839 77652.997032347382628
2803 55156.214263498746732 77653.108946474836557
2803.5 55260.092663340758008 77795.718210100982105
2804 55164.807402527570957 77703.042725048333523
2804.5 55168.465033557193237 77719.215766493434785
2805 55247.256755520167644 77804.120834579560324
2805.5 55204.843954419062356 77751.556759920553304
2806 55173.762115590136091 77740.630121405352838
2806.5 55162.624942448928778 77732.637538054870674
2807 55352.94616034036153 77946.591307978902478
2807.5 55345.876609358994756 77939.977632955313311
2808 55224.759917415751261 77809.877454048299114
2808.5 55213.917859272056376 77797.466360491889645
2809 55149.025711001821037 77717.319253261273843
2809.5 55242.634846705535892 77837.075392238606582
2810 55269.248091305715207 77890.342444562149467
2810.5 55358.181097255503119 77997.656581261224346
2811 55257.184682059654733 77896.191946341932635
2811.5 55429.145323232507508 78101.594669050798984
2812 55361.685933343163924 78019.43137876840774
2812.5 55363.192072647747409 78026.850866364344256
2813 55390.399875668830646 78079.070695558461011
2813.5 55273.836738707846962 77940.627686373249162
2814 55068.200179739003943 77733.118213397276122
2814.5 55089.815732699418731 77753.510952039534459
2815 55210.346814617798373 77917.658633546423516
2815.5 55295.251788302273781 77992.017330486763967
2816 55435.702410644764313 78148.43504231548286
2816.5 55405.503017523391463 78117.324139934949926
2817 55375.089646592037752 78073.148186782127596
2817.5 55365.295183393274783 78089.314737553489977
2818 55405.906582591538609 78120.873383840298629
2818.5 55333.71031881224917 78065.057377566263312
2819 55285.075201143103186 78011.58819112922356
2819.5 55339.477275179378921 78070.922625038583647
2820 55446.807097829354461 78196.788829123353935
2820.5 55597.741008714794589 78356.869141200630111
2821 55550.220274245912151 78326.710000628328999
2821.5 55450.955411245391588 78223.156041624504724
2822 55489.438737966294866 78247.234098561049905
2822.5 55468.254788023441506 78237.441003091298626
2823 55453.89500937590492 78233.85079802236578
2823.5 55385.205582654394675 78147.539696553794784
2824 55417.251040438102791 78200.962243758855038
2824.5 55407.235589120304212 78190.312140415742761
2825 55382.497687948707608 78160.512715461372864
2825.5 55420.081066641410871 78225.505748333642259
2826 55351.005264522114885 78176.791169802454533
2826.5 55332.441210568140377 78143.566694606139208
2827 55175.033948015880014 77955.686018526714179
2827.5 55147.188060248525289 77932.233489389152965
2828 55180.436168348845968 77986.602458786757779
2828.5 55118.999577147806122 77921.71634545881534
2829 55164.299075371658546 78004.092267341839033
2829.5 55322.809091841765621 78194.995137668622192
2830 55326.097300490255293 78192.867629039770691
2830.5 55260.202260180049052 78120.258264305521152
2831 55264.62721795381367 78142.4694699524116
2831.5 55102.916982521019236 77965.732325092423707
2832 55036.277386557754653 77913.571219355711946
2832.5 55051.773836510925321 77968.055517646498629
2833 55060.226216360191756 77958.741388075213763
2833.5 55089.003738791412616 77987.68836942013877
2834 55028.105451254712534 77948.903900903518661
2834.5 55072.877616581863549 78000.441643317084527
2835 55166.813198270581779 78118.663254249113379
2835.5 55131.246562286862172 78068.925816226168536
2836 55208.227644636892364 78147.75467194338853
2836.5 55424.498967371233448 78370.660378505170229
2837 55472.612914268785971 78429.964399187490926
2837.5 55437.260836813824426 78400.916081083370955
2838 55475.901596364128636 78443.185825883352663
2838.5 55504.889243729732698 78493.199182133874274
2839 55417.016986274298688 78378.007447547788615
2839.5 55519.626458005011955 78498.243246478334186
2840 55600.651879201679549 78573.88146467077604
2840.5 55799.580084058368811 78848.907375928989495
2841 55879.539481445804995 78940.630279648699798
2841.5 55847.519470440216537 78897.614651785930619
2842 55918.559636513287842 78956.969682356269914
2842.5 55980.275148131113383 79039.011346337822033
2843 56123.857865846002824 79222.991357048973441
2843.5 55969.733429783307656 79045.09787032911845
2844 55931.274478818639182 78992.650354176497785
2844.5 55975.300108005649236 79049.995895208980073
2845 56031.781218543059367 79161.842895665336982
2845.5 56099.777892299978703 79233.215318565184134
2846 56111.963273288398341 79264.650606605981011
2846.5 56005.275074124117964 79139.593445690727094
2847 55856.72846404457232 78974.211911944352323
2847.5 55738.819871243205853 78856.133375888923183
2848 55853.939170639408985 79023.460766233867616
2848.5 55859.373574150937202 79040.399517910002032
2849 55813.249835742397408 78983.668141061803908
2849.5 55892.787948152647004 79058.404226903454401
2850 55913.11263628321467 79119.751482880878029
2850.5 55804.182726082690351 78985.58503890686552
2851 55872.229259571089642 79081.492982352036051
2851.5 55838.477157569745032 79042.549778356056777
2852 55623.181023245117103 78811.138047049913439
2852.5 55680.536575386999175 78899.10051293480501
2853 55628.257557895827631 78867.136792752251495
2853.5 55675.319414852288901 78910.37266233790433
2854 55788.13424879591912 79029.631341982225422
2854.5 55822.294559365524037 79075.955519900497166
2855 55801.98714768262289 79023.190705290195183
2855.5 55777.287464580265805 79042.770287233201088
2856 55909.58605336643086 79198.50177613546839
2856.5 55907.720587641946622 79210.127552088029915
2857 55820.643710305470449 79118.821426176073146
2857.5 55888.425914473940793 79190.622638650092995
2858 55896.382816644618288 79210.852233497236739
2858.5 55916.959763611535891 79257.729858347520349
2859 55760.348884700113558 79087.385878100700211
2859.5 55717.27910535470437 79062.206201081746258
2860 55597.140952464440488 78938.59369077453448
2860.5 55520.975448482342472 78844.738329651620006
2861 55560.923716075085395 78887.276523439621087
2861.5 55579.630148812451807 78903.727409176717629
2862 55572.611085060903861 78881.433710102224723
2862.5 55450.031788228632649 78769.070797253531055
2863 55421.660624403324618 78757.104367873966112
2863.5 55451.221440294699278 78785.525970701099141
2864 55542.701378826757718 78890.500963303362369
2864.5 55508.345799333939794 78854.269975517774583
2865 55515.817551872300101 78878.273969869042048
2865.5 55674.686430721303623 79054.369237472012173
2866 55754.75301293341181 79143.498811618046602
2866.5 55796.143858255170926 79194.962981324701104
2867 55841.913208395752008 79231.14619251601107
2867.5 55912.767663104212261 79337.643375167564955
2868 55798.857692288751423 79172.012103969696909
2868.5 55854.088022373405693 79242.576714332986739
2869 55740.539253373004613 79121.448790930502582
2869.5 55657.397506882378366 79032.618211793786031
2870 55749.666949634964112 79160.860539317975054
2870.5 55758.585503483605862 79171.715825117367785
2871 55701.208631741072168 79125.400973678770242
2871.5 55703.430929551657755 79143.736462897213642
2872 55591.755678025074303 79035.676923828796134
2872.5 55580.141867009864654 79042.48077769986412
2873 55608.236507617606549 79065.52395675497246
2873.5 55582.886498644431413 79048.110970949521288
2874 55574.208142754367145 79024.346207225884427
2874.5 55495.137880340633274 78992.278675740904873
2875 55517.07788999715558 78990.626749423783622
2875.5 55517.439656702219509 78975.022750249714591
2876 55499.875176053355972 78989.207504468940897
2876.5 55419.139514275309921 78872.429996131759253
2877 55452.387063240399584 78906.774556822798331
2877.5 55456.096029919070133 78903.982263609592337
2878 55607.128122060479654 79089.376239814897417
2878.5 55613.960449249898375 79091.915338236969546
2879 55495.281866360397544 78942.24043971595529
2879.5 55510.299043664097553 78977.97435719317582
2880 55439.3545311384878 78869.259391222949489
2880.5 55443.788181545198313 78894.139969622643548
2881 55359.475511815377104 78849.947484260963392
2881.5 55342.345522089788574 78822.175841644770117
2882 55338.276322556637751 78841.362154874936095
2882.5 55253.831438026652904 78759.700561502439086
2883 55254.580758226424223 78754.930863595596747
2883.5 55363.609149693853396 78871.476231456574169
2884 55541.156459169695154 79081.494750370082329
2884.5 55653.383384132954234 79193.127675675495993
2885 55678.410836029011989 79236.201988301458186
2885.5 55653.869681523239706 79206.049459948335425
2886 55713.044435198899009 79270.660115126869641
2886.5 55666.602157884728513 79204.20009522952023
2887 55708.077642674557865 79253.562953418339021
2887.5 55709.755567657397478 79265.696416293241782
2888 55654.227265236499079 79222.599742677964969
2888.5 55587.437587076477939 79138.374584980905638
2889 55602.350862936749763 79164.242899603559636
2889.5 55553.225334696442587 79113.05626843792561
2890 55616.275638880135375 79190.152066850467236
2890.5 55609.98338833044545 79211.059998323646141
2891 55468.115207637012645 79038.558496058729361
2891.5 55502.521124966413481 79099.410657460379298
2892 55392.200222819847113 78980.330157109870925
2892.5 55346.243320256529842 78934.125682441503159
2893 55408.83358339710685 79005.479100902040955
2893.5 55439.196998159961367 79065.67319267296989
2894 55440.34034692793648 79088.200790925955516
2894.5 55472.79215863438003 79146.524803967346088
2895 55536.284289224800887 79223.186358451654087
2895.5 55625.566687258360616 79307.018794076124323
2896 55620.758248214493506 79315.829010379427928
2896.5 55687.827965837954252 79393.373412258399185
2897 55660.310984578900388 79362.165765845435089
2897.5 55723.200123562761291 79405.18961008862243
2898 55787.199564820723026 79495.026264532541973
2898.5 55721.350605371066194 79436.646977603173582
2899 55769.363827633300389 79498.367557657154975
2899.5 55787.708772675396176 79512.987989367684349
2900 55679.150955067256291 79397.42472811783955
2900.5 55682.092611759384454 79400.700780028346344
2901 55818.055325090681436 79542.742867175504216
2901.5 55780.204432579259446 79542.478685931069776
2902 55769.303608484799042 79543.790631519877934
2902.5 55826.255608490631857 79655.649217410609708
2903 55904.334106993228488 79757.608439583957079
2903.5 55914.897137908934383 79761.149442074078252
2904 56008.908633280538197 79883.383336660583154
2904.5 55904.590403565773158 79735.094146453891881
2905 56035.313392687981832 79922.750388075422961
2905.5 56008.568204264032829 79879.220944781525759
2906 55885.370012041596055 79771.42911174717301
2906.5 55982.283115961668955 79869.755675781081663
2907 55978.627678659555386 79881.943382781391847
2907.5 55826.982681237153884 79721.896003789501265
2908 55864.048952219454804 79772.002169168481487
2908.5 55725.043126358970767 79621.409505629213527
2909 55910.218047537397069 79862.577316769762547
2909.5 55877.976191544024914 79808.181934047475806
2910 56021.204080045470619 80002.85125754904584
2910.5 56101.880536976605072 80089.869357026735088
2911 56118.19410552689078 80137.59748464912991
2911.5 55990.421428892215772 79972.952349022802082
2912 56108.456895139948756 80092.280610459652962
2912.5 56097.627240177200292 80072.905263181659393
2913 56176.368571273567795 80168.994089006519062
2913.5 56247.372743040745263 80247.938282997929491
2914 56377.793190464086365 80389.611822475475492
2914.5 56380.818113126828393 80357.572612464646227
2915 56538.509342466051748 80554.317989366143593
2915.5 56627.127131119872502 80661.156904840987409
2916 56534.472329509051633 80548.649992941180244
2916.5 56656.320942104190181 80693.402686310830177
2917 56598.860333571574301 80640.742896736672265
2917.5 56551.420964472861669 80606.302483749852399
2918 56427.655017683595361 80488.468432351073716
2918.5 56324.004369136077003 80360.350800396030536
2919 56440.134098713911953 80532.241735593750491
2919.5 56248.360277742889593 80281.807085224761977
2920 56202.794062890206988 80264.348517621110659
2920.5 56245.681161599801271 80314.014141987630865
2921 56285.965264743521402 80381.591973069895175
2921.5 56190.466160761810897 80278.780216911123716
2922 56262.618973628843378 80360.740738789841998
2922.5 56183.690528602812265 80268.255309244472301
2923 56201.99977179432608 80322.302487973531242
2923.5 56205.988723784546892 80318.707718011486577
2924 56130.260907362979196 80262.386917584357434
2924.5 56036.239187629966182 80188.625274279809673
2925 55912.436227528669406 80033.680510457925266
2925.5 55902.004500794799242 80070.310214770361199
2926 55867.846947058715159 80002.789970022524358
2926.5 55823.843925804307219 79974.439715560001787
2927 55730.023159458462032 79892.532096784387249
2927.5 55828.988836254400667 80007.056817931210389
2928 55840.375488974561449 80049.060001774298144
2928.5 55958.860418990683684 80171.151357972223195
2929 55874.143351071688812 80056.091068401554367
2929.5 55941.41740378329996 80162.352566378482152
2930 55887.38981474909815 80108.683869470187346
2930.5 55949.021942008381302 80199.119358120995457
2931 56057.2722044765178 80315.535590446626884
2931.5 56199.839974546157464 80485.923342120309826
2932 56161.390619117679307 80439.695626610526233
2932.5 56144.645892904693028 80409.151606605155393
2933 56192.884309463923273 80479.237146724510239
2933.5 56212.386276774901489 80520.24735679065634
2934 56197.442810830681992 80513.72190049161145
2934.5 56207.824347447312903 80508.872581453368184
2935 56138.187981155664602 80471.267414152476704
2935.5 56214.46739414021431 80526.850008464592975
2936 56175.488654297922039 80501.746437271271134
2936.5 56139.406458822806599 80447.008233957196353
2937 56216.674220646040339 80549.224076621932909
2937.5 56212.10822045855457 80556.209100241860142
2938 56308.026538833015366 80658.607703926289105
2938.5 56339.882576270138088 80704.427923579627532
2939 56290.624020335257228 80640.602239690502756
2939.5 56410.430334431548545 80772.857713939461973
2940 56368.85928885100293 80720.267831001590821
2940.5 56447.777786335827841 80858.561729167719022
2941 56409.649004135062569 80824.07748229810386
2941.5 56371.054445985799248 80772.666453720259597
2942 56346.818691544853209 80739.515159625225351
2942.5 56262.896070145376143 80664.292201097792713
2943 56390.605592747451738 80778.967383124632761
2943.5 56379.013065148472378 80783.92819052663981
2944 56486.333372934168437 80920.196109568729298
2944.5 56336.431603217621159 80775.387107438524254
2945 56308.837666444844217 80743.092120726243593
2945.5 56213.402093323784356 80604.111101197850076
2946 56328.035792932751065 80759.397263386272243
2946.5 56393.950575971437502 80856.977747313299915
2947 56521.367602276157413 81010.619158573943423
2947.5 56415.971139205816144 80894.02415323749301
2948 56337.575053967018903 80828.715792901726672
2948.5 56425.850248953494884 80933.617995557753602
2949 56496.276557966506516 81017.859090520010795
2949.5 56332.159072719645337 80820.089453137203236
2950 56405.89966965700296 80900.257329771717195
2950.5 56380.560182157307281 80900.739205780686461
2951 56341.649694960506167 80860.875793989893282
2951.5 56283.648440621283953 80797.683695868458017
2952 56255.435562268401554 80767.290185394333093
2952.5 56366.256162830432004 80919.653912276713527
2953 56362.678950984583935 80919.409349329827819
2953.5 56425.809466714825248 80997.190572472187341
2954 56396.188478549694992 80993.375840098102344
2954.5 56322.363915129739325 80912.649944383651018
2955 56394.374459233644302 80981.648748926847475
2955.5 56485.335316999779025 81104.229789351142244
2956 56460.600956422211311 81096.245825834586867
2956.5 56379.089208533572673 80997.260640926993801
2957 56354.093146918647108 80963.384191367891617
2957.5 56267.669872874314024 80888.146732907189289
2958 56285.817998571837961 80906.186632957746042
2958.5 56360.101156267308397 80993.266960626890068
2959 56244.904068880678096 80868.584435673867119
2959.5 56317.751745774148731 80960.976811523141805
2960 56257.923708387075749 80897.949204814387485
2960.5 56240.552086230549321 80889.157870914306841
2961 56350.034767528792145 81008.953769216823275
2961.5 56407.946287610931904 81077.003722939727595
2962 56482.299480956717161 81155.04605636416818
2962.5 56543.730036769418803 81234.129284914088203
2963 56554.68308959667047 81262.289014397523715
2963.5 56604.905879478814313 81318.469728853306151
2964 56657.384706671255117 81395.845157332325471
2964.5 56753.615506218324299 81489.31929790758295
2965 56693.501340958231594 81424.274776230711723
2965.5 56754.619273212192638 81482.78337056269811
2966 56720.460723330077599 81467.740813173601055
2966.5 56603.887335137951595 81339.16217962281371
2967 56620.703738424163021 81401.713815536684706
2967.5 56443.918810506649606 81210.527921925764531
2968 56414.459573971442296 81186.921343174282811
2968.5 56446.109634637250565 81249.67662636260502
2969 56387.395724855465232 81164.216652646122384
2969.5 56368.800527522049379 81136.147320865376969
2970 56350.362717047741171 81123.380345897356165
2970.5 56453.45098171767313 81238.4335523427726
2971 56496.508918008912588 81276.469572128044092
2971.5 56570.5470047112467 81365.278681747571682
2972 56644.57932323384739 81445.659066020467435
2972.5 56612.80490637470939 81429.960357069285237
2973 56528.213511724257842 81340.494375441601733
2973.5 56564.704389854996407 81379.708471265388653
2974 56695.424202950292965 81554.548436876517371
2974.5 56668.300834268724429 81478.745970398551435
2975 56755.757901407487225 81604.625828244985314
2975.5 56837.723332532485074 81714.521113675436936
2976 56613.139385509792191 81439.834865060649463
2976.5 56677.09416440530913 81539.45936270756647
2977 56641.240431220336177 81524.661784865980735
2977.5 56525.083840162704291 81395.057778915215749
2978 56548.732672961144999 81425.134553703523125
2978.5 56570.191526056238217 81442.000235986968619
2979 56678.022907704995305 81585.736124486546032
2979.5 56588.068597109413531 81454.362007119241753
2980 56678.111421239053016 81559.272138077547424
2980.5 56586.043902717465244 81466.525446660249145
2981 56575.34855891832558 81456.440079775551567
2981.5 56652.954403107585676 81562.210214710983564
2982 56654.375158174749231 81597.833633708913112
2982.5 56551.223569584348297 81460.742134946820443
2983 56609.358810708436067 81554.022760423395084
2983.5 56703.753585654696508 81644.156519892800134
2984 56717.878086452532443 81683.77692321271752
2984.5 56843.983927011751803 81847.152383146079956
2985 56827.370356293089571 81841.241302624621312
2985.5 56769.718431018045521 81762.167556002503261
2986 56829.356067944223469 81817.560249770220253
2986.5 56865.720888392308552 81854.118801388642169
2987 56902.971499224462605 81899.867745468975045
2987.5 57048.796696858211362 82086.087204486335395
2988 57143.267899326892802 82202.439375270245364
2988.5 56989.09866456517193 82010.465886668258463
2989 56859.847346657435992 81880.03435186961724
2989.5 56797.219033648478216 81819.568561681473511
2990 56858.065957788137894 81897.749178624464548
2990.5 56872.281666469527408 81927.849285372401937
2991 56975.151101833645953 82067.720719995792024
2991.5 56935.997219420896727 82007.770398060762091
2992 56999.847535421635257 82090.047473841230385
2992.5 57077.566195822386362 82171.494945395723335
2993 57015.812979907226691 82143.37985263284645
2993.5 57092.733673683484085 82206.736400503155892
2994 57125.000763581134379 82257.476759850760573
2994.5 57261.198427370778518 82400.478066364492406
2995 57187.095964743821241 82293.860000604996458
2995.5 57259.319469790098083 82371.588486982669565
2996 57318.874590392231767 82461.811271016631508
2996.5 57210.817654026650416 82358.69562537301681
2997 57096.607347103417851 82231.776224337227177
2997.5 57174.541832907001663 82348.604081174111343
2998 57170.791678483699798 82325.772662465795293
2998.5 57075.069172917064861 82270.087455863656942
2999 57129.707492129069578 82329.877418263757136
2999.5 57236.179046426681452 82465.831180803943425
3000 57188.666700896174007 82379.074458107119426
3000.5 57209.348127449324238 82413.570922524275375
3001 57197.126935670283274 82437.025415877607884
3001.5 57324.491123968757165 82571.404095029851305
3002 57212.395834785354964 82452.269912394564017
3002.5 57106.189359458447143 82350.9539472625911
3003 57071.886697215224558 82308.703809023529175
3003.5 57135.035743255008128 82391.178300996703911
3004 57132.396990367218677 82415.155117206712021
3004.5 57039.634514671772195 82314.432194459004677
3005 57007.394751999236178 82296.294104906977736
3005.5 57006.900427970467717 82303.546418421479757
3006 57032.097887417592574 82358.881871239587781
3006.5 56849.770876804257568 82138.343188142331201
3007 56829.380529723050131 82137.890943420206895
3007.5 56740.378175646830641 82047.120372559904354
3008 56764.645815982003114 82089.991408191053779
3008.5 56848.058277341486246 82173.871322952909395
3009 56750.198093208797218 82061.254612622753484
3009.5 56954.660245463921456 82310.581409297010396
3010 57054.864128037181217 82412.299755777668906
3010.5 57074.902689702954376 82468.531036803964525
3011 57038.301521831759601 82412.569766503729625
3011.5 57167.96334521623794 82552.568401354845264
3012 57133.233153327149921 82529.826119800418383
3012.5 57067.84611522272462 82479.727262221495039
3013 56990.790417644217086 82398.489967966277618
3013.5 57019.326985503386823 82406.396388245120761
3014 57069.956039986835094 82515.507734454120509
3014.5 56946.789298214163864 82403.244196322222706
3015 57007.159603047526616 82457.665033775891061
3015.5 57076.742945429454267 82544.284859416031395
3016 57011.736272288624605 82454.763492961574229
3016.5 56902.386889601555595 82317.745867218196508
3017 56884.176507628013496 82318.631391175178578
3017.5 56917.386085942103819 82363.59746781863214
3018 57023.466661592428864 82508.229200612520799
3018.5 56961.42702485461632 82456.325727480914793
3019 56911.397384264462744 82407.163191056315554
3019.5 56927.796251694679086 82438.744900247853366
3020 57010.930156620815978 82526.879900675645331
3020.5 56959.172490306344116 82471.070199920723098
3021 56864.506409638437617 82394.403596653297427
3021.5 56862.840038686561456 82373.38623378550983
3022 56841.716269896074664 82362.739253851104877
3022.5 56871.781910897705529 82395.568443090596702
3023 56804.878618357979576 82316.87474302604096
3023.5 56853.63696728128707 82384.843570812736289
3024 57008.990230605624674 82561.513305773056345
3024.5 57043.13739153068309 82601.798930898061371
3025 57136.286377859716595 82721.976356752114953
3025.5 57209.703599011430924 82810.194869007813395
3026 57143.436805469464161 82737.904565163858933
3026.5 57028.771884753477934 82590.681235822034068
3027 56981.180166881415062 82562.561937707941979
3027.5 56955.449098896329815 82571.735558063301141
3028 56917.105823687859811 82548.759830920040258
3028.5 56918.587784358780482 82528.18114579009125
3029 56905.652115436525492 82545.398825265627238
3029.5 56724.065555798471905 82374.630203902124777
3030 56805.007206428344944 82463.673548643753747
3030.5 56869.427929549245164 82570.135410321163363
3031 56816.498710115090944 82501.385159267010749
3031.5 56788.879023920766485 82468.674300874801702
3032 56807.738322838456952 82513.042023927439004
3032.5 56896.127198655834945 82575.769451548709185
3033 56848.136276903824182 82532.480726288427832
3033.5 56742.483115193150297 82413.0244087362953
3034 56836.47480074147461 82547.61619486665586
3034.5 56803.847963979729684 82523.130743901405367
3035 56862.631787637459638 82626.317125050831237
3035.5 56892.202700345747871 82642.463721821506624
3036 56760.995796464834712 82494.210299758822657
3036.5 56639.597799123221193 82352.491344402849791
3037 56707.377574122176156 82459.588215458992636
3037.5 56768.687426111864625 82513.297227287577698
3038 56791.478206129089813 82535.332043392074411
3038.5 56849.888179275243601 82619.846577999676811
3039 56851.65541188523639 82615.307002293324331
3039.5 57031.486552601934818 82847.24377488263417
3040 57094.731460873219476 82946.185082178650191
3040.5 57059.952883536381705 82900.173987525369739
3041 57051.251618934780709 82871.002877654755139
3041.5 57100.508976629294921 82958.675320716545684
3042 57099.64212598685117 82939.818347944761626
3042.5 57049.673551960622717 82906.730320722359465
3043 56997.411519491732179 82871.885946218128083
3043.5 57019.923509410109546 82906.850665442747413
3044 57184.13418615788396 83102.036023987922817
3044.5 57203.283468300593086 83124.921623437330709
3045 57297.19707057337655 83218.590914507105481
3045.5 57300.936998980330827 83250.721558876801282
3046 57296.332611939506023 83239.220406278109294
3046.5 57490.985305833179154 83466.533357525535394
3047 57431.633341055632627 83401.452929272811161
3047.5 57276.842417852822109 83248.167092164454516
3048 57198.080495473266637 83160.085280304192565
3048.5 57290.221244963729987 83297.472306182869943
3049 57300.661310906973085 83324.89976116156322
3049.5 57183.168215200894338 83198.669371259282343
3050 57074.81605102357571 83080.695033648749813
3050.5 56987.943677666487929 82971.721826186316321
3051 56982.282329759662389 82990.172129190905252
3051.5 56894.124535876719165 82902.336480559708434
3052 56944.719512815732742 82933.608360161248129
3052.5 56931.908227267740585 82930.454592355512432
3053 56811.854017823643517 82796.401306340951123
3053.5 56784.179819444412715 82772.348102177726105
3054 56814.277945849331445 82842.623037335215486
3054.5 56696.497623604474938 82684.995257847913308
3055 56765.50228103336849 82793.978897357781534
3055.5 56698.355012781656114 82720.587140267569339
3056 56853.617938168521505 82902.818788247037446
3056.5 56739.120513491950987 82799.212859592778841
3057 56807.688858741545118 82903.032710328843677
3057.5 57004.542344280373072 83119.709570465245633
3058 57021.625034280696127 83105.099508264596807
3058.5 57058.426469797166646 83171.923778719836264
3059 57182.371167325116403 83341.248121488650213
3059.5 57086.978843724624312 83241.000558613581234
3060 57260.770830746638239 83412.070581390114967
3060.5 57226.386768011696404 83381.695626482949592
3061 57402.249954837025143 83604.990154693310615
3061.5 57344.998704312434711 83537.810525290246005
3062 57505.904507557410398 83727.529758038537693
3062.5 57478.693143163873174 83694.049643895938061
3063 57472.387030493664497 83698.572627142813872
3063.5 57355.476817463088082 83592.571281887037912
3064 57427.655045739498746 83709.176857720405678
3064.5 57377.241709156514844 83636.761929123298614
3065 57316.186153076887422 83578.791995477004093
3065.5 57242.887759247692884 83515.878210282462533
3066 57223.797732386286953 83498.492252887386712
3066.5 57306.582583212184545 83614.495924637842108
3067 57259.77362162720965 83530.097739975681179
3067.5 57320.526395400178444 83603.153613194153877
3068 57327.277650419600832 83652.261829687675345
3068.5 57143.338732786338369 83426.365864401930594
3069 57042.298337241933041 83317.464352181952563
3069.5 57020.326343121181708 83326.539573000234668
3070 57006.670268402333022 83350.204889352884493
3070.5 56959.521400629637355 83281.485484514501877
3071 57024.608481216309883 83356.990846755012171
3071.5 56870.68169888126431 83189.737473016313743
3072 56942.430987670588365 83303.162121421250049
3072.5 56811.270032641979924 83137.451049520022934
3073 56884.758369982999284 83260.811077972743078
3073.5 56702.523272339021787 83047.333303265128052
3074 56755.319478237441217 83134.406133828219026
3074.5 56758.22457096115977 83136.276192738296231
3075 56830.052361446483701 83231.309040206455393
3075.5 56895.920563730898721 83299.935939282280742
3076 56936.935189883741259 83380.895998767286073
3076.5 56926.295233399439894 83364.571513384071295
3077 56848.108729093662987 83283.95118540689873
3077.5 56885.105943475682579 83341.759767513955012
3078 56995.570139380564797 83456.834325694682775
3078.5 56990.605084605434968 83473.956910490305745
3079 56868.224832579449867 83341.415640601524501
3079.5 56870.879822670867725 83344.734670868332614
3080 56862.209149695736414 83348.54593120777281
3080.5 56789.574769456099602 83288.442128568334738
3081 56810.57672873694537 83265.036389315355336
3081.5 56936.657728000638599 83436.145086141536012
3082 56883.428718962386483 83353.787106875519385
3082.5 56832.178031099829241 83332.474803145421902
3083 57005.586540073491051 83538.013749568403
3083.5 57089.97473950744461 83614.293792689291877
3084 57026.983275266647979 83552.7063762537
3084.5 57039.528752533769875 83561.187990557373269
3085 56890.862069561801036 83397.091419353077072
3085.5 56810.603663443602272 83342.283109211319243
3086 56921.11120043892879 83484.356489852900268
3086.5 57014.396629894326907 83603.883647157694213
3087 57004.686010233155685 83597.951974944517133
3087.5 56894.138046223968558 83462.520637416775571
3088 56732.320470519036462 83299.206042814388638
3088.5 56747.913079447345808 83341.223020693418221
3089 56740.561877736116003 83341.236484295019181
3089.5 56833.52850889563706 83434.929684560513124
3090 56819.066526575879834 83428.039517814933788
3090.5 56941.043906542501645 83560.902549596517929
3091 56985.007006142594037 83621.714373355076532
3091.5 57005.060534747535712 83625.228938558939262
3092 57133.815539399540285 83788.040019888183451
3092.5 57132.715702561756189 83770.639100673826761
3093 57184.728400129773945 83829.496700877192779
3093.5 57339.50902213829977 84012.901145758078201
3094 57183.097120245634869 83858.575282816032995
3094.5 57235.084242274322605 83930.313976483710576
3095 57192.211581123745418 83897.145123466558289
3095.5 57239.857320174065535 83962.272909997103852
3096 57163.692783397113089 83865.213196131298901
3096.5 57110.651381557974673 83818.458878898483817
3097 57099.925710224400973 83824.059380075181252
3097.5 57128.301011242947425 83873.062593798560556
3098 56969.778297114789893 83682.950582619101624
3098.5 57023.288115089031635 83750.362674060292193
3099 57034.5074597671628 83794.091709291853476
3099.5 57008.431993814039743 83785.202806030138163
3100 57038.236297335286508 83804.961396686805529
3100.5 57056.646662164064765 83829.24730050022481
3101 57097.100344771308301 83836.648585930030094
3101.5 57117.771477308524481 83886.122879050963093
3102 57191.288690414941811 83958.589566480834037
3102.5 57284.219214431104774 84090.203172578127123
3103 57099.434217822177743 83865.492969650265877
3103.5 57077.837600452956394 83877.963080926041584
3104 57106.951345062974724 83928.795077539543854
3104.5 57073.767465750752308 83889.766332675906597
3105 57090.575533847812039 83888.091386173065985
3105.5 57091.269531609490514 83902.636522642846103
3106 57097.206407234196377 83915.791708041972015
3106.5 57118.648738793744997 83938.768767830522847
3107 57117.081461321642564 83911.768639603600604
3107.5 57119.509614453927497 83909.551804463015287
3108 57078.291238306286687 83886.310931131156394
3108.5 57223.761145495991514 84046.501054847962223
3109 57192.559179454212426 84001.703318287851289
3109.5 57113.23049441841431 83943.805566909024492
3110 57167.947716981398116 84033.181986185692949
3110.5 57121.516894384294574 83977.61098002732615
3111 57110.929186581226531 84015.671425524138613
3111.5 57186.775507580503472 84084.383223779688706
3112 57090.338064811170625 83970.275408591056475
3112.5 57187.789366418284771 84069.847587558571831
3113 57271.019503578834701 84162.045746891453746
3113.5 57184.079550175934855 84090.658125250833109
3114 57302.13120989613526 84243.297180872978061
3114.5 57245.829654828587081 84148.825712344783824
3115 57409.443837714221445 84327.147897399860085
3115.5 57457.752465912381012 84413.188149077701382
3116 57512.375505628653627 84502.924045140156522
3116.5 57512.800079377811926 84492.854190120080602
3117 57530.832251100546273 84538.58508865510521
3117.5 57536.586859400049434 84550.623836155631579
3118 57586.281482759586652 84605.075908280559815
3118.5 57605.003077278975979 84620.766083841372165
3119 57600.399466783419484 84629.770984431059333
3119.5 57590.367812931341177 84610.496845947651309
3120 57458.490472276469518 84457.659795388506609
3120.5 57533.700843998871278 84534.612376976627274
3121 57606.834712661788217 84615.685637960807071
3121.5 57707.242277205659775 84763.820920659898547
3122 57576.963318155081652 84621.378391648628167
3122.5 57703.956015989970183 84766.685130882018711
3123 57703.671510042739101 84773.405374831578229
3123.5 57506.833027392698568 84581.140660467470298
3124 57416.867362817305548 84476.260938840161543
3124.5 57480.603412880926044 84569.08607948604913
3125 57486.318902298684407 84604.647261225865805
3125.5 57370.924145751123433 84470.938327834039228
3126 57229.53580217401759 84325.596595959010301
3126.5 57236.612762956603547 84340.196040008115233
3127 57193.860787615521986 84270.185408991077566
3127.5 57314.866638368592248 84428.421446482185274
3128 57179.349323378024565 84280.625827531694085
3128.5 57237.095731859000807 84349.580436551870662
3129 57357.862794873035455 84497.890415031084558
3129.5 57326.41140567058028 84440.830227436992573
3130 57251.331676407658961 84408.05443678861775
3130.5 57126.670911947243439 84256.432588150491938
3131 57331.284281218744582 84514.546049425276578
3131.5 57275.478531994231162 84435.428608183094184
3132 57262.509209472198563 84431.714954854483949
3132.5 57221.841545085349935 84403.308459381165449
3133 57172.513394944668107 84326.042359065890196
3133.5 57313.075683569804823 84508.179415016595158
3134 57364.461348708580772 84579.417136112242588
3134.5 57363.156270371626306 84587.922264079272281
3135 57443.059477286413312 84696.56451035370992
3135.5 57549.868620640547306 84836.181902644369984
3136 57663.004672976261645 84952.267073252354749
3136.5 57599.80510930543096 84879.605642654161784
3137 57607.331644814825268 84881.886409676764742
3137.5 57540.638156928413082 84814.429751080577262
3138 57388.047674957117124 84655.772278430318693
3138.5 57405.549339093187882 84679.654592105260235
3139 57194.418084173288662 84435.999925022930256
3139.5 57229.290687157095817 84468.881657397418167
3140 57291.208799497566361 84568.622299652532092
3140.5 57382.474888736323919 84687.248375321374624
3141 57296.15729958913289 84610.443020932594663
3141.5 57343.58190764131723 84636.759331459048553
3142 57396.428023794840556 84698.394042791580432
3142.5 57304.442684286979784 84624.635703028383432
3143 57294.336169560541748 84626.183083172145416
3143.5 57419.348453767597675 84776.460040335776284
3144 57476.885331939309253 84813.171781676923274
3144.5 57396.357138447056059 84751.181298997064005
3145 57366.921706456378161 84716.49445814047067
3145.5 57511.102742571019917 84894.588091815312509
3146 57454.623491764490609 84813.535359074783628
3146.5 57529.350991771105328 84917.881688139197649
3147 57573.048734119875007 84989.385806574355229
3147.5 57566.043566779546381 84982.316357861302095
3148 57565.226938312509446 84997.191741376576829
3148.5 57618.992659534676932 85062.932475984824123
3149 57497.783560887786734 84900.293453187317937
3149.5 57618.213095096347388 85058.494932001980487
3150 57600.745105486923421 85073.878863019359414
3150.5 57442.988069721177453 84869.515541857137578
3151 57430.157009077294788 84882.682315233978443
3151.5 57376.802371478959685 84827.939208768962999
3152 57381.600192964055168 84830.861624914148706
3152.5 57439.535774373354798 84922.36261235413258
3153 57433.376903588672576 84951.772013039357262
3153.5 57429.780131434687064 84943.913133534122608
3154 57499.406980246276362 85022.722676928664441
3154.5 57374.670610575529281 84883.655830940580927
3155 57425.208175770792877 84917.304861000797246
3155.5 57507.670841385566746 85041.285976571773062
3156 57450.559534079358855 84975.250489401107188
3156.5 57474.733451977146615 84994.432030080468394
3157 57473.334830509753374 84980.676316835510079
3157.5 57576.593459577248723 85097.931905646502855
3158 57496.521290405609761 85023.311976965633221
3158.5 57458.251305163190409 84958.304561173121328
3159 57545.589761922339676 85109.954484774381854
3159.5 57380.825019609437732 84906.352328845401644
3160 57421.463784602674423 84971.050133946482674
3160.5 57393.797028086082719 84944.101836794608971
3161 57543.740627981504076 85133.72867328011489
3161.5 57604.351332948623167 85185.62917622756504
3162 57734.131473451569036 85352.202533527160995
3162.5 57777.279343428082939 85394.749285798563506
3163 57663.089063887069642 85250.556786938366713
3163.5 57619.129003856687632 85208.703660574843525
3164 57544.56202350075182 85126.728955204365775
3164.5 57607.229926304658875 85214.589880834857468
3165 57644.188893138401909 85270.540172954730224
3165.5 57628.337439679206 85257.77457557246089
3166 57491.052985642512795 85119.500166454556165
3166.5 57541.049305238513625 85196.790156505652703
3167 57503.933191376367176 85127.043020355136832
3167.5 57514.415800615512126 85172.527971820250968
3168 57459.465825112885796 85104.722180108336033
3168.5 57429.265768598219438 85108.395359995323815
3169 57311.377652788287378 84994.655287453395431
3169.5 57486.042604664427927 85197.507567294014734
3170 57441.392805496980145 85145.334423445689026
3170.5 57433.121328311804973 85134.810583086655242
3171 57476.09669581563503 85172.237369478432811
3171.5 57513.289196837009513 85231.064980776121956
3172 57613.228154250951775 85345.296241520743934
3172.5 57575.321746965382772 85321.318666068196762
3173 57466.31620616948203 85183.372381292952923
3173.5 57653.328992698458023 85405.700935497428873
3174 57547.577637077200052 85285.573751335294219
3174.5 57610.217246394109679 85367.546419336154941
3175 57635.712247877541813 85393.09215807102737
3175.5 57655.181171449665271 85403.540766032630927
3176 57616.408033444218745 85390.554186597437365
3176.5 57722.426091219407681 85535.897042737560696
3177 57744.102441021590494 85562.702984550996916
3177.5 57764.621883489533502 85578.359182803600561
3178 57812.948736087098951 85647.636902554237167
3178.5 57778.595347878377652 85601.156742681210744
3179 57949.302248100502766 85796.760823248230736
3179.5 57983.262019918460282 85829.064098098824616
3180 58020.810294241928204 85930.876582279874128
3180.5 57929.866991037437401 85812.635720556878368
3181 57824.133640366570035 85709.813424558626139
3181.5 57923.175838386676332 85813.811309725846513
3182 57896.633961407773313 85806.765720837618574
3182.5 57785.918939674222202 85711.096986867079977
3183 57716.445114834728884 85640.743828102218686
3183.5 57745.16997626581724 85674.534320682549151
3184 57710.975764930772129 85648.229069384760805
3184.5 57730.521113122318638 85689.747717214253498
3185 57598.189896848161879 85588.431387651435216
3185.5 57630.890442268682818 85619.681461854910594
3186 57569.208398628572468 85509.971370154205943
3186.5 57656.854298685444519 85636.428733654654934
3187 57576.658040916307073 85561.601442497427342
3187.5 57499.841199673981464 85468.984926144272322
3188 57654.67572561561974 85672.717937950903433
3188.5 57801.012521869248303 85840.913162897602888
3189 57953.269284856571176 86014.221035242968355
3189.5 57863.173625929324771 85909.189347411127528
3190 57851.57096794671088 85934.168961803385173
3190.5 57763.330710720947536 85797.020641600392992
3191 57712.657661511271726 85793.513258883642266
3191.5 57807.936346176196821 85911.841273703365005
3192 57781.318739090667805 85883.972321585941245
3192.5 57758.658358972024871 85848.391296351503115
3193 57812.993037023203215 85930.853456778597319
3193.5 57905.461937018299068 86027.766362565322197
3194 57879.930481633142335 86039.667249685138813
3194.5 57781.280030085916223 85939.443308522575535
3195 57758.698068105637503 85911.555218533583684
3195.5 57729.485768741404172 85858.286362287704833
3196 57798.21390927136963 85931.392704481695546
3196.5 57853.295244513799844 85988.576754426205298
3197 57697.798814989451785 85823.020138371110079
3197.5 57676.957136627330328 85816.216700874487287
3198 57757.626622889096325 85911.803367255764897
3198.5 57692.760047134979686 85828.171634559534141
3199 57745.112662407016614 85922.438010217971168
3199.5 57826.510485142025573 86019.129317981860368
3200 57893.223546025568794 86106.227478568136576
3200.5 57965.068757127344725 86183.27374323924596
3201 57950.658973127385252 86186.214012845652178
3201.5 57923.988508899790759 86165.231737194670131
3202 57930.116803049611917 86154.512825293830247
3202.5 58041.44918604833947 86289.405012260496733
3203 58181.464881069427065 86432.950275293580489
3203.5 58297.693260202773672 86566.633047291426919
3204 58225.036126718376181 86449.645145085582044
3204.5 58175.773939365710248 86427.4804734288482
3205 58104.783087317140598 86354.528281308565056
3205.5 57920.83123564680136 86156.666370251972694
3206 57776.099088767070498 86030.749877656358876
3206.5 57957.116104825479852 86262.737069884024095
3207 57976.349026696007058 86258.857709408563096
3207.5 57874.871946441453474 86171.983777987567009
3208 57902.748431716725463 86208.246412993044942
3208.5 57967.360895525969681 86288.090284633886768
3209 57939.96508313522645 86220.258555848398828
3209.5 58066.834670251308125 86409.661889138282277
3210 58117.685509013877891 86454.223695643129759
3210.5 57945.135850764643692 86275.640612316172337
3211 57939.67133826702775 86294.868411096394993
3211.5 57891.239141220641613 86221.926229858756415
3212 57935.494443939896883 86241.609068653808208
3212.5 57960.352798607738805 86308.898437892872607
3213 57923.461742285013315 86233.525334252713947
3213.5 57802.353572714149777 86094.919226535464986
3214 57895.359511556824145 86230.029058559870464
3214.5 57825.24338788058958 86162.626445712288842
3215 57817.823657553330122 86179.935557880235137
3215.5 57755.153087415623304 86131.290846222327673
3216 57684.460272710348363 86042.082029050914571
3216.5 57776.673812160624948 86140.87694626848679
3217 57858.073761596926488 86237.156586779965437
3217.5 57809.251733709119435 86213.999156339865294
3218 57682.625541084766155 86078.484655505846604
3218.5 57638.549798291132902 86075.18399752053665
3219 57617.290115466021234 86053.653945285099326
3219.5 57702.049106251230114 86156.284711196261924
3220 57609.111249550624052 86037.796130209724652
3220.5 57630.326963372936007 86104.433221000639605
3221 57690.900478622934315 86180.583070679786033
3221.5 57596.655586040120397 86077.741080970372423
3222 57737.262075301478035 86232.856694838017575
3222.5 57728.333322337064601 86218.165206527308328
3223 57770.961795318813529 86283.542164021680946
3223.5 57708.160083013077383 86206.212362025151378
3224 57739.628292728404631 86253.942219596981886
3224.5 57853.743526467165793 86417.211658079584595
3225 57909.247120388739859 86444.579982709314208
3225.5 58016.891078012449725 86558.3879304498696
3226 58086.682334074816026 86655.117175300707459
3226.5 58110.525570104713552 86657.648984162471606
3227 58158.06522425559524 86726.035495592834195
3227.5 58225.458701319323154 86809.126672238940955
3228 58192.400838938025117 86782.714130383479642
3228.5 58142.777280092224828 86725.06994227047835
3229 58111.152700094113243 86715.070830515614944
3229.5 58059.309255894040689 86701.429441505169962
3230 58090.379693941315054 86735.174901977065019
3230.5 58083.407166979501199 86709.272406550939195
3231 57896.314275822558557 86510.60861263985862
3231.5 57909.433742649292981 86523.54458175842592
3232 58065.848444291834312 86708.036137927396339
3232.5 58148.150913922341715 86829.99722207323066
3233 58102.663761688709201 86754.004431831621332
3233.5 58000.624216750096821 86667.062148120225174
3234 57864.819776963013283 86507.076648647838738
3234.5 57864.390354272887635 86509.332298412322416
3235 57841.831806893569592 86505.824003427464049
3235.5 57685.597557005261478 86339.23957545842859
3236 57676.518530767338234 86355.568684842728544
3236.5 57653.854491736485215 86331.067214422786492
3237 57778.749181296137976 86468.69222843204625
3237.5 57746.282411308086012 86411.899257771598059
3238 57882.193658684620459 86607.79444811627036
3238.5 57768.103769495312008 86494.115938646558789
3239 57752.651580753816233 86480.622544948724681
3239.5 57736.854578518730705 86456.408164902051794
3240 57758.759091482199437 86500.301015856239246
3240.5 57692.035238852186012 86422.190364845766453
3241 57649.544484639642178 86391.695968826505123
3241.5 57808.138220036184066 86606.315331380930729
3242 57917.502046133144177 86702.755905102254474
3242.5 57877.053822457914066 86704.803522636051639
3243 57877.989148354121426 86681.853556695612497
3243.5 57975.502053194795735 86785.750794960593339
3244 58022.392714908855851 86839.444128340634052
3244.5 58079.731401947625272 86890.83793086388323
3245 57972.342420048073109 86776.23606725478021
3245.5 57942.524809971160721 86723.736415263614617
3246 57970.199711180554004 86818.469944419732201
3246.5 58048.700807179913681 86919.983691974164685
3247 58176.57216294054524 87065.718755736816092
3247.5 58089.258781514756265 86957.843390710928361
3248 58003.332799318282923 86855.697896252953797
3248.5 58150.278032468559104 87052.968892210512422
3249 58193.093012317782268 87091.184352258118452
3249.5 58050.943759239584324 86931.572507365737692
3250 58142.661396491486812 87048.723043833902921
3250.5 58044.017509793120553 86951.518011236708844
3251 58077.54658683740854 87024.790491346415365
3251.5 58146.669369189912686 87078.839464119970216
3252 58153.26977341442398 87075.996998967282707
3252.5 58276.78947886624519 87223.039535956180771
3253 58310.020233643153915 87247.767462086281739
3253.5 58490.376348230507574 87459.926448539510602
3254 58383.985007402559859 87327.303489033511141
3254.5 58417.947172767053416 87381.673957384031382
3255 58398.631436831288738 87382.790012224795646
3255.5 58392.639181540434947 87393.910825839237077
3256 58379.149717318141484 87378.050748209090671
3256.5 58354.534070272558893 87402.963795701813069
3257 58184.105148198810639 87207.349393943179166
3257.5 58060.350386458725552 87069.240752226265613
3258 58030.755638135931804 87056.378449208044913
3258.5 58031.47441588815127 87055.160118645813782
3259 58004.074560699278663 87024.8244890858914
3259.5 58163.631835817817773 87238.143774470707285
3260 58027.184038343591965 87077.986267521904665
3260.5 58051.955995125084883 87107.649964868964162
3261 58126.405693701526616 87232.293641394906444
3261.5 58056.749632102597388 87125.873197559951223
3262 58017.804159318715392 87087.188016982516274
3262.5 58107.852752458835312 87200.66284966020612
3263 58225.861326481361175 87314.320365748979384
3263.5 58128.723684097662044 87203.981333343414008
3264 58102.730291962674528 87208.357706260227133
3264.5 58062.973361266071151 87159.867093833265244
3265 57986.8414888176776 87097.085246054499294
3265.5 57971.045198926934972 87069.860425781385857
3266 57991.773654303578951 87119.054913490908802
3266.5 57920.120725913722708 87020.556747815542622
3267 57835.615501929802122 86942.227575043143588
3267.5 57714.963441382540623 86807.648892559082014
3268 57657.022606672770053 86762.58152929400967
3268.5 57785.917886002411251 86939.810692686165567
3269 57817.609464339271653 86969.59392668052169
3269.5 57747.998442621297727 86903.983434829380712
3270 57810.415402522419754 86987.155855768738547
3270.5 57829.171409792441409 87036.733305214205757
3271 57837.609671854123008 87032.076642383690341
3271.5 57826.369972841588606 87018.550667925766902
3272 57807.103743585510529 87023.243462419952266
3272.5 57768.214039893719018 86990.107215347423335
3273 57761.60607540255296 86973.631282656526309
3273.5 57803.124254840957292 87006.624051952196169
3274 57749.228114187004394 86934.492722267081263
3274.5 57871.79621645079169 87083.537559458171017
3275 58056.596383125797729 87302.09265026068897
3275.5 58077.567627115138748 87298.878939564950997
3276 57951.575441427776241 87164.704628248131485
3276.5 58084.860698463366134 87359.938828692233074
3277 58078.427711922835442 87329.235708596723271
3277.5 58133.692754962030449 87399.638481648566085
3278 58034.967987645526591 87292.160869420185918
3278.5 57989.093885880203743 87239.465665944910143
3279 58112.66633096676378 87417.575776521902299
3279.5 58171.74305465623911 87504.219516670913436
3280 58095.449710734646942 87416.784704369230894
3280.5 58165.266018055437598 87483.250127860417706
3281 58076.290321470449271 87349.456120215880219
3281.5 58265.959167315311788 87597.774269221408758
3282 58363.281555375586322 87710.031448117049877
3282.5 58491.996391687112919 87867.258725422158022
3283 58418.455362400134618 87791.978263862067251
3283.5 58238.065551740059163 87610.491129710688256
3284 58166.543178507010452 87515.501231143178302
3284.5 58364.361918723421695 87721.27725441637449
3285 58319.883336451195646 87691.758590014112997
3285.5 58244.926542006913223 87624.36408002160897
3286 58153.25388176546403 87529.517368466840708
3286.5 58115.205669285081967 87488.143886696139816
3287 58149.678007404181699 87529.947036718047457
3287.5 58062.283766151340387 87450.395138801439316
3288 57937.979753170802724 87318.848705707045156
3288.5 57982.264340428861033 87353.124997353021172
3289 57961.033104129171988 87362.523711132409517
3289.5 58013.781457388045965 87430.426208681732533
3290 57953.139702448192111 87395.087454208041891
3290.5 57893.363692800339777 87337.13349998506601
3291 57876.018429701471177 87305.110205683202366
3291.5 57763.055733705899911 87174.473498544088216
3292 57781.402323776368576 87213.960394416528288
3292.5 57888.472578292130493 87350.658057926761103
3293 57954.941598362333025 87420.983826713403687
3293.5 58027.52394493680913 87482.652258487636573
3294 58118.338849261970608 87598.953847077369574
3294.5 58269.630197378588491 87773.469790887582349
3295 58348.698531787318643 87853.064165805510129
3295.5 58427.427096761028224 87950.273336168480455
3296 58297.425769461893651 87810.985204836106277
3296.5 58302.429415477672592 87773.614577536049183
3297 58336.811248461257492 87833.964934596107923
3297.5 58300.898382683146338 87812.510135486969375
3298 58326.864511512088939 87839.328602438530652
3298.5 58156.003381234972039 87685.742453658967861
3299 58201.722954253738862 87764.513008812878979
3299.5 58148.50697385406238 87717.31694454139506
3300 58005.851968645474699 87569.504596176819177
3300.5 58114.459160083286406 87700.675512798421551
3301 58003.378781748280744 87590.422662721030065
3301.5 58040.344401893264148 87652.28645044125733
3302 58105.153758718355675 87734.481654419811093
3302.5 58118.987742378587427 87764.937494773344952
3303 57974.580836257227929 87611.718494350570836
3303.5 57914.772907112492248 87576.485036054655211
3304 57922.351456534059253 87599.821476181168691
3304.5 57796.907899944926612 87490.284104626218323
3305 57847.015423154189193 87549.275115817654296
3305.5 57869.99915348860668 87568.486713077727472
3306 57951.061132619288401 87648.090894350418239
3306.5 57774.93992014687683 87443.234805951375165
3307 57923.704950825951528 87626.764990507654147
3307.5 58057.728097623570648 87770.307424533049925
3308 58032.554956183419563 87722.307450467618764
3308.5 58071.525676019613456 87769.281227751416736
3309 58264.599620989385585 88000.003986583949882
3309.5 58286.792096509612747 88043.575234395320877
3310 58278.811473648893298 88029.861487743706675
3310.5 58394.220685827574925 88159.463980314932996
3311 58331.659557383864012 88088.46237906429451
3311.5 58431.987194264984282 88253.733339256068575
3312 58366.283297183930699 88153.179725307651097
3312.5 58391.046250185019744 88183.790168973806431
3313 58398.794977563273278 88183.936814250933821
3313.5 58592.757505851404858 88420.270346112418338
3314 58532.948632377294416 88369.998703030127217
3314.5 58497.8563299162779 88329.75690404123452
3315 58633.257199606661743 88498.530448470148258
3315.5 58577.448636089276988 88399.806070155129419
3316 58612.564965271754772 88447.981432406711974
3316.5 58661.962459434471384 88583.961450384565978
3317 58674.42492668263003 88587.427392271085409
3317.5 58600.177713074182975 88458.073597336711828
3318 58648.547289605477999 88531.737260290828999
3318.5 58704.376824338985898 88596.692370961871347
3319 58540.83873839534499 88424.198640420872835
3319.5 58466.000569523974264 88363.523266005446203
3320 58483.349148153291026 88396.705570444319164
3320.5 58375.215721624052094 88305.92358598212013
3321 58379.634786720685952 88326.286711701206514
3321.5 58510.97512494995317 88475.791659086928121
3322 58497.714797103253659 88446.231265484806499
3322.5 58378.465455439516518 88298.765299944745493
3323 58491.82966104800289 88462.87216376196011
3323.5 58466.017543757217936 88433.986524251900846
3324 58441.566315769603534 88433.276240660547046
3324.5 58477.867571289665648 88456.948599110284704
3325 58459.823066909732006 88477.546250605693785
3325.5 58392.39902312495542 88400.161258085936424
3326 58263.115641565898841 88255.054567442071857
3326.5 58275.83545718757523 88280.859095936219092
3327 58331.874008017592132 88378.232881233576336
3327.5 58290.554570532745856 88322.999421438624267
3328 58404.449371061964484 88488.633698852529051
3328.5 58378.262565578261274 88464.219529665060691
3329 58505.759264609114325 88614.227927855667076
3329.5 58551.273187832077383 88685.049241708198679
3330 58413.254059545790369 88527.03583875541517
3330.5 58504.36991920490982 88648.874548108549789
3331 58505.551381785800913 88652.549734918342438
3331.5 58471.048663966183085 88636.211535621710937
3332 58472.31557506966783 88623.505300729040755
3332.5 58450.01945797479857 88599.550268911290914
3333 58463.438576937835023 88649.555615697070607
3333.5 58597.375367191110854 88801.972040032633231
3334 58711.349446531494323 88921.777845514938235
3334.5 58718.47933263003506 88956.268969122538692
3335 58487.08931645492703 88647.780032600538107
3335.5 58718.075164782203501 88970.552151646115817
3336 58666.086951659111946 88939.13838780898368
3336.5 58530.598151141464768 88787.740020827463013
3337 58497.667701491205662 88794.257569162218715
3337.5 58632.537431876378832 88949.409133523018681
3338 58589.699522085182252 88883.115892057670862
3338.5 58657.070193536063016 88994.990792722019251
3339 58639.785309326136485 88991.399984747215058
3339.5 58530.335251761840482 88889.140069291737746
3340 58704.894057126584812 89073.590526624466293
3340.5 58729.665354005846893 89107.686264177085832
3341 58705.382376180932624 89059.779363203007961
3341.5 58654.418952750216704 89030.803428761704708
3342 58803.265472185863473 89209.324818862820393
3342.5 58699.657359897326387 89090.708603833089001
3343 58697.394096692740277 89141.151808031325345
3343.5 58656.624543041332799 89081.42634359060321
3344 58682.858271005119605 89132.653406761513907
3344.5 58684.526779961270222 89124.497577740490669
3345 58640.140106704129721 89072.193479603694868
3345.5 58520.560461902387033 88963.490957782254554
3346 58509.876225326370331 88939.719170206662966
3346.5 58468.625220796464419 88911.831113888940308
3347 58421.180901890329551 88859.87394303844485
3347.5 58492.99465975487692 88966.697391024092212
3348 58485.434572995218332 88947.701138513511978
3348.5 58469.204584456427256 88956.754741936718347
3349 58456.98179934106156 88944.520215798547724
3349.5 58551.151084394434292 89024.956806965084979
3350 58673.535503389772202 89204.909349341629422
3350.5 58572.40901734324143 89083.514375687256688
3351 58545.072242318776262 89029.777281660994049
3351.5 58537.303849334944971 89017.483212603692664
3352 58651.920919134645374 89143.477300360245863
3352.5 58518.455586260766722 89005.413607171663898
3353 58619.21238354309753 89137.319747705972986
3353.5 58539.673959769927023 89048.134839401114732
3354 58377.068516339066264 88890.090278158284491
3354.5 58341.324123948463239 88831.311951102674357
3355 58539.918341848053387 89054.246402828226564
3355.5 58526.288687084539561 89008.813004673225805
3356 58557.150402185099665 89080.731147836166201
3356.5 58469.693610027527029 89024.788001737135346
3357 58518.786987118503021 89101.11781280656578
3357.5 58523.735617370795808 89116.70483632554533
3358 58552.746173558261944 89155.012513602167019
3358.5 58532.033669764823571 89117.01750427299703
3359 58548.820441864008899 89122.450900489493506
3359.5 58542.777875403124199 89131.271163188619539
3360 58478.57819762283907 89063.164430760924006
3360.5 58500.799431727173214 89094.743450449503143
3361 58745.116254853557621 89380.208192756486824
3361.5 58772.079880506484187 89430.831915432747337
3362 58685.969780082523357 89339.104343803832307
3362.5 58662.922226922361006 89332.437928963248851
3363 58608.295788696217642 89281.065831443935167
3363.5 58632.12364181655721 89320.689419642774737
3364 58526.955838176494581 89206.880858867691131
3364.5 58623.188990937567723 89326.320396400100435
3365 58659.378231276365113 89386.761939630494453
3365.5 58653.719762797940348 89410.801518965468858
3366 58503.171166352789442 89237.698157525213901
3366.5 58462.100661766955454 89190.230494730451028
3367 58564.079525622022629 89280.890385270715342
3367.5 58628.986551377762225 89376.32266610726947
3368 58585.732366214455396 89292.152017441985663
3368.5 58574.365493102217442 89320.934776315945783
3369 58568.613280432437023 89332.141206825210247
3369.5 58549.988593410977046 89278.8973446466116
3370 58681.198488128691679 89431.238163207279285
3370.5 58625.912090633377375 89391.655871540569933
3371 58637.010939308267552 89419.563502631368465
3371.5 58545.807705030987563 89311.965964409711887
3372 58555.557459444302367 89352.090705496055307
3372.5 58523.736467122333124 89338.498284556189901
3373 58452.341645684944524 89259.244380066287704
3373.5 58335.815480367265991 89122.990465656315791
3374 58277.989134973555338 89092.745985541434493
3374.5 58284.389316215187137 89109.435246947483392
3375 58309.29613467254967 89166.122448190435534
3375.5 58270.137122496511438 89111.199294579782872
3376 58229.184164004269405 89084.794352509241435
3376.5 58133.113060037314426 89004.221046702819876
3377 58246.826354501077731 89103.918297265379806
3377.5 58168.342542271355342 89028.120938322448637
3378 58195.350154425213987 89061.64409235061612
3378.5 58279.228626762502245 89142.824244364572223
3379 58222.373650195739174 89115.307392712536966
3379.5 58251.641167720088561 89140.993731269220007
3380 58238.910727496557229 89147.294446700456319
3380.5 58261.142457105437643 89154.204049526582821
3381 58370.383403554100369 89274.06752013215737
3381.5 58425.58835914581141 89370.609877167298691
3382 58537.858271894336212 89491.633465838400298
3382.5 58475.962101191282272 89420.507927908416605
3383 58567.936652111631702 89535.034112019318854
3383.5 58540.067613020743011 89516.247354582315893
3384 58534.286888873859425 89518.939668008708395
3384.5 58559.073112047473842 89528.819053151411936
3385 58617.307096042342891 89627.25633015895437
3385.5 58490.293601054261671 89487.154150256756111
3386 58526.026358723145677 89533.853101192420581
3386.5 58639.776307192507375 89666.769920188642573
3387 58680.396723077908973 89693.907512120815227
3387.5 58814.541072519146837 89877.118468466069316
3388 58769.985276518971659 89817.19833296140132
3388.5 58825.953633758115757 89883.380004955848563
3389 58922.644031735384488 89991.106511085308739
3389.5 58780.490722642753099 89821.423782354366267
3390 58813.289581554068718 89863.625899357095477
3390.5 58906.072654078117921 89979.577450398588553
3391 58961.143859856696508 90057.814387726219138
3391.5 58907.618990373892302 89971.128084036579821
3392 58814.230613203282701 89898.866931916345493
3392.5 58805.999347485769249 89889.698096064850688
3393 58807.638766897674941 89885.217400647234172
3393.5 58750.784380206328933 89860.100642923047417
3394 58799.152895038190763 89905.577969380668947
3394.5 58755.096090346007259 89861.772614077737671
3395 58728.933927545935148 89851.828338672276004
3395.5 58645.793196313796216 89754.821397821709979
3396 58634.416590268476284 89763.226780876051635
3396.5 58510.294318451269646 89653.932706015039003
3397 58387.439570927708701 89495.132087706791935
3397.5 58460.502733270957833 89601.475366865750402
3398 58452.210349429784401 89568.047239353691111
3398.5 58460.783440489467466 89576.313422954248381
3399 58577.746857300837291 89744.315219331692788
3399.5 58553.65862441410718 89719.144556437531719
3400 58568.951040517546062 89723.48990215761296
3400.5 58505.110914386939839 89686.299226091097808
3401 58492.377808764947986 89661.815625270755845
3401.5 58572.166502568899887 89773.704613901689299
3402 58523.715191947354469 89696.880328203682438
3402.5 58577.61664695962827 89796.449069326728932
3403 58399.998660449775343 89628.282647845771862
3403.5 58351.901023238293419 89581.475019254678045
3404 58425.736616336966108 89671.07930229853082
3404.5 58525.668808918839204 89790.617516199956299
3405 58506.748033188276167 89735.502276452039951
3405.5 58455.021285355025611 89708.995253897737712
3406 58480.037319274844776 89743.779180849422119
3406.5 58572.875492924264108 89881.877596507227281
3407 58636.046695053453732 89959.745157479002955
3407.5 58682.115008126995235 89991.654207546816906
3408 58494.525601613429899 89774.895443286179216
3408.5 58593.661197513589286 89878.601453737734118
3409 58674.397214040633116 89990.654821720498148
3409.5 58560.652720224337827 89867.080519787283265
3410 58472.245917348096555 89790.483249086639262
3410.5 58513.484135876038636 89808.477241142856656
3411 58647.303239345295879 89971.191393275454175
3411.5 58590.711471756338142 89948.257315865688724
3412 58543.3615000585487 89910.782189639809076
3412.5 58476.528009879424644 89828.538215816777665
3413 58549.371844459295971 89968.319049752564752
3413.5 58554.68362540488306 89968.471675532389781
3414 58673.895028007835208 90086.508932538345107
3414.5 58686.159468239180569 90159.010297412765794
3415 58578.818604585598223 90015.509763076232048
3415.5 58541.430577909188287 89958.046412526367931
3416 58545.479231468147191 89964.597786807004013
3416.5 58539.436875913270342 89948.214828503914759
3417 58579.392068276727514 90035.153878291675937
3417.5 58693.862491925392533 90166.236102054186631
3418 58728.35879530654347 90186.613325921978685
3418.5 58832.295232359698275 90326.964330204631551
3419 58715.677873535008985 90156.793264384134091
3419.5 58834.200777344136441 90314.418273325834889
3420 58869.488963844196405 90373.482648240809795
3420.5 58891.170994843327207 90413.58210269297706
3421 58975.41766004015517 90506.20082488488697
3421.5 58820.337234193189943 90283.637855301742093
3422 58856.466284035814169 90360.224529532482848
3422.5 58942.695545686663536 90445.537492688716156
3423 58945.798791215180245 90441.498717588299769
3423.5 59009.536472375613812 90523.796920888722525
3424 58944.397037601105694 90460.195741426126915
3424.5 58860.224134840907936 90407.381682509731036
3425 58785.840047725563636 90327.581959873263258
3425.5 58793.351437618861382 90345.152911018099985
3426 58827.01937837380683 90389.569595213601133
3426.5 58769.409789207689755 90364.651834155229153
3427 58757.977938676107442 90343.717595627313131
3427.5 58684.046155777621607 90255.39513825182803
3428 58526.563553236541338 90115.385085377914947
3428.5 58573.255628657483612 90177.902156895041117
3429 58681.481898256621207 90334.860359668920864
3429.5 58709.466601698783052 90347.575188137823716
3430 58740.526910787128145 90407.33240520308027
3430.5 58675.573881045267626 90317.853713708173018
3431 58594.849069481926563 90249.104838660205132
3431.5 58625.864844444302435 90283.534492571634473
3432 58654.858960326942906 90329.074478473135969
3432.5 58536.193474809500913 90198.305030586925568
3433 58498.94117618855671 90166.715719882427948
3433.5 58445.910075503605185 90056.719298241499928
3434 58515.224686334171565 90158.298110362273292
3434.5 58558.711807610394317 90186.375252696365351
3435 58483.731231836231018 90128.838758833633619
3435.5 58545.356990320666227 90232.871430338462233
3436 58684.385288277022482 90370.923377641462139
3436.5 58777.903423513933376 90519.940044205563026
3437 58739.136797055456555 90474.733330929870135
3437.5 58870.277485198013892 90633.384939721960109
3438 58718.661699118820252 90426.225174665043596
3438.5 58736.527937050719629 90483.746432068335707
3439 58778.912912396124739 90503.841974181908881
3439.5 58761.8650923846144 90504.165997263844474
3440 58828.140379391894385 90597.064963965312927
3440.5 58893.597318572283257 90645.355870809551561
3441 58945.824195842855261 90738.206679649301805
3441.5 58895.933199861196044 90732.525581937312381
3442 58702.780683319877426 90496.539285325095989
3442.5 58826.912664256822609 90638.373265799105866
3443 58784.134772042547411 90607.584261936091934
3443.5 58686.609077764180256 90525.819346270553069
3444 58772.924757995191612 90664.809064693326945
3444.5 58697.206046983097622 90572.468371512179147
3445 58559.391991438962577 90431.932098396326182
3445.5 58554.165841068497684 90444.739008628952433
3446 58670.312904384918511 90589.48333820674452
3446.5 58818.859916029745364 90725.808499103688519
3447 58784.226973653203459 90715.554723820678191
3447.5 58847.319215330891893 90827.570012064970797
3448 58796.006267687029322 90758.705135075142607
3448.5 58883.917391044393298 90870.964156014102628
3449 58960.636706588695233 90951.210473972110776
3449.5 59035.27300196950091 91037.082504641308333
3450 58985.819770222013176 90959.639440139580984
3450.5 58939.708016316741123 90916.259869568646536
3451 58993.775832986386376 91010.890872166797635
3451.5 58958.569593585474649 90962.047137498884695
3452 58868.560835251657409 90881.889029493104317
3452.5 58791.973353553461493 90825.804940595116932
3453 58697.409946664134623 90727.489008367701899
3453.5 58666.318923853359593 90687.446130664888187
3454 58750.696712311037118 90778.72040782457043
3454.5 58741.541720851986611 90791.070613606483676
3455 58643.88073097961751 90708.351552028645528
3455.5 58536.604887367626361 90592.021343488653656
3456 58606.283470234578999 90662.631027344410541
3456.5 58651.17201098825899 90719.008851618214976
3457 58729.166332015120133 90821.839319669146789
3457.5 58672.181487833389838 90773.03807335133024
3458 58704.312547145884309 90787.858422336372314
3458.5 58756.952677555469563 90833.055940756981727
3459 58904.136984728371317 91009.542588057665853
3459.5 58869.618192779802484 90965.790830476762494
3460 58799.904890173660533 90910.193002903542947
3460.5 58697.73571059636015 90802.765440962306457
3461 58738.332774113761843 90836.347536636298173
3461.5 58811.538148111561895 90913.374933740473352
3462 58915.519452238040685 91031.163596386832069
3462.5 58994.751172124066215 91145.859636092442088
3463 58813.439072519839101 90934.869870755370357
3463.5 58886.642262005552766 91067.073072279366897
3464 58821.979109882624471 90959.656219163109199
3464.5 58894.468435013703129 91089.448296549657243
3465 58868.582819144648965 91052.994051724323072
3465.5 58873.094458032668626 91103.068430001032539
3466 58891.263663569792698 91087.495737033284968
3466.5 59020.536189332204231 91253.610227054276038
3467 59102.424884858875885 91393.997425633235252
3467.5 58983.576812211977085 91248.012304685878917
3468 59125.449910111121426 91393.574305740141426
3468.5 59162.886277657344181 91416.316421911789803
3469 59124.947053489770042 91420.083887477012468
3469.5 59035.595319295403897 91319.848147103213705
3470 58942.806070845530485 91211.400854023406282
3470.5 58929.032914780669671 91216.359954958446906
3471 58769.450739433406852 91027.456643522556988
3471.5 58808.954100741029833 91066.82303266011877
3472 58780.965833032430965 91064.793655824643793
3472.5 58805.183773289027158 91104.894974073642516
3473 58821.205812372951186 91124.137482487305533
3473.5 58692.7076748177642 90961.447171445586719
3474 58804.09253260964033 91122.222004652488977
3474.5 58833.180146315324237 91173.500737512847991
3475 58769.738283829829015 91077.502083422572468
3475.5 58805.577270450092328 91144.231072433496593
3476 58765.132671457984543 91107.299758660941734
3476.5 58806.493016781605547 91178.455454607028514
3477 58861.122131220035953 91257.382970310674864
3477.5 58714.993085048292414 91101.023289623073651
3478 58730.195578424973064 91113.434398601195426
3478.5 58789.312192723657063 91188.163071121380199
3479 58793.583073329325998 91166.325845416926313
3479.5 58976.547821338492213 91403.945882336134673
3480 58868.316396401060047 91294.461435467048432
3480.5 58938.514912634425855 91381.845870245218975
3481 59042.378320201867609 91496.838046774966642
3481.5 59034.018094411760103 91514.990557495621033
3482 59030.352073481364641 91516.244530592535739
3482.5 58904.911404645128641 91336.297685497702332
3483 59075.165130100896931 91549.621486981603084
3483.5 59227.943041337370232 91725.146112618167535
3484 59283.712802448848379 91775.202637874681386
3484.5 59087.005263535094855 91567.268175164062995
3485 59131.602560990257189 91632.806696803483646
3485.5 59131.870645706185314 91652.747744088774198
3486 59075.356322132101923 91609.285492480339599
3486.5 59135.155442432092968 91687.901267806853866
3487 59044.75717362465366 91605.318114871959551
3487.5 59051.89938575027918 91628.324278254265664
3488 58960.724154657291365 91546.581760337052401
3488.5 59083.923276908695698 91658.088164662462077
3489 59108.002587519884401 91660.377324664368643
3489.5 59045.583767891796015 91615.323308520208229
3490 58984.676832671008015 91580.921204551428673
3490.5 58927.504865305512794 91500.337803709771833
3491 59018.037621346920787 91635.472875053848838
3491.5 59053.742268195892393 91681.77654129450093
3492 58939.40587888945447 91567.98258011303551
3492.5 59010.468905202316819 91702.282414419561974
3493 59011.584407497524808 91681.871402225093334
3493.5 59022.871581395127578 91715.010834951754077
3494 58845.055215234795469 91521.960415731591638
3494.5 58898.980587789003039 91616.250746589837945
3495 58830.04935242026113 91520.416652056228486
3495.5 58874.911162854165013 91583.021854493083083
3496 59009.386994620770565 91754.396037558108219
3496.5 59128.432823748320516 91868.017964460057556
3497 59152.340749756956939 91917.574925264634658
3497.5 59173.015873122902121 91929.31781725664041
3498 59243.390905994034256 92004.153619838994928
3498.5 59329.650369678660354 92117.476239700918086
3499 59321.597685303218896 92140.406550299740047
3499.5 59333.283327326527797 92148.103175528434804
3500 59231.894023337132239 92035.42354960362718
3500.5 59370.537020678792032 92237.148238482142915
3501 59325.48271706810192 92137.865861305923318
3501.5 59389.606550563010387 92226.736169452764443
3502 59335.468437923773308 92165.640326649750932
3502.5 59242.778894876901177 92082.925811668887036
3503 59276.683638417547627 92109.893922739531263
3503.5 59201.107188423382468 92031.8774515150144
3504 59191.883633907658805 91995.543602241596091
3504.5 59076.514849061321001 91891.105800077391905
3505 59017.248757834015123 91861.404199413416791
3505.5 58997.113712971055065 91834.442807674146025
3506 58997.388581915365648 91873.786359929072205
3506.5 58970.963513608134235 91837.771792863422888
3507 58888.63493834467954 91765.751367629418382
3507.5 58769.268606370256748 91629.818063957442064
3508 58916.4915674112126 91785.134882113648928
3508.5 58967.270533473958494 91843.607995363418013
3509 58981.349931541182741 91875.52486519847298
3509.5 58818.116774838868878 91704.083055217328365
3510 58805.308663138413976 91704.755247178283753
3510.5 58765.697159554438258 91688.5823620185256
3511 58734.750365733496437 91662.291430991215748
3511.5 58645.774969444370072 91534.650068452581763
3512 58573.678738702757983 91466.390690401240136
3512.5 58494.279632401303388 91384.357790985886822
3513 58506.623365803723573 91413.88392714362999
3513.5 58607.718729224565323 91590.871468807847123
3514 58538.534556710110337 91499.372079757216852
3514.5 58536.773354717442999 91519.112101022605202
3515 58520.415150216853363 91504.038137148192618
3515.5 58613.859738911589375 91622.004838908134843
3516 58543.704616295588494 91551.464581098436611
3516.5 58367.35344876707677 91362.148352584699751
3517 58373.090939385569072 91374.618605819981894
3517.5 58548.395971975201974 91568.78010743217601
3518 58534.626276623639569 91585.482244561280822
3518.5 58518.915234833446448 91510.899305055630975
3519 58619.528379383773427 91673.557061626488576
3519.5 58647.616186953637225 91682.961197535303654
3520 58761.405050197245146 91829.496149238621001
3520.5 58617.428403300014907 91661.10008587037737
3521 58644.953729952212598 91696.197716933689662
3521.5 58701.30188072573219 91794.46072958278819
3522 58583.368884613490081 91644.43257191219891
3522.5 58766.961536920382059 91859.942990563780768
3523 58920.942398068713374 92049.800865123514086
3523.5 58843.566789851509384 91917.226936938794097
3524 58927.451326545291522 92040.627124409787939
3524.5 59058.767253705736948 92202.549075659975642
3525 59036.001423231864464 92156.624487046443392
3525.5 59003.373191982529534 92179.195405836697319
3526 59013.143975165650772 92200.556094734653016
3526.5 59004.147302521887468 92178.412141685417737
3527 58909.410544425816624 92085.076435502356617
3527.5 58851.292519753325905 92056.637063955480698
3528 58718.526284524530638 91918.187506618443877
3528.5 58738.271246557073027 91975.001765531022102
3529 58717.45026627608604 91940.768166306661442
3529.5 58599.920570417983981 91814.715754496719455
3530 58519.936838497043937 91728.298463572908076
3530.5 58554.876405388509738 91770.204166403957061
3531 58557.455594220555213 91786.091411782152136
3531.5 58500.021087328714202 91715.760631153869326
3532 58516.394499409216223 91763.91618049988756
3532.5 58487.190395750069001 91743.83163211986539
3533 58445.956082880577014 91677.456666724741808
3533.5 58485.088071871432476 91723.784103414946003
3534 58527.152584506293351 91799.845724258455448
3534.5 58441.851913640421117 91687.506238665693672
3535 58522.423205864215561 91795.549217693827813
3535.5 58560.112361571118527 91825.390572833610349
3536 58691.493135747106862 91996.685588450156501
3536.5 58673.275549010271789 92000.022560143275768
3537 58577.918581192243437 91878.920250477458467
3537.5 58727.647334163506457 92068.209395130092162
3538 58741.141499223493156 92083.126976280822419
3538.5 58981.839937055410701 92386.507543425352196
3539 59012.322379581157293 92421.789031155029079
3539.5 59006.194170533955912 92412.433531216811389
3540 59030.0364193017449 92464.606418591662077
3540.5 59044.207023662725987 92460.467177464321139
3541 59002.741463393904269 92412.062781158165308
3541.5 58996.194195030082483 92418.466093581693713
3542 58970.619755196399637 92384.095581711299019
3542.5 59082.556762876236462 92509.930637625715462
3543 59185.32398117910634 92611.062813784461468
3543.5 59273.846593384907464 92725.560084075055784
3544 59376.144953965653258 92846.964832625220879
3544.5 59383.073865635735274 92863.357978084517526
3545 59379.802169160873746 92886.473631300279521
3545.5 59228.44143232890201 92703.399350885796594
3546 59176.757393149418931 92675.583191819023341
3546.5 59172.321599233531742 92697.497493630187819
3547 59278.296454958821414 92825.810273441427853
3547.5 59182.937599951859738 92714.776788179297
3548 59184.543443942944577 92737.240751446748618
3548.5 59075.585605060958187 92595.310267023305641
3549 59005.772203886852367 92526.636769320248277
3549.5 59106.293986056552967 92650.912472282230738
3550 59007.970750828790187 92542.614825670010759
3550.5 59082.555154743349703 92626.867631660250481
3551 59044.305829212797107 92562.07526645474718
3551.5 59205.571154962010041 92761.116279926427524
3552 59225.762244398014445 92753.588048903693561
3552.5 59129.160188761343306 92685.191192858706927
3553 59106.171422610728769 92652.417555494743283
3553.5 59097.957210502339876 92670.867688101105159
3554 59144.995485503153759 92773.810231295807171
3554.5 59073.60189704305958 92700.040846555624739
3555 59169.751912277672091 92769.155419500952121
3555.5 59233.141205314350373 92864.727489148775931
3556 59136.53285163937835 92780.079723507355084
3556.5 59186.22306937189569 92846.725797924926155
3557 59186.134012583876029 92863.268938127497677
3557.5 59075.33904534678004 92755.930886081929202
3558 58996.301473730214639 92670.975809782597935
3558.5 59037.771717764684581 92768.142235602193978
3559 59022.83801462030533 92693.964352665585466
3559.5 59143.881662992644124 92848.688115267723333
3560 59156.042128090382903 92846.084837530986988
3560.5 59243.656459744008316 92955.27892925539345
3561 59175.283788443470257 92848.954148190372507
3561.5 59220.652391603973228 92926.66296691793832
3562 59271.098463716101833 92992.888476566295139
3562.5 59295.608387783693615 93058.133907103256206
3563 59336.194504517814494 93092.140829614014365
3563.5 59363.304170419280126 93124.265114732275833
3564 59396.41322846836556 93149.703402917337371
3564.5 59434.529276892455528 93185.544609818869503
3565 59572.231540796245099 93310.165866244773497
3565.5 59620.332911088320543 93372.271235420019366
3566 59586.650970520575356 93338.230000522540649
3566.5 59592.218753971581464 93371.309335542740882
3567 59599.812689033722563 93374.551581956184236
3567.5 59579.131414141789719 93296.742580464109778
3568 59580.336478132645425 93341.577608323932509
3568.5 59549.02826224121236 93311.558195134304697
3569 59665.447008569586615 93495.248914242183673
3569.5 59706.383606432631495 93531.12873646063963
3570 59662.753316621499835 93533.474429060384864
3570.5 59468.490226719979546 93325.470172927976819
3571 59452.231739680872124 93310.835178594425088
3571.5 59323.758732295027585 93210.422665429432527
3572 59203.689107486490684 93068.34448557421274
3572.5 59370.933006941020722 93304.244780241439003
3573 59169.103232868001214 93065.541506633744575
3573.5 59135.588869375991635 93079.824871802789858
3574 59116.484351692233759 93052.430886270551127
3574.5 59214.420202867571788 93188.530567884808988
3575 59168.40221703559655 93117.302961928478908
3575.5 59031.997383669644478 92944.023728443338769
3576 59183.319174556098005 93150.869977630194626
3576.5 59113.025922513923433 93075.323198279656935
3577 59070.810685070762702 93005.440501763965585
3577.5 59000.799095551570645 92909.630886394937988
3578 59085.518701577697357 93012.941581996157765
3578.5 59047.863365511948359 93018.357208825284033
3579 58979.571098582222476 92939.506186912418343
3579.5 58976.740640486430493 92960.937141720787622
3580 58902.558594343914592 92876.274614567810204
3580.5 58921.823350949081942 92886.614069310715422
3581 59074.685912526285392 93044.332087137838244
3581.5 59066.296001226801309 93025.83299179658934
3582 59063.21193138948729 93017.869321970385499
3582.5 59127.027615134575171 93099.168424982868601
3583 59340.907637383643305 93343.453980889258673
3583.5 59282.5681617782393 93266.361008916806895
3584 59334.297147087047051 93332.794815451779868
3584.5 59480.687409753358224 93499.624036555193015
3585 59492.450211381932604 93526.695201800655923
3585.5 59654.075562097816146 93700.706332318470231
3586 59587.22338811163354 93610.603035684660426
3586.5 59499.54962956043164 93543.670008043496637
3587 59392.885997362558555 93441.137463464634493
3587.5 59529.315606114403636 93627.24416340739117
3588 59309.667423343125847 93372.646961812773952
3588.5 59328.431966887059389 93423.859873863533721
3589 59499.563325986840937 93595.454711068188772
3589.5 59621.041234079515561 93736.310157721236465
3590 59412.726594346408092 93516.820550677162828
3590.5 59235.30377515184955 93347.301632663045893
3591 59382.11031812679721 93538.302602647498134
3591.5 59430.431755939483992 93601.659705691141426
3592 59324.785586355304986 93471.253554420560249
3592.5 59329.949801227397984 93486.260448510089191
3593 59289.356258044863353 93422.792789481682121
3593.5 59166.450479774190171 93324.878699927634443
3594 59196.782664838559867 93357.954873297276208
3594.5 59186.004596927574312 93358.422668218845502
3595 58985.001968196447706 93146.772937291825656
3595.5 59113.553316564910347 93315.485041029154672
3596 59231.972355637175497 93447.538067236426286
3596.5 59063.407644686536514 93245.974981172970729
3597 59142.215124394497252 93326.398410276306095
3597.5 59131.630481576183229 93341.228800100943772
3598 59080.50087872367294 93285.97940049720637
3598.5 59025.410579398063419 93243.359394343176973
3599 58924.233821750167408 93186.600949592218967
3599.5 59023.577209012306412 93308.955545538919978
3600 58887.947421804434271 93132.000454374341643
3600.5 58815.642446192119678 93079.151248476162436
3601 58805.299510454577103 93065.235937258868944
3601.5 58801.756390073118382 93071.509091214335058
3602 58974.847038543295639 93280.992967591097113
3602.5 59010.771960848636809 93311.497487441403791
3603 59032.576580067827308 93338.027596230211202
3603.5 59120.119354819122236 93464.624069940415211
3604 59188.228303507625242 93518.297166996402666
3604.5 59267.686277754248295 93592.081902311416343
3605 59301.826459693038487 93647.252095892166835
3605.5 59188.704172277401085 93500.001432558696251
3606 59339.903673339700617 93698.584775906725554
3606.5 59425.993330135854194 93809.817841576921637
3607 59375.275037987106771 93757.053805928793736
3607.5 59319.403393283093465 93704.889383864981937
3608 59188.35807072785974 93589.375893623117008
3608.5 59133.592206336637901 93550.68044630154327
3609 59026.050647622760152 93351.455260952439858
3609.5 59121.726919467480911 93525.097456095885718
3610 59226.4823346221674 93610.578126780295861
3610.5 59242.288908882917895 93677.331549099399126
3611 59247.137063245805621 93663.784717185320915
3611.5 59122.91890483219322 93532.293694294305169
3612 59139.908652291553153 93525.925840944895754
3612.5 59124.866291405603988 93558.120915786566911
3613 59113.842052572603279 93535.594296348645003
3613.5 59236.868019027417176 93684.715180716651957
3614 59241.712594954966335 93686.217855509967194
3614.5 59233.65963068385463 93734.172537207952701
3615 59238.00455853054882 93737.443700985837495
3615.5 59216.74225536792801 93682.92789693303348
3616 59287.60940499323624 93822.565144375403179
3616.5 59314.829174585356668 93827.538802961702459
3617 59365.624101989924384 93917.45438260427909
3617.5 59205.025942015075998 93745.653762855625246
3618 59216.761260697814578 93785.994468476477778
3618.5 59151.087667677158606 93707.191621235382627
3619 59177.182318649858644 93735.878432502358919
3619.5 59370.241282425617101 93977.237681281258119
3620 59312.827805097811506 93896.143560261567472
3620.5 59260.29834289145947 93873.465848727952107
3621 59268.050623132330657 93848.1135640340799
3621.5 59360.144867174938554 93961.086985650268616
3622 59279.694739321166708 93897.926914036492235
3622.5 59362.825797291123308 94036.633226929654484
3623 59283.732178794234642 93953.783168016452692
3623.5 59211.259939338073309 93858.666208870738046
3624 59348.08775256323861 94050.887138515143306
3624.5 59141.822227354976349 93802.90648060516105
3625 59158.758889947894204 93823.102973902336089
3625.5 59188.614020373359381 93848.71075513852702
3626 59093.75805605561618 93778.067985146699357
3626.5 59115.351966907277529 93790.922947743907571
3627 59020.279013333012699 93668.023280880297534
3627.5 58935.771179399329412 93589.458632425084943
3628 58893.264455311866186 93569.22497560098418
3628.5 58888.875033038457332 93572.911653724921052
3629 58859.501190760238387 93561.427919910434866
3629.5 58878.727939348900691 93621.692974544057506
3630 58885.041386278207938 93589.89036316119018
3630.5 58951.625769097860029 93694.000144693898619
3631 58939.487267681637604 93651.79996715663583
3631.5 58919.176270119365654 93661.76894583486137
3632 58780.631328208575724 93475.862815169093665
3632.5 58906.892871675998322 93637.444831037748372
3633 59000.447050758120895 93756.690517742521479
3633.5 59113.106850111798849 93874.667246828743373
3634 59187.737811805032834 93963.986313386252732
3634.5 59201.248690419299237 93984.891633542894851
3635 59230.181275823604665 93992.875509884106577
3635.5 59160.906187436492473 93917.0182826891687
3636 59384.374537178126047 94196.676905582484324
3636.5 59327.736486000045261 94107.86122076875472
3637 59419.167769167994265 94240.386388849132345
3637.5 59472.728456041397294 94342.371775836014422
3638 59459.868460199228139 94296.072604699380463
3638.5 59373.078340026579099 94187.295714763415162
3639 59367.488315017901186 94184.042905078531476
3639.5 59321.417052609001985 94179.110636014433112
3640 59188.691103644778195 94010.174814807469375
3640.5 59176.358484154043254 94008.310960670132772
3641 59187.002007675946516 94057.086892579725827
3641.5 59331.132980239388417 94230.943485044466797
3642 59258.089040328872215 94174.645794027092052
3642.5 59231.347881451809371 94143.086353899750975
3643 59317.724284780342714 94223.618820815812796
3643.5 59369.382861550002417 94299.28509152213519
3644 59445.646541668807913 94409.061760458120261
3644.5 59253.413646143213555 94218.263107307488099
3645 59128.328618286388519 94097.426769860059721
3645.5 59150.610161501048424 94125.43854526373616
3646 59302.959726687338843 94288.45278691771091
3646.5 59374.147331327818392 94389.830690418020822
3647 59332.943330774542119 94377.479245565613382
3647.5 59342.347410557580588 94366.932698809498106
3648 59370.072339348058449 94364.257387691861368
3648.5 59470.624691232987971 94505.546136999284499
3649 59391.755259877550998 94459.478602087663603
3649.5 59219.631345768757456 94221.444811051274883
3650 59423.714778890876914 94502.163907681329874
3650.5 59355.172469445496972 94451.308779950617463
3651 59311.067021300841589 94391.94782914489042
3651.5 59204.77398518865084 94312.479081781901186
3652 59271.157158914051251 94403.098462904366897
3652.5 59303.261974473447481 94419.036898867838318
3653 59473.5092279268938 94649.303079798206454
3653.5 59430.172126902718446 94564.493406018897076
3654 59316.737807916768361 94443.581079362382297
3654.5 59328.096079689152248 94482.219325425146963
3655 59390.628171714306518 94538.584841110932757
3655.5 59403.624319922804716 94561.896407473759609
3656 59372.125278430678009 94519.82931690235273
3656.5 59436.362108327724854 94609.941357217816403
3657 59386.086831307402463 94502.874681038214476
3657.5 59429.07675128167466 94602.975649713873281
3658 59561.711113816490979 94777.028919704258442
3658.5 59543.853425935747509 94772.13037631494808
3659 59315.765774217616126 94523.353432264455478
3659.5 59210.021820214635227 94425.546119316961267
3660 59340.294174099028169 94577.636476321800728
3660.5 59321.548769189816085 94569.788011000229744
3661 59248.627689961467695 94500.431693949867622
3661.5 59260.437245001579868 94520.122530933003873
3662 59164.015508963719185 94412.332135701915831
3662.5 59227.664339540075161 94492.537092165453942
3663 59328.477830902593269 94599.508377183185075
3663.5 59226.521071994917293 94483.295028638181975
3664 59413.647562765509065 94727.61823019591975
3664.5 59274.395357443259854 94553.233840005239472
3665 59300.322551215016574 94586.461425677378429
3665.5 59448.036162960008369 94701.39119339127501
3666 59519.077061910174962 94847.655556388403056
3666.5 59472.296670620737132 94810.354141159477876
3667 59498.472054295925773 94824.043376235349569
3667.5 59460.352217987317999 94780.279417306228424
3668 59447.917950853872753 94783.035291083011543
3668.5 59407.62587619452097 94762.490432638529455
3669 59269.622077854233794 94604.253874081783579
3669.5 59273.806984370785358 94619.551565728339483
3670 59315.040673152703675 94690.853354702368961
3670.5 59355.98072466415033 94764.178067329281475
3671 59319.269588080707763 94710.711404036075692
3671.5 59431.829597332813137 94841.740794068391551
3672 59597.513659464435477 95028.93940577658941
3672.5 59655.644790682781604 95107.573467782582156
3673 59653.268196216500655 95070.525653675271315
3673.5 59569.939093650660652 94991.957870546451886
3674 59518.315486875988427 94946.883158388882293
3674.5 59480.95584220031742 94883.10801572210039
3675 59561.51753264702711 95004.676338212011615
3675.5 59629.472623525907693 95095.459743756902753
3676 59662.201778635615483 95133.242863769846736
3676.5 59614.9338594799774 95040.410325985823874
3677 59777.041917473208741 95263.027955530706095
3677.5 59713.894667856504384 95212.921862954157405
3678 59589.801409184925433 95080.485295891965507
3678.5 59540.582316382162389 95036.04121194597974
3679 59495.28571029224986 95000.605943394650239
3679.5 59393.660541474157071 94878.948843788268277
3680 59412.997929252131144 94921.47157160306233
3680.5 59365.309446803636092 94873.695435803121654
3681 59492.1872037173016 94992.176852947493899
3681.5 59498.734525706611748 95044.117455550600425
3682 59426.887571457453305 94946.359585977377719
3682.5 59379.621258312232385 94903.360701235229499
3683 59356.960011379764182 94866.081429830068373
3683.5 59258.368669597206463 94767.477213113685139
3684 59282.202116650623793 94829.009900099379593
3684.5 59341.326435054143076 94920.893155261597713
3685 59450.476150111258903 95044.078601478075143
3685.5 59419.663029981471482 94992.597282381364494
3686 59381.078178543451941 94979.935019425291102
3686.5 59450.601724964319146 95052.057962202190538
3687 59567.518524367369537 95184.349160667377873
3687.5 59523.519597593673097 95124.164111003148719
3688 59680.502262407098897 95316.819255541631719
3688.5 59627.422716204884637 95295.117768809752306
3689 59588.736730756070756 95265.628705897266627
3689.5 59503.780982697389845 95199.706010557551053
3690 59565.03971412320243 95252.648426942134392
3690.5 59393.734376374297426 95067.683354890861665
3691 59390.806122458336176 95083.855768475448713
3691.5 59509.693504812508763 95268.873417270762729
3692 59447.544919730724359 95186.63112580703455
3692.5 59416.773237840709044 95142.324757830429007
3693 59470.654685522094951 95240.465367419499671
3693.5 59394.475853795782314 95152.16527499462245
3694 59420.049154280583025 95170.742160296154907
3694.5 59325.937678633097676 95018.375977118193987
3695 59277.224674913239141 94964.052890233302605
3695.5 59316.252997696850798 94990.70708000693412
3696 59347.641525460778212 95017.602785630195285
3696.5 59451.5111973781095 95184.496022505656583
3697 59372.208846775771235 95083.96681004720449
3697.5 59459.235812877384888 95190.691994670341955
3698 59512.7818135871712 95266.925997122918488
3698.5 59354.415403815866739 95120.026623449652107
3699 59345.179375556079322 95116.57568726289901
3699.5 59427.629097471413843 95176.862450366985286
3700 59389.049796343126218 95152.902266006858554
3700.5 59513.095998319542559 95317.290711705252761
3701 59539.60849233809131 95357.389998269805801
3701.5 59510.236712649922993 95314.021478836861206
3702 59552.144336720470164 95371.754215092194499
3702.5 59452.89085980616801 95232.131304039998213
3703 59507.126600158269866 95316.321671785568469
3703.5 59518.131441234181693 95319.268284222664079
3704 59621.132887471969298 95433.568166616591043
3704.5 59589.931282500809175 95388.914204270258779
3705 59519.617369582345418 95335.048370344375144
3705.5 59405.955552224506391 95176.859917029054486
3706 59553.002774668755592 95369.058442543479032
3706.5 59607.521803146744787 95484.084503054298693
3707 59556.438668466384115 95415.5645572499634
3707.5 59512.215567883387848 95369.917405850617797
3708 59531.95489387895941 95438.13543064519763
3708.5 59428.238864348692005 95315.947405737984809
3709 59353.107486562665144 95239.01935528521426
3709.5 59437.575340167953982 95351.666956411165302
3710 59459.22336452100717 95369.282229518663371
3710.5 59495.075982605449099 95373.957904454044183
3711 59573.349940027008415 95471.154455362644512
3711.5 59673.111379010835662 95588.297183327696985
3712 59535.456910164743022 95393.138567905596574
3712.5 59506.595101232931484 95400.88720282218128
3713 59497.366196307382779 95375.85232897552487
3713.5 59631.431444513473252 95572.2991486282408
3714 59719.844471621559933 95650.348493547891849
3714.5 59748.674514409904077 95654.177485835301923
3715 59772.877718680108956 95672.867500258827931
3715.5 59768.910381047215196 95672.633604767455836
3716 59858.11094982058421 95775.280416213485296
3716.5 59767.85163520983042 95675.080203252015053
3717 59790.519882611813955 95740.831567587534664
3717.5 59705.161514900450129 95616.303899697915767
3718 59749.76365169287601 95725.70002425624989
3718.5 59762.26143111075362 95737.665300568056409
3719 59742.782905708649196 95723.123089692831854
3719.5 59732.638182158589188 95729.724014708699542
3720 59657.118425335938809 95629.269787790050032
3720.5 59602.368671746800828 95607.970517513662344
3721 59626.789116576706874 95653.783205384257599
3721.5 59632.29010770154855 95646.005170554170036
3722 59614.547108224738622 95606.194317885572673
3722.5 59611.42176742189622 95609.076883096378879
3723 59589.155098612660368 95596.646862032503122
3723.5 59626.02982813136623 95653.845768076920649
3724 59616.036296689082519 95667.169890082339407
3724.5 59609.505394669009547 95654.672443177681998
3725 59523.162394616694655 95564.448011836371734
3725.5 59462.449930526294338 95485.823235023184679
3726 59427.26688052854297 95436.920685572549701
3726.5 59542.223546050845471 95585.918647663478623
3727 59555.826887711009476 95582.628762344145798
3727.5 59504.047088695144339 95553.066414385451935
3728 59562.846077349247935 95604.608495486885658
3728.5 59685.878021732823981 95748.955533805245068
3729 59731.348816993071523 95826.389806355771725
3729.5 59761.796208891064452 95850.860456515743863
3730 59685.519320167644764 95764.548348150099628
3730.5 59822.847452443143993 95931.823839520089678
3731 59766.573951611833763 95845.503769771108637
3731.5 59922.435707405333233 96075.59150245951605
3732 59747.729112248191086 95866.457167744709295
3732.5 59670.875483419193188 95801.487938641483197
3733 59697.063301372319984 95841.571187320034369
3733.5 59760.822401580902806 95912.141481523067341
3734 59894.655350723165611 96057.379121645921259
3734.5 59820.526445920237165 95999.837036248703953
3735 59720.16860594687023 95906.51469376636669
3735.5 59766.918813546675665 95946.498903792584315
3736 59796.370524400554132 96020.038768406942836
3736.5 59740.988023649304523 95985.764724793756614
3737 59586.872520185628673 95810.700532993374509
3737.5 59660.238537933313637 95929.456410449900432
3738 59606.171497218034347 95873.653796476341086
3738.5 59731.708731815269857 96066.418150980200153
3739 59802.523489088234783 96118.911146208614809
3739.5 59711.314736547370558 96003.645400573674124
3740 59773.436119423015043 96093.613697910826886
3740.5 59722.014865150333208 96061.890263372551999
3741 59742.441725842225424 96057.153022612459608
3741.5 59752.572141319295042 96042.204381258590729
3742 59847.334944843358244 96133.901931131636957
3742.5 59823.569789730921912 96079.586455668671988
3743 59987.922054317270522 96276.979898930003401
3743.5 59864.036902445594023 96093.752777899659122
3744 59779.143950311168737 96052.057607242793893
3744.5 59823.791875801289279 96125.467550519446377
3745 59810.465765419874515 96110.101332368169096
3745.5 59764.376434263169358 96053.949480876064627
3746 59796.441837403341196 96076.882407129043713
3746.5 59802.788348935107933 96100.61296541885531
3747 59726.907788902099128 96040.181410998498905
3747.5 59785.696575383240997 96122.347242830568575
3748 59720.815300251808367 96049.425013037427561
3748.5 59677.477587475732435 96013.964382440026384
3749 59740.15337134780566 96079.000677670745063
3749.5 59881.571097825850302 96265.964954217532068
3750 59699.579433912622335 96033.70929231889022
3750.5 59789.579465885988611 96149.164607917860849
3751 59866.459365042217541 96269.011640380587778
3751.5 59763.114148663597007 96128.222405559194158
3752 59761.692837440539734 96133.834517910538125
3752.5 59865.568335206487973 96228.879395407959237
3753 59796.685548234701855 96200.883731433976209
3753.5 59839.605951855264721 96242.715033966276678
3754 59808.768549895918113 96212.777338756801328
3754.5 59958.713154972887423 96405.29677537146199
3755 59870.541463751942501 96244.893832798363292
3755.5 59836.081971539482765 96215.07426466565812
3756 59869.254943019936036 96281.593186963465996
3756.5 59841.39952217440441 96247.196136471364298
3757 59900.959460255187878 96319.041430846758885
3757.5 59917.829643205332104 96359.30958642080077
3758 59892.288818805696792 96352.024640380113851
3758.5 59883.539206831439515 96327.780319053810672
3759 59898.174373011323041 96331.981768517405726
3759.5 59885.321799422898039 96327.527133563082316
3760 59993.737898092673277 96478.358599770042929
3760.5 60022.669564462012204 96516.00586820661556
3761 59932.241542764357291 96415.138742212104262
3761.5 59914.198868427280104 96407.362481317395577
3762 59974.388191786361858 96474.25397838128265
3762.5 59999.328881934990932 96477.223660933523206
3763 59901.518322330979572 96381.47303506526805
3763.5 59942.095890240903827 96433.877060748651274
3764 60016.160711402102606 96523.181455680212821
3764.5 60144.802050889680686 96691.912680957408156
3765 60123.583661122698686 96655.723801142477896
3765.5 60192.457638279491221 96724.305822795678978
3766 60111.027191608853173 96654.241928378891316
3766.5 60133.314739661065687 96683.431655337641132
3767 60077.233194350177655 96623.259314055816503
3767.5 60036.252143805715605 96626.382273205294041
3768 60066.352979741059244 96714.90043456244166
3768.5 59930.350715808861423 96497.065838302034535
3769 60071.417774719207955 96713.531240372351022
3769.5 59981.00787766877329 96574.444269762985641
3770 59989.743525471792964 96591.185560828365851
3770.5 60040.343597349907213 96691.558761110980413
3771 59998.539450044823752 96649.885586991687887
3771.5 59830.396181478383369 96470.481593191128923
3772 59912.107980814798793 96569.043124180810992
3772.5 59836.031559789014864 96489.322884474007878
3773 59869.6378974053805 96548.985534226172604
3773.5 59934.917981739825336 96645.628526792788762
3774 59895.347628172741679 96631.342476740348502
3774.5 59862.358020056868554 96598.235029051837046
3775 59944.871898389406851 96691.671430014946964
3775.5 59846.189026598010969 96612.084668734954903
3776 59763.318964274483733 96521.423488690212253
3776.5 59803.419465380276961 96561.975932522967923
3777 59872.419177529853187 96654.517342635954265
3777.5 59761.53311999172729 96531.556428453724948
3778 59820.866699965758016 96602.422429565442144
3778.5 59827.4521726971725 96628.216903942302451
3779 59844.119551726478676 96661.4320708020241
3779.5 59767.799279090715572 96587.903456437037676
3780 59743.758638709368824 96523.867337759758811
3780.5 59627.939823426866496 96408.02509172889404
3781 59720.569468667461479 96481.666771016301936
3781.5 59803.030292970477603 96606.871230398857733
3782 59699.675808164109185 96466.43506267479097
3782.5 59804.707356014041579 96583.634793808756513
3783 59894.663426218066888 96700.434541107402765
3783.5 59835.754784759003087 96656.529251377476612
3784 59869.646448486477311 96694.988528688001679
3784.5 59986.898609768519236 96855.680553129379405
3785 59986.310244489985052 96810.199356053650263
3785.5 59957.510275954111421 96772.220902918037609
3786 60042.511810576295829 96895.334429326525424
3786.5 60077.506148611653771 96929.107336364759249
3787 59982.745238194533158 96814.677222878526663
3787.5 60081.475792093304335 96948.571182583633345
3788 60089.295554498508864 96948.062702086594072
3788.5 60165.797872125891445 97032.980415767975501
3789 60323.151730182704341 97195.518823564387276
3789.5 60239.892378951444698 97124.820856968275621
3790 60071.090271725806815 96950.078891230121371
3790.5 60022.886909502754861 96920.246575603494421
3791 60117.467513747003977 97028.74870284665667
3791.5 60125.99062618570315 97055.988693673338275
3792 60189.252291433011123 97081.856928724271711
3792.5 60240.368943360808771 97156.437054184018052
3793 60262.470354729019164 97217.698296749265864
3793.5 60200.051788032258628 97148.922125965342275
3794 60175.544311407917121 97129.530715467510163
3794.5 60295.899975348474982 97295.321662437636405
3795 60279.572925790351292 97280.000331780742272
3795.5 60245.872164947897545 97248.95007652026834
3796 60193.396132379646588 97187.89704702324525
3796.5 60171.045768929645419 97139.785453706383123
3797 60253.751028375343594 97210.885521561751375
3797.5 60215.884566833701683 97177.300353043625364
3798 60366.360280081666133 97389.677913019768312
3798.5 60274.517023282845912 97285.727438805275597
3799 60247.269423797581112 97279.817631486206665
3799.5 60303.726171961890941 97334.585689521743916
3800 60140.246994475186511 97159.055070681904908
3800.5 60190.066763676441042 97219.730208424909506
3801 60183.695592996919004 97217.781090446340386
3801.5 60233.975865105661796 97279.00397012855683
3802 60181.080304168972361 97235.465333739528432
3802.5 60077.940901316571399 97105.392633824594668
3803 60139.330687344139733 97211.031206189232762
3803.5 59993.473346742139256 97028.714272646582685
3804 59896.84661643718573 96947.107492362221819
3804.5 59974.634946933438187 97042.8309613551246
3805 59981.41796301798604 97050.676272451179102
3805.5 60055.227235786289384 97112.797108759434195
3806 60120.064397709385958 97202.447223179304274
3806.5 60158.788405494000472 97226.057573348996812
3807 60283.375790461563156 97389.898594627476996
3807.5 60218.7150837934023 97343.071612047744566
3808 60218.793122450144438 97351.045570864909678
3808.5 60126.864992029353743 97309.706574056122918
3809 60043.49098392383894 97213.616627305484144
3809.5 60022.59522510896204 97196.311706956519629
3810 60052.60523950226343 97241.10799374821363
3810.5 60027.599838923437346 97234.455537169676973
3811 60041.235519808848039 97231.529534516070271
3811.5 60070.523497703274188 97299.163538963111932
3812 59975.198980916378787 97212.120188147266163
3812.5 60058.640625338826794 97306.06307325985108
3813 60038.070538435938943 97276.00563400259125
3813.5 59932.166494716984744 97153.29604232472775
3814 60013.672861828534224 97229.588337968132691
3814.5 60080.725323237762495 97300.897709146505804
3815 60045.485773117296048 97268.637173553899629
3815.5 60217.88557631184085 97452.238866895364481
3816 60159.708228697520099 97373.450210310023976
3816.5 60221.459622931499325 97445.713988218980376
3817 60279.026307581181754 97541.377170208448661
3817.5 60188.119432675259304 97399.72453014824714
3818 60324.824368752961163 97583.419353604956996
3818.5 60335.85998834008933 97604.589486344382749
3819 60428.293997156375553 97708.596200101877912
3819.5 60352.05125124911865 97623.314406912424602
3820 60449.498432764412428 97777.948346848075744
3820.5 60436.529741104030109 97745.886781220426201
3821 60580.595253434432379 97952.400872279395116
3821.5 60663.664897745693452 98009.101089227056946
3822 60686.04097702071158 98072.372956422390416
3822.5 60534.880545047439227 97867.658695731428452
3823 60469.830382039544929 97816.403360422991682
3823.5 60511.31982375519874 97897.285611586092273
3824 60466.709566696707043 97845.460158929985482
3824.5 60564.113096477994986 97949.094176244892878
3825 60548.657838410028489 97945.256503795113531
3825.5 60612.06657411998458 98048.609509591420647
3826 60589.244934115202341 98008.043357171802199
3826.5 60415.469839899320505 97784.660657162457937
3827 60386.128360177666764 97769.004010296572233
3827.5 60317.51882473101432 97716.837963696394581
3828 60248.309995955401973 97679.821495356314699
3828.5 60131.944765807587828 97556.951848877259181
3829 60165.992732440288819 97602.386506735711009
3829.5 60356.755686171054549 97783.407746922777733
3830 60347.453986679814989 97774.919019338311045
3830.5 60313.894432032713667 97782.543376313784393
3831 60231.690801668097265 97668.525751122244401
3831.5 60305.178060965576151 97772.450063303986099
3832 60215.000135507289087 97667.505632117783534
3832.5 60262.432132898044074 97733.60174654070579
3833 60370.983956729542115 97901.165972053611767
3833.5 60204.729958797965082 97688.790458739807946
3834 60270.367601548314269 97819.945365973413573
3834.5 60192.408007708902005 97739.576889013012988
3835 60051.524182664099499 97577.157380615564762
3835.5 60188.611473558790749 97747.631213725820999
3836 60300.373770223042811 97873.84024539127131
3836.5 60250.21092201871943 97775.639876943925628
3837 60259.072060011574649 97833.839475303437212
3837.5 60248.157507514231838 97816.358402084006229
3838 60197.740827277419157 97774.563691591407405
3838.5 60309.119104091907502 97916.041108203877229
3839 60414.532190503996389 98043.771182558542932
3839.5 60427.48628524398373 98021.784014525837847
3840 60537.755745879505412 98163.469880663746153
3840.5 60446.955911764802295 98047.008246176570538
3841 60304.086155263175897 97907.599485741127864
3841.5 60316.303390924542327 97926.033509140805108
3842 60471.626929941303388 98142.721626695143641
3842.5 60508.355507366650272 98159.085092782479478
3843 60416.823753121265327 98077.433006521692732
3843.5 60296.422164676085231 97959.658802378471592
3844 60265.065983828462777 97890.717067888093879
3844.5 60451.918695111875422 98120.853544642246561
3845 60471.358936552402156 98163.621299555321457
3845.5 60434.480591086248751 98127.05624228437955
3846 60273.115783584340534 97979.155009595677257
3846.5 60161.281661719636759 97858.596057042232133
3847 60304.131735757393471 98080.123851270967862
3847.5 60271.81068383481761 97974.16013893330819
3848 60290.267016491983668 98046.425813854584703
3848.5 60270.059414585615741 98027.966979558026651
3849 60287.946426250418881 98054.029788143874612
3849.5 60169.887198987787997 97930.928450676365173
3850 60081.774833676114213 97874.911130394320935
3850.5 60035.251938610817888 97787.253757120939554
3851 60143.485933865376865 97923.077892443325254
3851.5 60319.954661674826639 98153.202002483885735
3852 60444.057129503191391 98303.933886354934657
3852.5 60327.953688623318158 98117.843769425628125
3853 60351.656627685450076 98158.184035446771304
3853.5 60400.48229610567796 98208.508612867517513
3854 60536.549640712022665 98359.362505056691589
3854.5 60459.400363531291077 98279.936769573716447
3855 60495.476041862428247 98319.513624533094116
3855.5 60438.177534252572514 98292.550746164255543
3856 60362.823343638432561 98203.28210036829114
3856.5 60274.881015181650582 98106.47327065479476
3857 60285.491579865054518 98144.768801895610522
3857.5 60236.488135469720874 98079.199835103921941
3858 60260.537769229355035 98105.5374017652357
3858.5 60241.636842180574604 98098.700056085493998
3859 60200.701582379682804 98028.506555179832503
3859.5 60270.377055839322566 98139.621778204236762
3860 60419.71928640473925 98351.2339409297565
3860.5 60334.934745643695351 98221.049980643249
3861 60190.612836038548267 98124.505711780322599
3861.5 60167.466097127056855 98065.226836113230092
3862 60065.87126869547501 97983.488945235512801
3862.5 60118.477328371656768 98057.206127907862538
3863 60125.399633970700961 98077.367058639254537
3863.5 60169.894450128027529 98116.684933795506367
3864 60095.099504235964559 98028.765991074469639
3864.5 60228.382766320857627 98170.808616901063942
3865 60364.258568653174734 98369.57162369719299
3865.5 60388.360630333176232 98380.743927891075145
3866 60337.649336081609363 98356.139827623963356
3866.5 60442.994732534905779 98452.98815674080106
3867 60451.472723693892476 98457.800565527155413
3867.5 60440.73999727795308 98483.630113904131576
3868 60492.450903198921878 98556.888481988848071
3868.5 60536.306103821480065 98606.895772051779204
3869 60414.458016169439361 98462.203658258193173
3869.5 60411.468506541685201 98481.382999273337191
3870 60389.04555153932597 98468.753415645842324
3870.5 60384.65816184997675 98478.090322629752336
3871 60304.110318958140851 98388.602101599390153
3871.5 60283.848101338080596 98352.810635048605036
3872 60235.290278307678818 98320.294266633733059
3872.5 60271.404276489687618 98398.053501360511291
3873 60140.539449356270779 98271.659015550205368
3873.5 60083.41803581728891 98192.353061799833085
3874 60224.700282233330654 98334.493463018778129
3874.5 60335.697099515651644 98499.319315210275818
3875 60330.089276977843838 98474.537927384386421
3875.5 60391.585580873696017 98514.797446290089283
3876 60458.142006396621582 98648.061465127349948
3876.5 60415.345276437939901 98619.018109227836248
3877 60362.913269191441941 98561.779576461092802
3877.5 60559.411152617976768 98801.996500655179261
3878 60658.845648320202599 98855.072599276580149
3878.5 60583.607240909193933 98816.822697197538218
3879 60455.276092265812622 98668.98349001922179
3879.5 60457.321213734838238 98655.144484683522023
3880 60625.462020343606127 98828.117613006485044
3880.5 60653.112216832283593 98844.363845966392546
3881 60576.053747670273879 98776.269830836739857
3881.5 60640.455575962914736 98902.541597968855058
3882 60552.486382397248235 98757.84363258194935
3882.5 60690.2085485750722 98947.396314924946637
3883 60657.54522514497512 98898.590265318431193
3883.5 60637.520928205340169 98891.153662015480222
3884 60562.883060491643846 98817.929624930940918
3884.5 60588.487146098239464 98906.316208920703502
3885 60526.994407682243036 98856.807222970121074
3885.5 60475.075860680430196 98817.236158989078831
3886 60486.788719200914784 98813.143965200011735
3886.5 60501.087205071256903 98854.419638612336712
3887 60517.08509618986136 98850.347360716303228
3887.5 60564.068683155492181 98923.728025979857193
3888 60504.685941655225179 98874.361519575046259
3888.5 60352.972468541454873 98735.896117987067555
3889 60386.615209209237946 98791.495857239773613
3889.5 60486.242114191358269 98904.117493301353534
3890 60455.006398815705325 98825.48483796142682
3890.5 60498.149324074860488 98918.234961366382777
3891 60668.654632947080245 99105.349337109582848
3891.5 60592.349964692955837 99012.237721251338371
3892 60602.243145205131441 99008.255466485425131
3892.5 60629.629728274849185 99025.103107479342725
3893 60639.152271088925772 99057.687340757984202
3893.5 60706.374323028147046 99123.038068196430686
3894 60620.971699355250166 98999.076343797758454
3894.5 60623.579401713606785 99069.159762222028803
3895 60612.482391583471326 99051.49564562550222
3895.5 60608.398775272900821 99015.967077245528344
3896 60581.859127874391561 99010.876306488149567
3896.5 60574.111399100504059 99000.912266077080858
3897 60525.05294479020813 98915.591258280168404
3897.5 60433.773382435465464 98833.710231288787327
3898 60488.311540641654574 98884.694021955379867
3898.5 60529.230711526783125 98915.959066603449173
3899 60448.665004590307944 98859.367895532850525
3899.5 60367.492509085648635 98747.57393401072477
3900 60459.453963571002532 98900.217647053330438
3900.5 60411.773116836135159 98862.651252061099513
3901 60313.828347367540118 98779.609588194754906
3901.5 60383.319098298976314 98909.579865254359902
3902 60248.766081110567029 98725.867763424175791
3902.5 60393.317800301789248 98915.839273482342833
3903 60376.748224833594577 98917.235915399243822
3903.5 60214.413675059084198 98722.475779765853076
3904 60168.114382277562981 98686.155154038235196
3904.5 60158.787172259049839 98710.016447586574941
3905 60155.148579696287925 98706.976672343400423
3905.5 60283.122816376788251 98824.422169265904813
3906 60344.138466528369463 98926.043965825927444
3906.5 60339.18726293357031 98902.920097890048055
3907 60373.249789542722283 98923.90969138602668
3907.5 60487.804152553973836 99059.576225925164181
3908 60586.633304320777825 99180.865217996790307
3908.5 60620.325781285588164 99233.666617522147135
3909 60497.00896361246123 99087.617776714338106
3909.5 60558.749689288822992 99136.175111027114326
3910 60749.191121062183811 99359.882495754703996
3910.5 60740.119627354382828 99353.94801886678033
3911 60723.300392112403642 99353.389857854359434
3911.5 60770.875233402730373 99386.409691578359343
3912 60765.432761982323427 99404.398628127382835
3912.5 60674.475808298207994 99318.137072413024725
3913 60820.293520591309061 99518.885915639344603
3913.5 60748.38581816732767 99465.020537636693916
3914 60596.850688856931811 99227.667795436165761
3914.5 60697.123834418642218 99379.037855255824979
3915 60667.860933994299558 99334.803076624812093
3915.5 60821.277915000828216 99544.371604636675329
3916 60821.697334590993705 99547.760988226204063
3916.5 60795.84079926177219 99543.907920880708843
3917 60694.756709711153235 99421.717940641741734
3917.5 60619.860809529454855 99322.661539724169415
3918 60626.663903856540855 99332.355956305153086
3918.5 60761.330559592504869 99535.697120515091228
3919 60720.757675021181058 99498.944660428489442
3919.5 60697.080799461888091 99485.403698259731755
3920 60617.667364681808976 99411.559463201119797
3920.5 60554.882616807924933 99343.500644820203888
3921 60673.97368762503902 99471.629898021870758
3921.5 60595.522416765801609 99361.717704337948817
3922 60668.815002566676412 99483.659588549198816
3922.5 60560.021242717353744 99369.461214622948319
3923 60730.555475676563219 99566.807021468266612
3923.5 60829.241096487392497 99671.325850491615711
3924 60860.335754423933395 99664.070643975224812
3924.5 60885.523398273107887 99717.712916650663828
3925 60724.785270337248221 99528.106216961226892
3925.5 60870.12410817246564 99675.402081582753453
3926 61090.851680846237286 99944.00006743632548
3926.5 60944.578264634015795 99777.689704588439781
3927 60963.484138506799354 99818.680078947931179
3927.5 60949.784199067915324 99793.398526717472123
3928 60984.128475128607533 99875.579143783354084
3928.5 60948.423026293552539 99807.676116744725732
3929 61148.386372274617315 100089.86179565924976
3929.5 61029.986443857436825 99919.407943719226751
3930 60982.956289097215631 99855.056948217665195
3930.5 61099.825171027761826 100071.91723573759373
3931 61005.644615895420429 99897.477744343457744
3931.5 61010.868065150709299 99913.669064561501727
3932 60943.858537521824474 99867.154247454644064
3932.5 60772.126219394376676 99661.36567360778281
3933 60759.748959407341317 99661.00235854407947
3933.5 60740.452175098835141 99686.565048337317421
3934 60699.468025691749062 99643.562719772628043
3934.5 60582.852060073579196 99532.563922686298611
3935 60497.306884183541115 99440.695718238202971
3935.5 60457.200639538728865 99405.146775395653094
3936 60499.577986266427615 99485.64597517864604
3936.5 60446.112715970783029 99427.536281345834141
3937 60446.229948613115994 99430.844832418151782
3937.5 60375.066401035415765 99350.471832669325522
3938 60336.160688282696356 99330.761076947615948
3938.5 60464.151884198836342 99469.229565672023455
3939 60519.715262309764512 99526.412023989978479
3939.5 60591.574576701823389 99608.118288040554035
3940 60620.931532786911703 99606.720714525246876
3940.5 60630.722173642607231 99576.872446922061499
3941 60648.707673748751404 99634.315197142903344
3941.5 60553.608382660022471 99526.486466695117997
3942 60655.777685137101798 99649.190767258784035
3942.5 60835.287415347404021 99885.376129857701017
3943 60748.544458254458732 99754.202935429057106
3943.5 60858.168547251530981 99885.526112932871911
3944 60926.018618759597302 100014.63332144876767
3944.5 60752.075894114132097 99795.255694894207409
3945 60832.914320928546658 99939.336290750667104
3945.5 60741.063896270461555 99864.099080648942618
3946 60802.427307720652607 99908.109926703575184
3946.5 60845.798737725599494 99911.934790686544147
3947 60957.04938658856554 100037.48295926123683
3947.5 61019.755808623915073 100090.67792236455716
3948 61046.305825875002483 100162.80764505454863
3948.5 61034.932241929680458 100160.60306330081949
3949 61095.826907349524845 100241.65202942640462
3949.5 60955.108602186977805 100070.27190873342624
3950 60904.801733247171796 99995.093015114267473
3950.5 60861.841590118325257 99961.09525241535448
3951 60853.896518280307646 100012.49737647906295
3951.5 60986.008424306870438 100196.32568880007602
3952 60968.160811393165204 100182.97931288546533
3952.5 60781.438615308368753 99938.381065120673156
3953 60964.275035207319888 100191.26214718940901
3953.5 60842.061536888977571 100041.54439084140176
3954 60878.382228456059238 100083.70161782346258
3954.5 60831.156134206219576 100068.23549190124322
3955 60802.805196667919517 100013.74464463224285
3955.5 60853.808747002862219 100076.26148147901404
3956 60938.629773509528604 100180.44467843006714
3956.5 60907.780068401822064 100167.24915535305627
3957 60825.578305549606739 100065.31734908159706
3957.5 60975.081819561470184 100276.21095434264862
3958 60918.93931791169598 100156.99962504480209
3958.5 60899.246567939982924 100174.77237511638668
3959 60942.160196284698031 100265.33914698530862
3959.5 60879.178438679991814 100171.76826149334374
3960 60948.422532729004161 100280.4876334501605
3960.5 60964.166773863726121 100334.10986772442993
3961 60962.257277035438165 100326.76136190001853
3961.5 60960.140932598085783 100294.46224222956516
3962 61145.087578168058826 100499.49556044096244
3962.5 61237.989605556722381 100602.03036962608167
3963 61258.704820881401247 100622.7472012040962
3963.5 61376.104680344687949 100762.88430762139615
3964 61349.686528974336397 100742.85013485977834
3964.5 61408.053592229982314 100821.61481325620844
3965 61277.011086591279309 100654.10186228023667
3965.5 61280.553191874700133 100689.13104845321504
3966 61334.922063664183952 100753.55521830682119
3966.5 61283.972882672140258 100708.02724956095335
3967 61117.555417356430553 100537.06668381099007
3967.5 61150.258826983765175 100628.96474024320196
3968 61085.954621842676715 100560.70705543327495
3968.5 61009.391734567601816 100442.79610534205858
3969 60959.225422634306597 100397.78847420180682
3969.5 61052.54448725956172 100548.09636492052232
3970 61018.216074002739333 100474.96425855503185
3970.5 61093.830087581984117 100597.45958340803918
3971 61073.692305859665794 100566.74455062042398
3971.5 61169.648878981242888 100660.37695578903367
3972 61054.491174396716815 100511.74946467626432
3972.5 61176.170453856153472 100646.43218434788287
3973 61190.608655995361914 100680.64611019213044
3973.5 61149.811396693206916 100659.13737295813917
3974 61179.512130889037508 100712.72853315992688
3974.5 61036.982205994463584 100565.87987949904345
3975 60972.508023161339224 100520.23480452652439
3975.5 60868.901371137202659 100397.27296530484455
3976 60949.781437643949175 100529.4598668453109
3976.5 60786.53453990277194 100327.53939075156813
3977 60794.135605811949063 100354.75265801063506
3977.5 60911.920737759573967 100514.94182326164446
3978 60848.72185915310547 100395.60938282200368
3978.5 60832.200360834831372 100380.36502290246426
3979 61014.485642274536076 100608.19441102714336
3979.5 60981.479861518309917 100598.85734455568308
3980 61005.30256794631714 100627.77174916898366
3980.5 60847.667164568149019 100455.20096613094211
3981 60846.782238736886939 100453.42624268279178
3981.5 60893.903864537227491 100537.21354815008817
3982 60845.802759705336939 100487.77805430009903
3982.5 60885.315016936721804 100517.32584379354375
3983 60852.00721893364971 100510.90450164412323
3983.5 60802.896155752685445 100440.81949712286587
3984 60849.992903424514225 100523.77355712572171
3984.5 60920.669036468709237 100624.75660453358432
3985 60941.777082882523246 100661.25211914211104
3985.5 61032.354375370210619 100757.64411155576818
3986 60978.31323852991045 100716.81845316079853
3986.5 60843.08467273657152 100540.68922979067429
3987 60947.214718364994042 100678.20570676603529
3987.5 60995.543242146275588 100736.02667119796388
3988 60988.606954783594119 100719.01200229862297
3988.5 60914.06732597071823 100633.91873314492113
3989 61002.717885135076358 100762.77528137176705
3989.5 60960.459753175862716 100726.54213852524117
3990 60906.497451922070468 100681.54368335093022
3990.5 60960.766863367025508 100767.31968570011668
3991 60980.939446653428604 100786.969045546095
3991.5 60964.501829433975217 100771.43851192778675
3992 60828.223125227850687 100614.66815511161985
3992.5 60958.309473614142917 100761.59667452368012
3993 60973.633536602843378 100804.90545569223468
3993.5 60801.737336810569104 100615.18202521023341
3994 60806.304585893107287 100658.6793380134186
3994.5 60926.131419661716791 100785.03457184825675
3995 60927.691187905678817 100753.42632908688392
3995.5 61080.187918151670601 101005.15541141291033
3996 60986.688996177683293 100870.74401883511746
3996.5 60966.497586648576544 100830.41263457068999
3997 61020.828515728942875 100879.10502394549258
3997.5 60825.855692990488023 100642.3723546025285
3998 60993.60776869340043 100896.34933212296164
3998.5 60988.949782067342312 100900.07021502641146
3999 60917.213896401874081 100778.80219099942769
3999.5 61027.344391795042611 100956.98568762851937
4000 60899.353487497959577 100782.50594684407406
4000.5 60910.564444603158336 100815.83137335439096
4001 61103.048062069770822 101051.86538652674062
4001.5 61117.712420747709984 101067.4664524658001
4002 61234.607764481435879 101229.87787939017289
4002.5 61131.878256042087742 101095.60956551818526
4003 61120.331564951717155 101065.26415113380062
4003.5 61118.778719344743877 101070.63389168062713
4004 61237.800594362408447 101280.83572441447177
4004.5 61229.447981187877303 101233.54826122937084
4005 61233.548100508618518 101257.61258403271495
4005.5 61240.802894613116223 101228.97289261233527
4006 61247.433507696623565 101279.57195069399313
4006.5 61266.891911825136049 101283.32126991120458
4007 61209.61830333940452 101228.44976744483574
4007.5 61153.17888222894544 101217.0505368696904
4008 61161.576501383038703 101205.45428661626647
4008.5 61117.941305478823779 101156.00757475450519
4009 61032.661869570089038 101079.40375474761822
4009.5 61126.632022607860563 101188.14463387665455
4010 61195.788286680275633 101251.50117979919014
4010.5 61275.279847267687728 101329.28714188639424
4011 61351.210295955832407 101423.95050339505542
4011.5 61298.856003884924576 101349.61726615481894
4012 61167.918006599873479 101201.9928017163038
4012.5 61192.388581684564997 101294.0286339726299
4013 61130.567746775996056 101216.48375250387471
4013.5 61121.076824192386994 101202.40073233764269
4014 61138.255899539821257 101261.47316220696666
4014.5 61162.243936496102833 101307.55177238612669
4015 61091.107741652689583 101206.77279842380085
4015.5 61098.917379028687719 101198.0948680050351
4016 61147.25639073682396 101307.58641343659838
4016.5 61116.589250240198453 101202.91993221046869
4017 61261.325805735497852 101368.99489060006454
4017.5 61098.738922870208626 101232.53710390494962
4018 60982.179144551751961 101096.66009602168924
4018.5 61177.434410071269667 101335.19480736284459
4019 61179.937545565968321 101340.322382712533
4019.5 61139.486067554127658 101303.0191330009402
4020 61155.955056914150191 101347.8791070428997
4020.5 61099.010190499997407 101341.54619338289194
4021 60939.39518045172008 101155.12685957222129
4021.5 61156.17012780100049 101451.91002333385404
4022 61098.637047369978973 101389.44399732840247
4022.5 61024.901134137326153 101314.85226167706423
4023 61020.098871006535774 101315.24200021309662
4023.5 60930.573323727534444 101233.29392333132273
4024 60942.06133991383831 101248.30063557447284
4024.5 61058.269172034022631 101383.82831901981262
4025 61023.956456494262966 101321.9894358561578
4025.5 61056.815936982675339 101349.49567664229835
4026 61030.043258323079499 101368.61033653447521
4026.5 61042.570972612651531 101388.73776408094272
4027 61040.396318925952073 101388.91347007465083
4027.5 60991.063482280544122 101348.50751673335617
4028 61011.979586639106856 101376.01146613058518
4028.5 61030.224768945787218 101376.83706528721086
4029 61160.387942365312483 101523.91440012247767
4029.5 61166.058569846063619 101521.61790033556463
4030 61111.409860046158428 101397.81427229866676
4030.5 61184.277448231259768 101518.3909916923003
4031 61158.765981292701326 101475.37056830200891
4031.5 61192.022998054795607 101511.99198363494361
4032 61197.470935298690165 101555.60736275013187
4032.5 61175.934999874778441 101532.57799437252106
4033 61074.548214773094514 101431.72513361746678
4033.5 61093.642964227561606 101415.19288400260848
4034 61183.491838367910532 101548.76415613215067
4034.5 61162.76860133161972 101577.22486919404764
4035 61198.5304915564775 101616.99280578905018
4035.5 61217.563993085692346 101616.62672840798041
4036 61363.45013581092644 101790.82421596744098
4036.5 61374.604292908516072 101838.37062758152024
4037 61455.05010863586358 101935.57371200216585
4037.5 61373.084555105269828 101870.50691171005019
4038 61313.126452074800909 101829.48647025067476
4038.5 61225.683592176959792 101703.46291392212152
4039 61218.678508756296651 101720.21246457019879
4039.5 61122.304623331714538 101609.38538176125439
4040 61147.558616720350983 101657.39257881598314
4040.5 61063.570169629645534 101556.50198817340424
4041 61172.877142045836081 101707.50507872700109
4041.5 61227.693188919773092 101751.77257583169558
4042 61240.03925347776385 101812.22596575065108
4042.5 61033.012297264431254 101527.95954441001231
4043 60999.195674151356798 101504.66461355400679
4043.5 61089.844467559079931 101629.87831182655646
4044 60984.775784285629925 101493.32656591870182
4044.5 61070.856414246169152 101623.72727683755511
4045 61016.650743669029907 101549.60367520019645
4045.5 61018.899265834006655 101565.43172050639987
4046 61164.017550713506353 101777.49790751111868
4046.5 61128.257842966500903 101718.56545543984976
4047 61108.751082905037038 101702.91014436740079
4047.5 61222.903438815148547 101836.74673956781044
4048 61246.822871663178375 101862.72654194702045
4048.5 61255.680743831035215 101858.04298656026367
4049 61321.150663374377473 101936.12780554508208
4049.5 61278.828113789124473 101903.72701696673175
4050 61399.592316547146766 102057.21799423123593
4050.5 61385.521984112783684 102015.4132830597373
4051 61406.839330354356207 102045.01568489005149
4051.5 61443.035028452162805 102123.98007233237149
4052 61404.345062719075941 102004.35892024570785
4052.5 61342.675172397117421 101958.23560607376567
4053 61356.908639568617218 102035.36425841976597
4053.5 61432.120946689072298 102123.29244126347476
4054 61283.101415102180908 101949.42897186308983
4054.5 61217.248611958151741 101898.07496199570596
4055 61245.654953308992845 101903.32138894878153
4055.5 61360.919081014137191 102068.60067454488308
4056 61418.424909375964489 102097.00287990525248
4056.5 61318.398422911050147 101971.47917654943012
4057 61498.119816814898513 102238.51369532497483
4057.5 61390.400932967590052 102103.75389640319918
4058 61428.512574666900036 102139.02578685744083
4058.5 61497.949811262144067 102225.18773610322387
4059 61506.640062789221702 102279.62537452288962
4059.5 61543.104546653441503 102293.09229137776128
4060 61438.094219131395221 102155.7588508065237
4060.5 61532.835469510835537 102288.9731529034616
4061 61448.953240790127893 102196.86550824114238
4061.5 61423.519153248802468 102210.62258425031905
4062 61463.790373299561907 102254.26952952130523
4062.5 61507.97437056027411 102331.92115685557656
4063 61378.784540170556284 102202.39194987020164
4063.5 61344.190337737032678 102169.89816690291627
4064 61307.752443596880767 102118.30269201408373
4064.5 61224.112636064099206 102007.05180623782508
4065 61298.49648746578896 102094.06957413516648
4065.5 61395.46183912698325 102236.74269558992819
4066 61496.292753396788612 102337.147256511249
4066.5 61377.211435251760122 102216.07505465633585
4067 61263.717811777059978 102087.86757137035602
4067.5 61349.38971730783669 102206.00767894822638
4068 61434.000475969616673 102278.90463739796542
4068.5 61441.443295203040179 102269.31079831914394
4069 61579.503452758573985 102458.80934781073302
4069.5 61698.813754903982044 102601.53123319397855
4070 61585.600458299028105 102474.46741702129657
4070.5 61497.160317361835041 102391.18655907698849
4071 61587.529568259087682 102527.51147440627392
4071.5 61673.002648577763466 102598.71644242272305
4072 61647.538550410179596 102552.48796180644422
4072.5 61755.898749314823363 102687.50064890012436
4073 61634.964458662070683 102546.65731965521991
4073.5 61718.202537559031043 102651.18988282427017
4074 61733.923489747823623 102646.9153508865711
4074.5 61801.565585511569225 102755.11463831568835
4075 61683.732468686699576 102618.10136848523689
4075.5 61579.000493455263495 102574.15643793769414
4076 61494.866441634316288 102502.32043791547767
4076.5 61622.503695500621689 102693.65120224071143
4077 61563.308692003600299 102610.60229737742338
4077.5 61495.27157700448879 102571.49109224589483
4078 61469.130423976755992 102510.82966118381592
4078.5 61444.974610962082807 102550.42130138377252
4079 61497.674627551488811 102599.16442271087726
4079.5 61525.57400362782937 102609.47580715549702
4080 61362.939025912746729 102432.45706915925257
4080.5 61352.209211985638831 102426.62581162979768
4081 61549.932123873637465 102697.8344374432636
4081.5 61568.134897778960294 102625.96282819566841
4082 61747.729536579208798 102887.60463563654048
4082.5 61527.878410146862734 102623.66520040619071
4083 61454.528879264049465 102482.38492995618435
4083.5 61665.974010691832518 102808.37971709639532
4084 61610.276248538502841 102744.58196213573683
4084.5 61584.38970926944603 102689.17234002056648
4085 61594.788765997443988 102714.51646067935508
4085.5 61702.931751080584945 102869.65604279664694
4086 61668.11245449474518 102819.38267684457242
4086.5 61706.833113980719645 102914.4182292395999
4087 61699.267672743691946 102929.22247861592041
4087.5 61601.213020747469272 102801.29855335826869
4088 61490.634476403327426 102703.18681592782377
4088.5 61631.830535488028545 102899.51656701228057
4089 61533.315015366504667 102732.36819896358065
4089.5 61524.508448246597254 102792.59280070835666
4090 61382.454224971872463 102645.48146969349182
4090.5 61278.724015676096315 102545.55194567421859
4091 61387.294281293259701 102647.62063341084286
4091.5 61446.681540220488387 102723.01695973584719
4092 61584.359912187479495 102845.98255463787063
4092.5 61538.512519391391834 102797.96398854345898
4093 61464.238471657248738 102701.89230804880208
4093.5 61545.666368916143256 102817.77055432378256
4094 61532.125726596910681 102837.50637919305882
4094.5 61508.435464049660368 102842.90176163651631
4095 61565.387829682804295 102896.78917850022845
4095.5 61534.074724950514792 102853.52456635958515
4096 61445.882089444217854 102779.27149952686159
4096.5 61434.364863528622664 102778.54214371734997
4097 61425.953383717147517 102781.37447137446725
4097.5 61308.766567015067267 102631.57321191798837
4098 61248.850984110911668 102545.02743792218098
4098.5 61500.490024080492731 102825.35218496820016
4099 61488.365624778911297 102827.04157556063728
4099.5 61405.823306277568918 102716.38338808718254
4100 61522.323173032527848 102909.15474850508326
4100.5 61504.906899155117571 102901.51664922469354
4101 61544.635521486277867 102951.70135489739187
4101.5 61641.27512283645774 103092.8524243755237
4102 61604.071809442284575 103008.61476898287947
4102.5 61672.445573640288785 103105.44382836575096
4103 61715.65264719507104 103140.93293131532846
4103.5 61733.352991602987458 103173.16493785580678
4104 61840.086881290015299 103274.82045931607718
4104.5 61785.815752587208408 103206.81900211518223
4105 61802.331053481480922 103246.23045940876182
4105.5 61835.589046792498266 103285.92681595931936
4106 61902.869070317879959 103335.46749708674906
4106.5 61805.849737210344756 103276.90867864122265
4107 61893.745691228148644 103353.20844689715886
4107.5 62045.652022474714613 103566.2072264579765
4108 61979.903973657557799 103477.7299576033256
4108.5 61939.585856407276879 103412.60857924334414
4109 61943.921835845569149 103444.89493080895045
4109.5 61937.562799311876006 103452.25602464996336
4110 61975.404488448868506 103517.89555365538399
4110.5 61809.668616469338303 103309.39384893323586
4111 61791.355007636528171 103304.87527796244831
4111.5 61821.135252532214508 103368.74153512931662
4112 61850.788089788256912 103396.24911638145568
4112.5 61960.930032930460584 103485.39882342326746
4113 62007.061895532482595 103574.36681496311212
4113.5 62045.452843117651355 103624.22836747860129
4114 61969.864413632043579 103513.9690225943923
4114.5 61968.018043088406557 103572.90756535537366
4115 61946.971613440502551 103545.43739884719253
4115.5 61966.6923498901524 103564.21743238267663
4116 61758.209457655531878 103314.9641498325218
4116.5 61841.309123444269062 103430.86354390329507
4117 61663.898350811250566 103213.99154848374019
4117.5 61720.861521290134988 103307.70196904000477
4118 61801.484278893272858 103444.29173583978263
4118.5 61706.722116517950781 103359.72773543659423
4119 61693.471638726077799 103342.91041047303588
4119.5 61622.672360001291963 103258.55526857743098
4120 61681.014920993795386 103334.72752809390659
4120.5 61744.675572611391544 103467.6473221713386
4121 61646.890237610947224 103366.57846351119224
4121.5 61598.683532137372822 103288.1074989320623
4122 61644.745084128357121 103343.78553296580503
4122.5 61574.899505891444278 103287.26626748545095
4123 61764.146572302066488 103493.47858369491587
4123.5 61687.610979801633221 103437.72442343422153
4124 61658.885172869158851 103419.64376342913602
4124.5 61550.332359790045302 103285.55317402815854
4125 61643.859230874397326 103458.44652665195463
4125.5 61785.082607244134124 103606.45690305979224
4126 61759.061517566995462 103580.7170523077657
4126.5 61927.475875570955395 103727.03425599708862
4127 61884.521067544963444 103635.44913402714883
4127.5 61961.331974360284221 103781.97159440214455
4128 62041.257435944367899 103868.41246561075968
4128.5 62006.583072449117026 103809.96503249365196
4129 61947.708084018035152 103784.92584780418838
4129.5 61974.065273839281872 103835.53837789641693
4130 61910.685620980009844 103756.32637395717029
4130.5 62023.044976435245189 103875.5866937898827
4131 61984.195182150164328 103802.41045192620368
4131.5 61819.13276831631083 103685.9064979304967
4132 61716.147527417742822 103577.66610874398611
4132.5 61723.068950297994888 103563.54921851720428
4133 61807.401785255162395 103654.31046034139581
4133.5 61813.252050904280622 103693.80166506032401
4134 61886.999654753046343 103765.84669385787856
4134.5 61823.160304242628627 103692.53847576536646
4135 62004.441752802064002 103911.26639536232688
4135.5 61945.473910298176634 103844.25924826003029
4136 61917.529881957278121 103827.68301220795547
4136.5 61905.246536829785327 103811.01286635317956
4137 62074.737730636959895 104006.83439801949135
4137.5 62017.592563887541473 103917.09776166331721
4138 62004.843525425814732 103972.57619807604351
4138.5 62137.014948532727431 104147.67797236180922
4139 62077.481608630914707 104075.39254207482736
4139.5 62113.113310663036827 104086.3189515532431
4140 62087.530631918038125 104038.91982526262291
4140.5 62024.583961771750182 103967.57648078398779
4141 62183.558644522090617 104187.65116135196877
4141.5 62163.170185218841652 104144.46814404305769
4142 62011.819566611738992 104008.01576699058933
4142.5 62029.030379759373318 104033.07595948700327
4143 61910.653798368533899 103938.41608625206572
4143.5 61793.228661212080624 103813.40843448974192
4144 61955.860526668802777 104026.75031248899177
4144.5 61768.162880802854488 103813.98639939297573
4145 61783.763620912919578 103848.59667838229507
4145.5 61780.449032352436916 103857.30256710542017
4146 61707.412459189159563 103773.71430376944772
4146.5 61611.632084186116117 103684.25605253648246
4147 61611.170288370056369 103721.62438018005923
4147.5 61573.853546981321415 103659.30086687175208
4148 61468.601656340630143 103571.769713088157
4148.5 61421.275035116021172 103550.05265753527055
4149 61544.66503184523026 103686.28831420425558
4149.5 61508.398649434449908 103614.90027921140427
4150 61552.087757035973482 103691.08763594109041
4150.5 61458.997033704385103 103595.06522230646806
4151 61415.832395560006262 103525.99650202560588
4151.5 61572.05041862775397 103755.50683748515439
4152 61592.045014234885457 103776.28312999666377
4152.5 61514.794111829956819 103691.15811476112867
4153 61536.235956143660587 103730.07174294498691
4153.5 61585.622865973993612 103750.21127725143742
4154 61538.280348444335687 103705.05016392463585
4154.5 61513.753408334618143 103667.11395798432932
4155 61593.475261080326163 103769.88266025821213
4155.5 61738.929258907191979 103970.15619962156052
4156 61588.801466916018398 103756.79721614310984
4156.5 61675.603503555103089 103961.19615966551646
4157 61664.56215403573151 103902.47706170893798
4157.5 61676.736098424487864 103982.71445390867302
4158 61586.650576774176443 103829.37185871775728
4158.5 61686.089096063420584 103982.10350069971173
4159 61763.265482270158827 104057.92971288636909
4159.5 61858.012284495875065 104201.70298624534917
4160 61709.267794508901716 104090.2389928985358
4160.5 61783.896845461087651 104127.44314008242509
4161 61784.79028766383999 104146.87696685786068
4161.5 61835.661828838477959 104230.71463818399934
4162 62004.375600585000939 104448.75236166157993
4162.5 61848.98963356733293 104226.07709796840209
4163 61940.164799601276172 104369.69536477747897
4163.5 61977.211187769476965 104399.04251200289582
4164 61932.292411805137817 104370.38188388453273
4164.5 61871.310058606679377 104335.05887257457653
4165 61921.307553711078072 104333.96957620359899
4165.5 61834.553921455219097 104257.3559239829483
4166 61861.130229999333096 104317.44779126577487
4166.5 61791.204739283646632 104209.32283297224785
4167 61951.998317075464001 104374.49634986430465
4167.5 61965.038718431605957 104421.95112441557285
4168 62040.587754866370233 104495.60923573967011
4168.5 62036.877677606607904 104537.62324040487874
4169 62044.763762624694209 104527.68343725343584
4169.5 62052.498504911840428 104479.71389024509699
4170 61944.796324088485562 104397.01617548031209
4170.5 62115.76839424418722 104610.0548337885557
4171 62123.101203449608875 104613.30966954094765
4171.5 62053.252350042399485 104525.32129188951512
4172 62082.487107514185482 104538.84851009347767
4172.5 62192.783680526568787 104701.23418220100575
4173 62137.194820176016947 104626.61014851141954
4173.5 62189.734385060903151 104746.75847241684096
4174 62137.632338905750657 104640.3125122692436
4174.5 62284.293161906542082 104808.90362732303038
4175 62335.803349382178567 104850.56781675343518
4175.5 62270.316090691980207 104791.45612413556955
4176 62258.559950286478852 104832.39493058800872
4176.5 62250.672026177941007 104823.22469392766652
4177 62130.418759569249232 104681.25761887560657
4177.5 62136.559507846075576 104674.05403251912503
4178 62195.951275806444755 104766.75964957260294
4178.5 62104.8199042145352 104655.69657892487885
4179 62066.963449127775675 104645.49931172814104
4179.5 61965.708420042828948 104510.64522296717041
4180 61967.692952466481074 104558.44644299002539
4180.5 61960.197913622549095 104584.38314065190207
4181 61921.79839879120118 104530.32595251858584
4181.5 61919.89416750962846 104567.74744305688364
4182 61939.135096557452925 104583.76175903208787
4182.5 61881.971309554959589 104531.180399497287
4183 61989.698914471453463 104606.12501840776531
4183.5 62059.866139385740098 104731.10499364322459
4184 61993.434766557511466 104642.34185921691824
4184.5 62123.792194336252578 104822.66511604355765
4185 62098.885200496311882 104753.99201597155479
4185.5 62123.041816336481133 104817.1894158066716
4186 62223.045671344130824 104894.5151808403607
4186.5 62194.379450057989743 104915.14260352295241
4187 62108.529012683524343 104791.70542667819245
4187.5 62195.391091816032713 104906.60553798366163
4188 62196.508860688292771 104909.33210324670654
4188.5 62135.704080523217272 104854.36847025333554
4189 62155.441296309174504 104891.94122466797126
4189.5 62103.493871454033069 104851.16977577921352
4190 62131.802353146325913 104852.17397333034023
4190.5 62150.467861941615411 104845.35282504292263
4191 62214.695586293739325 104888.75152287355741
4191.5 62138.14067843407247 104823.60758986252767
4192 62163.530859486709232 104867.90024397996604
4192.5 62194.675821090168029 104938.06365468945296
4193 62219.178122399040149 105009.12174422686803
4193.5 62093.598188297328306 104811.74667813869019
4194 62186.361539943813113 104987.42161488320562
4194.5 62102.224974085147551 104863.30892643779225
4195 62191.792980689133401 105019.50068079396442
4195.5 62248.601673092656711 105086.54659900724073
4196 62130.703859557084797 104948.54363566944085
4196.5 62244.152984817184915 105099.38363035248767
4197 62267.109836684256152 105132.36858253208629
4197.5 62030.142506031901576 104838.3316927566193
4198 62025.116404224980215 104850.99860481255746
4198.5 62197.696714228979545 105078.78501938460977
4199 62068.604951067944057 104941.28849938274652
4199.5 62034.518703305948293 104939.05461454356555
4200 62031.586674636622774 104909.89855159682338
4200.5 62067.368957805112586 104969.63919053251448
4201 62079.783711331772793 104965.76446497940924
4201.5 62072.054434996178315 105011.8715808965062
4202 62043.286250612974982 104994.16340738094004
4202.5 61964.829051693937799 104917.24871644840459
4203 62043.103493392052769 105002.4220547502191
4203.5 62152.396039798331913 105139.68681665445911
4204 61863.50153880072321 104780.70392087099026
4204.5 61853.592642517432978 104840.09973941845237
4205 62005.857217265671352 105006.1797173635423
4205.5 62075.368038791879371 105097.01677841454512
4206 62076.347321927816665 105083.46082915410807
4206.5 62155.027819816285046 105187.66646345240588
4207 62215.597256174150971 105292.72619330009911
4207.5 62296.771406122352346 105320.54578992299503
4208 62328.777319254229951 105398.64479020245199
4208.5 62126.483428427396575 105178.95175467002264
4209 62252.155158927373122 105353.75778062226891
4209.5 62156.170192051562481 105205.96142142260214
4210 62215.198559737364121 105312.6326454376831
4210.5 62232.296409166097874 105377.61160960883717
4211 62317.866517109971028 105390.01219316423521
4211.5 62240.734555027054739 105358.85158325431985
4212 62225.338883536496724 105353.18977239077503
4212.5 62194.400677194294985 105324.81552849157015
4213 62286.072106668303604 105425.82593008990807
4213.5 62299.327743667257892 105461.1632846489083
4214 62304.803550318880298 105412.75615021075646
4214.5 62407.859009692263498 105582.5977319561207
4215 62361.055394824259565 105556.99877415862284
4215.5 62359.237061686624656 105551.06781873504224
4216 62267.693356131996552 105424.88662710499193
4216.5 62207.292130225781875 105361.72819992773293
4217 62335.352734545580461 105540.00830704584951
4217.5 62311.547890192952764 105504.7351612340135
4218 62170.810796154008131 105354.06812555971555
4218.5 62182.200495617071283 105377.77128264450585
4219 62223.978119290200993 105434.44855249035754
4219.5 62089.609373077888449 105303.45566519995918
4220 62199.917235582812282 105417.44557112337498
4220.5 62193.757550766487839 105420.50907824152091
4221 62241.308082982664928 105490.47020840372716
4221.5 62292.383016937092179 105530.37579865579028
4222 62271.110220048336487 105472.94499361384078
4222.5 62295.921909722637793 105543.82477999842376
4223 62369.321323035677779 105597.97243780376448
4223.5 62450.590760239851079 105678.91829900289304
4224 62459.965569178952137 105672.97169582190691
4224.5 62492.271148698542675 105744.30083326088788
4225 62537.090189886039298 105788.98534423456294
4225.5 62562.209096154634608 105838.313332372898
4226 62505.979724448632624 105793.25881555452361
4226.5 62697.786879377294099 106013.40426769455371
4227 62679.707963456610742 106000.91533374410938
4227.5 62919.092446436654427 106306.68173130552168
4228 62827.848881559621077 106191.87171635084087
4228.5 62788.137064934613591 106122.38583035675401
4229 62738.950977042630257 106079.66881872143131
4229.5 62692.474680417632044 106057.03564833779819
4230 62601.14924365515617 105997.06707412839751
4230.5 62495.68505998900946 105918.91250556967861
4231 62551.509957817637769 105952.65503384137992
4231.5 62611.887560087401653 106095.25877842730551
4232 62471.700358719324868 105935.85617789144453
4232.5 62410.125128128311189 105898.92201104285778
4233 62369.794338438288833 105846.42194602932432
4233.5 62355.311014435399557 105895.43090078439855
4234 62329.669791920452553 105792.06443119799951
4234.5 62308.611533034367312 105771.93748303144821
4235 62270.997903775059967 105712.61080976405356
4235.5 62300.116676451594685 105791.32874376911786
4236 62218.931719517262536 105664.42098390759202
4236.5 62124.54288728616666 105593.1879522268282
4237 62223.276669441744161 105712.27813114826859
4237.5 62218.374532746056502 105740.17185535094177
4238 62193.797549573049764 105725.19202005483385
4238.5 62045.88005854729272 105540.72382015855692
4239 62088.927319203372463 105660.02895486082707
4239.5 62180.714128728272044 105775.92905451417028
4240 62131.305209976577316 105682.74310323809914
4240.5 62073.724318607499299 105625.1569413318357
4241 62239.094662270785193 105845.11151372955646
4241.5 62418.76068132432556 106019.70280802706839
4242 62425.275050510397705 106043.91585988408769
4242.5 62334.208406496174575 105938.2857965783769
4243 62389.087737379290047 106011.31125226491713
4243.5 62434.467430230295577 106056.78357792482711
4244 62668.135402115134639 106311.52851891504542
4244.5 62788.228384422611271 106445.57124197651865
4245 62787.236873071684386 106481.51698925076926
4245.5 62735.968150766682811 106436.9661952850729
4246 62632.414129785975092 106346.47913967419299
4246.5 62598.51848798890569 106311.14488027176412
4247 62646.191864045686089 106376.55860590928933
4247.5 62590.964686839921342 106318.88365574297495
4248 62621.031397687685967 106395.32721281900012
4248.5 62518.846873607726593 106262.58468397239631
4249 62342.893100296081684 106057.58422674212488
4249.5 62569.356262037676061 106330.41535397604457
4250 62495.835120086820098 106248.75138286565198
4250.5 62325.895939812544384 106055.83161793535692
4251 62318.391304718948959 106075.43789472036588
4251.5 62290.003697128078784 106036.30442199889512
4252 62299.59029874769476 106056.72665413106733
4252.5 62360.143645599506272 106149.06326346466085
4253 62509.128698284650454 106359.7044712472707
4253.5 62362.031533276167465 106125.34923899098067
4254 62453.570207582022704 106249.26543512917124
4254.5 62398.716049153372296 106215.15940094186226
4255 62396.544540299029904 106254.08633144797932
4255.5 62518.544536632449308 106397.55049748429155
4256 62607.870791544002714 106447.57559557825152
4256.5 62607.673019546280557 106465.14054329489591
4257 62588.659919620316941 106428.28961661996436
4257.5 62520.688887052812788 106384.61353951977799
4258 62293.169565914395207 106123.14469710226695
4258.5 62405.422188249773171 106248.90071553553571
4259 62508.561472232126107 106376.76792764292622
4259.5 62423.22428128150932 106301.96134344757593
4260 62406.240299164732278 106289.3502602156077
4260.5 62357.816756817781425 106217.16029168484965
4261 62300.743001216877019 106154.3716542149632
4261.5 62391.687113303683873 106284.88639632280683
4262 62410.502117780684785 106315.7130849242385
4262.5 62512.302029055019375 106469.28342045062163
4263 62399.91647244671185 106327.59345387855137
4263.5 62518.120118253027613 106482.47015855702921
4264 62521.756681953222142 106460.93969898451178
4264.5 62578.670453149876266 106519.25603067765769
4265 62725.785697391693247 106731.16601356644242
4265.5 62783.944391681761772 106783.69368680685875
4266 62771.134308104046795 106800.43556261071353
4266.5 62678.733179853530601 106701.74039327682112
4267 62579.390387975588965 106581.57241749922105
4267.5 62627.972861046662729 106649.34925142771681
4268 62562.20015333469928 106528.84897896017355
4268.5 62668.041567252104869 106723.82936606786097
4269 62643.716782457959198 106681.65617297030985
4269.5 62595.270503645391727 106670.55929904332152
4270 62473.340937418812246 106523.93206622447178
4270.5 62560.676059218560113 106647.83467196261336
4271 62421.84023334516678 106500.29625066500739
4271.5 62473.423470206216734 106574.25151925928367
4272 62549.627402527701634 106639.95424403624202
4272.5 62483.054235206822341 106559.13542083739594
4273 62407.576822557137348 106504.23871913884068
4273.5 62458.369918906319072 106529.91194915190863
4274 62522.034406309867336 106644.65791469896794
4274.5 62624.845429138447798 106720.84498271209304
4275 62699.407454830819916 106831.8073646739067
4275.5 62838.750567999348277 106994.47864200777258
4276 62733.291345000929141 106815.62531801185105
4276.5 62834.203102352017595 106959.49070983832644
4277 62738.990347665843728 106914.83136555005331
4277.5 62775.781339501925686 106941.99332389309711
4278 62786.085202097550791 107005.8663640954037
4278.5 62610.841416331677465 106787.24587317860278
4279 62589.770976303174393 106773.84703562567302
4279.5 62585.873531392790028 106778.62796518603864
4280 62669.883861873073329 106876.26619936463248
4280.5 62827.63023634874844 107048.47818208376702
4281 62946.445853948564036 107141.75893547394662
4281.5 62932.256802088435506 107196.49410424163216
4282 63007.200566141676973 107267.14388510964636
4282.5 63030.173140239588975 107260.80380318444804
4283 63140.374914465646725 107412.14341287761636
4283.5 63072.164100801383029 107350.97073947625177
4284 63247.887557142712467 107510.12472334217455
4284.5 63169.92789448548865 107398.8389106161485
4285 63069.143435378551658 107310.53155793866608
4285.5 62986.859439281506639 107231.23873032082338
4286 62937.079160836081428 107188.39002792371321
4286.5 62912.182115167590382 107182.58490330183122
4287 62810.51868689339608 107090.01212980436685
4287.5 62744.756524311298563 106990.01347062074638
4288 62642.986003868238186 106870.69236441155954
4288.5 62668.262020120506349 106958.97859316210088
4289 62674.849572565275594 106952.72830201587931
4289.5 62537.073173591692466 106834.57334180637554
4290 62520.713825768834795 106812.44986973157211
4290.5 62388.314611813264492 106685.07760855776723
4291 62439.635471567227796 106797.74027845932869
4291.5 62395.647871782530274 106741.57685800018953
4292 62532.668655842942826 106918.54006846933044
4292.5 62593.372163972460839 106978.96623661588819
4293 62497.830445112369489 106842.19054019018949
4293.5 62634.221829196081671 107064.27760009300255
4294 62693.427045074342459 107076.69903052564769
4294.5 62659.698982316993352 107044.59270416240906
4295 62682.410473503092362 107071.92970730354136
4295.5 62629.612960609723814 106981.99760082499415
4296 62657.423320924797736 107013.42216862675559
4296.5 62819.554627755715046 107217.61546028220619
4297 62714.819108443705773 107104.22910545743071
4297.5 62597.383091314215562 107000.24292137908924
4298 62715.739313002843119 107157.33657058686367
4298.5 62655.974918581458041 107077.73368614594801
4299 62819.990825956738263 107286.82459649891825
4299.5 62773.608177204368985 107181.31368118533283
4300 62872.173774387090816 107331.51109290710883
4300.5 62742.704064269317314 107194.75320912263123
4301 62700.477888499262917 107146.3414172790217
4301.5 62690.725999258705997 107109.62261730534374
4302 62708.71031773116556 107172.22378863928316
4302.5 62594.114524748823897 107046.25365471470286
4303 62511.119485725314007 106988.26296427348279
4303.5 62591.281104900939681 107083.39699716567702
4304 62620.066861159997643 107102.18612960758037
4304.5 62499.19170271394978 106991.47008628091135
4305 62646.505398698354838 107196.04331997557892
4305.5 62708.349864988085756 107209.52917390214861
4306 62648.185048438703234 107177.66037912800675
4306.5 62446.367042298697925 106931.52161499021167
4307 62495.313921632594429 107050.29905573344149
4307.5 62304.494296360586304 106846.88420740293805
4308 62268.134086241618206 106818.8790582944639
4308.5 62292.920260833408975 106854.35951610319898
4309 62503.0026987413803 107109.85250581258151
4309.5 62451.815662449698721 107016.10615096744732
4310 62578.162100302921317 107205.25287686339288
4310.5 62543.13445982887788 107143.36168437020388
4311 62556.193255625221354 107160.12426308178692
4311.5 62610.32899270272901 107227.15608479124785
4312 62741.668901002653001 107403.35440809246211
4312.5 62633.859276048693573 107296.40547534862708
4313 62614.356534927224857 107254.10363848597626
4313.5 62592.949547860953317 107203.15729456403642
4314 62737.583526374350186 107384.369294061049
4314.5 62771.464918032084825 107432.60121174638334
4315 62729.633262628834927 107420.4450719129527
4315.5 62586.612951048839022 107282.81395133103069
4316 62620.7011664669335 107318.1840712276753
4316.5 62664.113400932124932 107327.82147013374197
4317 62636.35657993118366 107350.57013207886484
4317.5 62533.362534613224852 107226.90039451829216
4318 62597.981792704274994 107294.40397947432939
4318.5 62511.25427701571607 107245.92831975604349
4319 62587.897980216497672 107362.05866962212895
4319.5 62534.099908409552881 107261.35916549632384
4320 62673.793376599278417 107436.86542772619578
4320.5 62776.011548871858395 107618.93739621133136
4321 62805.632063312979881 107648.38795543846209
4321.5 62775.799493502199766 107617.29998354222334
4322 62753.582909259086591 107605.05736848730885
4322.5 62779.099603515671333 107622.64994747171295
4323 62731.045584282532218 107567.17781749706774
4323.5 62813.650269280311477 107656.36879288844648
4324 62843.577342128308374 107685.08927773794858
4324.5 62920.857146406400716 107738.65239991417911
4325 62838.829542081111867 107654.44275064268732
4325.5 62819.898158712756413 107664.84244664790458
4326 62955.991524063276302 107859.53158176827128
4326.5 62879.01946794280957 107746.92284389199631
4327 62754.049475524712761 107665.11304508711328
4327.5 62735.233430898428196 107654.04382966992853
4328 62747.159499226152548 107666.32335883899941
4328.5 62841.911406232997251 107731.33552804352075
4329 62840.594524249470851 107762.28439229048672
4329.5 62822.629858700776822 107731.73436028511787
4330 62999.754158702860877 107957.57198006832914
4330.5 62865.815502938945428 107769.84590418804146
4331 62800.188844479940599 107706.68319541522942
4331.5 62787.904953604695038 107760.37260938748659
4332 62775.815741689992137 107739.67923841993615
4332.5 62848.420181945024524 107849.02067489660112
4333 62901.405654886773846 107872.85238673054846
4333.5 63020.862811149425397 108076.63342403504066
4334 63066.702749374686391 108113.17842392393504
4334.5 63103.576798077818239 108166.31117421433737
4335 63046.69544984606182 108099.90361062933516
4335.5 63099.340051985433092 108119.37124149804004
4336 63017.175423800203134 108058.38652191660367
4336.5 62913.139546141959727 108003.87928805078263
4337 62763.095662201398227 107830.16468563699163
4337.5 62673.298352277473896 107737.3299569953524
4338 62578.830475049689994 107656.33449628554808
4338.5 62563.156103246605198 107632.07199114182731
4339 62552.906159286118054 107617.41122804176121
4339.5 62480.674215396669751 107534.12206588746631
4340 62476.837501218185935 107581.43131141501362
4340.5 62498.172702774492791 107607.56262931508536
4341 62443.26799419055169 107538.17384983242664
4341.5 62470.1042441145255 107580.27810753344966
4342 62644.244930926593952 107762.78210089933418
4342.5 62645.528890795423649 107763.83821323707525
4343 62777.631321922926873 107939.05741821242555
4343.5 62801.722614605394483 107975.99228941844194
4344 62811.413709792839654 107980.83867754884704
4344.5 62878.902692214112903 108055.34874763096741
4345 62908.873299846665759 108112.90550044408883
4345.5 62739.546533230015484 107889.04584241109842
4346 62831.961940924680675 108015.69391609761806
4346.5 62775.549000708640961 107973.08648945001187
4347 62703.791209571521904 107873.79226614782237
4347.5 62703.00532586126792 107928.51491866189463
4348 62765.306612613618199 108021.7171829934523
4348.5 62655.19319035045919 107895.58257229317678
4349 62588.848232953881961 107798.03310730180237
4349.5 62704.671181922152755 107947.96253859373974
4350 62663.269889227078238 107912.47641327499878
4350.5 62614.608501902075659 107876.7188122466323
4351 62659.634869778805296 107892.98928659468947
4351.5 62587.572524215102021 107839.29522955001448
4352 62604.223677864800266 107876.55207577944384
4352.5 62546.720714493902051 107847.94209517202398
4353 62572.308563293539919 107904.77221569964604
4353.5 62673.732511495232757 107991.51217207497393
4354 62674.280712477528141 107974.75046527836821
4354.5 62734.87805690926325 108050.33682157720614
4355 62685.763836828591593 107988.3637152017036
4355.5 62791.115139608045865 108164.72468619125721
4356 62894.052103793306742 108251.46044340461958
4356.5 62733.993890810917947 108071.7016800261772
4357 62715.530000874168763 108065.31341097051336
4357.5 62823.204239491940825 108240.12525711570925
4358 62770.646854798796994 108139.1874068097386
4358.5 62859.156604600641003 108271.73145739958272
4359 62881.759916021277604 108310.97943076895899
4359.5 62882.299082395802543 108345.85667584756447
4360 62871.342097936780192 108284.62910935201216
4360.5 62870.776184626600298 108311.48144188268634
4361 62843.879723375044705 108252.17925824798294
4361.5 62862.619467049720697 108242.03348707302939
4362 63100.347680611906981 108570.60912469688628
4362.5 63033.714975071205117 108493.69924228338641
4363 63070.945737736961746 108582.7354831607372
4363.5 63029.801405485311989 108496.90533221825899
4364 62897.800809402149753 108360.99076191369386
4364.5 62825.359405020375561 108314.53428552178957
4365 62746.675503602113167 108217.98151129840699
4365.5 62782.840473509299045 108304.22137329580437
4366 62679.314837346013519 108190.30712513088656
4366.5 62657.966735513611638 108169.66176482176525
4367 62727.924272964395641 108241.15287693944992
4367.5 62778.814683966462326 108304.93740723427618
4368 62844.253975679166615 108381.97437713100226
4368.5 63054.261935661983443 108631.06530463160016
4369 62994.693918739554647 108570.01789722596004
4369.5 62916.990428243057977 108474.08485748904059
4370 62976.090865574296913 108544.93253348648432
4370.5 63003.149725291092182 108569.58478991851734
4371 63025.19415500361356 108616.73623335783486
4371.5 62939.651650044223061 108544.25934873713413
4372 63014.360561993351439 108597.69840643377393
4372.5 63233.612173896224704 108852.19079936950584
4373 63173.362264110946853 108755.33605590909428
4373.5 63085.599860327456554 108704.35747134243138
4374 62995.846506371839496 108590.75440153997624
4374.5 62930.738744488808152 108528.48007887719723
4375 62857.08361013722606 108475.44531413970981
4375.5 62806.53537821174541 108390.54851936589694
4376 62760.876770688788383 108435.11396415777563
4376.5 62735.664594902395038 108369.64827028215223
4377 62798.9921972729353 108449.93286448906292
4377.5 62770.140433019550983 108413.4549302279047
4378 62775.263142959141987 108467.27284707178478
4378.5 62673.326914171972021 108311.25238942400028
4379 62715.613175371676334 108416.65882310307643
4379.5 62827.813674737910333 108536.16410356086271
4380 62908.349905485687486 108628.3985293967562
4380.5 62847.274399331006862 108554.29492711565399
4381 62779.219393199098704 108485.51265443574812
4381.5 62850.96511356789415 108573.37467293774534
4382 62900.335639058568631 108653.66092016395123
4382.5 62777.89944677882886 108509.23319964866096
4383 62889.915043314744253 108661.97866197008989
4383.5 62892.33056929626764 108704.34960212260194
4384 62841.957404456814402 108603.60076441138517
4384.5 62857.500041822167987 108588.68557459286239
4385 62799.334870150087227 108540.69910543806327
4385.5 62849.88342621918855 108624.10408992435259
4386 62958.692323074770684 108730.98188198248681
4386.5 63069.636736649452359 108861.4801137005561
4387 62998.995431419680244 108763.4064708200749
4387.5 63114.136686560377711 108855.7275619226275
4388 63243.636118490438093 109052.19889556481212
4388.5 63190.679733864657464 108959.82941331648908
4389 63259.377982191756018 109111.22058296823525
4389.5 63019.760388133036031 108800.14058995166852
4390 63004.8307905396141 108836.35474935492675
4390.5 62902.213743300395436 108703.37453601739253
4391 62880.782320975980838 108640.58073696745851
4391.5 63001.95662578757765 108811.21431806709734
4392 63089.92975327991735 108950.78616275757668
4392.5 62966.023492747342971 108824.88701316068182
4393 63074.100190578996262 108949.74121347033361
4393.5 63261.140000345389126 109215.281373668171
4394 63089.061132307091611 108966.84996427004808
4394.5 63209.07212613394222 109081.63552717055427
4395 63381.396268215190503 109329.95509795253747
4395.5 63260.275611878052587 109146.26289102855662
4396 63167.968423744707252 109019.12255554749572
4396.5 63226.123582620006346 109086.93513392336899
4397 63115.584724510423257 108955.46825845332933
4397.5 63209.410976458413643 109120.27997062745271
4398 63184.817598032088426 109067.17665311510791
4398.5 63196.133915947917558 109121.40876600029878
4399 63090.318989804756711 108960.29523771547247
4399.5 63101.670922630080895 109004.48969349534309
4400 62884.756145239793113 108720.67255252129689
4400.5 62956.52956705201359 108830.39019358907535
4401 62793.432155514790793 108667.07280428038212
4401.5 62824.451271604142676 108710.05985074619821
4402 62975.570804085611599 108936.56388961718767
4402.5 62934.731514753322699 108911.45124783439678
4403 62931.507833877578378 108934.73330712517782
4403.5 63014.337878975617059 108997.10225740002352
4404 63206.451457059738459 109252.30515567258408
4404.5 63156.42651451335405 109139.91972066312155
4405 63082.973641058866633 109083.76229146261176
4405.5 63126.721695246422314 109111.04773468064377
4406 63244.765002592786914 109260.8009007020155
4406.5 63285.483836311788764 109327.70928260189248
4407 63188.640791500954947 109195.57559487309481
4407.5 63204.888275932200486 109229.13534085074207
4408 62988.867580797748815 108990.43949312280165
4408.5 63012.525943881650164 109045.43285432523408
4409 63123.663090912261396 109214.57460401568096
4409.5 63138.083450119404006 109259.67959390871692
4410 63052.419196006361744 109117.45048660476459
4410.5 63032.33195004107256 109135.21964944858337
4411 63083.434306087357982 109214.33935593260685
4411.5 62988.816639589640545 109096.19491462560836
4412 63117.111762582753727 109222.12198051375162
4412.5 63147.396680526915588 109297.86273778125178
4413 63128.254365788408904 109270.39120603112679
4413.5 63079.854191076359712 109221.39448631250707
4414 63147.801776899359538 109288.1594826454093
4414.5 63330.297412805004569 109513.87612931232434
4415 63336.155425228294916 109474.89161059817707
4415.5 63262.88890038284444 109413.55545660328062
4416 63368.619732783539803 109562.36564232801902
4416.5 63336.858071499307698 109530.02305684037856
4417 63326.793372606567573 109534.63359411983402
4417.5 63231.123737172711117 109400.18197302109911
4418 63246.49567230323737 109476.85190972097917
4418.5 63212.181480202409148 109438.45966729169595
4419 63205.82255393351079 109477.56382597544871
4419.5 63055.668239547827397 109324.61519114866678
4420 63001.668482035092893 109252.65413931154762
4420.5 62926.805494354921393 109218.8561619000684
4421 62886.380894881869608 109205.23714851117984
4421.5 62916.52257547975023 109261.84453610006312
4422 62849.033509615845105 109138.06403347000014
4422.5 62907.549300615981338 109261.43462845409522
4423 63044.26224011402519 109429.03910051150888
4423.5 62972.973198411484191 109327.56995831304812
4424 63032.767433943256037 109377.57304676545027
4424.5 63155.792010630619188 109514.77540030161617
4425 63167.188580960522813 109532.20755550600006
4425.5 63187.169330285207252 109574.15783374838065
4426 63160.011337781208567 109547.84171417351172
4426.5 63084.326570257944695 109469.30542612497811
4427 63148.389852068023174 109540.29537212867581
4427.5 63108.620475929870736 109486.0935706456803
4428 63161.389307022924186 109515.21464684176317
4428.5 63120.614360934712749 109481.73216522138682
4429 63240.621750101156067 109638.77624143434514
4429.5 63332.943168780228007 109733.67213548041764
4430 63214.154793276175042 109587.80491924397938
4430.5 63312.272902811069798 109728.29950594797265
4431 63351.740203158602526 109844.04007235118479
4431.5 63246.029476331874321 109679.03989084124623
4432 63435.660954040737124 109933.12108282958798
4432.5 63369.283709325034579 109811.74834587077203
4433 63324.073355902750336 109790.75917369498347
4433.5 63205.980642035290657 109689.89723873318871
4434 63165.626081044822058 109641.62463890925574
4434.5 63219.454849139932776 109697.12521400339028
4435 63092.48228121689317 109557.03373124118662
4435.5 63146.521463979173859 109665.40545350628963
4436 63028.920572426104627 109522.64148772595217
4436.5 63118.072316311547183 109633.0459873709915
4437 62963.571241899699089 109465.85239806513709
4437.5 63047.412684514391003 109617.22315519461699
4438 63004.227301981401979 109506.45496781694237
4438.5 63086.396936270633887 109593.0622867102793
4439 63008.236920842464315 109542.9925138008839
4439.5 63066.459394734498346 109637.60843626498536
4440 63040.066461946065829 109602.91307094998774
4440.5 63063.332521586249641 109631.72936075911275
4441 63041.481793241058767 109596.74599770775239
4441.5 63189.274421412497759 109792.33222601043235
4442 63213.484166682639625 109797.42428834820748
4442.5 63296.597098392907355 109927.6775083977991
4443 63394.855753535412077 110055.10541989341436
4443.5 63487.597763170182589 110176.11050144107139
4444 63292.339040328020928 109942.45950060240284
4444.5 63404.38992816080281 110084.72307388829358
4445 63246.585918928569299 109877.22815140904277
4445.5 63279.695615111086227 109959.34742421972624
4446 63120.339538679181715 109729.15909219178138
4446.5 63225.354237057312275 109884.03201551009261
4447 63218.270873184017546 109924.56175798596814
4447.5 63201.62249808429624 109907.01712338718062
4448 63246.052514775605232 109917.75563652982237
4448.5 63367.820460306204041 110088.20564347751497
4449 63383.114647169451928 110093.81333784367598
4449.5 63287.040989984307089 109963.02290409161651
4450 63427.438288144338003 110193.56706682739605
4450.5 63472.525854939551209 110240.69549630238907
4451 63510.64828325741837 110292.09685965276731
4451.5 63383.142909658163262 110180.22970471192093
4452 63645.366328422904189 110469.88605396753701
4452.5 63573.424284462598735 110384.15688526410668
4453 63513.988821468323295 110305.45813254051609
4453.5 63399.414653023020946 110163.32076660360326
4454 63485.669513955363072 110286.23555362437037
4454.5 63429.716773781183292 110227.81346588456654
4455 63444.48254501815245 110263.33999548801512
4455.5 63364.66181994084036 110185.7820747144433
4456 63446.501246357700438 110322.03782394072914
4456.5 63448.806881916978455 110322.71422324434388
4457 63288.680422562356398 110136.25466265117575
4457.5 63365.678073801122082 110243.1402266703808
4458 63398.88266517091688 110260.9945243550028
4458.5 63399.607967203730368 110276.16723003805964
4459 63374.089204769741627 110237.01967260036326
4459.5 63438.050777120755811 110325.60820248082746
4460 63319.860550725999929 110232.45566918053373
4460.5 63392.566845872868726 110374.19131523385295
4461 63429.759594946786819 110418.84628961411363
4461.5 63379.299755279236706 110319.06717812962597
4462 63392.726136209210381 110357.16905229032272
4462.5 63280.84314536499005 110211.11112388092442
4463 63381.805982795034652 110317.30214940360747
4463.5 63319.284344614367001 110289.51332696578174
4464 63296.077261458187422 110264.15392582789354
4464.5 63220.424865065637277 110199.50888511145604
4465 63308.11613481346285 110332.59174146303849
4465.5 63386.381427876302041 110439.65505315094197
4466 63292.235464983998099 110301.99598005398002
4466.5 63258.995003034979163 110216.0934143068589
4467 63387.440045803137764 110452.96170981061005
4467.5 63249.296677772377734 110307.14021570398472
4468 63179.356904244661564 110215.98685059609124
4468.5 63220.360718280680885 110267.63434406966553
4469 63301.342704263384803 110451.33217391684593
4469.5 63284.795741317459033 110320.91961826242914
4470 63201.514907011667674 110235.31591362787003
4470.5 63275.676839455001755 110320.62945533008315
4471 63231.535594892127847 110304.88466843655624
4471.5 63268.174970353866229 110376.33683218227816
4472 63376.275757148338016 110472.3663647636713
4472.5 63491.17248194545391 110578.3850560564606
4473 63415.224667570466409 110538.7950749980082
4473.5 63431.734729798612534 110564.74064793242724
4474 63391.091478236397961 110529.41886215160775
4474.5 63375.987084528860578 110516.28935049637221
4475 63349.186869006342022 110497.89311648358125
4475.5 63485.751353509105684 110667.68080390831165
4476 63543.075710690070991 110696.88276158597728
4476.5 63559.334693206852535 110763.00370319730428
4477 63398.864917214879824 110553.63779682881432
4477.5 63416.979666963110503 110573.46285993159108
4478 63367.227177143511653 110535.01171570828592
4478.5 63408.560498901220853 110631.72675112936122
4479 63422.986663714385941 110645.46100538075552
4479.5 63511.48142303093482 110734.89809474386857
4480 63587.012026882817736 110866.44112764368765
4480.5 63471.678294432225812 110713.84340657868597
4481 63545.890345343723311 110858.13421545849997
4481.5 63383.092228070476267 110676.47279114864068
4482 63355.496225418442918 110612.89363069417595
4482.5 63387.413613045035163 110652.31530115270289
4483 63447.019746453945118 110709.37770244343847
4483.5 63392.058977600107028 110648.40259548352333
4484 63390.068646619605715 110634.04139590379782
4484.5 63422.595184847901692 110680.97956533289107
4485 63455.160780989994237 110732.17077279854857
4485.5 63499.705097281294002 110789.04325385135598
4486 63580.977967920822266 110890.31092856514442
4486.5 63640.693573893739085 110966.60374871024396
4487 63748.072410656714055 111146.66442260344047
4487.5 63618.413403202765039 110997.30285134103906
4488 63549.467565513528825 110901.63941694796085
4488.5 63582.545362447192019 110897.49038491937972
4489 63606.260649367730366 110975.16152129018155
4489.5 63639.521760585230368 111014.06014783427236
4490 63755.703002877191466 111173.80997058232606
4490.5 63741.702407869503077 111157.40514163115586
4491 63700.410429277224466 111037.5758927664283
4491.5 63715.86637382243498 111047.1950251168746
4492 63752.831127812343766 111113.35754178758361
4492.5 63889.346960342169041 111284.33845720652607
4493 63756.116877266715164 111111.16943098993215
4493.5 63828.933232339935785 111185.27909276643186
4494 63753.610380899997836 111112.99129343553795
4494.5 63775.082307397075056 111156.74316874999204
4495 63644.880464410074637 110989.97622307168785
4495.5 63652.183665619049862 111034.21627944706415
4496 63657.385123647640285 111045.44556604142417
4496.5 63791.589321473329619 111220.4272880050994
4497 63853.224272688436031 111252.93732888276281
4497.5 63811.873586081099347 111191.05214238396729
4498 63759.178619980542862 111162.55167864487157
4498.5 63676.61197653257841 111101.66211909471895
4499 63618.521813383624249 111048.48872839556134
4499.5 63552.064283687919669 110985.83499744719302
4500 63561.231538670203008 111023.21551500898204
4500.5 63578.157553847260715 111035.09331342177757
4501 63521.11968174501817 110958.54890585088287
4501.5 63661.364780621959653 111179.44527529986226
4502 63520.265636919793906 111001.0538673222909
4502.5 63494.429036200919654 110964.31456573716423
4503 63466.777974333068414 110941.87827531907533
4503.5 63407.963216745301906 110933.69617104443023
4504 63476.916681223570777 110997.93850359394855
4504.5 63586.688325530914881 111168.57495476451004
4505 63552.55982255483832 111123.730425529473
4505.5 63447.255787080292066 110944.64552328838909
4506 63450.056856121809687 110979.29067587992176
4506.5 63487.328304526468855 111018.32827121697483
4507 63646.002173260822019 111180.69692307949299
4507.5 63772.703620070002216 111372.85020343423821
4508 63630.053153119893977 111164.3157854868623
4508.5 63614.29084984579822 111179.10773595489445
4509 63732.814798079045431 111335.39252744194528
4509.5 63730.053311652300181 111301.84021062767715
4510 63638.57432682284707 111206.26187679829309
4510.5 63675.259868828681647 111292.39314769757038
4511 63693.824989125343564 111327.70423973357538
4511.5 63814.261033016162401 111511.40114910976263
4512 63796.853370044904295 111457.14412428445939
4512.5 63646.839833188168996 111297.40906282411015
4513 63622.38306243243278 111242.83181962979143
4513.5 63826.978171904338524 111521.03068822043133
4514 63817.883077215221419 111533.11684091285861
4514.5 63677.467141445697052 111344.45574600782129
4515 63797.41021483860095 111509.45789934361528
4515.5 63830.002056613484456 111556.52391695440747
4516 63893.247060885405517 111602.14504846249474
4516.5 64108.498943698068615 111844.0577106091223
4517 64017.832679062739771 111761.68097382019914
4517.5 63954.480253991743666 111745.51088893771521
4518 63773.818825302681944 111500.79002852055419
4518.5 63720.26775243938755 111411.41069455715478
4519 63827.607542823418044 111542.01887582693598
4519.5 63880.242312457441585 111634.05332030938007
4520 63816.377477945447026 111531.49937652121298
4520.5 63729.158011933039234 111429.1917441150581
4521 63832.806011066772044 111548.14505334095156
4521.5 63825.373323804291431 111582.10001279927383
4522 63938.41527709140064 111707.3605477118108
4522.5 63951.994519616986508 111742.64545250913943
4523 63994.70635877042514 111791.9597759913886
4523.5 63973.791982981747424 111736.02129675766628
4524 63916.527445936102595 111713.44908106654475
4524.5 63973.999621046721586 111778.73773418860219
4525 63977.265147807294852 111736.69547072057321
4525.5 63957.870597157001612 111763.24792723373685
4526 63983.831193663274462 111778.80681093323801
4526.5 63908.332703686937748 111719.98677778632555
4527 63816.181148206553189 111590.74439838217222
4527.5 63823.050283141434193 111627.00134498119587
4528 63814.003306708786113 111633.27209897011926
4528.5 64102.339267272793222 112007.54726875835331
4529 63938.414832062771893 111783.58253953034
4529.5 63883.202162839559605 111700.06202017106989
4530 63795.49414908412291 111615.40939667115163
4530.5 63788.689725907293905 111659.44068985272315
4531 63696.910548918647692 111571.74028038325196
4531.5 63667.710995095600083 111570.04034642003535
4532 63527.237419926437724 111375.20114610694873
4532.5 63503.321073635903304 111382.42600396115449
4533 63499.629375606629765 111436.73107034832356
4533.5 63504.126386192816426 111392.14071813526971
4534 63593.179802740596642 111550.12259451615682
4534.5 63641.75005143765884 111559.36042087689566
4535 63713.755685055533831 111637.83779857274203
4535.5 63605.693914982090064 111515.52219658283866
4536 63892.414946926000994 111871.50985160924029
4536.5 63736.45942377053143 111710.17458815436112
4537 63767.367025878927961 111749.96342855531839
4537.5 63854.816373526242387 111851.56389187320019
4538 63696.833758408902213 111662.16646056965692
4538.5 63800.55414168027346 111840.73252929576847
4539 63709.201689142893883 111691.28386041559861
4539.5 63734.396216690824076 111761.32542397896759
4540 63816.501345414573734 111874.56197486372548
4540.5 63811.647338724971632 111838.4612651438656
4541 63728.81416609576263 111735.37164255336393
4541.5 63822.067872917934437 111851.18044108705362
4542 63677.330116755998461 111689.27505434854538
4542.5 63710.574521720773191 111757.94276221600012
4543 63710.663070028487709 111771.42254417612276
4543.5 63742.107412574361661 111791.35825275081152
4544 63594.14823027492821 111636.40958798989595
4544.5 63653.054060396330897 111674.51306709286291
4545 63766.956324199141818 111853.29748044330336
4545.5 63746.706023226135585 111822.16561378088954
4546 63870.06470762524259 111921.8284806318261
4546.5 64011.710745343516464 112135.51821049777209
4547 63973.097875033337914 112084.33831627525797
4547.5 64046.734736922539014 112171.24407992152555
4548 64109.986692833175766 112264.54889128333889
4548.5 64133.50340554160357 112337.64321358391317
4549 64079.057436933078861 112175.23569960717577
4549.5 64023.875287525224849 112129.69958281083382
4550 64066.191506285482319 112220.91110816485889
4550.5 64128.728831522857945 112305.46198284493585
4551 63958.437754876904364 112128.30508786425344
4551.5 63939.006212122716533 112116.46822117621196
4552 63900.989531865838217 112053.38424443235272
4552.5 63980.316941012722964 112180.46747243094433
4553 63875.780758066081034 112103.56751239225559
4553.5 63843.054322312913428 112034.61954145882919
4554 63912.058058685433934 112137.29244192934129
4554.5 63818.385853759129532 112041.29596538080659
4555 63647.851704368724313 111806.6790687511384
4555.5 63820.168201630134718 112050.6683520628867
4556 63824.952188829316583 112055.32229710790853
4556.5 63945.519004341309483 112166.08570035125013
4557 64066.373022521853272 112309.66331879312929
4557.5 63899.10662847351341 112091.88763066708634
4558 64067.261576144439459 112352.89094027568353
4558.5 63967.318348375083588 112224.2830969914794
4559 63906.107181994608254 112177.94878236953809
4559.5 63763.245723108033417 112032.85702548791596
4560 63984.532245279871859 112329.60881045999122
4560.5 64075.368541539959551 112428.29929221197381
4561 64056.146617765829433 112377.7248144102341
4561.5 63963.129821238566365 112274.57269419665681
4562 64012.882097983747371 112355.82239620419568
4562.5 64030.647667694938718 112329.90801425588143
4563 64082.829510798168485 112458.90586195228389
4563.5 64041.441124086544733 112472.18625146684644
4564 63858.662642610826879 112222.55541306172381
4564.5 63805.776010600056907 112198.85499057525885
4565 63820.160305736440932 112246.89688044379
4565.5 63784.231795820131083 112209.85427797412558
4566 63827.487150088090857 112207.84349739056779
4566.5 63901.429220647289185 112333.17260311651626
4567 63869.972685284017643 112280.50090068786812
4567.5 63828.913268542644801 112254.80986470641801
4568 63815.73190439647442 112263.64636782636808
4568.5 63693.66892577928229 112119.22248656704323
4569 63786.915958163706819 112243.10145103305695
4569.5 63758.35620221208228 112227.63100268662674
4570 63664.781899207977403 112114.99300768744433
4570.5 63745.866040051165328 112247.14147027257422
4571 63853.775913227247656 112353.21801381994737
4571.5 63894.268581435062515 112406.72552042502502
4572 63894.99452694896172 112490.46937345850165
4572.5 63809.613524183718255 112339.36050833814079
4573 63909.875262605797616 112539.63154077580839
4573.5 63663.805992988905928 112222.85146634440753
4574 63827.727357969604782 112441.42535483931715
4574.5 63864.77739622649824 112415.80644189551822
4575 64061.753536528507539 112717.01445268301177
4575.5 64012.788407642256061 112633.64891054062173
4576 64061.419070687246858 112683.66073488449911
4576.5 64171.825201856598142 112799.98459421798179
4577 64048.298582685725705 112664.57078420743346
4577.5 63918.835291305695137 112506.2634416143992
4578 63967.661017086640641 112566.87991918172338
4578.5 63979.771459834191774 112601.5427023874654
4579 63874.766590641629591 112526.48844565989566
4579.5 63800.241284274496138 112393.20848725523683
4580 63818.967646037628583 112420.37037126663199
4580.5 63788.654227727391117 112473.57181547826622
4581 63722.680594792902411 112322.90008123611915
4581.5 63848.671087531307421 112548.17926990300475
4582 63750.757723175629508 112405.82352981859003
4582.5 63780.788383548358979 112428.75926252084901
4583 63684.702974084641028 112312.96805431018583
4583.5 63722.021410345820186 112376.75031700149702
4584 63654.195025876026193 112263.70130607612373
4584.5 63820.486659382615471 112519.00480618838628
4585 63743.701927364592848 112462.84953385627887
4585.5 63599.930398764285201 112289.99689770014083
4586 63597.704254403739469 112301.4838595140609
4586.5 63546.076882771129021 112300.09173726041627
4587 63464.019521185327903 112192.15150810441992
4587.5 63497.930643664432864 112251.4595800126408
4588 63420.541540566409822 112218.76929522448336
4588.5 63400.958936167909997 112191.76573174282385
4589 63507.467218713019975 112314.35210269452364
4589.5 63560.766861471711309 112380.22139216749929
4590 63574.207924700938747 112351.0046217157651
4590.5 63642.515281526233593 112466.87410997781262
4591 63662.813814326691499 112492.55181127689139
4591.5 63706.063196401380992 112547.43553659786994
4592 63789.200581043078273 112610.7554457692604
4592.5 63844.207245894547668 112651.02689140208531
4593 63921.037092781611136 112762.28954296500888
4593.5 63841.203196634189226 112704.81633404221793
4594 63909.31602772725455 112789.64999775259639
4594.5 63928.515305686625652 112767.68610334406549
4595 64068.324021957698278 112951.76484160003019
4595.5 64068.617031118286832 112975.73719332566543
4596 64210.462007425594493 113168.94899621196964
4596.5 64140.154776460280118 112992.74895111944352
4597 64219.061086373942089 113134.54049034776108
4597.5 64173.567299980139069 113093.71138725879428
4598 64153.295694782813371 113085.8449779216171
4598.5 64149.436572011443786 113093.47020118322689
4599 63986.703695128089748 112850.94782153167762
4599.5 64087.374391290257336 113005.42167436504678
4600 64076.188447382817685 113033.37033639986475
4600.5 63979.758566023192543 112927.40110145481594
4601 64097.589753464206296 113042.63737642961496
4601.5 64229.545843651845644 113246.64951758898678
4602 63991.886881747617736 112958.35683689947473
4602.5 63982.147396679327358 112969.16654716074117
4603 63948.572528875673015 113001.76002371376671
4603.5 63852.950118144231965 112908.30130688485224
4604 63961.33915366459405 113006.69394469341205
4604.5 63956.997768783541687 112970.64405690602143
4605 63930.249552905479504 112942.24643338122405
4605.5 64104.980771126451145 113131.4820613439806
4606 64131.950397390195576 113195.93797383205674
4606.5 64083.594019667732937 113144.70228000421776
4607 64075.234446245820436 113150.28778173902538
4607.5 64075.493966290610842 113145.88322770566447
4608 64049.573770736045844 113124.10718746154453
4608.5 64054.449661100799858 113123.40314979547111
4609 64121.347936595528154 113218.43067712396441
4609.5 64089.383279792964458 113224.38703523346339
4610 64008.063682040927233 113134.41161042280146
4610.5 64127.468133848618891 113231.92469856659591
4611 64034.55475765139272 113086.41844158883032
4611.5 64011.700594272457238 113148.84533533551439
4612 63983.291829323628917 113096.74039878498297
4612.5 63972.036663536753622 113083.64892374831834
4613 63925.906115254605538 113065.05831795885751
4613.5 63840.957289395395492 112980.85425118177955
4614 63932.183007414903841 113087.57782431840315
4614.5 63701.600442947514239 112749.25049026380293
4615 63850.27374244468956 112984.23510621245077
4615.5 63817.274912107895943 112969.43629416017211
4616 63874.823969163750007 113001.07141650545236
4616.5 63976.407698639093724 113105.42960692945053
4617 63961.296161080201273 113082.93136526050512
4617.5 64167.197717984563496 113369.17279683482775
4618 64220.917838137109356 113470.98510319726483
4618.5 64287.476295384294644 113505.48994112297078
4619 64459.712380222546926 113706.84034173228429
4619.5 64435.228828132450872 113683.59617644363607
4620 64421.50358384334686 113619.60465572896646
4620.5 64371.547655863185355 113565.91273526467558
4621 64373.841448115985258 113660.73396519609378
4621.5 64282.769497107401548 113523.2876573298563
4622 64362.744776783329144 113637.50588641736249
4622.5 64265.119680659983715 113479.02227618303732
4623 64330.906001829171146 113565.52335501556809
4623.5 64300.781576330067765 113585.80324324803951
4624 64183.898000379755103 113427.08027412924275
4624.5 64164.84722761145531 113417.20292359712766
4625 64117.904775032504403 113461.81685360506526
4625.5 63985.05651945250429 113311.27329185424605
4626 63980.086398481798824 113281.95219898330106
4626.5 63982.963013860680803 113255.21485598446452
4627 63925.829379408161913 113276.62514491526235
4627.5 64026.507741391375021 113360.58124819591467
4628 63915.091841657893383 113235.63976057275431
4628.5 63861.837485824289615 113167.26149291494221
4629 63951.177893805113854 113271.95340066647623
4629.5 64003.005130270401423 113359.25479954465118
4630 63898.419861332404253 113213.74706077846349
4630.5 63911.782307343943103 113257.13558811566327
4631 64063.047632103945944 113417.72316552087432
4631.5 63953.915357611505897 113280.48421362545923
4632 64070.413091821021226 113437.4857119510707
4632.5 64056.160224333041697 113396.85207542778517
4633 63916.436958921396581 113276.02194843905454
4633.5 63960.255424621391285 113389.31594436698651
4634 63887.188849755701085 113247.17561735138588
4634.5 63884.481803421505901 113293.44822841568384
4635 63924.633298141263367 113313.23652265196142
4635.5 64011.66028152249055 113450.65791798902501
4636 63970.271696083938878 113398.57243340596324
4636.5 63891.754815415348276 113318.12924980277603
4637 63873.621041177015286 113302.44489149900619
4637.5 63902.684700649471779 113280.80057705647778
4638 63997.11048825065518 113471.82278055514325
4638.5 64051.66009265325556 113535.77920876597636
4639 64094.8905900588652 113565.94026496005245
4639.5 64073.676545671049098 113508.0079610942048
4640 64297.721750134005561 113796.52724482152553
4640.5 64182.797736483851622 113658.94152562157251
4641 64084.125815713479824 113535.02438020212867
4641.5 64216.208883601924754 113710.65064782825357
4642 64203.97242884838488 113729.58803086864646
4642.5 64083.140851163523621 113608.05422921129502
4643 64072.601960118219722 113631.09460819436936
4643.5 64076.470946506902692 113670.79323547531385
4644 63993.055083989762352 113565.74969270318979
4644.5 64022.351198597432813 113580.47258044802584
4645 64084.720500981879013 113658.22531676883227
4645.5 64073.465416539234866 113645.2357418613974
4646 64145.164218004749273 113734.58947414181603
4646.5 64214.749449192509928 113791.89439381140983
4647 64162.986629057013488 113750.50628339906689
4647.5 64171.928267135575879 113763.17397721449379
4648 64182.928991723441868 113804.49995232827496
4648.5 64081.61990142716968 113750.91854129171406
4649 64037.216284041387553 113699.06509872274182
4649.5 63971.543157066742424 113620.96302540299075
4650 63975.168507050635526 113636.12978865912009
4650.5 64021.528018498647725 113659.83347092654731
4651 63994.793484032466949 113676.32404605027114
4651.5 63927.878878093855747 113576.10145908808045
4652 63845.528336311668681 113473.15626250853529
4652.5 63983.464992877736222 113617.34193436878559
4653 63997.044051823279005 113644.287290792563
4653.5 63945.483613588170556 113609.72525961216888
4654 64050.944954212900484 113730.55151468885015
4654.5 64039.066376522692735 113676.5083552737342
4655 64077.474411100163707 113758.97052136130515
4655.5 64016.100109512030031 113738.91607589198975
4656 64045.192522857498261 113772.48621092281246
4656.5 64110.421338066807948 113925.54733017861145
4657 64002.326431322078861 113773.09193360162317
4657.5 63851.539642425210332 113595.78684562446142
4658 63981.232162286381936 113718.62983067508321
4658.5 63993.657045911371824 113804.29921789799118
4659 64010.569142420252319 113822.04822677880293
4659.5 64078.921820788680634 113929.77867592783878
4660 64040.682532118153176 113821.40038493437169
4660.5 64112.910154484277882 113933.14556601653749
4661 64040.06018350640079 113832.26188652867859
4661.5 64142.850546300614951 113974.85939892996976
4662 64091.405798099578533 113905.25946839312383
4662.5 64127.422182058857288 113979.36678651226975
4663 64035.357123629117268 113903.63471493394172
4663.5 64100.640821668486751 113938.89398477839131
4664 64165.358225761541689 114051.33587870173506
4664.5 64090.219513406183978 113942.41268684322131
4665 64202.318297764992167 114100.8517678353237
4665.5 64189.52285814681818 114133.88174546889786
4666 64167.950865550141316 114115.91895932151238
4666.5 64194.481411505636061 114156.65762697675382
4667 64268.552154674915073 114245.07717861463607
4667.5 64177.696911519407877 114093.39329174888553
4668 64281.147364409320289 114228.83595738639997
4668.5 64287.185941415205889 114185.42267913797696
4669 64327.563153872826661 114286.8105646345939
4669.5 64374.108897172896832 114293.83172582076804
4670 64426.352793039943208 114365.68200961618277
4670.5 64365.3192631611455 114321.61579396802699
4671 64400.306450113945175 114350.70637403844739
4671.5 64428.134005116517073 114395.77239404039574
4672 64369.28378499957762 114396.25018535749405
4672.5 64375.497073858954536 114369.09114422422135
4673 64229.329079621027631 114243.78503543004626
4673.5 64164.318479848116112 114173.7159048114554
4674 64229.09722290794889 114283.54569220730627
4674.5 64194.828822381321515 114183.18677906575613
4675 64318.989382201383705 114374.25992016060627
4675.5 64281.038484541299113 114332.44633710279595
4676 64246.621728935591818 114318.96232729572512
4676.5 64310.782282254251186 114471.96570843967493
4677 64186.031676847414928 114317.80709285914782
4677.5 64133.440328686236171 114268.23046496206371
4678 64081.863634805878974 114210.03988315798051
4678.5 64130.635621593741234 114304.78379964588385
4679 64085.601783550904656 114270.56134809726791
4679.5 63920.135288169367414 114098.26280754440813
4680 64097.56528709721897 114331.37250768592639
4680.5 64093.235289412550628 114328.73202784750902
4681 64183.084407014561293 114412.71887591146515
4681.5 64253.877828113691066 114456.83514310834289
4682 64335.405339175471454 114591.40720224571123
4682.5 64374.190997454046737 114613.64989570743637
4683 64479.771486986406671 114763.83864857674052
4683.5 64444.069546579063172 114714.34751892785425
4684 64446.111014645233809 114715.6157685904036
4684.5 64402.912160697269428 114633.68833559246559
4685 64338.464027961090324 114668.97395246199449
4685.5 64325.527221925360209 114638.20569995036931
4686 64353.049670043197693 114684.4641171144176
4686.5 64314.250725686601072 114614.71610227503697
4687 64193.733820487235789 114498.40654877127963
4687.5 64276.441849780290795 114653.95748486544471
4688 64195.795260141363542 114561.8775057058956
4688.5 64285.26641346624092 114643.4741267227364
4689 64378.300817876843212 114764.07362304528942
4689.5 64412.030166900935001 114845.94486580205557
4690 64477.735482176627556 114914.66777391420328
4690.5 64333.645590434382029 114708.70412849652348
4691 64391.718653051582805 114790.95560846656736
4691.5 64221.092909975195653 114582.5475583497464
4692 64352.103822326949739 114756.86996267424547
4692.5 64386.938078794184548 114783.78916147927521
4693 64457.842712117351766 114899.17229766567471
4693.5 64401.949032067372173 114855.29186362832843
4694 64309.77081228033785 114751.63616434346477
4694.5 64329.838225839062943 114770.23020877579984
4695 64403.37169746789732 114865.9416016114119
4695.5 64437.781777561547642 114949.48539824696491
4696 64474.65896241547307 114990.80320580437547
4696.5 64605.109740799460269 115163.99764899736329
4697 64413.523051711163134 114904.35863422357943
4697.5 64446.814071149783558 114929.73712769462145
4698 64683.658065476542106 115245.59738516718789
4698.5 64623.123977505070798 115158.55262942936679
4699 64541.294252819519897 115115.29608378370176
4699.5 64498.796702510604518 115067.14519473986002
4700 64402.379796221764991 114932.15901985664095
4700.5 64604.322948381501192 115182.29773632477736
4701 64461.063173168353387 114995.14710268072668
4701.5 64390.497501778540027 114979.44563419751648
4702 64348.531420709492522 114936.08323427224241
4702.5 64347.341262247529812 114981.03360577436979
4703 64375.509740704226715 114984.6344023780548
4703.5 64391.174951297158259 114965.38282321534643
4704 64393.443502335940138 114940.06582687809714
4704.5 64424.236102913535433 115025.01723839664191
4705 64427.465729398361873 115018.74943886484834
4705.5 64510.075931920138828 115154.16968331256066
4706 64417.939360298958491 114992.55548887698387
4706.5 64391.642564329311426 114948.79352921854297
4707 64455.094204700537375 115012.04557709218352
4707.5 64406.056996144448931 114983.88709775285679
4708 64417.972481651850103 115005.28143207628455
4708.5 64501.052153961762087 115176.84497401861881
4709 64675.904207251420303 115418.34257316423464
4709.5 64673.164568264408445 115411.46960657231102
4710 64668.416567057684006 115353.45967401978851
4710.5 64702.080873640916252 115425.78529003975564
4711 64787.358603529050015 115551.70954570932372
4711.5 64676.878924765704141 115341.41729814300197
4712 64756.673091310076416 115481.22560286137741
4712.5 64798.230250983724545 115550.88408247764164
4713 64673.324779710172152 115429.76237327618583
4713.5 64559.073084281873889 115305.92921561012918
4714 64505.766901838345802 115253.1226079511398
4714.5 64460.495499537952128 115188.15480683432543
4715 64375.067207101375971 115114.54907800377987
4715.5 64394.221932877830113 115193.22345008781122
4716 64471.446826626874099 115294.85846538205806
4716.5 64515.83175197266246 115327.28018112621794
4717 64579.121004514643573 115428.56235454010312
4717.5 64646.450220188577077 115531.67629455772112
4718 64543.662282622943167 115310.79941303635132
4718.5 64717.667957468889654 115561.30906046937162
4719 64732.419356652979332 115581.51074139149569
4719.5 64678.575421025881951 115514.09780094673624
4720 64632.594421043701004 115429.04090789759357
4720.5 64766.176226360053988 115650.1838240094221
4721 64753.445132708126039 115646.97072635547374
4721.5 64679.264091739176365 115569.38195946867927
4722 64696.941179129316879 115544.28191463358235
4722.5 64611.428190556871414 115487.73736878584896
4723 64569.634290948008129 115477.32615312482812
4723.5 64555.49568308218295 115453.78480305658013
4724 64585.993303586925322 115546.38711423036875
4724.5 64689.895077589644643 115691.56483237026259
4725 64579.412549531945842 115554.41642951761605
4725.5 64652.961821415374288 115640.82187463341688
4726 64685.651463543763384 115635.39391293744848
4726.5 64751.645817266879021 115690.00453767721774
4727 64608.491504118595913 115551.90176309501112
4727.5 64603.677128479546809 115557.28532789078599
4728 64640.823301014272147 115653.84184663520136
4728.5 64671.852408024802571 115718.1497352484148
4729 64659.704797379999945 115703.46740552375559
4729.5 64656.41259054573311 115701.63221451388381
4730 64594.086247958322929 115623.38825289336091
4730.5 64674.157017498153436 115712.00405962923833
4731 64722.677505959050904 115759.06468546677206
4731.5 64679.252129767701263 115725.04755064600613
4732 64706.263676904374734 115707.8698280438548
4732.5 64629.889662120476714 115650.2230863366276
4733 64758.647946111806959 115849.20127942116233
4733.5 64732.334803535304673 115807.00421214918606
4734 64698.089771449747786 115754.23419787977764
4734.5 64807.05861480144813 115876.81268330877356
4735 64765.804935248888796 115834.78016519662924
4735.5 64754.134198666186421 115863.03423688036855
4736 64669.887184685620014 115748.19342702129507
4736.5 64683.411794346095121 115809.05595958836784
4737 64615.257163945374487 115744.74274014147522
4737.5 64605.787466488829523 115762.88740563554165
4738 64573.244859481310414 115683.63187706989993
4738.5 64494.087850338051794 115633.17427181170206
4739 64602.928096721909242 115722.88186161906924
4739.5 64583.080626469796698 115730.76227959943935
4740 64529.513160437061742 115693.18782566141454
4740.5 64585.796485545768519 115718.21454639120202
4741 64659.267169991595438 115810.05366877281631
4741.5 64693.060075711910031 115810.96108790469589
4742 64758.306400086345093 115964.86465563021193
4742.5 64793.33308659485192 115981.06952302098216
4743 64782.767789777324651 116008.59842379008478
4743.5 64701.951897415085114 115911.36907143323333
4744 64688.879519018235442 115855.07317798088479
4744.5 64678.713597489630047 115863.55332365214417
4745 64616.358623152656946 115811.91519116761629
4745.5 64529.851899210065312 115725.16491334697639
4746 64541.899430400706478 115742.61804683179071
4746.5 64692.254021848428238 115911.89592692774022
4747 64736.696270257583819 115959.21467534085969
4747.5 64771.184387361543486 115977.83255696092965
4748 64840.931461454703822 116106.03322325705085
4748.5 64865.73022241183935 116099.9688684168068
4749 64872.583493935431761 116171.34090761680272
4749.5 64853.21676229507284 116131.16241629383876
4750 64790.998629113491916 116104.25676764875243
4750.5 64788.666620209856774 116139.24524438566004
4751 64727.057192931177269 116091.97032315730758
4751.5 64678.828340432031837 115997.59167696598161
4752 64791.880274099756207 116167.32822693239723
4752.5 64823.110098906581698 116181.02965405945724
4753 64839.750573869860091 116199.15486018330557
4753.5 64859.249999485924491 116198.1174639822566
4754 64845.34460192375991 116201.25585817462706
4754.5 64796.306473925535101 116170.73444968770491
4755 64863.964916402343079 116296.07202694940497
4755.5 64889.798506278755667 116283.39125606432208
4756 65026.700583284036838 116550.95735871620127
4756.5 64801.727672597844503 116204.94717623434553
4757 64707.571522310347063 116063.06726159968821
4757.5 64828.147859831944515 116237.88681717863074
4758 64839.491551615559729 116310.60510296878056
4758.5 64855.676301198662259 116303.60955201256729
4759 65008.027565780888835 116549.65190156729659
4759.5 65077.015964051679475 116548.98163521685638
4760 65187.06302442287415 116668.36691744103155
4760.5 65092.563826322177192 116585.99501514447911
4761 65114.661314391581982 116618.34867445015698
4761.5 65016.428482692543184 116539.40548984632187
4762 65033.638150481179764 116527.00202674523462
4762.5 65022.436704726431344 116556.39998198194371
4763 65003.711724417007645 116528.54422657110263
4763.5 64966.88060252302239 116472.01333160651848
4764 64933.219199487342848 116455.1226050399564
4764.5 65015.880016663279093 116540.92541501861706
4765 65100.508735433249967 116634.45667744262028
4765.5 65212.221581884085026 116766.97832777685835
4766 65210.982530770583253 116795.32304226925771
4766.5 65204.895172264230496 116817.21792030650249
4767 65174.944297661451856 116755.56768809517962
4767.5 65194.336767589389638 116776.68585081980564
4768 65152.393748471673462 116760.01995367372001
4768.5 65238.953409153429675 116836.20114745738101
4769 65096.638110601859808 116651.59181222436018
4769.5 65063.741966259280161 116691.28718928289891
4770 65022.416768141221837 116626.73104525673261
4770.5 64971.625657178796246 116545.66828384259134
4771 65027.351644293092249 116666.38257174404862
4771.5 65012.898932141055411 116620.35053566424176
4772 65135.17168447678705 116763.33928801571892
4772.5 65219.315243812394328 116883.1981393781025
4773 65256.411078019365959 116866.98740871010523
4773.5 65306.872785440064035 116934.33751582726836
4774 65322.724094630939362 116961.94427102933696
4774.5 65337.55975465560914 116966.43775881320471
4775 65353.29426826537383 116953.87728398687614
4775.5 65294.157878383542993 116895.73305681072816
4776 65288.265960032651492 116948.70204497751547
4776.5 65247.442612277242006 116919.66937327718188
4777 65195.223239780163567 116869.75349621620262
4777.5 65096.928168600046774 116747.56386710658262
4778 65085.691995211309404 116753.89743605548574
4778.5 65018.860707529711362 116696.36719848187931
4779 64988.916345412304508 116691.72698312977445
4779.5 64884.713990972042666 116544.7164788977534
4780 64908.334367544426641 116633.67232077324297
4780.5 64898.574983164384321 116609.36288618406979
4781 64903.478308332349116 116603.77470201520191
4781.5 64787.26015369866218 116500.22329653875204
4782 64886.07848441254464 116646.57743775607378
4782.5 64813.040606475617096 116579.86108797388442
4783 64857.023180152478744 116678.9018434350146
4783.5 64815.315870741374965 116560.99755770164484
4784 65016.699369031484821 116824.18985852994956
4784.5 64918.807515276661434 116708.83433425560361
4785 64831.510961101485009 116610.63757978963258
4785.5 64882.738122228925931 116632.27183896065981
4786 64872.764463232022536 116643.25968419498531
4786.5 64856.942768629378406 116607.7754437008989
4787 65037.404777054784063 116817.85527971101692
4787.5 65109.040198536080425 116932.68742662547447
4788 65108.458490523240471 116893.49102045323525
4788.5 65225.025547879769874 117018.30103486299049
4789 65107.129687939159339 116947.02273511781823
4789.5 65081.528209304473421 116892.58839944364445
4790 64991.470447437546682 116831.92018599942094
4790.5 64914.923341813315346 116757.78746612019313
4791 64818.850696584144316 116657.1230492007453
4791.5 64846.180162653348816 116707.96453618536179
4792 64936.056054778273392 116832.56492958024319
4792.5 64906.427319158785394 116771.64616630722594
4793 64924.239273893741483 116798.63754050951684
4793.5 64842.012100916006602 116722.03393373891595
4794 64816.420352760447713 116715.89785798857338
4794.5 64877.292919694948068 116782.33730006306723
4795 64938.144258808359155 116844.79992918319476
4795.5 64946.145786773362488 116860.87702259237994
4796 64968.309152294947125 116880.89456034057366
4796.5 65081.005874809336092 116993.50681230024202
4797 65155.045167513897468 117102.56559651056887
4797.5 65242.750778572954005 117204.6491395370831
4798 65292.073095805419143 117212.59087025410554
4798.5 65274.655591654787713 117277.94434079471102
4799 65235.969990401281393 117223.15075373358559
4799.5 65201.472151101901545 117210.2102897917066
4800 65198.865539714148326 117233.69797045158339
4800.5 65128.07337889180053 117171.33893894011271
4801 65063.328111738257576 117084.93053606327157
4801.5 65152.610315653320868 117199.16644618559803
4802 65009.939674035631469 117006.57514903390256
4802.5 65079.104832084085501 117128.24249704023532
4803 65127.481569200579543 117136.20032499694207
4803.5 65106.777262483992672 117116.74254494311754
4804 65160.133592245496402 117177.03400058853731
4804.5 65122.93579045424849 117113.38470219312876
4805 65240.25428086026659 117327.46702682592149
4805.5 65187.819372227604617 117250.27640680817422
4806 65285.900586703828594 117378.67700702785805
4806.5 65396.605947811112856 117482.67736873007379
4807 65415.695236465726339 117533.47081354813417
4807.5 65323.681747186637949 117438.59238280834688
4808 65470.379807602243091 117605.15642358189507
4808.5 65402.434590847464278 117547.14540490139916
4809 65380.58505095711007 117506.87065543225617
4809.5 65417.452676571476331 117581.91554137470666
4810 65316.871141244075261 117474.57811598785338
4810.5 65230.084473694485496 117432.54582202862366
4811 65153.276759187770949 117301.35715776558209
4811.5 65036.030778245636611 117184.20943679728953
4812 64998.940073764082626 117114.37326270238555
4812.5 64886.295920036296593 117017.02170302724699
4813 64825.257003651742707 116961.20516363531351
4813.5 64878.570643526043568 117028.74919346830575
4814 64898.455434715338924 117083.17505958660331
4814.5 64960.355019973780145 117142.4312248450733
4815 64958.158035487358575 117112.98937907903746
4815.5 64945.794662312029686 117090.84090799829573
4816 65160.119245431036688 117384.65331917443837
4816.5 65166.713470162794692 117366.36401021551865
4817 65224.698957057153166 117451.79453171370551
4817.5 65249.08866402462445 117479.24002844211645
4818 65174.015871001574851 117412.92086201596248
4818.5 65225.698237752949353 117433.19120893982472
4819 65315.29429185596382 117547.46010976210528
4819.5 65251.918495664613147 117440.63489162336919
4820 65345.932681123624207 117606.57141013312503
4820.5 65266.639959329346311 117560.37326710604248
4821 65216.768399219574349 117481.34677415297483
4821.5 65176.182606847694842 117428.42380921641598
4822 65210.6907127722734 117500.69871484783653
4822.5 65109.999348421406467 117416.4417518452974
4823 65168.39165215621324 117505.50353491737042
4823.5 65172.531230243796017 117449.93674265943991
4824 65298.561043355606671 117652.00385121972067
4824.5 65124.062040398224781 117452.13505225165864
4825 65081.219045046949759 117394.5475379772397
4825.5 65080.93717807973735 117447.51040235658002
4826 65102.907431251624075 117469.41391370187921
4826.5 65042.799283338965324 117365.32771846318792
4827 65096.470581589201174 117460.24040069732291
4827.5 65164.178632292670954 117494.0974966713984
4828 65339.397789386865043 117697.87115963219549
4828.5 65112.370405780442525 117429.14757857582299
4829 65119.546136627970554 117448.63250610556861
4829.5 65227.890819219013792 117540.7045454311301
4830 65265.363636524889444 117617.93465461584856
4830.5 65379.959023296440137 117801.00815255643101
4831 65114.213095774190151 117461.45582248544088
4831.5 65176.177983980924182 117547.79271320340922
4832 65128.94438039437955 117497.82065307804442
4832.5 65234.4595788034203 117649.9516430216172
4833 65363.770644562609959 117756.92080538478331
4833.5 65282.472232396736217 117650.75061106585781
4834 65338.188624246897234 117749.83475635526702
4834.5 65244.082933229336049 117585.86417961283587
4835 65237.403819788960391 117626.8740601191821
4835.5 65376.051485529649653 117766.98508683872933
4836 65262.428409809414006 117628.21947390245623
4836.5 65336.131502093630843 117748.54706520239415
4837 65348.954985138654592 117799.01696746119705
4837.5 65180.547119010610913 117513.75901728904864
4838 65264.990951575309737 117616.72373436207999
4838.5 65403.706790568008728 117833.20429049199447
4839 65363.0534497338449 117816.84515064221341
4839.5 65331.837018749291019 117712.5090887977276
4840 65403.014812935980444 117854.18658366378804
4840.5 65337.403949174149602 117768.64508126130386
4841 65207.478799250478914 117612.09405209867691
4841.5 65192.391688696981873 117657.01066705647099
4842 65283.870056933912565 117746.41646259596746
4842.5 65209.120155937460368 117649.31501130163088
4843 65257.347458157324581 117760.36571517877746
4843.5 65213.180307036564045 117725.24341509651276
4844 65210.80556229819922 117714.67138097556017
4844.5 65072.095967923858552 117579.00200630884501
4845 65062.455731483947602 117608.6782338621415
4845.5 65009.497576639456383 117536.28563770727487
4846 65001.622282211457787 117533.25539085126366
4846.5 64942.569775355143065 117535.17367288567766
4847 65014.348035289782274 117595.9458658049698
4847.5 65050.958836661629903 117593.08571473728807
4848 65078.625279414205579 117646.28096925246064
4848.5 65277.162067341625516 117880.50653006797074
4849 65127.625465923199954 117713.08909326733556
4849.5 65158.894012120814295 117715.64098779279448
4850 65342.153706433491607 117995.32998019535444
4850.5 65204.77372200175887 117808.81097595122992
4851 65240.14814439494512 117823.48071684650495
4851.5 65180.675715619108814 117720.46092301447061
4852 65134.756626462498389 117753.54709300812101
4852.5 65089.359790655900724 117646.65705348773918
4853 65161.056767726797261 117724.9177502192033
4853.5 65134.435428671458794 117736.40695558035804
4854 65167.086385391485237 117782.49162955087377
4854.5 65125.101080232241657 117755.51297478607739
4855 65088.91846436875494 117673.47978627277189
4855.5 65268.602293374031433 117901.33054825851286
4856 65293.165801523820846 117945.19248073046037
4856.5 65113.873618165198423 117745.51509815652389
4857 65027.539783354972315 117667.25172861250758
4857.5 65214.020520896607195 117942.47976192527858
4858 65140.14378055074485 117803.94624031081912
4858.5 65082.4450344187062 117727.41703867052274
4859 65104.486714885511901 117815.55060921421682
4859.5 65101.27558168322139 117822.24869527795818
4860 65105.116383529908489 117868.93612348828174
4860.5 65139.183265417486837 117902.46815056542982
4861 65010.548067579977214 117712.12457715884375
4861.5 65127.265422673568537 117919.04052471021714
4862 65148.68841826114658 117926.25634954628185
4862.5 65061.392443765536882 117861.2353162640793
4863 64938.896173502616875 117721.59062056741095
4863.5 64920.462439108661783 117709.86444622240379
4864 64978.607378017819428 117827.43318590358831
4864.5 65050.247170225498849 117887.932818283909
4865 65008.059570446537691 117809.20585207812837
4865.5 65001.76687099411356 117821.3386279300903
4866 65084.252404646664218 117906.74801820291032
4866.5 65041.373163258664135 117901.54649507746217
4867 65071.797072644854779 117895.78925018724112
4867.5 65218.777497304632561 118098.19630192551995
4868 65265.521222705552645 118163.71802885229408
4868.5 65262.511352946115949 118098.75311070329917
4869 65188.865442426489608 118018.45422566408524
4869.5 65378.667713561320852 118228.60133395192679
4870 65533.922499723099463 118470.00843968511617
4870.5 65483.706621379242279 118365.63242501036439
4871 65535.090794838411966 118481.077173396945
4871.5 65508.140181757727987 118442.6341701028141
4872 65394.420692529856751 118302.36720961876563
4872.5 65511.393931354577944 118433.74461944775248
4873 65447.859150460724777 118381.0451140475634
4873.5 65266.054687816482328 118219.05627687471861
4874 65140.834058620275755 118034.59887857355352
4874.5 65262.720721273755771 118268.36041689066042
4875 65175.857294561552408 118153.9536738080642
4875.5 65136.007142797818233 118122.65498944548017
4876 65201.414471712065279 118178.75269664058578
4876.5 65197.588994343655941 118192.08366709137044
4877 65173.035000946001674 118190.65885379811516
4877.5 65230.983084347899421 118312.50686089327792
4878 65386.402914139231143 118465.39124560172786
4878.5 65271.107473148396821 118303.43497517160722
4879 65327.994879526631848 118393.09238357903087
4879.5 65323.50569550239743 118414.38445923861582
4880 65329.696110511344159 118411.50826498419337
4880.5 65365.119117826485308 118394.02996883614105
4881 65420.070862540997041 118474.34508601817652
4881.5 65363.190284492862702 118445.88294708018657
4882 65417.652222689132032 118538.80205040010333
4882.5 65519.343348453927319 118631.22210762136092
4883 65631.831543036518269 118730.71165655668301
4883.5 65702.147239075449761 118791.16434000979643
4884 65646.20227604660613 118767.31969517441757
4884.5 65777.597375875440775 118972.92311722722661
4885 65709.069817501949728 118896.26963526027976
4885.5 65758.555299716026639 118993.59532035798475
4886 65718.086720202249126 118907.69440765747277
4886.5 65784.0388724488148 118948.44275563969859
4887 65582.175059053639416 118770.00317686716153
4887.5 65699.457401343664969 118926.52219511149451
4888 65716.637010705206194 118924.23366516728129
4888.5 65641.739182201185031 118895.92143968651362
4889 65432.050912914230139 118671.43733608606271
4889.5 65525.901244923494232 118832.44050529965898
4890 65504.288515051252034 118841.12986429700686
4890.5 65566.625174054628587 118854.28178186595323
4891 65564.229137334114057 118876.63985943369335
4891.5 65417.753047504746064 118702.48724958400999
4892 65528.51298042939743 118869.86413513310254
4892.5 65562.894458825714537 118870.14542337099556
4893 65484.896927303459961 118764.98852083802922
4893.5 65508.92466289211734 118820.20280933336471
4894 65423.841133268506383 118747.02345105772838
4894.5 65439.614113387913676 118779.35267686481529
4895 65431.956703213814762 118799.96342683285184
4895.5 65359.399958181995316 118727.22546618166962
4896 65356.900972219991672 118716.98253909454797
4896.5 65272.702874335067463 118620.36377653399541
4897 65455.420626725936017 118879.80793677458132
4897.5 65407.084600350324763 118815.09237770985055
4898 65289.632381644871202 118691.09465502545936
4898.5 65440.371003723121248 118885.98468494188273
4899 65610.802820309239905 119077.36602427061007
4899.5 65615.264899088448146 119104.89637591480277
4900 65533.913648874040518 118969.34174244021415
4900.5 65604.862262468828703 119038.94420311311842
4901 65638.471342355551315 119073.2974918695254
4901.5 65695.757961944895214 119121.21681207245274
4902 65681.092264153718133 119133.16861196182435
4902.5 65813.105215716583189 119321.05796711522271
4903 65669.659734431101242 119114.05233772224165
4903.5 65740.807743268567719 119281.77346113196108
4904 65791.887566868244903 119307.39439385240257
4904.5 65799.300107863338781 119320.05497320112772
4905 65670.082677371843602 119151.32517971062043
4905.5 65923.273147848492954 119478.10302662108734
4906 65957.558086001605261 119520.3056022857636
4906.5 65935.768640226568095 119496.7520888656436
4907 65902.140048721645144 119386.07602297868289
4907.5 65830.491192085508374 119391.28733641130384
4908 65810.126642319577513 119309.40926885633962
4908.5 65776.9134704653261 119362.19107420566434
4909 65740.039912793465191 119325.12499187504
4909.5 65721.368614391089068 119272.09677755695884
4910 65649.281082692061318 119239.92507349784137
4910.5 65717.858441012125695 119355.06852190768404
4911 65772.061703388695605 119470.86188895975647
4911.5 65743.2522151972953 119370.82741537698894
4912 65789.924735126187443 119456.36172101866396
4912.5 65826.828620784057421 119501.82680853824422
4913 65881.852963778277626 119563.89517621987034
4913.5 65965.036463770957198 119664.19375700430828
4914 65969.091831314362935 119702.03061191079905
4914.5 65895.324866904193186 119583.58054653684667
4915 65904.971055661822902 119594.60340613435255
4915.5 65901.188780521624722 119543.50486473612546
4916 65827.226663535606349 119444.63730206337641
4916.5 65937.043946058285655 119611.35251741463435
4917 65821.238706228148658 119501.35556302829355
4917.5 65729.172868431429379 119445.50584739257465
4918 65790.25027429551119 119485.32841000813642
4918.5 65676.271848113465239 119397.63951178503339
4919 65605.334824153265799 119320.90917920021457
4919.5 65600.663812705970486 119333.17331429036858
4920 65584.644157461429131 119317.53838082593575
4920.5 65701.994533304445213 119474.93866160097241
4921 65720.665913479519077 119539.28098943619989
4921.5 65672.571420712585677 119424.03357870932086
4922 65784.786228718192433 119539.32508223754121
4922.5 65903.425323722127359 119671.1671707102505
4923 65977.934754431102192 119807.87763974013797
4923.5 65835.497282562791952 119642.49905912208487
4924 65780.609824305400252 119563.39251062259427
4924.5 65848.853543536330108 119681.69117662160716
4925 65849.653523293804028 119642.28751654627558
4925.5 65711.83250049588969 119472.51358999570948
4926 65687.385886125295656 119446.01555574951635
4926.5 65691.489430369765614 119509.40377258790249
4927 65634.944181268641842 119499.91595928621246
4927.5 65433.995054989158234 119255.43126592093904
4928 65364.649998363434861 119187.57521990597888
4928.5 65479.162267449653882 119369.32274246886664
4929 65369.06620223428763 119202.01768110609555
4929.5 65335.508924110908993 119259.26765832629462
4930 65249.237394250289071 119188.04843041893037
4930.5 65230.393956747968332 119150.26305022531596
4931 65256.138341467514692 119191.5933137715474
4931.5 65266.704366393139935 119196.85390056340839
4932 65270.137248244202056 119201.39945368800545
4932.5 65324.314726748249086 119306.32493965531467
4933 65344.325311027118005 119276.11588943225797
4933.5 65268.64274199182546 119161.19620799527911
4934 65454.343606884394831 119481.76396084419684
4934.5 65438.067542022072303 119424.01988245283428
4935 65487.273421666999639 119497.73095594412007
4935.5 65499.871724889504549 119511.216783687516
4936 65425.928163354641583 119458.99691392081149
4936.5 65416.612374060161528 119465.51501145685324
4937 65431.544431135633204 119486.43430765102676
4937.5 65260.488999527136912 119223.19341726962011
4938 65317.479140657800599 119374.5230804234161
4938.5 65372.311082581829396 119384.74267320765648
4939 65371.585891524366161 119392.46562312707829
4939.5 65523.057303042063722 119640.50690253054199
4940 65449.260488679632545 119508.24089384378749
4940.5 65494.542294804094126 119541.23846009533736
4941 65498.71433778302162 119569.4853573290311
4941.5 65540.431714758800808 119619.69680016857455
4942 65514.601923343972885 119614.70543769333744
4942.5 65512.332043522670574 119610.8207444241707
4943 65458.811417347198585 119557.92101869262115
4943.5 65573.891913586485316 119651.30426773325598
4944 65482.675267803584575 119546.85803877636499
4944.5 65588.194681021675933 119750.81154251660337
4945 65677.816396430294844 119813.54584142123349
4945.5 65627.685453436875832 119775.94796890234284
4946 65770.698677019099705 119937.35468094171665
4946.5 65853.159739770315355 120015.62970441681682
4947 65830.766695745725883 120028.39244101740769
4947.5 65822.795589379704325 120078.92240817438869
4948 65731.517922232320416 119930.42487262120994
4948.5 65777.291681367874844 119980.01956042271922
4949 65801.212530531192897 120024.73376508914225
4949.5 65776.246449715283234 120045.14362359665392
4950 65623.9935622599005 119836.1238535985467
4950.5 65639.088987840383197 119879.8784873503464
4951 65836.864430062370957 120136.5474429892638
4951.5 65676.353368902768125 119914.71064062416553
4952 65673.013286224886542 119914.1598558750411
4952.5 65658.333539554092567 119973.83691499236738
4953 65564.156112922646571 119797.34181045916921
4953.5 65522.428907984067337 119751.78533816029085
4954 65603.577408917873981 119851.15413189312676
4954.5 65699.325807445711689 120016.21671322385373
4955 65675.13917012931779 119989.44214431755245
4955.5 65577.359097924418165 119982.25560751296871
4956 65722.584543515069527 120132.8081294868025
4956.5 65650.86899191790144 119989.26327938848408
4957 65634.020360978480312 119932.45176683006866
4957.5 65688.505322342753061 120016.55478735806537
4958 65684.771287864961778 120016.06795158158639
4958.5 65616.199419013573788 120001.73532497836277
4959 65584.347038045321824 120013.12995746814704
4959.5 65405.817617868102388 119744.55954064385151
4960 65343.148264084156835 119716.14661168723251
4960.5 65387.416072042171436 119812.73074948355497
4961 65353.751730167408823 119755.34061084396672
4961.5 65287.422990638697229 119734.89475928038883
4962 65409.704694579093484 119902.16557421254402
4962.5 65482.147099054629507 119941.83370427691261
4963 65357.708408131431497 119774.44944350387959
4963.5 65471.117833809061267 119963.61250157024188
4964 65586.813409973750822 120054.45658770459704
4964.5 65589.269219278023229 120056.41277948649076
4965 65547.156764016050147 120008.30292473855661
4965.5 65640.708962575969053 120111.48281311005121
4966 65768.556591027168906 120328.09334955770464
4966.5 65755.756470914886449 120217.62580572265142
4967 65780.91792605984665 120294.92038971076545
4967.5 65655.389010403800057 120129.24559890513774
4968 65793.627397811054834 120287.76205545684206
4968.5 65892.108847181152669 120428.33690706115158
4969 65767.27422758663306 120263.98729125758109
4969.5 65900.859157200495247 120458.26375366958382
4970 65831.050374473794363 120413.782121966462
4970.5 65929.78160374701838 120471.70164038872463
4971 65878.355801245619659 120421.81586086491006
4971.5 65736.455338649597252 120260.29602816086845
4972 65836.703018345229793 120391.780004119777
4972.5 65893.021586341405055 120469.11539618652023
4973 65769.510478506927029 120327.82972892353428
4973.5 65618.795034939670586 120124.21975261022453
4974 65620.132143059337977 120144.77947830848279
4974.5 65559.541988106124336 120125.99888142832788
4975 65511.137391375777952 120078.81761197138985
4975.5 65429.722673157521058 119998.09481541466084
4976 65470.075058000875288 120080.9517987917352
4976.5 65500.312522012092813 120152.28779020810907
4977 65495.864367485854018 120095.44234046505881
4977.5 65372.835842722379311 119973.64424134689034
4978 65476.042907612085401 120064.39734469987161
4978.5 65486.80063315424195 120084.87580880759924
4979 65399.736888728541089 119967.63056312366098
4979.5 65494.458478912347346 120114.88872124992486
4980 65565.156585978897056 120126.10888365271967
4980.5 65693.939954942208715 120291.46995852395776
4981 65732.897046435915399 120267.1823964118521
4981.5 65743.257827499168343 120269.29011199470551
4982 65819.14006774884183 120375.75022484277724
4982.5 65905.05374310456682 120558.34834638702159
4983 65967.433406724288943 120569.45256250613602
4983.5 65909.687150724625099 120484.60032812551071
4984 65915.426639876619447 120578.73446054782835
4984.5 65970.496033059214824 120608.83378682618786
4985 65937.596983998388168 120629.34843449064647
4985.5 65856.17902806501661 120510.81488039827673
4986 65819.190252620363026 120436.39594162067806
4986.5 65807.440974413300864 120428.5311298021843
4987 65782.143291140208021 120416.61263088534179
4987.5 65872.676580480416305 120505.67992204373877
4988 65910.723853154282551 120627.89817707675684
4988.5 65835.091057256344357 120473.6940890494443
4989 65874.48761300391925 120557.80437313266157
4989.5 65860.1590184354136 120541.98804811130685
4990 65883.173274970627972 120546.95467013330199
4990.5 65922.482974352897145 120580.60355640707712
4991 65927.31917206144135 120638.64979691403278
4991.5 65779.811477123570512 120424.24576670349052
4992 65947.361250687201391 120649.01961143648077
4992.5 65894.063099585880991 120577.63257583732775
4993 65954.993158968762145 120624.10327489608608
4993.5 66091.628467452159384 120805.23979655375297
4994 66009.968100861427956 120734.69570630612725
4994.5 66018.712921078273212 120802.15902772030677
4995 65989.720138081567711 120723.66119810918462
4995.5 66133.800614068648429 120890.41611848835601
4996 66136.528449685341911 120899.45149215089623
4996.5 66058.463710765790893 120846.44389152848453
4997 65872.736910259569413 120625.22929302451666
4997.5 65888.43382442148868 120657.89909437608731
4998 65902.790894681820646 120683.22062114927394
4998.5 65817.082075370199163 120633.24643069876765
4999 65869.402244784578215 120724.03675510208996
4999.5 65857.151728531564004 120710.91720162624551
5000 65684.774433411497739 120499.29332428760245
