# time(ps) MSD_C MSD_Si
0 3.7101497835075645946e-24 5.3800376844945426483e-25
0.5 0.882772576811543086 0.88034710175608110738
1 0.71028105831813104221 0.68573480077192772164
1.5 0.71819861997990896985 0.65564051724293026524
2 0.77017891860860354658 0.6378323118354588539
2.5 0.88567996069730570152 0.65982861205142817607
3 1.0071041609605044798 0.64258028186420435013
3.5 1.3160883290743410345 0.75930515276348597986
4 1.7217381403336760037 0.859101875016985983
4.5 2.6452212680688322877 1.2423353487066486345
5 5.8411968260373923201 3.0266835962914133695
5 5.8411968260373896555 3.0266835962914164782
5.5 17.992106967289632991 11.695201893774680002
6 34.289817466868605322 24.191498962736059042
6.5 51.154148116106291866 37.430880142801001398
7 67.884390150632412997 51.061215059979801367
7.5 84.83532660476501519 64.848697627411439726
8 101.97950403371437744 79.053492942574948188
8.5 119.13731524710198073 92.857009917042091729
9 136.46281916797914846 106.65037437009715404
9.5 153.44774283730981779 119.97213700312643425
10 170.59267444764199695 133.71782657284714446
10.5 187.96400511244280551 147.35774170225494117
11 205.01750429477559123 161.67542668263888572
11.5 222.14711619412929622 175.030134075892704
12 239.51447461614901613 188.88676004090532956
12.5 257.61401730603756732 203.20716466415620971
13 275.34182857609113171 217.00243377611843698
13.5 292.31420380606863318 230.73045840602009093
14 309.0638181189172542 245.2088106172944606
14.5 325.4681867557503665 259.71263472381122028
15 342.87946773338268258 273.56243830878167955
15.5 360.90810030455702417 287.37567519101526159
16 377.2000320689809314 301.27788311103205388
16.5 393.6125233583624663 315.14177025610649707
17 411.21249126706788957 328.50832389628186547
17.5 428.81626434508075363 342.60577625766569554
18 445.48860974172197302 356.76821716355237868
18.5 463.12804500652947581 370.35084140921918561
19 479.86453790937088115 383.86658689318812776
19.5 495.95294241775519595 397.5248524999789197
20 513.46955923317057113 412.00910769694513647
20.5 529.57677910836332558 425.23531982834100518
21 547.65759025373881741 438.30147700646330122
21.5 564.27648287608724331 451.93377615497468014
22 580.86675818436901864 465.67480659575420532
22.5 598.19613651318138636 479.33975357214080759
23 616.62053741508668736 493.82544540227007701
23.5 635.86912844883352136 508.26033916999182338
24 653.86064813229268111 522.17562281609707497
24.5 669.91935854461053168 535.73530625405419414
25 687.1458747566908869 549.43429150707049757
25.5 705.2900587728310029 563.8801000275647084
26 720.94927793248382386 577.82379697198427948
26.5 737.5284097683102118 591.00901922726825433
27 754.52584875784771157 604.82216067090757861
27.5 772.43554859210098584 619.83072843188517709
28 789.76483588232588318 634.0624440753580302
28.5 807.66276439611112892 648.75047155616482542
29 824.25544293296547949 662.9172623085679561
29.5 843.66123525561579299 678.76916899043510512
30 859.42997357490969534 692.56882863190605804
30.5 875.54250158969023232 705.93254600444174685
31 891.27898769239652665 720.27440250396523425
31.5 909.00149591435206275 735.5257198830353218
32 923.81235750875089252 747.43657992008820656
32.5 941.88576136283347751 762.72380303224042564
33 959.96292744056972879 776.18984536859341006
33.5 977.19671194676027426 790.64824984483209391
34 993.9841113700489359 805.14604809822503739
34.5 1011.6859984473047689 818.9177358414893888
35 1025.8090958998334372 832.42504970515312834
35.5 1041.6879627975301901 845.82172051977568117
36 1061.6275279040119131 861.19197713649373327
36.5 1077.8221647813647905 873.60350209975058533
37 1096.3765402119197461 888.84571012217656971
37.5 1113.2111813398182676 901.66437383282868723
38 1129.820915029415346 915.28226687203095935
38.5 1147.1401207778485514 931.11186444070403923
39 1166.6015292239251266 946.41323838561061166
39.5 1185.2442743149204034 962.33660910180435621
40 1201.9697996030879494 976.76616810063717367
40.5 1218.1632025828378119 990.00912773887375806
41 1235.9502690932708902 1005.2140362705940788
41.5 1255.0854239930206404 1019.637766463917842
42 1273.5992188247860213 1033.7653544293568757
42.5 1290.1509958723629552 1048.2924812488020052
43 1308.4545774598341268 1062.0684226520813809
43.5 1327.0897288250816928 1078.2923281998241691
44 1345.0249169056528444 1092.8555433494348108
44.5 1363.5712934072616918 1108.1671248040129285
45 1380.1993372003526019 1122.9837033540500215
45.5 1393.5358396927822469 1134.6140090753860932
46 1414.9111923295085944 1150.9900135934735772
46.5 1432.9517821595206897 1165.3443101849554751
47 1450.0704658812360321 1179.8163107262200811
47.5 1470.2581258294828785 1195.669908128413681
48 1487.5711429740717904 1211.3849686854043739
48.5 1501.6419086441612762 1225.5201886013342119
49 1521.5886253992478032 1242.9551108616285546
49.5 1536.9757959964458678 1255.8887533291481304
50 1556.4025834086723989 1270.6576606072480899
50.5 1576.4610055233551975 1287.8815458143335491
51 1594.5227629365629127 1301.7076093198938906
51.5 1613.6542304503968808 1317.46422881278977
52 1631.7721019395626172 1331.7418220254419339
52.5 1647.8609488026356757 1345.5546221881509155
53 1666.6210685732580714 1360.9746493556451696
53.5 1686.1636427639664362 1377.4115647319401887
54 1703.0270635396561829 1391.7320154645626644
54.5 1718.629748723252078 1404.5565702218691513
55 1734.7712024708935132 1416.1782931684322193
55.5 1752.4267751828772361 1430.6945719028860822
56 1767.9531202850087084 1445.6008724653818263
56.5 1785.0900655279908733 1460.4176955188288503
57 1803.9344518828868331 1476.0586191545976362
57.5 1822.7738340606906604 1492.008954876436519
58 1841.6559007813038988 1506.6847866661344142
58.5 1860.8348155732298892 1523.2776570721252938
59 1877.5087280845884834 1537.4573796530962682
59.5 1892.8174806481895303 1550.9171203172622882
60 1910.8186465896376376 1564.8698561466469528
60.5 1928.1036747655109593 1579.2275678008484192
61 1947.4095833293158648 1595.4005381288661738
61.5 1966.2401228236769839 1607.285537918457976
62 1983.8960457389757721 1623.59155415580517
62.5 2005.7777473874225507 1641.1760086185877299
63 2023.9039425785929325 1655.7196102509756201
63.5 2041.6018743532683857 1671.3468624222973631
64 2058.2321053296814171 1685.7165953887351861
64.5 2078.7720145791445248 1702.1744626808151679
65 2093.6331245495325675 1716.8209928174496781
65.5 2108.5438528707350088 1731.6547325623212146
66 2122.6962033670406527 1743.6291280625737272
66.5 2142.269438626236024 1760.0105439870612827
67 2159.1812787444237074 1774.0772006366573805
67.5 2179.1432651126810924 1789.7388689028589397
68 2196.4366243260496958 1805.9490972285850603
68.5 2215.179917643916724 1822.3074858010177195
69 2233.661931338791419 1839.3219781970785789
69.5 2249.9761687315944982 1852.3634621437893202
70 2265.9964165903797948 1865.7239460772018447
70.5 2280.4194518816839263 1876.6882819647371434
71 2295.5548116067934643 1889.4555290118028097
71.5 2309.1671516082806193 1900.8916898529162154
72 2326.7484705229007886 1913.8194597968083599
72.5 2340.449792105868255 1925.2418016131859986
73 2356.1663834057867462 1938.5657423200998437
73.5 2378.4943028293946554 1957.7279560343151843
74 2394.2370092194760218 1968.6319658311585954
74.5 2410.0279464128002473 1982.2546901900282137
75 2429.8747992724574942 1999.8667857253597049
75.5 2442.5942692874405111 2011.6950280205655872
76 2459.8131852050723865 2027.3436883870506335
76.5 2475.5462280155757071 2041.4655358904203695
77 2491.8234748999311705 2054.8125856282445056
77.5 2506.3367539419273271 2069.3917278946769329
78 2525.8524485319412634 2084.7840570256162209
78.5 2543.597892973053149 2098.6314320390060857
79 2565.0072140347324421 2114.6467922889573856
79.5 2580.7603284301385429 2128.3645299094087022
80 2598.0191586187984285 2140.5810300261778139
80.5 2619.1453051353496448 2157.3645226421062944
81 2635.7066824887115217 2172.5319774466302079
81.5 2649.3295357980414337 2185.8280347688819347
82 2667.7403663769578088 2201.803569005121517
82.5 2686.610020870297376 2219.2024785916555629
83 2706.0102183825320026 2235.7862499443122033
83.5 2723.7355412286087812 2250.7137587053302923
84 2739.0613096419097019 2265.0102426197668137
84.5 2751.2659044087222355 2276.0735712900445833
85 2771.7244998220699017 2291.6054966085466731
85.5 2787.0202827237676502 2305.9736556332577493
86 2803.7777162647548721 2318.8418405583347521
86.5 2820.2772842687641059 2332.2326000167663551
87 2833.4272889732528711 2343.1275247539388147
87.5 2855.5279230664641545 2361.3838850562492553
88 2872.4829918064665435 2374.875728647662072
88.5 2885.7627588504560663 2385.1591155465193879
89 2902.3243610173817615 2399.846435099179871
89.5 2921.7800845457309151 2412.2307278442258394
90 2935.253378104445801 2425.3787300758790479
90.5 2953.5210385375817168 2441.6568790508918028
91 2977.1229374745098539 2456.9206951316682535
91.5 2993.5749229811322039 2470.0200318918955418
92 3012.6506403457151464 2483.3996609242080922
92.5 3034.6641161031129741 2499.4354719357138492
93 3051.7699572786359568 2513.2621149232231801
93.5 3069.9778030254628902 2526.2391400658216298
94 3089.3269019639528778 2541.697352511202098
94.5 3105.8284263837485923 2554.5048281234840033
95 3125.5682878531056303 2569.8226782477586312
95.5 3147.3633254698047494 2587.9816039816687407
96 3158.9113745710628791 2598.8006190242626872
96.5 3178.9883159804358002 2616.2865817282968237
97 3198.6572748393728034 2631.9293256766159175
97.5 3212.0775795486547395 2644.3057433723547547
98 3233.629074008184034 2662.3358343092950236
98.5 3254.2316057783250471 2677.7892526269070004
99 3271.9478342484767381 2693.3221543330155328
99.5 3291.4070544348014664 2709.4757279941409251
100 3306.7472877078103011 2719.4816651513401666
100.5 3317.899488972429026 2730.1881239957288017
101 3333.9737752334367542 2742.1888311613947735
101.5 3352.8652785780168415 2756.610043796109494
102 3365.6869005454482249 2765.8132224298033179
102.5 3388.118312402952597 2788.2065893608901206
103 3403.5227906873951724 2804.3576559283674214
103.5 3422.1508208396608097 2819.087532523637492
104 3444.9301602558048216 2839.1013432671011287
104.5 3458.4109517445285746 2850.9648996919918318
105 3477.4888490050329892 2864.5500174163280462
105.5 3497.5267547481071233 2882.3770510891390586
106 3510.9970671654996295 2894.1658760198502023
106.5 3526.585716174985464 2905.5655926083527447
107 3551.0744514404241272 2924.6823757140359703
107.5 3568.8682021359550163 2938.7315631430119538
108 3589.3076516169380739 2955.3922932178802512
108.5 3606.2750727747475139 2971.4000180489483682
109 3623.4145877810265119 2987.0721637775895942
109.5 3639.7893415027610899 2999.1662491907236472
110 3662.6859408082682421 3017.0528858093430244
110.5 3676.670188987617621 3029.6374804839806529
111 3697.0716326977599238 3050.0318346617555108
111.5 3715.3591143732019191 3065.4016355322387426
112 3730.1144912834415663 3076.9869105018524351
112.5 3741.2742703146896019 3088.9049669523160446
113 3759.2585999031139181 3104.9018345222116295
113.5 3779.5843399905716069 3124.3892402934588972
114 3790.2355717792634096 3131.6572867341615165
114.5 3801.890630034109563 3143.5661414156625142
115 3813.84584749689202 3152.412937203117508
115.5 3833.6132692541227698 3167.5492216098700737
116 3849.5238756824460324 3177.9618694926066382
116.5 3870.072567978810639 3195.1080139789291934
117 3885.8418089463048091 3208.8000983277847808
117.5 3900.9357258592972357 3221.6021118130829564
118 3915.7732797248372663 3233.2169373921319675
118.5 3934.4311142583551373 3251.5215157202528644
119 3950.6211963265350278 3266.2408768356235669
119.5 3966.0288642827508738 3278.8596877999252683
120 3978.6646763058874967 3290.2604417396132703
120.5 3995.2975571537695032 3305.43630963725127
121 4012.8037635543623765 3322.5393163191197345
121.5 4030.111103512912905 3339.0368778837246282
122 4053.2899823101224683 3358.4369124136219398
122.5 4070.2217373924959247 3372.724973846854482
123 4089.4168311664511748 3387.7512970120315003
123.5 4103.1297669481809862 3396.6765171752158494
124 4120.8461839131059605 3415.9414693539683867
124.5 4141.0007632686283614 3435.6224597745572282
125 4154.089178957859076 3447.4002824889566909
125.5 4171.219193669249762 3461.2717325116013853
126 4196.8912735351586889 3479.7083158558953073
126.5 4217.6903882206870549 3496.9936670738961766
127 4234.2919655347432126 3512.4432423902576375
127.5 4251.4260962335465592 3521.7554081255780147
128 4267.9603279787452266 3535.0128751509564609
128.5 4284.5378154359032123 3553.526098268064743
129 4296.2194241574134139 3564.4721944813609298
129.5 4317.6540835310188413 3581.4690911847492316
130 4335.171993945406939 3596.9586996336051925
130.5 4348.1163813778512122 3610.113544996535893
131 4361.4455425765172549 3624.7816804839167162
131.5 4387.0236311218550327 3643.3218591856953026
132 4399.5101105518133409 3651.7717556533148127
132.5 4419.5397389764775653 3667.8817919003781753
133 4442.1929560670523642 3685.3041878235867443
133.5 4459.3423402923626782 3701.6976916993930899
134 4474.0858135564603799 3713.9463192544922094
134.5 4493.7349101737781893 3727.2245813888007433
135 4511.365424534336853 3743.3822624805407031
135.5 4530.5150698456873215 3755.2429251544417639
136 4552.1441008423498715 3772.0553898044145171
136.5 4569.9371878912779721 3785.1756881461974444
137 4587.2467286462479024 3799.4029377789943283
137.5 4608.9367347924962814 3816.0768202768949777
138 4629.0343944608785023 3831.1102205353799945
138.5 4649.6316107675284002 3848.8551598670733256
139 4666.8375396057745093 3863.3692221761539258
139.5 4678.5893814063274476 3873.9945805885945447
140 4701.3379691103864388 3891.2759159157158138
140.5 4721.5104437412746847 3910.6005992844516186
141 4737.1157873020110856 3924.6438143792838673
141.5 4752.7905807666093096 3938.2604896667780849
142 4770.4982017741594973 3951.4529425417058519
142.5 4791.0313944230902052 3965.6165738157101259
143 4809.0327728732490868 3982.2485724165758256
143.5 4820.9379760808315041 3991.348652921550638
144 4836.1114251940116446 4003.1458678772723943
144.5 4856.2573227152479376 4024.5142953690160539
145 4868.8636949697756791 4037.3539184028622913
145.5 4882.6265957556406647 4046.9774110512980769
146 4899.5383082094849669 4060.4012745650256875
146.5 4923.6035941988793638 4080.0228732149384996
147 4942.7755267441243632 4093.9166948057895752
147.5 4962.9653061429817171 4112.6023815704993467
148 4977.4895182625959933 4124.5796785896873189
148.5 4996.0500473109204904 4137.7666977473782026
149 5010.2961303653082723 4150.1819375944523927
149.5 5038.3890356996707851 4171.2547640395923736
150 5049.6839765019576589 4178.9553510521682256
150.5 5070.7686433484841473 4195.8769062728597419
151 5092.1660821387922624 4214.5707620027269513
151.5 5111.5837097735393399 4230.8960798054367842
152 5126.6730298212678463 4241.5312155005731256
152.5 5144.1428433742003108 4253.5691502843092167
153 5151.5667180647151326 4262.0236175654936233
153.5 5171.686859833294875 4277.5656917103260639
154 5191.2970792710348178 4291.8003062252000746
154.5 5209.5463659680990531 4308.2354696063812298
155 5229.4971337126025901 4321.5376052546616847
155.5 5250.608848021986887 4335.3613047765993542
156 5270.2065364383479391 4350.2952533940442663
156.5 5284.2437853782557795 4358.2229292682086452
157 5300.7602220186181512 4370.4917331241022111
157.5 5311.9095748241597903 4378.5815427470270151
158 5333.4644254554496001 4395.5560697565351802
158.5 5346.3176781438050966 4406.6160470787108352
159 5371.7316727485895171 4424.5855890201537477
159.5 5392.9164958834016943 4441.4358708248473704
160 5410.0747629851639431 4455.259142741814685
160.5 5430.0950423574950037 4472.2628896518981492
161 5450.1891008798838811 4487.1678978679183274
161.5 5472.6566502370351373 4504.4349426922053681
162 5495.6902915119335375 4523.0036832565428995
162.5 5509.1741659092895134 4538.0755879975477001
163 5531.1883766083956289 4558.6080917728022541
163.5 5546.5723950758392675 4572.8413824520785056
164 5568.9012925796632771 4590.0016055424803199
164.5 5576.0399210728182879 4595.5714259853139083
165 5590.4055303186833044 4605.9147432376839788
165.5 5613.3590338632557177 4622.7799192392740224
166 5627.8194234529337336 4632.3375889973012818
166.5 5643.0190224161451624 4644.4974633689707844
167 5662.7810708168190104 4661.8063100718936766
167.5 5675.146299061893842 4673.9887222755414768
168 5695.0759302141459557 4685.7751389781751641
168.5 5720.373981962075959 4707.8689352377241448
169 5741.9820826389268404 4722.9806273344993315
169.5 5751.8123703268875033 4732.430611656608562
170 5764.0085490169285549 4743.7125828140951853
170.5 5778.8042188546342004 4756.4873487493814537
171 5794.5757705108708251 4768.7010555240358372
171.5 5810.7492709973121237 4781.7129551737343718
172 5837.7130792726766231 4803.5470261581258455
172.5 5847.5041878246256601 4812.2406565869450787
173 5868.0389658751728348 4827.3694658384529248
173.5 5876.1618183235350443 4832.4267544087888382
174 5892.6312616990080642 4846.6702182868384625
174.5 5904.5239156954276041 4857.4828718358867263
175 5926.7759505748181255 4875.3140580306753691
175.5 5943.7070459262185977 4889.1448876038712115
176 5962.0568205526706151 4907.272162161207234
176.5 5974.3654825730400262 4916.887021457740957
177 5989.1149178620671591 4929.1365634193307415
177.5 6004.977426627985551 4942.7536984590869906
178 6021.0006065264597055 4960.5488750564163638
178.5 6045.3716576008464472 4980.1798978007873302
179 6066.7368485117194723 4998.9689945287273076
179.5 6079.3509862503951808 5011.2472500903750188
180 6096.3939792106129971 5026.5293469621619806
180.5 6121.0557722101293621 5048.2385943898379992
181 6134.8411350586384287 5059.6931031391395663
181.5 6151.9922444534540773 5074.1669710210426274
182 6167.5181956603992148 5086.5432749516803597
182.5 6174.0977216380215395 5092.368018073750136
183 6193.1852272167325282 5104.5159109282149075
183.5 6206.1333587469862323 5117.938742243140041
184 6217.3695751162858869 5125.188420511505683
184.5 6237.3641599755746938 5141.5513246631298898
185 6249.1181632646230355 5148.6784164433165643
185.5 6271.4212576142326725 5168.1527814009305075
186 6278.6107801654679861 5175.257517165248828
186.5 6290.2531271228599508 5186.609315052054626
187 6310.9374264709049385 5204.8340308999049739
187.5 6336.3682916440575354 5220.1246789325086866
188 6362.8194591349674738 5240.3721301617670179
188.5 6374.8504809942069187 5254.4861705207276827
189 6385.9128049771088627 5264.59396620696225
189.5 6402.390752145020997 5278.6812364781553697
190 6424.0728560163934162 5300.653270614729081
190.5 6438.5604648546614044 5312.570761567199952
191 6452.5406079546082765 5323.0804343440649973
191.5 6465.5023547519622298 5334.1342285981645546
192 6487.1281666998720539 5351.8557740189207834
192.5 6505.5969869058008044 5369.0357308747979914
193 6522.5554196982766371 5379.3896406379080872
193.5 6533.962414863441154 5389.1795467470801668
194 6547.7939478617254281 5399.1277253217967882
194.5 6567.7090373918108526 5414.1323419557857051
195 6589.137609390142643 5431.4294802752710893
195.5 6611.1289080779579308 5450.5796662580305565
196 6622.7778868759351099 5463.0422538180137053
196.5 6649.2903741389818606 5484.6816630914236157
197 6671.9606496172555126 5506.0957379905057678
197.5 6679.944380191849632 5511.6226122335046966
198 6699.6193081410729064 5526.3983210446076555
198.5 6721.4670210715285066 5540.8492305318786748
199 6731.0882296695208424 5549.7568156749239279
199.5 6748.1260557869763943 5566.3028664665043834
200 6764.1489322342249579 5573.1856881341454937
200.5 6772.8029840958442946 5580.5704886833027558
201 6793.4442717553174589 5599.4804184167160201
201.5 6818.9410451889280012 5618.6026965342780386
202 6837.171912097565837 5634.3563238591241316
202.5 6852.5287081295873577 5645.5963284859144551
203 6881.7089991352477227 5671.0074651327267929
203.5 6903.0509809117402256 5687.6633067288294114
204 6916.7006769418385375 5694.5953335422427699
204.5 6945.1262402726461005 5714.2142895386932651
205 6955.3751404480508427 5720.9767382148193064
205.5 6978.3383710367688764 5736.7846311004113886
206 7000.2058867273199212 5757.8942530936747062
206.5 7019.0333818892358977 5774.7560654265535049
207 7037.6012926509611134 5792.9256602316791032
207.5 7048.1269446736105238 5799.8557871627681379
208 7070.1871873688560299 5811.9671876606435035
208.5 7088.6439994827678674 5830.3741881452597227
209 7105.7750883369481016 5839.4840471551260634
209.5 7118.4674631634425168 5849.0243700974069725
210 7148.1857334894366431 5872.5539463501045248
210.5 7171.5661953475228074 5895.9753474452163573
211 7192.6858528143802687 5911.8267698318177281
211.5 7201.8411241515041183 5919.4704954246590205
212 7229.1092560888064327 5937.6837872621144925
212.5 7250.5985497931642385 5957.3457906859875948
213 7273.9884432532689971 5977.9316330712199488
213.5 7287.163701044829395 5989.2720102530529402
214 7293.743977601293409 6000.2452578219908901
214.5 7313.7630065358171123 6017.6520847896863415
215 7331.011009210937118 6032.2112653248914285
215.5 7342.6009663631739386 6042.8527858479810675
216 7370.5979726009982187 6064.1110712795607469
216.5 7387.2791288620501291 6077.0456637248380503
217 7394.3279796536517097 6085.993306945502809
217.5 7417.9890070652090799 6104.7448208445875935
218 7430.2006004204822602 6113.4054559061314649
218.5 7445.1541305362779894 6125.8319587468731697
219 7464.413535042805961 6145.2015003534861535
219.5 7483.5708975152192579 6159.9041108845549388
220 7506.7315286908951748 6182.9286662922959295
220.5 7531.6678142907876463 6201.3434094707681652
221 7552.7375437283290012 6217.6698858680638295
221.5 7568.4399543694953536 6229.9898398119739795
222 7587.6681736325817837 6247.4413526034086317
222.5 7613.2315963495811957 6265.4972571616690402
223 7611.9221780961997865 6267.1095179003541489
223.5 7633.3796082401886451 6285.5827409714283931
224 7660.9570380772884164 6308.0756283513646849
224.5 7684.6141193326457142 6331.8872694144474735
225 7709.4104211080693858 6347.9830153153588981
225.5 7732.0644331991388754 6365.4920665985182495
226 7747.9554524931536434 6379.626877927284113
226.5 7751.701885476647476 6383.5378573045036319
227 7772.4886569219233934 6398.0635075410773425
227.5 7781.2884112734200244 6402.1782446462038934
228 7789.5807792271743892 6405.3353752721513956
228.5 7813.3068817553967165 6423.9803172687443293
229 7832.2151292519311028 6436.440915817761379
229.5 7858.657633735674608 6457.9405809478339506
230 7885.4833092386134012 6478.6937470128887071
230.5 7907.6588408895067914 6493.2363330037442211
231 7926.3515351311598351 6506.7050670654725764
231.5 7939.5574273562742746 6517.9960559192186338
232 7950.8123521043698929 6527.2152504026971656
232.5 7952.1621732253524897 6530.2645026291711474
233 7972.0407835096120834 6547.7870310082871583
233.5 7977.0490102205549192 6552.78525477479252
234 7990.1440686168880347 6569.9957999839680269
234.5 7994.9532713129965487 6577.9899365823766857
235 8014.3941769082275641 6597.5093314752366496
235.5 8043.2512352697112874 6618.0006094610998844
236 8062.3781596616663592 6634.2821070457075621
236.5 8086.5657886662256715 6652.0219662270283152
237 8115.4572840706741772 6674.9457070643675252
237.5 8146.616462366894666 6698.6006749681600922
238 8155.6815689394088622 6706.915747022882897
238.5 8174.9777426228038166 6722.2150322362522274
239 8209.9371496278308769 6750.9381778185879739
239.5 8232.1078245598782814 6770.8271618636745188
240 8249.4706325392762665 6784.1312409797656073
240.5 8274.7468965282532736 6803.6027299748284349
241 8295.6074433718022192 6819.0638854891021765
241.5 8328.4202272907459701 6846.0412912701822279
242 8344.3185448390613601 6858.2181577284845844
242.5 8364.8038691869969625 6880.1290771154290269
243 8389.908186709652 6898.8868653622203055
243.5 8402.6686629253781575 6911.7752509445545002
244 8429.3052717118098371 6933.8586330503967474
244.5 8453.671833196969601 6950.336194496173448
245 8463.876712594214041 6955.5605971511540702
245.5 8470.7615408198598743 6965.6638981707492349
246 8488.0295665039520827 6977.7494806551139845
246.5 8493.0647222141342354 6980.0351478363336355
247 8509.2829953447271691 6990.3160314130227562
247.5 8523.3814692132818891 7006.2703734720935245
248 8555.0385453677572514 7034.728035900922805
248.5 8571.7745125853434729 7048.8278779980955733
249 8591.2194203647304676 7063.0117805229901933
249.5 8618.4953601192173664 7085.3383271216798676
250 8651.4977811089884199 7111.0356486862738166
250.5 8683.2583313554932829 7138.2226259400104027
251 8702.8859082120725361 7150.349246966166902
251.5 8708.8647844207844173 7154.2871422184007315
252 8719.0401008396584075 7167.2031133602013142
252.5 8734.4673697599173465 7185.7570821552153575
253 8753.2290209102357039 7194.957433180677981
253.5 8752.9607797487587959 7196.0523325639132963
254 8783.5098575771316973 7219.8434129100141945
254.5 8773.944593430371242 7213.3159643063090698
255 8800.3863378483347333 7230.9959033132236073
255.5 8814.8708919058408355 7240.196890268615789
256 8844.4146104165756697 7268.5684365822871769
256.5 8871.7338144105069659 7291.8971236640572897
257 8884.9868579450703692 7305.7500759696777095
257.5 8915.4328233396754513 7330.5400274257544879
258 8926.0014732453855686 7339.2400848935994873
258.5 8954.4916292582238384 7363.3121469550142137
259 8987.3389084318168898 7393.5881881949326271
259.5 9008.7225940279968199 7412.5170067544831909
260 9031.7723043659243558 7431.1190090892669105
260.5 9052.2465405601069506 7446.8429145865402461
261 9051.113437297522978 7444.0702313773945207
261.5 9065.8319793951213796 7456.4352782577007019
262 9105.7654877218974434 7493.2638348036653042
262.5 9134.5271943241768895 7522.2160278273941003
263 9156.9639728481142811 7544.6282801080733407
263.5 9177.7128603245473641 7561.3575844604547456
264 9197.8432991265799501 7579.2942929977407402
264.5 9226.5975803045948851 7608.2887088720563042
265 9236.9399556589542044 7615.7925925573335917
265.5 9256.0051201439800934 7629.867157981737364
266 9273.9669634146175667 7645.2255385629941884
266.5 9300.6103084473306808 7669.118884098399576
267 9327.3926354351788177 7690.6537991029517798
267.5 9362.3713326584729657 7717.4341040072895339
268 9386.9017447278674808 7735.3890157285313762
268.5 9427.1251610932686162 7766.6129674693347624
269 9450.039659452790147 7788.5816152168499684
269.5 9449.3526136272976146 7788.3481854973733789
270 9475.1201885746813787 7808.8936089721555618
270.5 9524.7330094052194909 7850.8568961716737249
271 9538.8336861865500396 7863.4748912527829816
271.5 9569.9151666184388887 7891.015682902194385
272 9583.5462952772941208 7901.1198796874296022
272.5 9607.664806319589843 7925.7394127914858473
273 9642.9174694065895892 7952.232400099996994
273.5 9676.0411956794705475 7978.6780470390849587
274 9690.1457277209428867 7989.6576594877633397
274.5 9717.3254528200614004 8011.8552053501098271
275 9735.5682294341058878 8028.0868835895735174
275.5 9746.6479804876616981 8037.8058068175350854
276 9773.6768047959321848 8056.6895861874709226
276.5 9815.7739787615082605 8093.1356871853749908
277 9824.6942762191611109 8103.8335387524775797
277.5 9841.6711935168295895 8116.9063660227720902
278 9839.6830795353344001 8115.8797032989641593
278.5 9863.2216462910746486 8129.5644960552763223
279 9881.8297745714698976 8144.7227193193539279
279.5 9871.969671002962059 8133.9128601576549045
280 9883.6959160138358129 8144.8263364109652684
280.5 9902.2765396005161165 8158.1294750141414625
281 9903.6756739705306245 8155.4795731310596238
281.5 9925.5561887512631074 8173.4564532264339505
282 9971.4610473479588109 8210.5327085835942853
282.5 9992.5988726674440841 8229.4283700397900247
283 10020.487235563228751 8254.2055644648426096
283.5 10058.636583380404772 8285.912096189442309
284 10089.779033696171609 8313.7900927225291525
284.5 10112.897235063001062 8330.8534628803317901
285 10142.743780748909558 8359.7580705036743893
285.5 10180.891703033603335 8388.3877339488753933
286 10174.037988674335793 8381.7529509919513657
286.5 10181.948059473519606 8386.7185138615095639
287 10190.304899388016565 8392.5951153605165018
287.5 10183.166780563762586 8391.8139904518920957
288 10197.613038751482236 8404.8490641924290685
288.5 10231.762681713473285 8432.7047070266853552
289 10240.85947044783461 8443.4454730492470844
289.5 10239.500299833429381 8446.7031164453546808
290 10257.306161346643421 8463.3453605530212371
290.5 10265.760786221288072 8474.4927427383099712
291 10274.236293677447975 8483.5985995601640752
291.5 10274.96842589348671 8483.2755489280170877
292 10293.761437119332186 8494.0609634080083197
292.5 10316.2993170509435 8511.0183130704062933
293 10327.313152041780995 8515.1237204566605214
293.5 10339.669709555861118 8527.6511593005761824
294 10359.212194025531062 8546.2167739926608192
294.5 10379.262095124489861 8566.7481860284970026
295 10412.793790722271297 8592.4403802214728785
295.5 10425.555560502330991 8604.2942239694148157
296 10433.116810052648361 8610.2661159419276373
296.5 10441.749859060089875 8616.9505052872500528
297 10460.074634212058299 8632.2028652289573074
297.5 10501.278105191619034 8664.1132029964173853
298 10525.19241754966788 8684.1262241685835761
298.5 10535.354111197886596 8691.1928603951819241
299 10565.038286647088171 8715.8943005472265213
299.5 10587.837650293287879 8735.8990536305700516
300 10625.329812312702416 8764.6099426872769982
300.5 10647.920033215477815 8786.1327219272407092
301 10706.836882231402342 8835.3528630996261199
301.5 10741.14614933730445 8861.7960112515047513
302 10776.949626655326938 8887.5483326447520085
302.5 10810.102866529254243 8921.0897208270289411
303 10825.724057127619744 8932.754634402863303
303.5 10839.846634042971345 8944.2266705141082639
304 10846.089502617089238 8943.7811202364664496
304.5 10849.519001308643055 8947.4948091903406748
305 10862.129474688836126 8960.9860064846561727
305.5 10848.800148278372944 8947.4522571959387278
306 10852.334502764548233 8945.9030826376656478
306.5 10890.682516888413375 8975.3212422786382376
307 10929.770140190626989 9008.4263495851027983
307.5 10952.448754669851041 9025.6311061371961841
308 10944.321798058546847 9018.2521095717438584
308.5 10955.296926734401495 9025.9602105074864085
309 10964.182180240068192 9035.9442087634852214
309.5 10979.928895093498795 9052.113604520141962
310 10978.841075525688211 9048.6295012166610832
310.5 11004.286814766912357 9070.2855960196775413
311 11033.683320921240011 9095.3978329242581822
311.5 11066.600132369032508 9125.2601193485861586
312 11099.189304111489037 9156.1343084872733016
312.5 11109.192720059469139 9163.4397601705150009
313 11132.578303217838766 9183.8290606667014799
313.5 11165.732436877300643 9210.939862937450016
314 11169.041359623088283 9203.6774464221307426
314.5 11198.77489766330109 9227.6108328002410417
315 11208.567779009033984 9233.3402174372167792
315.5 11216.774223353968409 9236.4592236819717073
316 11230.967981419984426 9249.3325012137192971
316.5 11234.726688738152006 9250.8473411631075578
317 11254.096228249616615 9272.0979199001794768
317.5 11267.031079340005817 9279.5367459994722594
318 11298.098940088289964 9305.0156304978863773
318.5 11296.104890749245897 9304.6018546060222434
319 11309.722408253386675 9307.0384664770626841
319.5 11321.710331162519651 9316.4753423980419029
320 11356.215694048369187 9339.042479427800572
320.5 11377.652164483868546 9355.3810120919151814
321 11390.634770040629519 9362.6389070996174269
321.5 11438.284448725196853 9403.1854813559384638
322 11458.355329906549741 9416.9584697020400199
322.5 11471.053312240524974 9429.8762271269115445
323 11512.36801834569269 9466.0805729994244757
323.5 11549.091978045345968 9494.3622802556492388
324 11574.592768394888481 9515.7250608558351814
324.5 11589.447422005174303 9527.3870286180335825
325 11600.875375835072191 9541.2416930660019716
325.5 11617.975464604758599 9555.0713579269504407
326 11635.361933351134212 9572.0325640664577804
326.5 11673.797967658381822 9604.857634884705476
327 11702.228785308770966 9631.1403204030812049
327.5 11708.140325464430134 9635.067254195246278
328 11717.732533474698357 9641.7785005916175578
328.5 11726.264272910488216 9647.3043947740807198
329 11714.536196978149746 9635.2079427150529227
329.5 11733.115157885335066 9655.2187634922629513
330 11737.071855331143524 9661.2267311392824922
330.5 11759.139907698039679 9681.0132142672828195
331 11775.164092349645216 9690.9423879287551244
331.5 11797.692443567950249 9709.2163114537506772
332 11815.870447541317844 9726.3560182553883351
332.5 11831.386770545845138 9737.4865541553517687
333 11895.45890257438441 9786.4626511978531198
333.5 11910.198256776431663 9802.1041666492965305
334 11931.785369299239392 9818.1993237840924849
334.5 11936.18774310390836 9817.3838668044754741
335 11936.328746491404672 9813.2398271723704966
335.5 11947.569894847467367 9819.5792100146172743
336 11944.868730542624689 9808.9538683397295245
336.5 11971.531355294859168 9829.4078561419992184
337 11986.222838052752195 9841.7622487948774506
337.5 11991.341503634634137 9848.7918850727292011
338 12011.777090535390016 9867.8802035863700439
338.5 12025.133793122784482 9874.2563587791173632
339 12051.221767633154741 9893.3123933873266651
339.5 12051.138342911659493 9893.6539756383572239
340 12048.160669393982971 9886.0418491109830939
340.5 12073.720630512567368 9907.636006699554855
341 12097.29160006850725 9930.0300610073554708
341.5 12093.752720665861489 9930.3243354940568679
342 12127.695105762408275 9956.7180701733323076
342.5 12163.222471561030034 9988.9976569884220226
343 12172.632790108738845 9995.2286305607340182
343.5 12180.827427884296412 9996.23974131988507
344 12201.860077969959093 10014.134378738242958
344.5 12224.484039273977032 10030.831815144640132
345 12225.046668119979586 10029.121386974273264
345.5 12263.807182795973858 10061.215427910874496
346 12293.555058808311514 10089.819829858322919
346.5 12305.211157384508624 10098.752507700904971
347 12343.508510856847352 10126.19676451588748
347.5 12390.625661336585836 10161.605300331790204
348 12392.891844441264766 10159.259776688344573
348.5 12362.634534294898913 10132.951013271487682
349 12390.421518587101673 10145.746149249011069
349.5 12429.533110193042376 10172.112648932961747
350 12444.182284217735287 10176.90988171963545
350.5 12477.311363668326521 10199.722131809998245
351 12473.794265049609749 10191.745330115754768
351.5 12481.965264047033997 10193.836587580603009
352 12492.413056553557908 10209.352968873306963
352.5 12528.658130576573967 10233.831926548769843
353 12535.272241804224905 10235.973219288849577
353.5 12566.297184283548631 10258.897229509791941
354 12578.647147745938128 10277.085896167232931
354.5 12612.427505728317556 10306.309494501188965
355 12657.532347687012589 10345.008503641882271
355.5 12657.143767230863887 10343.703589200151328
356 12683.429965286093648 10363.152039973952924
356.5 12701.009158193246549 10374.518005178231761
357 12701.960622878479626 10376.002038375170741
357.5 12751.548560764511421 10415.935648460594166
358 12777.93285464795008 10438.471150815870715
358.5 12813.75299396875198 10470.215627593630416
359 12822.07090660434551 10480.758816441273666
359.5 12845.675550371113786 10507.370090648921177
360 12849.548786212659252 10513.960743916934007
360.5 12841.856020877206902 10507.864027757326767
361 12852.147411335725337 10518.215202122953997
361.5 12836.493155625308646 10502.235890995758382
362 12854.087770006892242 10514.468798886013246
362.5 12865.499973634843627 10524.753266564437581
363 12902.909416954904373 10555.375486575165269
363.5 12902.493648040193875 10552.533327545575958
364 12915.195551403692662 10561.125050965363698
364.5 12939.009188392168653 10573.801803517497319
365 12943.680171562620671 10579.276476321228984
365.5 12967.366712248172917 10595.157379175860115
366 12983.260796735428812 10603.671766804618528
366.5 13001.232154879722657 10616.087535001286597
367 13007.749381260144219 10624.30470891709956
367.5 13013.143702033567024 10629.927389377620784
368 13033.220746607141336 10644.288067441319072
368.5 13031.737562700687704 10637.842279978169245
369 13038.839685391794774 10639.34360801236835
369.5 13039.443024736025109 10634.717681215513949
370 13050.935706312819093 10641.538067098716056
370.5 13058.794903537465871 10650.481916332093533
371 13111.87160748840688 10690.619488680344148
371.5 13109.240525267050543 10689.283611870680033
372 13140.59463825158673 10716.465974010239734
372.5 13158.530265901337771 10731.527806473528472
373 13180.18949732031615 10753.814354974130765
373.5 13221.62106468433376 10792.5045631860703
374 13249.204120275984678 10823.35993465667525
374.5 13286.321642911629169 10856.204430958699959
375 13309.782269326147798 10874.509584243514837
375.5 13306.571630030453889 10869.939971354717272
376 13338.965262365740273 10893.396112032522069
376.5 13367.359419349846576 10914.597961500643578
377 13349.927788178531046 10894.823970827099402
377.5 13359.804203386758672 10904.448316004567459
378 13377.335380148102558 10924.534083715680026
378.5 13410.948629053142213 10953.105522764624766
379 13453.214775861310045 10986.929426751319625
379.5 13478.056886133534135 11006.072247901734954
380 13482.747002135552975 11005.517070317415346
380.5 13500.897519139023643 11018.270310948848419
381 13482.624302992180674 11010.0085941954585
381.5 13498.623435543433516 11021.198419247937636
382 13533.649178350573493 11049.887944329000675
382.5 13584.879401690946906 11090.960328075047073
383 13607.949211599539922 11112.818511228651914
383.5 13640.56989372627686 11137.068712233311089
384 13692.819227280127961 11179.162910213455689
384.5 13724.861220659871833 11204.380914284947721
385 13754.294297152695435 11229.337920419804504
385.5 13769.179069239322416 11242.718064907381631
386 13800.92655968062536 11265.616096161244059
386.5 13842.001458844084482 11300.277692081648638
387 13891.704459770726316 11337.640458941539691
387.5 13906.448656441571075 11352.603690981857653
388 13961.442950921040392 11400.516503207578353
388.5 13977.190275552673484 11414.781357332436528
389 13999.808856931556875 11434.009792307011594
389.5 14007.091146725280851 11438.295212388529762
390 13985.49208891163471 11417.983708665336962
390.5 14004.092929979216933 11427.820579942748736
391 13997.634267259782064 11420.944719304485261
391.5 14011.928989085474313 11428.792979130750609
392 14030.889888926567437 11443.690548422186112
392.5 14072.467207630381381 11476.681000045931796
393 14081.886852870655275 11483.790483060069164
393.5 14098.242753367974728 11493.714524475115468
394 14106.265746343757201 11502.961590897013593
394.5 14093.142914183208632 11491.320579936065769
395 14101.068378667683646 11506.918814874350574
395.5 14099.13874840425342 11506.449822825539741
396 14114.177115025875537 11524.431291534781849
396.5 14157.520666219534178 11559.134182652474919
397 14148.972441622605402 11556.494806580676595
397.5 14132.086563052565907 11542.783313021169306
398 14159.207870818347146 11566.807471833517411
398.5 14162.396739058523963 11571.893651397858775
399 14186.756598837318961 11596.192726353965554
399.5 14221.430340506511129 11618.987634052647991
400 14210.299996374938928 11607.034984282683581
400.5 14220.547828508822931 11614.125030253573641
401 14223.660587993510489 11614.268971967858306
401.5 14211.492832752983304 11605.969302418512598
402 14210.742356743674463 11611.160952649361207
402.5 14251.266728050297388 11651.150714924648128
403 14246.423971998730849 11649.590053196070585
403.5 14280.178680510642153 11673.895797455823413
404 14285.830986990611564 11680.315349743836123
404.5 14305.463623928739253 11696.289486535873948
405 14325.191125149478466 11715.187092007145111
405.5 14340.933873630621747 11730.01095080329651
406 14360.293878103830139 11744.90385215261449
406.5 14407.016365144114388 11785.915147439485736
407 14437.246050548044877 11809.06745704450077
407.5 14475.416543882232872 11843.197506402113504
408 14495.172451683845793 11867.979781347994503
408.5 14502.224098750326448 11874.543689577038094
409 14522.359249735847698 11893.007432155030983
409.5 14562.226019244078998 11928.410923332236052
410 14590.023012403044049 11956.806930979200843
410.5 14606.001774406704499 11970.394629898972198
411 14619.125123949741464 11977.145618178623408
411.5 14605.541164006355757 11966.227007850762675
412 14617.783970455164308 11978.66644680223726
412.5 14643.816802634544729 12001.607510095012913
413 14660.012790101651262 12022.83503304322403
413.5 14656.871082582963936 12024.071645601283308
414 14670.721743039273861 12036.920941362359372
414.5 14687.607489438420089 12048.864823946551041
415 14729.634306596257375 12080.555479273669334
415.5 14714.953741718009042 12067.430295860191109
416 14708.535524085042198 12060.326953620444328
416.5 14717.829948140899432 12072.490080350995413
417 14721.699399002922291 12072.36182868224023
417.5 14753.593632801697822 12095.526830140943275
418 14742.363016106266514 12084.896451833703395
418.5 14747.185205485397091 12087.190811655571451
419 14753.877871021011742 12091.211721394180131
419.5 14736.966103933404156 12074.187236318046416
420 14756.785646221669595 12089.082079607134801
420.5 14745.873941222460417 12078.950720776483649
421 14762.481308355947476 12089.801166042867408
421.5 14778.088067245504135 12103.687767253730271
422 14792.44667051466422 12115.351179340510498
422.5 14820.968691173095067 12138.524213411756136
423 14857.479208933211339 12169.081264618958812
423.5 14836.392198089837621 12153.613985823682015
424 14844.166281515084847 12161.102464746012629
424.5 14854.489992407159662 12165.771831124417076
425 14883.31244415250876 12190.00121701837088
425.5 14904.545204267249574 12208.301478264227626
426 14947.718492161164249 12236.155101532473054
426.5 14960.411346375365611 12245.89033478689089
427 14981.706358695268136 12261.557797338158707
427.5 15010.65065612397666 12285.284850677493523
428 15048.487071470734008 12315.76629490547748
428.5 15051.15077982126968 12314.553311723615479
429 15082.440225920472585 12337.430737812002917
429.5 15126.851127634148725 12372.20162593538771
430 15136.941123409304055 12369.468175701736982
430.5 15142.68118255925765 12367.842958234768957
431 15148.375499631931234 12368.039581520053616
431.5 15160.816172418622955 12374.894762361031098
432 15179.797045390419953 12386.89631763903526
432.5 15209.732534366541586 12415.636891872385604
433 15236.414571485740453 12441.424646508612568
433.5 15267.936228958655192 12461.632335273849094
434 15277.765679453046687 12470.37459817744093
434.5 15312.57798920580899 12496.859584575930057
435 15346.279908960990724 12520.027052654821091
435.5 15379.693424047529334 12544.40161270536737
436 15434.217109950606755 12582.108672881076927
436.5 15453.969602853338074 12593.731981025804998
437 15494.150907161745636 12630.602240154961692
437.5 15553.24037750653406 12679.576002119159966
438 15553.073150515658199 12680.004465292722671
438.5 15571.510752465746918 12695.208946142787681
439 15587.42031764946114 12699.51256238140013
439.5 15605.868193548816635 12712.072699879074207
440 15606.029886837965023 12705.338682441977653
440.5 15634.398110809321224 12724.969404849307466
441 15640.951672263157889 12735.808840557689109
441.5 15661.15682077763995 12750.267515076357085
442 15694.828137294296539 12777.94901977288464
442.5 15691.823721506825677 12777.994351881703551
443 15699.804641772787363 12793.13521044738809
443.5 15720.888702439044209 12810.169918561043232
444 15729.563338547550302 12821.703771229185804
444.5 15718.780061216315517 12810.979646492975007
445 15739.302120144195214 12823.821254142410908
445.5 15772.895797420675081 12851.936415319711159
446 15797.249228752272757 12874.084058691931205
446.5 15778.160801303796688 12853.224885558580354
447 15784.66120599916394 12853.158321220236758
447.5 15787.396764455519588 12848.983775515926027
448 15792.165252345270346 12856.224081812984878
448.5 15821.058946034636392 12879.53959289485465
449 15834.583271274637809 12889.909840295531467
449.5 15867.016244288621238 12912.505597067447525
450 15916.859462009932031 12949.89212183714335
450.5 15934.190059763757745 12964.295590600220748
451 15934.844180333060649 12963.883792712895229
451.5 15944.536377458322022 12972.964699224716242
452 15935.417681805631219 12960.632289612503882
452.5 15945.145067023035153 12970.002879270872654
453 15981.401101929306606 13002.957353294916174
453.5 16007.020121726673096 13029.030621043222709
454 16016.716826531033803 13045.187517729966203
454.5 16032.47542783193785 13062.064665593814425
455 16060.848257527222813 13089.796199305599657
455.5 16091.21773620939166 13117.778235010497156
456 16125.261243344333707 13144.795308200247746
456.5 16128.632286499218026 13145.430788504721932
457 16143.672540844763716 13156.440868845715158
457.5 16143.797923003614414 13156.317749317717244
458 16195.668783725370304 13197.201606867585724
458.5 16191.813221040722055 13196.492487028379401
459 16190.524318667823536 13199.373787631693631
459.5 16217.074637585081291 13216.985854226275478
460 16231.173019937603385 13230.96349777314208
460.5 16271.467784423955891 13266.256200900994372
461 16331.983729104849772 13321.550388565328831
461.5 16341.390928861887005 13325.851169099436447
462 16324.302330807326143 13313.231483835401377
462.5 16336.694469000107347 13322.355928648208646
463 16350.573628959940834 13335.103931974306761
463.5 16359.346688832383734 13346.514312841436549
464 16374.203712550814089 13359.869819621566421
464.5 16379.513358912061449 13363.523247144181369
465 16431.676028288326052 13404.855529281016061
465.5 16443.95834477943572 13414.332394705752449
466 16442.304730643911171 13411.098896591280209
466.5 16441.450533410363278 13415.599975991057363
467 16458.487311894688901 13431.235004660205959
467.5 16490.205442379006854 13455.068648160564408
468 16537.999637407527189 13491.83220032472309
468.5 16553.770469467115618 13504.988271453690686
469 16566.223082219719799 13515.888614569956189
469.5 16582.465661624362838 13530.679856430344444
470 16616.641352168346202 13557.125668610520734
470.5 16607.321870482232043 13547.026563510920823
471 16607.936450232042262 13550.912652131921277
471.5 16589.845806154815364 13539.644464697517833
472 16625.823015792851947 13566.91022836211414
472.5 16637.863330174001021 13581.250587648479268
473 16662.813172282061714 13597.697726718650301
473.5 16672.52399096894078 13607.93710971668952
474 16707.517590156738152 13631.768069034797008
474.5 16712.760477821520908 13642.245588304251214
475 16730.337608803376497 13666.746342819471465
475.5 16720.536656773405412 13662.791206169622455
476 16735.740031821726006 13674.129302621859097
476.5 16742.425155698725575 13679.023056623624143
477 16748.75560698123445 13682.052295904330094
477.5 16787.095216396908654 13716.027521996646101
478 16808.359742795804777 13733.885404488601125
478.5 16824.857786809421668 13751.658638649418208
479 16833.112703042894282 13763.519511142101692
479.5 16873.733268830786983 13792.205729392775538
480 16913.643888634538598 13820.34639353581224
480.5 16941.683424330094567 13835.895087580407562
481 16959.391768883342593 13849.870236421262234
481.5 16991.728301516413921 13872.263489462668076
482 17041.445241257202724 13914.235240677988259
482.5 17057.199921264600562 13922.56162244234838
483 17088.105694720470638 13951.455805592395336
483.5 17121.4204063265679 13980.182447339417195
484 17151.173918787451839 14004.302215826575775
484.5 17162.336347751734138 14014.401738604432467
485 17193.578674848529772 14038.098221974616536
485.5 17179.124152069878619 14019.816375421418343
486 17194.631974482326768 14032.696277352177276
486.5 17237.266788249300589 14065.342870733316886
487 17239.364215321485972 14062.327691251310171
487.5 17267.972590612254862 14088.9517021218835
488 17303.465619042424805 14121.357875684621831
488.5 17353.39844579126293 14166.410385966100876
489 17368.940113547327201 14184.819899216898193
489.5 17362.30873340042308 14180.329925569889383
490 17336.989676189677994 14159.015798994028955
490.5 17336.784101172775991 14158.700590057520458
491 17373.283451146842708 14188.063810415556873
491.5 17381.631479038202087 14197.041026130707905
492 17410.609568996613234 14222.735962597338585
492.5 17418.314384512454126 14232.959351658711967
493 17452.898200521452964 14266.31589561477449
493.5 17495.232266648319637 14304.651837370793146
494 17517.673041312587884 14323.74985308659052
494.5 17573.044525859299029 14365.038236450247496
495 17595.541449633048614 14379.580163442718913
495.5 17633.51365666356287 14408.469092269910107
496 17679.652720451151254 14448.161104721928496
496.5 17713.103579426293436 14470.099960659468707
497 17718.915096952241583 14472.233670457279004
497.5 17701.409153315547883 14463.081504292413229
498 17713.645863977879344 14474.091125480339542
498.5 17742.222718698445533 14494.303284020414139
499 17803.228597665060079 14545.216729695137474
499.5 17835.294046539376723 14575.915991180221681
500 17874.943893268024112 14608.852388349287139
500 17874.943893268078682 14608.852388349294415
500.5 17915.772591575147089 14639.39705975099605
501 17912.151050888027385 14643.360415048815412
501.5 17926.077686116605037 14655.183715403301903
502 17930.153025570063619 14662.196136028631372
502.5 17939.354150187104096 14675.265565543575576
503 17955.387541059808427 14692.365870840589196
503.5 17934.415655944067112 14680.841413371077579
504 17933.401514477915043 14687.82144204065844
504.5 17969.54881140737416 14718.165089530682963
505 17998.518359067911661 14741.4653033076047
505.5 17982.039445861464628 14726.535175292865461
506 18015.309233360247163 14756.662189193908489
506.5 18074.484914185501111 14798.836999466628185
507 18063.562542047613533 14796.613341646529079
507.5 18064.305793585928768 14796.638469441386405
508 18076.754534594492725 14805.912747358926936
508.5 18120.019330792190885 14841.358712070752517
509 18146.339916920693213 14857.34654067356314
509.5 18182.670209168772999 14889.64156330456899
510 18175.616092502787069 14883.038305244788717
510.5 18154.383449544024188 14867.736918975921071
511 18157.753349566217366 14861.931806297759977
511.5 18193.141806706520583 14887.551308849491761
512 18212.834506602270267 14902.07995372539699
512.5 18231.401590988836688 14915.5267009621748
513 18269.640415931593452 14943.996221876332129
513.5 18331.869176974487345 14990.668359917874113
514 18375.082709091344441 15021.287248782908136
514.5 18412.901023819806142 15050.331704993121093
515 18428.707289624930127 15068.289060335057002
515.5 18452.457858628651593 15088.16803679143959
516 18486.075963420771586 15112.209586338622103
516.5 18516.58961224192899 15131.78217774535733
517 18551.024569173318014 15152.935055969030145
517.5 18576.862928445902071 15178.703851471454982
518 18593.872600625010818 15188.255617629711196
518.5 18587.606524090304447 15184.598298519806121
519 18602.583596729149576 15201.424940449165661
519.5 18619.516421620905021 15215.420518654513216
520 18642.376746894395183 15231.854357594602334
520.5 18633.691015388649248 15219.384247406820577
521 18619.542603504414728 15205.40080554718952
521.5 18633.163891973792488 15216.200181318792602
522 18588.046539317347197 15181.365547865403641
522.5 18591.182194611275918 15186.187030450211751
523 18626.76003394116924 15213.01367050742374
523.5 18650.008035556649702 15235.4027802534074
524 18687.0826175664115 15262.451852740714457
524.5 18738.873868687813228 15304.218121427646111
525 18772.538627411213383 15324.864841687660373
525.5 18740.396054813987575 15304.260285617981936
526 18745.977079349078849 15305.935194105097253
526.5 18807.20763207926575 15360.925221321418576
527 18812.421133059779095 15363.73851754268253
527.5 18856.439841887891816 15403.771033076993263
528 18848.2287804986845 15401.225568359970566
528.5 18839.681844739694498 15393.465013937417098
529 18812.453064449378871 15368.436224052327816
529.5 18833.162400304612675 15387.189925172535368
530 18901.276087372680195 15445.62584266065096
530.5 18884.118625806182536 15433.903438250939871
531 18918.494391937205364 15457.530369109081221
531.5 18938.963403408470185 15476.307775064780799
532 18916.488282814952981 15451.643866756849093
532.5 18946.387914463433845 15473.677035447877643
533 18916.772905368474312 15449.803370260719021
533.5 18926.589832750083588 15463.766315119195497
534 18939.549475567040645 15476.784135847135985
534.5 18933.995724514184985 15467.951981101670754
535 18951.590151711243379 15479.852782590385686
535.5 18969.640837625385757 15495.45846005299245
536 18999.466800791789865 15511.485501416049374
536.5 19023.696112497967988 15527.735222320770845
537 19041.907797427127662 15545.977929664148178
537.5 19080.531436871977348 15576.149128523635227
538 19145.655113519533188 15627.910148652794305
538.5 19200.976394221212104 15671.168726767527914
539 19213.947827875213989 15682.414948860277946
539.5 19258.812078322785965 15718.787475487979464
540 19250.594066029065289 15715.869515268843315
540.5 19292.672164524687105 15745.478974855615888
541 19324.653701831863145 15771.138733696376221
541.5 19312.295663290649827 15762.939127068184462
542 19314.619881138907658 15754.395778146072189
542.5 19319.331046725361375 15749.053646998425393
543 19324.887552723826957 15747.489483924562592
543.5 19323.457832158503152 15739.266686350567397
544 19365.185753044192097 15774.980308475116544
544.5 19356.529049161239527 15773.273321648799538
545 19340.465528259243001 15758.768259257569298
545.5 19367.6499774949516 15775.411022988528202
546 19378.387143804586231 15788.353161052142241
546.5 19407.899484657358698 15811.700315515294278
547 19380.073088724511763 15789.606913602568966
547.5 19373.07417842536961 15786.962203516390218
548 19380.120245261245145 15796.04986078897673
548.5 19362.67508771644134 15787.677015489558471
549 19390.697332392770477 15801.200593595436658
549.5 19417.280568549442251 15822.96201045142152
550 19447.181566783787275 15844.365433537564968
550.5 19492.021776865210995 15877.636801489396021
551 19542.086908551489614 15915.648184024033981
551.5 19562.636602852697251 15936.175250487371159
552 19585.692824799523805 15951.19676673752474
552.5 19595.092867974166438 15958.591391702733745
553 19622.225438184708764 15979.324745579178852
553.5 19656.75330826006757 16010.026245658378684
554 19676.536022110030899 16027.579125612694043
554.5 19721.797937671231921 16058.526001112810263
555 19734.498605283344659 16069.82964628164882
555.5 19700.357122152880038 16043.895655916900068
556 19718.425101260567317 16061.887211313493026
556.5 19698.181169677671278 16049.508400013482969
557 19711.062832431729476 16058.853181850832698
557.5 19716.106463086132862 16065.557555802326533
558 19706.67238026286941 16055.908660099132248
558.5 19738.162014237255789 16085.930638840791289
559 19723.122981703061669 16075.167283400205633
559.5 19744.086421885549498 16093.474572926270412
560 19726.972597245112411 16075.757649535453311
560.5 19728.398235645039676 16074.0684149282406
561 19768.320138780913112 16106.012824808985897
561.5 19779.571393285728846 16116.449752117989192
562 19810.303024609533168 16149.905604342362494
562.5 19799.569273701999919 16140.004423611522725
563 19793.475153125869838 16133.297815159035963
563.5 19780.288754556946515 16125.524413282262685
564 19782.095998092921945 16129.690816303615065
564.5 19785.140252545250405 16126.882374369686659
565 19752.68423479609919 16099.477640962029909
565.5 19777.585010099628562 16123.225281406583235
566 19799.50679155681064 16146.024297110850966
566.5 19785.10027552129759 16134.883303191763844
567 19831.125686301733367 16163.228206382578719
567.5 19814.125246778148721 16153.372283417396829
568 19845.171433464664005 16183.086970806711179
568.5 19845.487183513781929 16185.13147264190593
569 19894.010864816664252 16225.266641633999825
569.5 19924.567959501371661 16246.691405723666321
570 19957.363207076701656 16270.460310564583779
570.5 20008.959823069584672 16315.11843696527103
571 19994.076161653618328 16305.014014581067386
571.5 20032.059482495798875 16334.221204238276187
572 20053.745169969177368 16347.413648129657304
572.5 20084.990651266805799 16372.135511789654629
573 20131.525461611658102 16409.896398253295047
573.5 20123.989235522429226 16407.094101300219336
574 20130.416172109864419 16406.272630531242612
574.5 20126.938449025397858 16398.929930375168624
575 20115.032745037507993 16390.647215746921574
575.5 20129.268380205357971 16405.732582334127073
576 20174.595892977387848 16442.080841145405429
576.5 20157.212260668729868 16427.010091381147504
577 20183.491291132777405 16445.811196026807011
577.5 20211.010718451470893 16468.174812989906059
578 20252.65005094342996 16496.939976879471942
578.5 20263.957325049708743 16511.650353731205541
579 20287.207178461143485 16537.7739375845631
579.5 20306.289996358773351 16548.559250935504679
580 20333.094554028102721 16568.776341226232034
580.5 20320.598017771633749 16556.833391966723866
581 20344.429093919865409 16573.404732191058429
581.5 20309.811176625331427 16544.712723312783055
582 20296.541915905017959 16540.767521136149298
582.5 20324.422475752420723 16568.692996582303749
583 20331.173650406475645 16575.86928247304968
583.5 20372.86410209990936 16605.315261916999589
584 20414.338257787829207 16639.030775291066675
584.5 20466.025329263633466 16670.555900642972119
585 20476.9733760287927 16679.154018371198617
585.5 20496.358368800232711 16688.53453142435319
586 20570.594441566419846 16744.970197319576982
586.5 20568.790850653625967 16750.454146743359161
587 20550.313024814538949 16730.277719116689696
587.5 20570.377095789874147 16746.288608860664681
588 20597.353829186427902 16766.348399832353607
588.5 20618.744801371234644 16781.628810850274022
589 20604.564264146669302 16772.046112835560052
589.5 20626.591316917598306 16796.29939968277904
590 20623.316832471926318 16792.528039313139743
590.5 20627.620665371468931 16797.78704612825095
591 20641.333878939753049 16804.017741979630955
591.5 20665.796883525861631 16823.142568428098457
592 20676.953542514092987 16835.611429006028629
592.5 20715.752724600715737 16860.07371024166423
593 20719.172195450741128 16863.173437811743497
593.5 20725.737281531102781 16870.853957971587079
594 20759.751048149792041 16895.238322043260268
594.5 20755.156660828593886 16893.538667375607474
595 20751.523979161480383 16893.014805256618274
595.5 20744.670524756249506 16887.807059727510932
596 20752.879150662294705 16892.355323763422348
596.5 20757.575632143340044 16896.496179432848294
597 20771.865285413812671 16912.062018098797125
597.5 20789.195173408672417 16931.049314458065055
598 20804.189379072169686 16946.619080375250633
598.5 20819.556944400585053 16960.977234485315421
599 20871.903156937805761 16994.798419564875076
599.5 20893.260863172399695 17004.259472070447373
600 20917.117593598228268 17025.307412393285631
600.5 20965.954075110301346 17062.379907608486974
601 20987.094501586219849 17085.248880740648019
601.5 21019.249288076603989 17108.330733068192785
602 21066.383673339660163 17147.047668552077084
602.5 21057.134782709552383 17148.774291149482451
603 21020.834535532943846 17123.590149273011775
603.5 21012.454559434369003 17116.593297249153693
604 21022.798700424507842 17120.397473355729744
604.5 20996.202608699106349 17098.068254702571721
605 21025.731663344795379 17122.580814009397727
605.5 21007.398424106413586 17107.349948041101015
606 21024.222698203371692 17117.309715086030337
606.5 21058.450608406663378 17142.747206164847739
607 21038.676063634909951 17128.98281372022393
607.5 21069.060150814580993 17146.790646964731422
608 21114.487164389527607 17182.677591121850128
608.5 21132.970351518146344 17190.176438655638776
609 21166.01649501751308 17208.338623472696781
609.5 21188.703100784059643 17224.802316449939099
610 21202.286504608568066 17236.61846285483989
610.5 21276.812969667025754 17295.30024594716815
611 21282.560150605146191 17303.175837883187342
611.5 21269.766417221384472 17292.392389598808222
612 21353.16078984305932 17360.135052036046545
612.5 21355.351316922948172 17357.339649607110914
613 21396.423954784539092 17385.244860465700185
613.5 21368.043614690046525 17360.265005723194918
614 21365.803441474821739 17346.967095666197565
614.5 21351.577146818828624 17332.612979739296861
615 21392.247967710518424 17372.407779659090011
615.5 21399.670081329255481 17383.602709231010522
616 21421.086477463501069 17410.339885272274842
616.5 21430.787988847627275 17414.795481220535294
617 21409.136220524545934 17399.288119013646792
617.5 21400.929676748895872 17391.80452390263963
618 21429.371648243275558 17409.465211314411135
618.5 21418.423627762396791 17390.877136384220648
619 21460.621912968756078 17425.909687823535933
619.5 21441.100969648876344 17410.368499545093073
620 21475.467829282129969 17436.493734044095618
620.5 21471.982138797393418 17431.457758510587155
621 21466.200173541379627 17430.298542073040153
621.5 21500.049007720441296 17461.548104269331816
622 21512.383778163810348 17467.719937555892102
622.5 21493.034022668129182 17461.840584206773201
623 21493.518507537010009 17463.711457509067259
623.5 21502.472950025254249 17472.570856127953448
624 21540.307200764400477 17494.692090040040057
624.5 21521.617421723938605 17479.360950376747496
625 21550.715177703004883 17503.282941662790108
625.5 21581.994587629287707 17532.38126763299806
626 21607.484408142325265 17555.204307141448226
626.5 21623.755902260978473 17567.075891442909779
627 21680.544803988610511 17621.822632661616808
627.5 21698.408861170839373 17638.112722716032295
628 21723.36804422856585 17661.320481034555996
628.5 21754.842951722199359 17687.120464079416706
629 21766.622942481204518 17691.79252948975045
629.5 21797.057089270023425 17717.966046724861371
630 21808.46275405421693 17727.801187954828492
630.5 21772.907053378203273 17698.173262532069202
631 21769.86666868561224 17703.459621019181213
631.5 21784.357616949753719 17717.375678240634443
632 21777.644671641050081 17715.1158989793621
632.5 21828.762437855653843 17759.84117761006928
633 21844.478243187619228 17768.187536716592149
633.5 21865.823818876644509 17784.160910783099098
634 21882.974581168287841 17806.351039069457329
634.5 21889.627486431410944 17808.464034107302723
635 21950.811398977035424 17858.93644906571717
635.5 21988.886134677646623 17884.899068985767371
636 21970.640792600257555 17867.278675181405561
636.5 22010.677231725116144 17902.548470840796654
637 22008.129328542654548 17903.188791792654229
637.5 22076.103877174075024 17959.570833040481375
638 22117.804716824641218 17993.111772800533799
638.5 22127.975408393129328 18000.263542946340749
639 22137.037159060291742 18004.544880926361657
639.5 22125.818979113602836 17997.900159949811496
640 22167.0592341067495 18030.641964374382951
640.5 22149.81952099225964 18016.876420742028131
641 22142.311216026733746 18011.80340912106476
641.5 22156.011273041123786 18026.469140540310036
642 22169.014121513217106 18039.322401533132506
642.5 22177.680706170318444 18046.5279055525898
643 22212.106613348492829 18073.332078950541472
643.5 22206.439096291822352 18068.943848971139232
644 22241.44404046780619 18096.770095204574318
644.5 22292.011237345388508 18133.990491563741671
645 22271.284336097505729 18116.332243915141589
645.5 22271.200943553314573 18114.440165782969416
646 22270.302460443024756 18111.557313824625453
646.5 22253.788162500546605 18095.431117812644516
647 22266.678434451609064 18107.055676607236819
647.5 22285.761845730085042 18129.969022896177194
648 22278.568988801907835 18125.407797456275148
648.5 22285.071473028448963 18125.279710276525293
649 22284.461389483316452 18125.44734497535319
649.5 22303.348038870375603 18137.237561537986039
650 22340.70878192658347 18175.19611715917199
650.5 22369.527557382170926 18198.635896562569542
651 22397.583841648036469 18221.088165418648714
651.5 22439.556527560973336 18257.103174691124877
652 22415.051733890511969 18243.227279823837307
652.5 22431.324125024599198 18255.75311315991712
653 22435.971092247036722 18255.10678055077733
653.5 22463.497470436508593 18277.340000209118443
654 22506.22756484315687 18311.801284158736962
654.5 22544.078892910300056 18343.276383289117803
655 22569.77211008505401 18364.186807631078409
655.5 22553.968219711507118 18350.605999994200829
656 22619.916817533117865 18403.481191600705642
656.5 22634.560123142196971 18421.253351439667313
657 22681.56311210862259 18457.724832968669944
657.5 22713.000967477939412 18484.78757739003413
658 22680.963572482749441 18467.53305704484228
658.5 22694.622074787690508 18483.987208113521774
659 22680.232418799161678 18472.198817965858325
659.5 22680.713772804108885 18469.004053251446749
660 22732.519343238727743 18509.031716259851237
660.5 22721.197582750195579 18499.252539249497204
661 22731.797733400620928 18501.468379908397765
661.5 22720.051115248832502 18500.600925913906394
662 22746.665057016856736 18524.582158867906401
662.5 22751.749735791396233 18528.410104584774672
663 22728.023882509609393 18514.344862176007155
663.5 22772.929199657472054 18546.070656079213222
664 22788.650582647595002 18563.674408338047215
664.5 22762.055581414821063 18538.644589987128711
665 22762.616160739726183 18541.036528002754494
665.5 22799.232479593643802 18573.196153190536279
666 22803.919247877773159 18578.616080739335302
666.5 22849.07602274349847 18615.093300686829025
667 22884.396542629867326 18648.242073889923631
667.5 22930.109038184618839 18674.878123620896076
668 22942.163019405594241 18686.748373639056808
668.5 22952.848258132911724 18694.610973319457116
669 22979.518881196032453 18711.535352939634322
669.5 22982.902190674583835 18716.456526384466997
670 23035.144602028820373 18757.317123797918612
670.5 22999.719001343830314 18734.975720690505113
671 22980.533749135902326 18719.804395731422119
671.5 23001.403403715099557 18743.87960944986844
672 22975.821043058644136 18726.473118395162601
672.5 22972.646498582875211 18728.319183930347208
673 22952.645123900209001 18711.385177064308664
673.5 22965.957955972964555 18720.20574522852985
674 22964.340599904200644 18717.775576340340194
674.5 22970.372225176233769 18716.632738929321931
675 22998.066086022947275 18735.187112611580233
675.5 23003.628637618974608 18745.847992947274179
676 23006.009749648768775 18752.674548089929885
676.5 23021.199135926188319 18762.780418804541114
677 23016.840559728014341 18758.643697581865126
677.5 23046.803099004366231 18785.528774754471669
678 23086.866454143244482 18819.523124506868044
678.5 23113.250020537179807 18840.955936965088767
679 23121.959697086302185 18851.145755263474712
679.5 23097.791219245496904 18833.902201954359043
680 23120.845410679732595 18855.227782526872033
680.5 23155.889041414076928 18879.500364719067875
681 23158.786995004957134 18882.92635740069818
681.5 23197.027937121529249 18915.233801761914947
682 23216.211288995404175 18932.477293827010726
682.5 23276.215112943533313 18986.868386457237648
683 23272.260101244901307 18982.266248878473561
683.5 23259.396118888642377 18967.527275415824988
684 23248.470048833227338 18961.601543401164236
684.5 23279.983527039632463 18991.076898099003301
685 23271.994938203697529 18993.027362611872377
685.5 23263.614867118838447 18982.326436140578153
686 23276.251853918602137 18992.735932140109071
686.5 23246.019391733800148 18973.406417868158314
687 23247.495872958770633 18979.782975266116409
687.5 23293.604601883838768 19014.477984677763743
688 23312.388850672847184 19031.001165279769339
688.5 23340.022802859122748 19048.310244049975154
689 23334.362654845579527 19046.732122625231568
689.5 23304.82702631358552 19028.181896881600551
690 23335.334637232735986 19056.783923503073311
690.5 23323.99271966957167 19042.480504786064557
691 23293.034295648278203 19021.081275966138492
691.5 23275.066864800253825 19009.79914718947839
692 23303.609102123944467 19038.160012977852602
692.5 23321.415985445422848 19058.767211975016835
693 23305.966002757748356 19050.825448165967828
693.5 23314.128119421598967 19061.111505779244908
694 23308.26560959445851 19056.261266305376921
694.5 23344.200205928096693 19087.574799173977226
695 23332.752427736846585 19081.408298361031484
695.5 23365.649855075567757 19114.79508223863013
696 23359.384664979486843 19111.44367020593927
696.5 23416.5488813452248 19157.118171037589491
697 23450.593935545599379 19185.050675090322329
697.5 23467.29206116772184 19199.174175629610545
698 23426.690215930193517 19164.619694315231754
698.5 23441.498004746768856 19180.667559076966427
699 23413.428309455670387 19150.800366046620184
699.5 23436.534506815296481 19174.713425088400982
700 23428.308657850928284 19163.855243777361466
700.5 23437.726141588238534 19177.89791623660858
701 23432.811493092976889 19167.754534088111541
701.5 23438.116339855096157 19170.532960478722089
702 23446.563395522724022 19180.784409305902955
702.5 23453.962275324258371 19184.668827411966049
703 23485.906574856584484 19207.586792753598274
703.5 23458.853404397992563 19189.439650553158572
704 23488.041308976607979 19211.354494229777629
704.5 23541.848828442718514 19262.505514084634342
705 23537.756813733740273 19255.305747689686541
705.5 23561.625248759974056 19271.045761305977067
706 23600.095510207960615 19306.142329415793938
706.5 23573.974048972297169 19283.740291404374148
707 23596.259013460978167 19303.845553928040317
707.5 23602.091917372566968 19304.783617309953115
708 23597.623087346375542 19298.15564373705638
708.5 23625.68219138610948 19321.522058333895984
709 23625.170658839764656 19317.902432091148512
709.5 23632.797232749286195 19324.777157685697603
710 23674.084908271797758 19353.63310163316055
710.5 23681.48255991734186 19360.787629946280504
711 23680.266203642902838 19363.183184625726426
711.5 23684.521227418357739 19366.313387826641701
712 23681.816482412024925 19359.906478705161135
712.5 23720.321517963584483 19386.28207728617781
713 23738.816321403122856 19394.525796047117183
713.5 23782.440311336016748 19428.370523435358336
714 23816.751462995303882 19457.47879251905033
714.5 23837.554714337515179 19477.852570966748317
715 23837.828534282507462 19482.931041152194666
715.5 23830.539355655753752 19479.51869033881303
716 23851.306437859642756 19493.98249659414796
716.5 23884.087385314363928 19519.522302182958811
717 23850.137997579015064 19490.693975008638517
717.5 23898.308446815575735 19522.959434548254649
718 23897.549690024938172 19523.318722289630387
718.5 23892.341136645256483 19517.682557659751183
719 23900.969378004847385 19523.056440472351824
719.5 23923.246308216672332 19538.278493297031673
720 23935.322375911531708 19545.965289863434009
720.5 23946.01998924349391 19557.060591587956878
721 23964.974557260447909 19574.272198869264685
721.5 23960.989820871320262 19573.517792434930016
722 23991.991417540677503 19597.137821089476347
722.5 23994.967871295822988 19600.781353406280687
723 24001.868111485495319 19607.077643948607147
723.5 24027.63108414692033 19625.677273152425187
724 24052.706462408867083 19646.973106651737908
724.5 24054.090350286223838 19648.012795525602996
725 24107.738606054681441 19694.702344601908408
725.5 24114.283737454352377 19702.970477004175336
726 24135.15804268382999 19725.250255421000475
726.5 24171.105121943328413 19754.158498456392408
727 24178.688746816536877 19762.464861730590201
727.5 24185.077953701584192 19767.5590944329997
728 24207.110613096177985 19790.716562961602904
728.5 24226.679393665104726 19802.356620438404207
729 24276.40404109381052 19835.88070730700565
729.5 24300.462035245524021 19861.878425312956097
730 24314.681368104069406 19873.631760105054127
730.5 24352.139018325040524 19905.912364753527072
731 24369.927359385485033 19917.089310351366294
731.5 24416.516970901142486 19953.698967258973425
732 24418.737208902948623 19959.074894728866639
732.5 24444.926828083895089 19984.243837809688557
733 24477.833558752528916 20017.739325298662152
733.5 24536.792937779202475 20058.203204190129327
734 24565.49424962539706 20081.297366192571644
734.5 24538.582008880919602 20060.630875557952095
735 24557.468317506067251 20071.227498065727559
735.5 24562.507048376803141 20080.191831294414442
736 24609.943772797640122 20120.690291339727992
736.5 24671.980945796072774 20181.908323226998618
737 24657.277320784072799 20175.634435959669645
737.5 24676.199290052201832 20188.688401068659005
738 24680.51419680257095 20189.516603915570158
738.5 24672.449911254501785 20189.649522587293177
739 24696.766705253936379 20207.800079392331099
739.5 24710.727403313245304 20228.611869575113815
740 24758.141775271356892 20262.150844643634628
740.5 24769.058272042086173 20267.391172844985704
741 24741.889232411624107 20241.895407950069057
741.5 24724.652384942339268 20230.065984006447252
742 24763.871142477211833 20265.613886827362876
742.5 24740.399525957142032 20249.100486264218489
743 24786.169070670453948 20286.899415595929895
743.5 24797.187396062188782 20290.025003629732964
744 24814.135505721620575 20299.493318698427174
744.5 24785.465602829215641 20271.483361273025366
745 24793.46274162395639 20272.267548373391037
745.5 24758.32111248088404 20244.499961825385981
746 24757.514767210363061 20246.459602930717665
746.5 24791.577503127828095 20277.848571772490686
747 24755.789704270311631 20253.030079648251558
747.5 24794.163313843513606 20284.373153716769593
748 24807.200218169549771 20294.67640019893588
748.5 24788.665252781211166 20276.498927995555277
749 24751.39660055468994 20249.771267790983984
749.5 24745.43079967688027 20242.30700158075706
750 24810.023490488751122 20297.925068001532054
750.5 24827.918843519659276 20310.306779697042657
751 24834.298326542539144 20308.466773519707203
751.5 24855.938834162425337 20324.659076967604051
752 24846.574294832578744 20321.545168464403105
752.5 24910.043525740722544 20367.304811751677335
753 24944.590573446545022 20394.159099622560461
753.5 24956.028544216998853 20408.870781684050598
754 24967.886374744226487 20414.002648639918334
754.5 24943.314204201022221 20395.330049995864101
755 24929.219953968164191 20388.06105200193997
755.5 24899.192045599753328 20366.532938365489827
756 24885.839328938891413 20358.45854267022878
756.5 24911.888689703100681 20378.936969408419827
757 24902.950094732565049 20372.016688152012648
757.5 24865.546644563648442 20344.720792043910478
758 24860.238650535764464 20342.600944884026831
758.5 24841.430018831451889 20325.329899385640601
759 24897.970904899324523 20370.228226746017754
759.5 24899.871811679473467 20372.119130949085957
760 24922.258487908482493 20391.808073139771295
760.5 24902.003142690351524 20380.410323916188645
761 24898.689726190594229 20384.080694868265709
761.5 24926.040689812500204 20407.373675169874332
762 24925.340372872440639 20415.473334988339047
762.5 24872.899030114556808 20380.197226169471833
763 24895.709870202277671 20402.481788265809882
763.5 24896.291952701387345 20402.213756857148837
764 24870.831023005095631 20381.475060349643172
764.5 24889.436916032613226 20401.573539515822631
765 24885.737437703635806 20395.331776922255813
765.5 24898.889777244268771 20399.739081135820015
766 24910.90625581524364 20405.58280878970254
766.5 24894.934450522294355 20389.563936399474187
767 24917.285782411909167 20408.854936817522685
767.5 24906.118857932433457 20398.716813044349692
768 24938.766455549470265 20427.960259105795558
768.5 24958.31798985932619 20448.488594577109325
769 24984.659141209616791 20472.21410511546128
769.5 24986.30481322160631 20474.081533688920899
770 25001.188684595399536 20487.449408614662389
770.5 25033.021574730119028 20515.193419164676015
771 25048.314596966625686 20522.866242794090795
771.5 25072.330575560903526 20538.56175585618621
772 25102.504912632910418 20561.586693870889576
772.5 25142.107576808055455 20597.497310523867782
773 25129.435448788532085 20587.913480632512801
773.5 25137.05992972432432 20588.568478999804938
774 25144.096596372401109 20592.07723427248493
774.5 25169.652929893451073 20614.484888892002346
775 25171.078600925688079 20618.49733193953216
775.5 25172.293958531710814 20615.100467147563904
776 25156.088135741494625 20605.832059613192541
776.5 25157.700270459012245 20607.291481206335447
777 25159.993644242083974 20610.173315844549506
777.5 25181.924948543277424 20632.31900808368664
778 25160.484009697134752 20614.168894425005419
778.5 25142.64703870080848 20603.383562597984564
779 25193.367609190441726 20646.618856024244451
779.5 25174.880883959140192 20626.011841003590234
780 25213.882136180563975 20658.83200802225474
780.5 25223.571563016284927 20669.388289120706759
781 25229.910134154662956 20674.389439692302403
781.5 25217.60607404858456 20670.555017697122821
782 25239.682181123826012 20689.053178622001724
782.5 25255.45455787575338 20700.485531229522167
783 25274.701882308465429 20723.094923089603981
783.5 25288.08404956771119 20739.666291536788776
784 25324.341399713292049 20775.027879432444024
784.5 25346.703456523144268 20795.035894516422559
785 25303.560201867385331 20762.113285168343282
785.5 25334.31268588354942 20793.433587981835444
786 25320.094465889796993 20782.929598458013061
786.5 25359.281107330494706 20814.335836138383456
787 25342.511042101366911 20804.042563681476167
787.5 25345.35452604018792 20804.587271283569862
788 25364.448912150201068 20823.038800256665127
788.5 25336.213678021093074 20801.21528648362073
789 25356.819087779997062 20820.116475551130861
789.5 25366.427902957304468 20827.318630865418527
790 25357.087026439105102 20817.295009018824203
790.5 25393.740455675753765 20840.451392583596316
791 25380.235144599093474 20828.656583225259965
791.5 25416.339489466230589 20851.878047599366255
792 25399.889486141633824 20840.630581998782873
792.5 25433.033786888838222 20861.937129424361046
793 25458.300801594828954 20891.253685301693622
793.5 25455.060996821906883 20884.299862593612488
794 25451.895004572219477 20885.871426185232849
794.5 25442.71873079701254 20874.001828489286709
795 25478.431320198069443 20908.718870292956126
795.5 25501.99943593460921 20929.971019919586979
796 25490.785937364078563 20925.729194029761857
796.5 25507.638488266537024 20941.927959753000323
797 25538.005586148476141 20965.545362327975454
797.5 25516.67924414188019 20951.211102104338352
798 25522.112821638875175 20957.10135805614118
798.5 25554.14592561075915 20980.474169559092843
799 25581.427029650887562 21002.867342080324306
799.5 25596.058869171411061 21016.352455593212653
800 25598.199681038277049 21016.682457207254629
800.5 25604.39834310682636 21035.813294987165136
801 25610.711114561399881 21040.965557691641152
801.5 25643.495664501770079 21065.516654226681567
802 25652.937783198285615 21075.376871799151559
802.5 25675.929311360687279 21100.04583045012987
803 25683.80337094285278 21104.630689108842489
803.5 25668.760432779297844 21098.661186521487252
804 25709.049295395248919 21132.558901011616399
804.5 25716.469568282711407 21140.270541602876619
805 25733.637938619231136 21159.074355871416628
805.5 25770.07058005957515 21190.275929275700037
806 25782.552371582853084 21205.655701977051649
806.5 25820.087134725075884 21238.868121847550356
807 25791.060894481768628 21214.497165670189133
807.5 25807.021875094927964 21227.572527271473518
808 25798.929854539663211 21219.687454073617118
808.5 25816.944957216463081 21236.29524141845468
809 25800.180175800182042 21223.249052807292173
809.5 25789.142937034095667 21215.213923273186083
810 25818.200038149250759 21235.105931200218038
810.5 25826.296812831518764 21244.62547140355673
811 25844.027338312404027 21262.513711703541048
811.5 25868.878086742617597 21285.068061079116887
812 25862.714575134505139 21280.507674809028686
812.5 25884.14994449587175 21287.07622002025164
813 25903.119092556986288 21305.433191569169139
813.5 25902.115675620705588 21311.444264469693735
814 25928.953937330501503 21326.062809009552439
814.5 25964.938842602394288 21360.00483724120204
815 25987.614037304876547 21371.82058620528187
815.5 25989.733072435254144 21373.073838687239913
816 26025.788128335207148 21408.24791158484004
816.5 26058.786836320337898 21440.928555735947157
817 26059.257257754128659 21437.177913263600203
817.5 26058.515122755004995 21446.349117389632738
818 26101.949002616631333 21483.710809001961024
818.5 26091.977587189019687 21473.576146212402818
819 26134.258518144601112 21508.428919487141684
819.5 26109.328787207727146 21487.658270419251494
820 26076.867728671652003 21458.928604253185767
820.5 26079.255171022003196 21465.061743213755108
821 26095.775460479682806 21484.347457506089995
821.5 26082.09488116580178 21475.422135418728431
822 26077.692757359833195 21473.960684567169665
822.5 26079.927217816606571 21476.954500332289172
823 26067.131653443899268 21467.548893518749537
823.5 26082.732677568306826 21480.564735989402834
824 26085.748234141690773 21489.508611030705652
824.5 26107.398082852741936 21508.422149422975053
825 26097.326707383210305 21504.143187474957813
825.5 26104.700278129992512 21517.952844685452874
826 26079.650405816671991 21493.110710223856586
826.5 26094.176973181838548 21511.053884787332208
827 26106.835964947989851 21517.10522651725114
827.5 26109.887776667623257 21513.427105406386545
828 26121.79480476730896 21523.022337900245475
828.5 26119.263662605189893 21526.886636236406048
829 26091.210542601813358 21507.025890802433423
829.5 26142.062834549400577 21548.514642234847997
830 26122.46438953093093 21535.518890457413363
830.5 26125.671952556513133 21534.357195511474856
831 26128.004501361068833 21539.477387259797979
831.5 26150.957051525245333 21558.632124079776986
832 26142.550795318278688 21551.650357156544487
832.5 26185.046629412747279 21592.154966989062814
833 26152.031480871271924 21569.804995577018417
833.5 26187.69358020179061 21603.089194922584284
834 26148.370463681960246 21573.557143440255459
834.5 26167.135238985440083 21588.512128755653976
835 26154.360378130873869 21585.703385382937995
835.5 26194.764854187156743 21618.833747383483569
836 26212.937452734407998 21632.749433603476064
836.5 26225.200453490175278 21643.037796708758833
837 26215.821135426442197 21638.991680503262614
837.5 26252.113191259220912 21660.609889668314281
838 26250.144292895856779 21668.274125245086907
838.5 26259.573304307588842 21676.691105574256653
839 26265.124749108807009 21683.659563231216453
839.5 26282.128745432117285 21701.005485555288033
840 26271.20146810694132 21689.65847517731163
840.5 26294.90979627278648 21707.153128872127127
841 26312.832184068578499 21724.3883483130885
841.5 26304.105783809558488 21714.296519814964995
842 26313.850709306268982 21722.140871430106927
842.5 26335.252939664853329 21736.728190169207664
843 26326.531174625142739 21727.783198362907569
843.5 26332.855527344596339 21736.474888708828075
844 26363.082394070905139 21769.313259771119192
844.5 26370.811132662125601 21781.288767129797634
845 26363.639856871777738 21780.066323765619018
845.5 26375.684127935524884 21790.81065957924875
846 26398.643877282916947 21807.664336090496363
846.5 26379.237737421546626 21796.732074936804565
847 26387.740959077254956 21804.489410612826759
847.5 26404.012042807353282 21817.218860963650513
848 26410.489648170001601 21824.107734182118293
848.5 26443.521403500126326 21849.63303022281616
849 26465.033726638816006 21865.322172459524154
849.5 26481.13667237602931 21874.629969669262209
850 26476.685322723860736 21876.103546803016798
850.5 26495.237912491211318 21890.352709793030954
851 26515.934117777902429 21907.857210716982081
851.5 26532.045683095180721 21915.001828947530157
852 26542.918688086527254 21923.262962228145625
852.5 26544.836782478530949 21927.814949262108712
853 26561.015887888821453 21943.801187066364946
853.5 26546.795085976231348 21933.781569314156513
854 26593.630163618185179 21973.768378858036158
854.5 26599.334680843574461 21975.665556876425399
855 26611.185944985791139 21986.963471454404498
855.5 26642.777542753326998 22012.502898551578255
856 26627.013078951913485 22005.258490939417243
856.5 26634.300859838680481 22008.436956161898706
857 26653.813895901468641 22024.030470401063212
857.5 26667.545332867026445 22036.714550403608882
858 26673.479716599093081 22040.739098747435492
858.5 26679.8872928259334 22052.028106561308959
859 26685.664024608275213 22058.121094720907422
859.5 26663.245734449126758 22040.79544758704651
860 26698.949036134403286 22070.933654536274844
860.5 26739.50255363112592 22111.454800655636063
861 26729.392367516149534 22108.543784662950202
861.5 26747.099176246592833 22123.814699600439781
862 26752.744814751898957 22129.885806804810272
862.5 26786.301894153592002 22161.103287103822367
863 26754.123933887720341 22135.185590770219278
863.5 26781.703816351626301 22158.068511148783728
864 26790.55982654426407 22162.771662015671609
864.5 26761.839902328418248 22141.456596747502772
865 26802.987621044419939 22174.752993654979946
865.5 26793.810221518062463 22166.627320138828509
866 26818.117010860063601 22196.843722211891873
866.5 26817.139360212040629 22194.878988595592091
867 26801.945857258702745 22183.159733132462861
867.5 26853.947883319997345 22223.269757127327466
868 26840.454565286894649 22213.966538587319519
868.5 26855.257578072261822 22224.859512979885039
869 26842.871182598140877 22217.527407211702666
869.5 26845.310081442716182 22224.636042390342482
870 26845.637264746525034 22228.65229042338251
870.5 26851.629826435408177 22232.061734480575979
871 26866.719995326609933 22245.531566808323987
871.5 26866.004860420707701 22238.535903384312405
872 26886.019465676039545 22248.817377769337327
872.5 26909.600994994721987 22262.854586270896107
873 26917.784890015729616 22272.027975400247669
873.5 26930.741495285870769 22279.694135236110014
874 26962.133466720948491 22303.994357521431084
874.5 27001.176456550558214 22335.313790519074246
875 27025.777859322635777 22351.78744838781131
875.5 27004.368285652744817 22332.186435355735739
876 27027.878224389653042 22350.359320104496874
876.5 27054.027856350712682 22372.503480115177808
877 27045.828581704416138 22369.704622043693234
877.5 27075.231903666848666 22395.675550403539091
878 27075.76548732709125 22399.938337957140902
878.5 27117.793880743101909 22434.299927503048821
879 27140.031298929236073 22452.75848595761272
879.5 27179.424861558876728 22487.945695855811209
880 27151.101854222491966 22467.903877092529001
880.5 27157.311960021441337 22477.00711705197682
881 27160.763209824544901 22479.625408222407714
881.5 27149.200064877069963 22474.883352083175851
882 27180.845159715299815 22504.509707211345813
882.5 27177.094731561195658 22500.702852489201177
883 27131.12307266726566 22467.177106366161752
883.5 27182.319334231116954 22516.281127849546465
884 27195.102328360975662 22528.269178069411282
884.5 27201.364186818598682 22541.174080633856647
885 27203.438052473011339 22547.298404148605186
885.5 27213.129490289396927 22562.345479889198032
886 27262.726564104446879 22598.62778795487975
886.5 27259.023911580356071 22590.998993568904552
887 27285.894758919166634 22608.361506388595444
887.5 27278.053909900892904 22604.038276312337985
888 27287.039859283398982 22608.738430825243995
888.5 27268.026681667011871 22596.70102720073919
889 27278.258404012023675 22609.24722416642544
889.5 27272.115094206823414 22603.747347873802937
890 27289.044414447169402 22620.365135741310951
890.5 27296.928777353714395 22628.023758320709021
891 27321.294937729915546 22642.509758305594005
891.5 27337.951024819114537 22661.663664336032525
892 27324.048178040138737 22661.115125609496317
892.5 27300.254343816763139 22643.40815919639499
893 27288.187363603421545 22631.014904459443642
893.5 27336.726989394381235 22671.180042961408617
894 27303.451465675298095 22646.819427113878191
894.5 27329.514966941107559 22663.433238126701326
895 27333.097333669684303 22660.201598708059464
895.5 27348.156118501185119 22671.244100050149427
896 27331.231158135295118 22660.303259122032614
896.5 27314.985731241820758 22655.322861744418333
897 27321.184208659313299 22661.746663866215385
897.5 27346.653283081908739 22679.912355160708103
898 27319.286319111368357 22651.383051478704147
898.5 27338.640254872505466 22665.024292400968989
899 27359.023333959874435 22676.689521473421337
899.5 27330.337979238873231 22656.620518205367262
900 27367.706213813915383 22686.915680585738301
900.5 27357.036424734651519 22680.549353700876964
901 27377.229760125232133 22703.911610156668758
901.5 27379.301767352189927 22706.922488896707364
902 27401.913905720506591 22723.378880366253725
902.5 27384.641077751279227 22717.09092968124969
903 27401.472806814876094 22732.583778229287418
903.5 27424.751810755547922 22753.990390571754688
904 27403.244941583041509 22736.069629819972761
904.5 27400.260354863294197 22736.893991274329892
905 27432.968280016601057 22764.602640659690223
905.5 27432.903153907027445 22764.804860724572791
906 27446.173344317048759 22774.922954072844732
906.5 27460.806831815283658 22792.712862655880599
907 27450.026286960855941 22778.791113300630968
907.5 27465.30530043986073 22790.674884310705238
908 27475.338169951981399 22797.614049952055211
908.5 27495.69074904484296 22818.080601366651535
909 27499.516742444477131 22820.636811637374194
909.5 27530.467758646354923 22856.396081717542984
910 27526.725603998795123 22855.200438644311362
910.5 27486.666552583541488 22825.95001056943147
911 27530.605582208620035 22862.368540076437057
911.5 27509.730115507943992 22843.594811375118297
912 27559.561126029606385 22883.474873178205598
912.5 27586.529355468777794 22902.856493867770041
913 27539.524271885307826 22870.935017198142305
913.5 27551.655818932693364 22880.701849743229104
914 27548.158068820950575 22881.053885972793069
914.5 27553.888716604036745 22889.91888651782574
915 27571.290238396799396 22904.024091043593216
915.5 27552.973582029822865 22888.049020732472854
916 27580.772621316344157 22914.402299462642986
916.5 27605.440889334735402 22934.420618494437804
917 27561.783560834574018 22899.266247655439656
917.5 27606.973418375117035 22935.191112191845605
918 27626.632592685666168 22953.509353993933473
918.5 27623.89579369650528 22949.753584004825825
919 27649.767052667539247 22973.831227422942902
919.5 27637.366165635572543 22965.746411035543133
920 27638.464624707365147 22969.941950592306966
920.5 27676.673328625864087 23004.183544334864564
921 27644.25921916911102 22976.220091762428638
921.5 27667.880823165785841 22996.357230948884535
922 27670.252123254191247 22999.755248023077002
922.5 27650.863739474771137 22985.106624499509053
923 27682.420587808308483 23012.983086403342895
923.5 27681.658313082294626 23007.373547797680658
924 27712.480326161348785 23036.922831382289587
924.5 27695.847861390600883 23027.855096491060976
925 27691.490967457375518 23024.818499666846037
925.5 27704.758709193243703 23034.428855557951465
926 27691.508167639414751 23021.006411665654014
926.5 27706.862907197679306 23038.408080591059843
927 27740.121483873743273 23061.15440885474527
927.5 27748.813982017818489 23065.549562753982173
928 27709.676174043044739 23033.471161423982267
928.5 27755.026637022816431 23072.269885949193849
929 27745.808808937945287 23062.373420960881049
929.5 27754.712509095796122 23070.030188190074114
930 27792.171335578535945 23105.00282745898221
930.5 27779.314454012150236 23100.387768979348039
931 27767.371323453255172 23094.039465162277338
931.5 27794.117030240544409 23120.247919593504776
932 27798.791610199426941 23122.187417098870355
932.5 27817.994617592699797 23140.57539932747386
933 27829.090690428954986 23149.840475277156656
933.5 27838.347428255448904 23152.958461234338756
934 27856.206470008939505 23168.2395052116226
934.5 27841.69817117173443 23156.712093119895144
935 27865.272777785768994 23174.904510512173147
935.5 27867.408372275756847 23174.201510261678777
936 27902.057367000692466 23202.445412873705209
936.5 27885.267148363520391 23194.075349331138568
937 27905.516783308859885 23218.470313678080856
937.5 27916.627198047499405 23229.213286057340156
938 27930.23604631211856 23238.241065496436931
938.5 27911.430172679283714 23229.063877267068165
939 27937.648613768360519 23253.508445887349808
939.5 27928.888873692074412 23246.430159432398796
940 27903.275808186008362 23222.757233331260068
940.5 27897.763635511233588 23216.645703973295895
941 27933.939630766864866 23251.904163022692956
941.5 27924.691375838181557 23241.521847984462511
942 27940.646748690160166 23253.509077803020773
942.5 27936.598568457648071 23250.901498212828301
943 27922.639822264049144 23238.19081822221051
943.5 27939.933481398107688 23253.088653971703025
944 27957.85519375889271 23271.678292397224141
944.5 27987.634475101342105 23299.221385339053086
945 27973.582274825312197 23297.521216896027909
945.5 27982.4751788453068 23307.389279193590482
946 28017.921683025582752 23329.207446979980887
946.5 28010.55633503691206 23318.97511593764284
947 28033.712452541927632 23345.017289632996835
947.5 28046.199588266226783 23354.734197898393177
948 28072.280450159440079 23385.782594333257293
948.5 28062.200605149289913 23373.236085325173917
949 28084.186781229054759 23392.63082991876945
949.5 28081.225719629666855 23393.960789286535146
950 28096.357273495163099 23408.039784689543012
950.5 28104.242343177236762 23412.889277335092629
951 28137.700899379156908 23443.850666053804161
951.5 28127.744612465772661 23436.36719941422416
952 28147.482413808364072 23449.561664206546993
952.5 28125.069733652853756 23429.609641901410214
953 28139.908530123717355 23447.439887557415204
953.5 28178.64215240766498 23480.053670459470595
954 28175.467310532945703 23485.693589424565289
954.5 28208.901836907149118 23511.260583889164991
955 28216.089064346291707 23512.143389469540125
955.5 28222.771959284222248 23514.034103875274013
956 28241.644409598226048 23530.768545049457316
956.5 28259.649165865954274 23550.068676806182339
957 28272.57624479353035 23557.163063948875788
957.5 28282.186807008314645 23567.256698564582621
958 28291.366877872118494 23572.423943665282422
958.5 28331.781114115492528 23610.547589681118552
959 28301.866972975312819 23588.986187297003198
959.5 28312.553453825752513 23591.675202613805595
960 28334.642757141784386 23610.289711020755931
960.5 28337.765431080591952 23606.59635382901979
961 28292.227149500831729 23573.529418197966152
961.5 28310.831518058967049 23593.90830081680906
962 28299.907503661826922 23581.711617256067257
962.5 28316.200900110008661 23588.980754620650259
963 28358.582392501601134 23622.663747122951463
963.5 28349.738181406934018 23611.604893669700687
964 28353.180284185811615 23612.436411850150762
964.5 28371.075768545902974 23625.296311689424329
965 28384.755042009623139 23637.625758057125495
965.5 28407.944482852442889 23663.953916178052168
966 28362.520275721632061 23625.51690385204347
966.5 28391.136069772961491 23653.736294783764606
967 28410.282300779141224 23676.692547990496678
967.5 28447.509598479780834 23706.708129589715099
968 28432.739559640351217 23691.100460949284752
968.5 28431.626651939775911 23695.706688827682228
969 28447.060634105131612 23705.032544826299272
969.5 28456.713697787796264 23717.871469264839106
970 28461.361431451161479 23728.351022731083503
970.5 28482.750414349120547 23751.217646436252835
971 28483.47492538564984 23750.246639045661141
971.5 28489.507014701070148 23753.930609894359804
972 28477.626931444676302 23743.807493660817272
972.5 28485.389859273822367 23750.110437239298335
973 28495.399555337284255 23760.066680241900031
973.5 28484.109177914782776 23748.366070401869365
974 28501.702684418421995 23767.145842736492341
974.5 28524.329504694724164 23796.98008819403185
975 28535.12261921352183 23806.921827179485263
975.5 28533.198772107891273 23810.773395127031108
976 28526.357741660151078 23809.715602948879678
976.5 28559.166102116367256 23835.67198364585056
977 28592.520007865590742 23867.091750925214001
977.5 28590.698288337069243 23870.654327526473935
978 28601.418876958781766 23877.469473706121789
978.5 28631.580698505924374 23903.273201889885968
979 28613.150733446404047 23887.790977980377647
979.5 28627.247252675446362 23903.584201443929487
980 28626.398003568952845 23905.783539839470905
980.5 28606.376109389013436 23891.925679057902016
981 28612.734756447036489 23897.642173227133753
981.5 28607.541473127432255 23894.325291837623809
982 28609.685398649566196 23894.127125031558535
982.5 28628.443762411865464 23916.033135821373435
983 28606.921792467732303 23898.298979154715198
983.5 28635.199534749950544 23925.608094719864312
984 28621.733862123204744 23924.560700234615069
984.5 28617.415527365297748 23916.745597332901525
985 28631.240834674852522 23923.875988575142401
985.5 28645.583629890719749 23939.102598597386532
986 28639.195669167162123 23934.097059641415399
986.5 28651.994888649856875 23946.32965185629655
987 28660.873572573022102 23957.516855107285664
987.5 28688.65163947563633 23980.881560606936546
988 28710.44375001287699 24001.99969557921213
988.5 28712.633001733946003 24006.511786288978328
989 28705.707749919165508 24005.966536958901997
989.5 28714.828550067722972 24013.669320637029159
990 28714.895736692975333 24014.347445526982483
990.5 28736.023827051187254 24034.302251432316552
991 28706.540709444147069 24014.031814285055589
991.5 28727.535348772507859 24027.059919172636
992 28736.36488233019918 24033.629024564233987
992.5 28786.668503633663931 24076.143779235615511
993 28749.391334083094989 24050.313011477941473
993.5 28750.022127411211841 24050.895585552108969
994 28783.625176518919034 24072.698017732294829
994.5 28764.545050420780171 24057.569080771729205
995 28754.648645711164136 24048.32051037335259
995.5 28747.28166268145651 24044.497725030247238
996 28788.496835732647014 24074.988427591059008
996.5 28818.435814773722086 24106.861335491597856
997 28801.90459277327318 24091.537384585470136
997.5 28835.26493179766112 24116.797907228228723
998 28843.36764204701467 24126.038609586466919
998.5 28862.391917862380069 24143.920908267158666
999 28821.578628626131831 24108.845094354910543
999.5 28845.061863464565249 24133.28216420625904
1000 28848.065975782366877 24133.385132431438251
1000 28848.065975782301393 24133.385132431543752
1000.5 28865.696829500611784 24148.926929889326857
1001 28876.560635019341134 24159.827282844697038
1001.5 28874.305469448558142 24163.265371640041849
1002 28847.551665326187504 24141.619300944483257
1002.5 28913.115495076570369 24185.354608960755286
1003 28923.167494136127061 24192.660512140995706
1003.5 28942.111655718323163 24215.37074985322397
1004 28888.778887604825286 24170.782686098587874
1004.5 28905.424889441226696 24180.272766341044189
1005 28939.188997643082985 24207.839666438503627
1005.5 28919.496510742053943 24191.929531832345674
1006 28910.787855622460484 24184.706578300781985
1006.5 28925.672349653315905 24199.864366869202058
1007 28915.825946111384837 24194.478887574634427
1007.5 28922.934656619589077 24198.268469119080692
1008 28942.636435760650784 24213.623854044926702
1008.5 28966.913929358754103 24241.141087586860522
1009 28964.949440977721679 24239.11984689437304
1009.5 28929.877935497308499 24215.040428060910926
1010 28941.177540442047757 24230.424300184233289
1010.5 28948.040702622121898 24240.786662567577878
1011 28988.717809640151245 24278.896385454310803
1011.5 29024.908459332811617 24308.457073729256081
1012 29019.541372377541848 24303.398528076220828
1012.5 29033.433932808657119 24316.084103314147796
1013 29023.587331387330778 24306.949664156902145
1013.5 29043.010776541028463 24324.657965909551422
1014 29060.910146446909494 24338.555740444604453
1014.5 29016.297148740792181 24303.149741496359638
1015 29075.763306268807355 24352.445783293933346
1015.5 29056.541895329013641 24338.133806946316327
1016 29081.781833374992857 24364.835422710180865
1016.5 29086.208428112684487 24373.731876386729709
1017 29107.88895090803635 24396.692560352184955
1017.5 29104.484429198178987 24391.898230192593473
1018 29116.068897241315426 24405.052637567030615
1018.5 29111.038523126528162 24410.07830340025248
1019 29133.532886838973354 24433.065703755590221
1019.5 29142.092767257745436 24442.088510307527031
1020 29146.45761409640545 24445.397202373096661
1020.5 29160.874931861468212 24456.016089112505142
1021 29136.360993365742615 24432.894397796138946
1021.5 29153.193610372847616 24450.713535192211566
1022 29164.419894602084241 24464.611604384168459
1022.5 29148.9371515453131 24456.931606527192343
1023 29181.282046211519628 24481.808826406311709
1023.5 29158.283340020188916 24458.503163204179145
1024 29222.183753415254614 24508.119056114141131
1024.5 29229.450556651230727 24516.264165410935675
1025 29186.056655612010218 24489.644844418289722
1025.5 29199.458142644565669 24503.649178862287954
1026 29237.688449565539486 24538.636178061682585
1026.5 29215.374547663406702 24520.875687732983351
1027 29234.600934758287622 24538.59610158439682
1027.5 29199.386261312130955 24510.894786936074524
1028 29220.306516076838307 24532.272829055931652
1028.5 29244.000166789472132 24557.377122199322912
1029 29286.73758379294668 24594.943831695905828
1029.5 29277.59227450481194 24592.505753667432145
1030 29267.7280878367892 24584.515414342597069
1030.5 29287.817405220477667 24600.53191023774707
1031 29309.297221964185155 24623.858562615652772
1031.5 29341.381016501771228 24651.588742503183312
1032 29347.121807831590559 24660.87763195833395
1032.5 29373.446399315176677 24682.373830566401011
1033 29360.340267099974881 24677.994408500529971
1033.5 29393.66882921843353 24705.264509963508317
1034 29400.665480554565875 24708.976431603645324
1034.5 29438.814484293234273 24743.720375188884645
1035 29413.722176279057749 24725.775114388397924
1035.5 29411.069618284051103 24730.065524000518053
1036 29453.172826529382291 24768.889683414348838
1036.5 29452.314404135919176 24766.800135498921009
1037 29496.117105077100859 24809.289991385849135
1037.5 29490.545818565107766 24807.702671440365521
1038 29505.090367877186509 24825.352401165164338
1038.5 29514.700209246031591 24835.88260314154104
1039 29490.774397296587267 24816.313060343571124
1039.5 29525.161208736353728 24842.95055412172951
1040 29489.816738314813847 24811.902983213854895
1040.5 29521.906361640900286 24842.599860300935688
1041 29546.880602884903055 24864.81466373002695
1041.5 29576.605632285332831 24895.272828398385172
1042 29616.253620600233262 24929.137747539647535
1042.5 29600.419863588591397 24917.95858789453996
1043 29592.096805164721445 24911.955895609691652
1043.5 29620.276358433951827 24936.25283113743717
1044 29595.706228439677943 24913.660995800801174
1044.5 29633.999763685471407 24951.120607044907956
1045 29605.692950753284094 24922.995779890850827
1045.5 29597.275587264382921 24919.891968283711321
1046 29629.470455155817035 24954.726151650615066
1046.5 29654.032115335328854 24977.798000670842157
1047 29674.081087825805298 24994.56947627149566
1047.5 29693.665410526522464 25015.346791068666789
1048 29707.450293700381735 25024.375890258444997
1048.5 29750.198915041215514 25061.562970739087177
1049 29733.486782955216768 25047.314112705276784
1049.5 29746.267225754811079 25056.37738763408197
1050 29806.274217232185038 25104.024715226118133
1050.5 29867.079423314538872 25149.360193521632027
1051 29828.00551927979177 25116.274123530380166
1051.5 29821.813153662707919 25110.41137305853772
1052 29866.294560462672962 25153.73696286674749
1052.5 29903.417100951668544 25188.50658199679674
1053 29921.563039302833204 25209.243244020897691
1053.5 29950.073335188932106 25230.99987638890525
1054 29967.42436916421866 25251.35342777308324
1054.5 29973.072772849041939 25260.57693053485491
1055 29984.617202624784113 25273.758573594808695
1055.5 29995.449444759855396 25286.155463906874502
1056 30034.390206695894449 25322.64755626630722
1056.5 30012.071440401432483 25304.684161419943848
1057 30047.420688813970628 25333.969967253997311
1057.5 30032.509969662143703 25323.001225753720064
1058 29999.070163719796255 25299.57772851068512
1058.5 30029.61286137802017 25331.301528144649637
1059 30047.261449378594989 25348.013869822632842
1059.5 30031.202093078190956 25335.904750909896393
1060 30016.248855339941656 25324.862952266812499
1060.5 30000.89224640547036 25312.878543227892806
1061 29986.877375887543167 25296.245159690475703
1061.5 30049.812816067162203 25345.577889434251119
1062 30072.073130555843818 25371.217877541257621
1062.5 30131.470734585273021 25420.392292046271905
1063 30157.474599659570231 25437.469383412535535
1063.5 30199.53955153217612 25466.930702154742903
1064 30234.171151931186614 25495.669095231147367
1064.5 30237.362823313029367 25494.02837121185803
1065 30241.584786985040409 25505.031138008616836
1065.5 30262.021530968981097 25522.03039016808907
1066 30270.460467224005697 25530.816169573547086
1066.5 30191.986293317633681 25467.394111705682008
1067 30250.563267753870605 25517.235665764997975
1067.5 30250.85671215997354 25515.215198539124685
1068 30257.08605398785221 25523.023291556051845
1068.5 30273.763320080051926 25538.060913103370694
1069 30276.422119646678766 25543.790040623141977
1069.5 30301.336230251876259 25561.410730987368879
1070 30325.16422446960496 25585.479723809061397
1070.5 30365.123267262541049 25620.243823828041059
1071 30335.917473124325625 25597.153114465982071
1071.5 30362.571660217541648 25618.382481057233235
1072 30357.252141236785974 25621.033852496850159
1072.5 30411.081076719012344 25671.534600386530656
1073 30416.979952149373275 25677.909951484121848
1073.5 30402.013258109054732 25663.561848213485064
1074 30360.292534522377537 25629.530287416997453
1074.5 30309.894521261103364 25591.716212102423015
1075 30308.466745466863358 25594.875742015043215
1075.5 30345.574463371074671 25628.785522458827472
1076 30321.611989856010041 25613.808968574052415
1076.5 30305.359078100784245 25604.343766366881027
1077 30322.292418613469636 25620.600009614048759
1077.5 30359.898869780256064 25655.45699576860352
1078 30344.340873364712024 25643.546416980108916
1078.5 30339.173355993509176 25638.082735885651346
1079 30350.102935654453177 25646.177453370793955
1079.5 30322.341864173595241 25632.731981568911579
1080 30281.332171252037369 25593.789841561083449
1080.5 30290.159863791748649 25599.485906066707685
1081 30292.1495881454357 25606.805520363916003
1081.5 30331.356498966157233 25631.474904833576147
1082 30319.766709143616026 25622.967599368017545
1082.5 30363.769534248731361 25662.31857006496648
1083 30358.868149464975431 25659.440927733303397
1083.5 30392.006130278470664 25690.159944696231832
1084 30359.188050760621991 25665.724301523539907
1084.5 30360.995865679684357 25674.939918416854198
1085 30365.694858347065747 25684.804389469973103
1085.5 30425.386161244950927 25735.980350614205236
1086 30443.776573237122648 25751.211607404766255
1086.5 30435.021857835574338 25744.945311582039722
1087 30441.528910335917317 25749.687819822418533
1087.5 30414.949794890268095 25729.203224345306808
1088 30411.016427681592177 25727.334384193985898
1088.5 30414.357024608976644 25727.349967709476914
1089 30389.717020838426834 25700.679177120779059
1089.5 30431.655873358744429 25735.31949874181737
1090 30392.087035839609598 25705.611775637065875
1090.5 30391.267380061741278 25711.746387736788165
1091 30461.721002440175653 25772.565188679986022
1091.5 30436.669356915379467 25745.952485771547799
1092 30493.780874167023285 25792.374784344137879
1092.5 30493.286920170183294 25792.921408258080191
1093 30482.701016412720492 25785.130369696111302
1093.5 30455.075965200776409 25766.379945668093569
1094 30446.697930594826175 25760.278088707083953
1094.5 30438.18921228032923 25757.640775824296725
1095 30416.14090357837631 25739.652953718494246
1095.5 30442.435424628678447 25762.690247876256763
1096 30406.601184801143972 25736.093452858051023
1096.5 30387.341747499318444 25727.061108567733754
1097 30351.843062457093765 25702.685592404253839
1097.5 30385.644250316854595 25729.966706125374913
1098 30369.870699765015161 25720.787996350052708
1098.5 30394.692049368852167 25748.159033162031847
1099 30364.0698532155875 25719.501147976134234
1099.5 30388.699185700832459 25745.594803237148881
1100 30408.871739745733066 25767.15294710087619
1100.5 30426.041855353836581 25789.570616198921925
1101 30449.262624479491933 25807.006940144154214
1101.5 30401.189635947488568 25764.392409014268196
1102 30427.522311835509754 25792.001976857725822
1102.5 30437.214526600557292 25803.548336506839405
1103 30470.655105662663118 25834.052782728333113
1103.5 30499.870530128100654 25864.058946313438355
1104 30474.530427343717747 25850.395986085793993
1104.5 30458.411823301423283 25835.468757144091796
1105 30450.774923862878495 25829.251603045435331
1105.5 30480.000536445262696 25855.658200054152985
1106 30501.16622993762212 25874.651462661979167
1106.5 30512.00764843408615 25886.843867547457194
1107 30516.49173474483905 25892.125985600989225
1107.5 30526.16113353282708 25908.35621977063056
1108 30493.077027624309267 25880.804878007798834
1108.5 30509.131331598520774 25894.037949887744617
1109 30512.752275529306644 25899.253774444896408
1109.5 30570.353408481067163 25950.168627207072859
1110 30575.598447295400547 25959.998408178849786
1110.5 30580.304359782374377 25966.636178712440596
1111 30586.296035226485401 25972.780735208889382
1111.5 30640.777032039932237 26015.562930850730481
1112 30597.103674687012244 25978.988469504722161
1112.5 30622.722446100149682 26003.127961978767416
1113 30611.381282622594881 25998.36085876375364
1113.5 30667.564948687770084 26044.002070455648209
1114 30673.667966961354978 26053.908484492425487
1114.5 30681.050757820343279 26064.621015101911325
1115 30700.391099408163427 26081.00471882927377
1115.5 30674.10522317809955 26069.737191965559759
1116 30672.947519051078416 26070.098953977721976
1116.5 30672.010068602932733 26063.463108988944441
1117 30707.797563416323101 26091.102656696912163
1117.5 30729.064749705357826 26115.990693156367342
1118 30780.720271855687315 26158.745528586681758
1118.5 30783.727964312940458 26164.90895082424322
1119 30793.286634031093854 26175.624399728189019
1119.5 30809.690671487544023 26191.628117477725027
1120 30793.339854595898942 26176.601519096162519
1120.5 30814.217139624692209 26200.777396122564824
1121 30774.691347403011605 26171.297922848581948
1121.5 30787.097825079137692 26179.808525418389763
1122 30771.240762678884494 26170.949854950500594
1122.5 30801.042228401107423 26200.599282743958611
1123 30773.723914524936845 26180.627116912026395
1123.5 30793.177653918100987 26192.925759902689606
1124 30787.864132154969411 26193.491939345047285
1124.5 30798.256333202905807 26202.416527556513756
1125 30835.867372325672477 26237.248108479347138
1125.5 30829.959165303476766 26235.925853284981713
1126 30868.086360747012804 26271.217081313250674
1126.5 30882.385181216017372 26286.911421202818019
1127 30887.887426066634362 26295.648149188622483
1127.5 30860.330670057534007 26273.595927315262088
1128 30883.538400958179409 26300.071403647165425
1128.5 30833.652900820750801 26258.89212151751417
1129 30870.52701693466588 26292.737119352714217
1129.5 30829.110854393282352 26259.755558493714489
1130 30853.8314538449049 26282.612074537239096
1130.5 30851.312028162745264 26281.800752426319377
1131 30892.313079114141146 26320.102352497575339
1131.5 30918.693624221839855 26345.106779585028562
1132 30936.10959575367815 26362.947840562963393
1132.5 30894.142540281205584 26332.502902842548792
1133 30906.026683814267017 26347.983359810012189
1133.5 30978.815747394044593 26407.901344950900238
1134 30980.956517197995709 26416.298965037702146
1134.5 31008.892016098168824 26440.924460755537439
1135 30994.778360620628519 26430.571072792281484
1135.5 31031.380828300305438 26463.674391520100471
1136 31052.521614563294861 26482.769926889835915
1136.5 31053.659196300439362 26487.54622615018161
1137 31084.307380466987524 26515.879539588269836
1137.5 31116.232327923491539 26540.893934541632916
1138 31106.639629420693382 26536.041549672092515
1138.5 31076.411450793319091 26516.29880254872478
1139 31121.749761386992759 26564.663575359871174
1139.5 31151.479227753825398 26594.442272476648213
1140 31179.320947044136119 26619.417422408259881
1140.5 31162.705292953483877 26601.577861406047305
1141 31222.808537355525914 26653.577589813907252
1141.5 31250.491269848949742 26682.451119460914924
1142 31285.066243164765183 26714.868318195909524
1142.5 31265.190968939521554 26703.378261226665927
1143 31285.853022257804696 26728.443564916895411
1143.5 31269.190017017554055 26716.644962015936471
1144 31289.62933453221558 26736.402489198644616
1144.5 31300.579192201708793 26748.987883185152896
1145 31346.916085089524131 26786.973071465330577
1145.5 31301.606008346094313 26755.674499202545121
1146 31273.062367773258302 26739.628864144946419
1146.5 31258.632058145794872 26731.633633256784378
1147 31286.791053014450881 26758.072819487213565
1147.5 31313.404741283004114 26783.338519669785455
1148 31340.519869568644935 26813.206716993965529
1148.5 31327.653785976475774 26807.046221002568927
1149 31350.892818394466303 26832.680561872060935
1149.5 31313.429176290290343 26807.08781114390149
1150 31294.079261209866672 26790.034817888907128
1150.5 31273.82826564975403 26781.212565411020478
1151 31223.224342817327852 26745.04166808212176
1151.5 31247.582682854066661 26774.256795089968364
1152 31291.762440763894119 26811.319965070339094
1152.5 31296.856784637067904 26821.217832952541357
1153 31267.749789447778312 26796.097144969182409
1153.5 31281.173621683032252 26811.291470756401395
1154 31280.478708671726054 26810.238241310358717
1154.5 31264.631120924776042 26802.972872836104216
1155 31238.976666881742858 26784.537442322573042
1155.5 31239.76102191951577 26793.322067685126967
1156 31196.900670868850284 26759.035289011229906
1156.5 31228.994170396494155 26788.08760556710331
1157 31268.232964162856661 26823.400354725978104
1157.5 31251.613594878799631 26810.00663038950006
1158 31294.35792683688851 26855.011905133600521
1158.5 31266.983172814099817 26833.725661890002812
1159 31284.575544147628534 26850.921670083524077
1159.5 31287.540778166472592 26857.341161580654443
1160 31261.739986529686576 26840.19283594292574
1160.5 31308.9042649665098 26882.083995062374015
1161 31342.565979569717456 26917.494708395010093
1161.5 31350.404350676595641 26932.645121986668528
1162 31340.609885261201271 26928.423767073647468
1162.5 31331.461250226824632 26926.840344584790728
1163 31357.822884953962784 26949.697678189266298
1163.5 31343.53684281722235 26941.048008863610448
1164 31371.952877329604235 26970.552815807899606
1164.5 31343.284898254150903 26953.444340393576567
1165 31333.434060670417239 26952.702599330041267
1165.5 31378.043951613803074 26997.921740197583858
1166 31349.396093136121635 26973.824257274940464
1166.5 31351.792230141069012 26979.894508144167048
1167 31375.649407869124843 26999.059162888795981
1167.5 31406.940698200553015 27025.978828168117616
1168 31417.51955927723975 27036.659676485734963
1168.5 31421.209822665863612 27042.471999961329857
1169 31461.049516099119501 27084.447236018946569
1169.5 31422.20004317756684 27050.985028508261166
1170 31372.958840148363379 27016.73277281947594
1170.5 31402.708175399595348 27044.033363737333275
1171 31379.028226152753632 27031.285952174617705
1171.5 31385.525582313901396 27036.016879130649613
1172 31381.255420017601864 27032.553148283626797
1172.5 31319.84941618544326 26984.304930734568188
1173 31346.507480378284527 27004.756688163008221
1173.5 31335.33824988267952 26998.043454000533529
1174 31328.855784447747283 26999.444520023589575
1174.5 31377.3040565797819 27045.551594812008261
1175 31398.561412512393872 27066.44375380900965
1175.5 31427.096631257685658 27094.291002944308275
1176 31390.500140357311466 27057.415974292176543
1176.5 31380.513829670391715 27053.523157250445365
1177 31356.05142360829268 27037.606560285468731
1177.5 31361.185682016242936 27054.480302979143744
1178 31388.714483048748662 27078.785889972517907
1178.5 31385.088927103639435 27075.591378645054647
1179 31351.041604740526964 27049.582122904845164
1179.5 31365.914952119121153 27063.155777820116782
1180 31332.830695505574113 27036.400485107056738
1180.5 31348.569636979758798 27061.061936748592416
1181 31339.38676049807691 27056.746382583340164
1181.5 31353.836189097299211 27070.578440759862133
1182 31362.217226663360634 27080.138861936262401
1182.5 31377.16311627939649 27097.910651606114698
1183 31407.688370457490237 27122.379047964019264
1183.5 31372.651021820638562 27092.118396483008837
1184 31412.930238720648049 27131.310853818700707
1184.5 31423.005039986826887 27141.690591410369962
1185 31447.16076386054192 27171.073127412892063
1185.5 31412.290467666596669 27151.745055292933102
1186 31393.853294366959744 27135.926505512958101
1186.5 31362.908683346606267 27112.475732685579715
1187 31383.333554510169051 27134.79185555012009
1187.5 31417.117811330157565 27168.222029561740783
1188 31423.977055282939546 27175.684431254449009
1188.5 31443.274222774150985 27193.656107856462768
1189 31406.98400981593295 27163.381028325758962
1189.5 31452.986971654689114 27206.258618941930763
1190 31437.452834350653575 27198.018100824374415
1190.5 31451.724315467708948 27216.731586328962294
1191 31443.667860874102189 27213.053161061030551
1191.5 31443.895574495149049 27217.507769018346153
1192 31441.839303665106854 27218.957051504759875
1192.5 31423.432677909248014 27206.604803515390813
1193 31435.855967329025589 27225.603270308249193
1193.5 31430.285500944453815 27229.617586243475671
1194 31378.725564539159677 27187.915297074378032
1194.5 31423.082465070394392 27232.335206815518177
1195 31394.475359673811909 27208.907084072736325
1195.5 31423.53346158408749 27237.230427217640681
1196 31398.821260346510826 27220.365474195965362
1196.5 31439.045850177906686 27259.038978631921054
1197 31417.831488509524206 27241.736317972397956
1197.5 31446.668258081557724 27270.554612263054878
1198 31465.931644389838766 27293.194659992532252
1198.5 31461.363958207362884 27292.065626759504084
1199 31465.420672639404074 27296.963272559351026
1199.5 31499.910980928281788 27325.895624463646527
1200 31543.959544884924981 27368.6775523715296
1200.5 31559.599804826299078 27384.634654200741352
1201 31555.335407176189619 27382.709634504193673
1201.5 31560.447470985040127 27387.306237628854433
1202 31593.18453191723529 27417.168152047190233
1202.5 31640.710399080722709 27463.121061651985656
1203 31631.466822281912755 27466.331999437530612
1203.5 31602.40011031382528 27449.546990569509944
1204 31634.748328206118458 27484.877895730925957
1204.5 31660.000601524508966 27519.147298032883555
1205 31656.442319204295927 27520.638128626207617
1205.5 31683.378337794070831 27554.211815439331986
1206 31686.209079045267572 27558.844491925759939
1206.5 31720.982618237983843 27598.702772188378731
1207 31729.569218246426317 27613.183238479086867
1207.5 31748.853055575826147 27635.476635909017205
1208 31745.423599375324557 27636.705542709623842
1208.5 31762.475271888208226 27655.877445799887937
1209 31744.701289457050734 27648.154684260996873
1209.5 31739.650608684834879 27653.261786820537964
1210 31732.205413225299708 27650.874220810947008
1210.5 31779.92058822288891 27695.563403450829355
1211 31784.273169177762611 27706.634080176754651
1211.5 31828.603952721932728 27753.45273279976027
1212 31795.091968299559085 27737.757737197305687
1212.5 31799.544809065071604 27742.243969697698049
1213 31800.247627750522952 27744.592080543330667
1213.5 31773.309758366045571 27724.287871543678193
1214 31788.818494348903187 27737.116067252605717
1214.5 31791.128629501035903 27741.919121767507022
1215 31763.376187746449432 27731.316386787526426
1215.5 31768.407602758627036 27739.055531694586534
1216 31755.029450421916408 27722.868809279498237
1216.5 31721.628592268938519 27692.627098753509927
1217 31745.391942569480307 27714.306161466200138
1217.5 31766.521973703362164 27733.82050630885351
1218 31778.176922292677773 27745.358302972905221
1218.5 31738.633455913932266 27722.914421007651981
1219 31734.19080157085773 27723.249497297132621
1219.5 31771.064959139097482 27758.67792654994264
1220 31785.434537327510043 27773.990304145070695
1220.5 31773.543298736745783 27767.547520168438496
1221 31796.305044861976057 27787.511137933877762
1221.5 31831.247849921826855 27819.032706936221075
1222 31782.943365528390132 27781.317172826984461
1222.5 31818.123180760336254 27810.176667421506863
1223 31788.275498353112198 27790.330191523222311
1223.5 31776.300726530331303 27785.792747680374305
1224 31797.024435455710773 27809.961226008799713
1224.5 31778.598190575492481 27801.99473827093243
1225 31771.952482822882303 27795.2070916781704
1225.5 31794.043815364490001 27822.1995965436181
1226 31778.478888573197764 27814.047339349603135
1226.5 31784.33625228837991 27827.072405403552693
1227 31785.942001189530856 27832.058233443520294
1227.5 31799.589130644897523 27849.36920379978983
1228 31778.075058644073579 27834.710889845897327
1228.5 31806.108969588927721 27867.314240495805279
1229 31783.927719766674272 27851.250814640381577
1229.5 31752.678060246038513 27825.613197850379947
1230 31756.47938799622716 27841.17843106503642
1230.5 31799.18533120792199 27882.592745107402152
1231 31761.284751496568788 27853.281754009643919
1231.5 31792.62925501915015 27882.257215385372547
1232 31796.1899553234216 27892.785916798180551
1232.5 31806.103635421815852 27907.054210408190556
1233 31815.916930668205168 27921.756629225168581
1233.5 31854.516961568209808 27963.323180399656849
1234 31863.269276049493783 27973.589278404888319
1234.5 31844.599992199335247 27959.262206934759888
1235 31876.219733165835351 27992.286052738683793
1235.5 31810.587277596394415 27939.324070045095141
1236 31808.011801710235886 27941.234443408862717
1236.5 31793.432831453028484 27931.195672879730409
1237 31777.350508501531294 27919.953511775413062
1237.5 31807.227283833282854 27944.698039424769377
1238 31812.536639548517996 27955.461338328084821
1238.5 31818.315030606478103 27961.264335956424475
1239 31844.247904909727367 27992.061358782411844
1239.5 31859.09523275648462 28005.52243583982272
1240 31883.236241952428827 28028.435966682096478
1240.5 31873.393352457693254 28019.481068496243097
1241 31913.241633975452714 28053.969818362485967
1241.5 31930.828521474049921 28071.625205465355975
1242 31950.214900200153352 28093.999614295360516
1242.5 31943.470270217130746 28087.025173994854413
1243 31949.497279854233057 28096.213031382187182
1243.5 31989.47027522251301 28133.838160031387815
1244 31940.401841412684007 28099.590124619640847
1244.5 31939.953552526207204 28103.316403056280251
1245 31959.284032812978694 28127.863329616448027
1245.5 31921.31089115492432 28099.523847138450947
1246 31968.125772426486947 28144.069000200845039
1246.5 31940.848436258460424 28122.572341472106928
1247 31933.93520001836805 28120.913785502194514
1247.5 31934.319440451530681 28127.839066177562927
1248 31962.465208682337106 28155.123096110830375
1248.5 31998.652999429850752 28191.935760162996303
1249 31981.842171358399355 28182.943814658803603
1249.5 32026.425695202487987 28224.204099107166257
1250 32004.238661582578061 28204.801203630224336
1250.5 32002.140961473083735 28206.539692594757071
1251 31976.503589912263124 28191.16411637823694
1251.5 32051.203100471062498 28256.300535112019134
1252 31982.232407484898431 28201.672802520239202
1252.5 31978.710349432367366 28200.630812052528199
1253 31993.679553806523472 28214.626944965810253
1253.5 31964.549307968605717 28201.101783917449211
1254 31942.8708343377657 28191.718000839686283
1254.5 31904.298166010463319 28166.43991410887611
1255 31902.257160865119658 28172.875684233044012
1255.5 31918.895699343047454 28194.157764943462098
1256 31874.754438762909558 28165.705498711449764
1256.5 31890.094470898362488 28183.784516113566497
1257 31879.642516710900964 28171.787083151619299
1257.5 31884.376029891602229 28185.87354718615461
1258 31903.228725936234696 28203.989709659577784
1258.5 31916.670790965912602 28217.465610160539654
1259 31931.255325430392986 28240.16972624891423
1259.5 31942.231069088000368 28258.924026903816412
1260 31913.900506710448099 28231.892901473605889
1260.5 31935.084593871779362 28258.857289474934078
1261 31938.055858672130853 28263.249625107833708
1261.5 31941.264214458002243 28268.84010688894341
1262 31955.468445301601605 28285.790986474010424
1262.5 31977.481634517800558 28311.902964730492386
1263 31978.963512876591267 28315.354639904766373
1263.5 31981.758395953624131 28318.451421478410339
1264 31961.789226623481227 28303.45105362963659
1264.5 31975.38351976917329 28317.762844982240495
1265 31961.016960263106739 28309.495656034236163
1265.5 31973.540921871099272 28326.08434193109133
1266 31945.689685707391618 28310.177979439697083
1266.5 31988.080736509436974 28349.374165870649449
1267 32008.988932202788419 28368.993460786805372
1267.5 31989.287862522673095 28352.413435364393081
1268 31992.921886174910469 28356.538372384340619
1268.5 32008.842661490627506 28373.288487004818307
1269 32060.487056486665097 28423.522821392973128
1269.5 32056.250532242618647 28427.900369440401846
1270 32094.306652651714103 28461.834392540913541
1270.5 32027.577241547376616 28409.967300720192725
1271 32033.450775413984957 28416.713628151319426
1271.5 32024.447957054464496 28414.405405675246584
1272 32042.644518643028277 28440.360631128125533
1272.5 32041.180646535754931 28442.863178904404776
1273 32062.003801963433943 28464.378680191577587
1273.5 32043.64275665839159 28455.594565561150375
1274 32081.745151800063468 28492.51670744252624
1274.5 32042.344956133136293 28467.225977404243167
1275 32032.717117347874591 28457.669936122896615
1275.5 32057.265151945619436 28478.174578871185076
1276 32032.204595039725973 28457.808494801276538
1276.5 32017.544837224628282 28449.2011121403375
1277 32004.982210619156831 28446.165839516594133
1277.5 32027.527437582019047 28466.932489458838972
1278 32031.735895408750366 28477.68794592757331
1278.5 32041.813037864172657 28490.954971314196882
1279 32029.656137111993303 28484.729175026561279
1279.5 32023.019263358255557 28478.542537357225228
1280 32013.225082805482089 28477.363671640330722
1280.5 32027.284859661347582 28489.928002735745395
1281 32057.432500800201524 28512.799245584345044
1281.5 32070.553468170131964 28527.319695935235359
1282 32030.752299406103702 28496.72176402686091
1282.5 32043.497460841488646 28512.813615542276239
1283 32103.562809796749207 28569.381242142953852
1283.5 32098.737055207642697 28564.36642642465813
1284 32114.257133667641028 28582.96977089196298
1284.5 32107.907401850308815 28590.209476958130836
1285 32132.136490120006783 28613.563322559843073
1285.5 32145.311671341107285 28629.568926984728023
1286 32159.90979705621794 28646.428294107408874
1286.5 32186.495604209336307 28672.488530997001362
1287 32211.071290971452981 28695.127653866005858
1287.5 32213.387985091852897 28698.942740241847787
1288 32208.134858464120043 28696.311971339273441
1288.5 32179.162160658652283 28681.410527343105059
1289 32197.6665234817483 28699.942034234853054
1289.5 32164.111776987389021 28674.134896395702526
1290 32152.968635385957896 28670.179199284859351
1290.5 32168.056877775230532 28692.535809290089674
1291 32238.169427925149648 28749.201438703938038
1291.5 32237.693125808709738 28757.218673865816527
1292 32211.030968065817433 28732.036845789054496
1292.5 32183.749110387845576 28715.052957078194595
1293 32246.354230568878847 28775.162004444155173
1293.5 32189.835450818547542 28725.392259078143979
1294 32228.737161421435303 28762.04728687084571
1294.5 32211.324744364719663 28742.343897368504258
1295 32223.92909247532225 28752.595154597278452
1295.5 32225.419118969708506 28764.119630384466291
1296 32229.194314344611485 28773.661969355642213
1296.5 32222.655926360828744 28773.425993335178646
1297 32238.012138465768658 28792.923413379696285
1297.5 32279.900734882474353 28826.904198909669503
1298 32293.518063000134134 28846.264139865688776
1298.5 32302.114911052456591 28858.372668086558406
1299 32338.373589725517377 28892.670880811299867
1299.5 32348.047803248868149 28907.189929860309348
1300 32356.554516420539585 28921.085436675686651
1300.5 32347.998689526557428 28914.711353964677983
1301 32373.532208951193752 28943.681003239329584
1301.5 32384.628072149011132 28961.547198221680446
1302 32428.920125320273655 29002.780258648774179
1302.5 32432.241016157848208 29011.034241181445395
1303 32468.44734296167735 29050.113572208632831
1303.5 32474.244829035393195 29071.094182868408097
1304 32436.196323928783386 29041.43673849503466
1304.5 32427.331465638628288 29031.453137157135643
1305 32483.837702215427271 29090.327574038132298
1305.5 32462.29792146597174 29079.084601412349002
1306 32451.854296699279075 29073.732477005316468
1306.5 32475.861951455459348 29101.563517590409901
1307 32501.513021327413298 29129.3983653688083
1307.5 32481.085104679092183 29113.666863526301313
1308 32496.406577335834299 29133.729375558788888
1308.5 32475.846930983669154 29123.020144050802628
1309 32482.427021529489139 29136.053347633551311
1309.5 32508.919244391985558 29162.228951199311268
1310 32526.29810395028835 29186.767892118346936
1310.5 32487.325632050637068 29154.528344653066597
1311 32491.747359620934731 29155.759032725440193
1311.5 32511.825553933682386 29179.531904031329759
1312 32466.327943658114236 29145.533926913041796
1312.5 32511.53697512574945 29185.245665926515358
1313 32505.207110494629887 29177.697786685861502
1313.5 32506.084755582465732 29179.963699527084827
1314 32542.518438604161929 29220.798528372863075
1314.5 32545.228251741104032 29228.928442498287041
1315 32541.054470316423249 29230.265307766971091
1315.5 32517.602457349785254 29210.97326544772659
1316 32554.736798448542686 29253.316416330242646
1316.5 32530.329736395924556 29239.74986260523292
1317 32523.143569310646853 29239.117016175430763
1317.5 32514.790383930518146 29234.800381312044919
1318 32505.660453494383546 29231.758924750341976
1318.5 32536.734374399155058 29268.469238969220896
1319 32506.112056685506104 29242.954169047166943
1319.5 32533.112454431397055 29270.657688901374058
1320 32533.018485893077013 29272.256818573590863
1320.5 32488.754664503303502 29240.584307665438246
1321 32497.356537766481779 29250.996756849304802
1321.5 32515.289222258554219 29267.477821234129806
1322 32499.825382621915196 29256.924715106015356
1322.5 32529.445793836785015 29284.664669915404374
1323 32540.597634098096023 29287.841713824920589
1323.5 32529.352883984283835 29276.48813643331232
1324 32601.648828362744098 29344.299914200451894
1324.5 32605.897189103616256 29348.434584690548945
1325 32612.970922708842409 29359.587218941429455
1325.5 32623.811192823355668 29367.014326366796013
1326 32614.605004273820668 29365.536075961437746
1326.5 32605.439631823468517 29369.720804892847809
1327 32621.460181066286168 29392.932631487015897
1327.5 32577.825619221537636 29362.454410772566916
1328 32555.540779646737064 29346.362994082897785
1328.5 32537.903750988141837 29333.133164116203261
1329 32563.158320579270367 29362.663333358159434
1329.5 32552.970944556920585 29355.091512706068897
1330 32612.756399100657291 29413.930368934808939
1330.5 32631.918502361069841 29434.623553927893227
1331 32620.099841010724049 29429.61914345769037
1331.5 32614.066038870576449 29432.07765766033117
1332 32632.646526873399125 29452.000689613712893
1332.5 32648.211693760120397 29476.735777792673616
1333 32650.634598580290913 29482.320079982971947
1333.5 32632.078649780502019 29471.403987082794629
1334 32635.173387335860753 29473.419259309554036
1334.5 32662.050505376799265 29498.78377305984759
1335 32682.003943525316572 29518.42835982197721
1335.5 32661.109008796953276 29506.701228169898968
1336 32694.649202821681683 29539.325498316604353
1336.5 32661.053567559905787 29515.499935738840577
1337 32637.331338770847651 29498.083361435328698
1337.5 32654.306511324761232 29517.965194328935468
1338 32699.111778582606348 29562.50836996441285
1338.5 32720.103694391356839 29591.181744484685623
1339 32721.320585414439847 29595.523264956238563
1339.5 32724.988968830974045 29602.700305580834538
1340 32737.70053615316283 29617.910868467635737
1340.5 32738.973521375024575 29627.310076951111114
1341 32717.210768212597031 29608.040689090572414
1341.5 32732.025637724673288 29624.888316144537384
1342 32757.712835827223898 29654.122631738086056
1342.5 32741.819613175499398 29646.184935202618362
1343 32758.863361335170339 29663.087185957927431
1343.5 32728.198833216440107 29645.080787511666131
1344 32731.087600235994614 29651.856919785801438
1344.5 32744.753614420849772 29672.186309739572607
1345 32740.770357111046906 29678.088849994801421
1345.5 32775.669536425200931 29719.962510110548465
1346 32746.119701628835173 29698.295596350882988
1346.5 32739.919905570859555 29698.357053759555129
1347 32744.48474501182136 29705.766913167102757
1347.5 32695.403029303211952 29665.276480594893656
1348 32720.748516995077807 29692.696090273213485
1348.5 32766.519293625038699 29736.932752658405661
1349 32770.547298801910074 29749.161204259427905
1349.5 32774.727981753123458 29756.799418025453633
1350 32760.553467664747586 29753.224253132117155
1350.5 32760.524379064496316 29753.231100209250144
1351 32768.823131144454237 29766.425776439464244
1351.5 32732.107996311653551 29741.764978574028646
1352 32693.030848202291963 29713.852202545454929
1352.5 32731.896908732032898 29763.582528540991916
1353 32758.857111703273404 29792.081920106582402
1353.5 32749.647837979384349 29786.696189423204487
1354 32686.942092500547005 29736.224689604303421
1354.5 32719.283238917032577 29765.417037496954435
1355 32685.041892074612406 29739.02704967826503
1355.5 32723.392733150609274 29773.242605709729105
1356 32749.988842215534532 29796.054367950757296
1356.5 32747.106633149636764 29794.123908917830704
1357 32774.656514582959062 29822.532438067119074
1357.5 32755.659208315722935 29813.45912314058296
1358 32761.815430620998086 29821.378616527090344
1358.5 32797.195571106785792 29861.615402499839547
1359 32787.550451070230338 29855.254601352346072
1359.5 32779.573173160795704 29850.305975242157729
1360 32759.504811012247956 29840.421982456999103
1360.5 32782.363405557989608 29855.563382975746208
1361 32793.537675666448195 29870.068758613168029
1361.5 32816.3773954913122 29889.421479318447382
1362 32827.681307469560124 29907.914084648786229
1362.5 32831.493267034478777 29914.459424687389401
1363 32836.473962489537371 29923.21987293856364
1363.5 32862.156133355412749 29952.037863829245907
1364 32824.288535323110409 29932.438913863461494
1364.5 32826.942031673708698 29941.798487201107491
1365 32836.234723336419847 29956.964152089316485
1365.5 32874.063685199173051 29993.722294139413862
1366 32879.318986875201517 30000.416866499581374
1366.5 32912.631167752726469 30030.560549675603397
1367 32929.716805875665159 30052.923421050487377
1367.5 32904.445610208254948 30035.732862693574134
1368 32925.192667770534172 30056.883868654356775
1368.5 32897.874616363063978 30031.651837075143703
1369 32908.096402293733263 30047.064321559922973
1369.5 32901.665226801589597 30050.443730093094928
1370 32906.369890331778151 30060.559351209816668
1370.5 32878.818186419106496 30042.653515039983176
1371 32868.470662082989293 30043.989850275789649
1371.5 32908.660165095163393 30081.911871562875604
1372 32925.621539564679551 30102.605929754987301
1372.5 32913.250932872972044 30099.944672653848102
1373 32945.355031991915894 30133.054160653715371
1373.5 32957.679920766866417 30149.112707353811857
1374 32976.49253404630872 30165.899533307809179
1374.5 33000.135274820051563 30189.976633478374424
1375 32990.077469052666856 30182.518223586430395
1375.5 32989.632835379168682 30182.142951450139662
1376 33029.287131050579774 30223.982718370632938
1376.5 33006.329745490664209 30208.229867389181891
1377 32996.389075672144827 30203.039673019840848
1377.5 33009.19319877007365 30208.854648979420745
1378 33043.728815158407087 30241.012763117218128
1378.5 33013.80910520166799 30217.926680002088688
1379 33040.263222403351392 30239.484049603608582
1379.5 33020.402376538724639 30221.458807582563168
1380 33074.614087541653134 30268.591344104304881
1380.5 33079.294109292779467 30279.015613938820024
1381 33077.975646373459313 30274.213390494871419
1381.5 33105.670733633851341 30302.592576822669798
1382 33087.330545837547106 30292.374893728891038
1382.5 33080.795151637663366 30288.926404138652288
1383 33034.632022387122561 30252.50486298445685
1383.5 33034.387638274529309 30258.48062539856619
1384 33081.628842893544061 30304.424303971689369
1384.5 33093.498096957977396 30320.719717015559581
1385 33107.009186270712235 30336.342703267364413
1385.5 33119.444161146377155 30348.294510514442663
1386 33128.488572267138807 30357.157427863683552
1386.5 33116.82439061372861 30353.346485018391832
1387 33155.444643967035518 30390.898945495315274
1387.5 33075.325395374107757 30324.79688043441638
1388 33045.559166913721128 30309.906647017389332
1388.5 33044.051805783499731 30307.838215639829286
1389 33057.862994087103289 30324.415443354126182
1389.5 33055.421458725628327 30328.796721534246899
1390 33092.470433954600594 30365.32719317826195
1390.5 33050.193952366120357 30324.979548412844451
1391 33072.136938995376113 30346.281806926996069
1391.5 33086.442164599779062 30360.08281515616909
1392 33083.192370843469689 30362.410497613975167
1392.5 33040.151025127539469 30330.72631451518464
1393 33073.02472046220646 30365.29933873860864
1393.5 33107.886048066829972 30400.274511615290976
1394 33127.679040114759118 30423.657205932224315
1394.5 33146.692635242703545 30444.5423190964284
1395 33174.317116702761268 30477.216130125187192
1395.5 33186.673907444710494 30489.200849293636566
1396 33193.931897673828644 30502.892100881850638
1396.5 33165.671801187796518 30483.984488454207167
1397 33212.421521256997949 30527.740712951646856
1397.5 33199.874495998359635 30519.331691630948626
1398 33214.318973302230006 30531.497209499106248
1398.5 33247.329837566656352 30564.334370698303246
1399 33246.707945139991352 30567.046125061522616
1399.5 33198.331915018083237 30527.560114085215901
1400 33226.772555285191629 30562.150681643299322
1400.5 33243.595329058807692 30591.545907855295809
1401 33219.717359925889468 30571.468161203032651
1401.5 33233.356095462717349 30589.862834417210252
1402 33261.602475157458684 30623.004379359750601
1402.5 33286.283066655181756 30654.262847144724219
1403 33295.340285235950432 30672.118880953014013
1403.5 33351.100345435021154 30727.82372195748394
1404 33408.538691932881193 30782.782041783524619
1404.5 33441.361699408233108 30807.335368572221341
1405 33416.677199281468347 30788.116455713767209
1405.5 33389.801432572559861 30770.414416224266461
1406 33407.172847176560026 30796.294305393665127
1406.5 33444.604307381967374 30837.763206273688411
1407 33429.081093289903947 30826.875096013529401
1407.5 33417.113530114133027 30828.152521435138624
1408 33435.139265681311372 30846.566923227353982
1408.5 33361.275206088423147 30782.752986131712532
1409 33370.84635474908282 30794.946145796540804
1409.5 33386.356655727155157 30815.677131172189547
1410 33400.784450121012924 30832.071479273472505
1410.5 33419.467035602654505 30857.549535678230313
1411 33425.291218320628104 30867.842795247404865
1411.5 33478.88308876791416 30917.781111469885218
1412 33437.484720045424183 30883.457584686140763
1412.5 33387.553976085764589 30844.144957198735938
1413 33428.493815887704841 30880.271234367493889
1413.5 33438.18133718441095 30896.662169284718402
1414 33429.283674385493214 30897.162523241549934
1414.5 33417.379295609556721 30891.895002717064926
1415 33453.332260719012993 30934.897249086076044
1415.5 33455.756251882477954 30942.55469999932393
1416 33416.841183534896118 30912.682848693057167
1416.5 33397.018651841644896 30903.124759830858238
1417 33431.154329756835068 30939.96037027190323
1417.5 33448.609493264862977 30958.868181056015601
1418 33479.133494375331793 30990.447028221744404
1418.5 33439.782705789002648 30956.038031598040106
1419 33460.593039935207344 30981.557032009070099
1419.5 33465.942889662801463 30991.671130309146974
1420 33465.225775926126516 30993.010411093429866
1420.5 33483.7229378736738 31010.539507556262834
1421 33446.684748809813755 30982.341371194634121
1421.5 33418.438261271832744 30955.584461062491755
1422 33445.102776999359776 30985.801390621378232
1422.5 33490.376094550250855 31031.506255443953705
1423 33479.399634766217787 31026.680259657729039
1423.5 33441.593161742726807 30993.640477619755984
1424 33411.448052832442045 30972.80131342065215
1424.5 33397.516083488088043 30963.69038130712579
1425 33404.470725405204576 30974.501753928485414
1425.5 33409.94822687888518 30985.543078973583761
1426 33450.035624620977615 31024.930733058092301
1426.5 33383.140464139767573 30969.63230373800252
1427 33365.039800060156267 30958.96921372016368
1427.5 33403.960574720738805 30997.737109967325523
1428 33382.815139805803483 30987.310424055511248
1428.5 33412.17840364658332 31012.135046844876342
1429 33444.920085830672178 31046.310104921136372
1429.5 33435.582064440954127 31034.312259802212793
1430 33458.709141779407219 31064.598286160926364
1430.5 33454.352000984690676 31063.135167903266847
1431 33426.018676185274671 31052.061682068091613
1431.5 33420.982859027804807 31047.20826622362074
1432 33430.725811659889587 31058.425883394967968
1432.5 33473.635290645142959 31094.947132542929467
1433 33506.111817748140311 31134.238259956029651
1433.5 33512.889902407463524 31147.279292602019268
1434 33487.274527270950784 31127.803538481843134
1434.5 33471.25462545274786 31126.362652432035247
1435 33444.869473711303726 31106.982940399611834
1435.5 33477.20824732856272 31138.83393793995856
1436 33464.885280197107932 31132.94319865741636
1436.5 33495.693361752193596 31161.581255945180601
1437 33532.129665573942475 31193.299342345646437
1437.5 33526.866995899559697 31193.606178168869519
1438 33554.765648801898351 31228.171685489829542
1438.5 33555.285318898000696 31231.672687147369288
1439 33543.411779035290238 31232.148235307562572
1439.5 33549.827963332718355 31240.470516653331288
1440 33560.744181184149056 31254.230969637486851
1440.5 33586.640443578398845 31273.796211187873268
1441 33562.028452321217628 31262.162221899805445
1441.5 33559.913931471339311 31267.383225475074141
1442 33530.170520698666223 31241.977351470599388
1442.5 33548.109496303346532 31257.873339870751806
1443 33493.574493095395155 31219.965925210253772
1443.5 33462.515455621258297 31196.696322903077089
1444 33485.264864329132251 31220.573991628662043
1444.5 33490.297581291903043 31232.75465051325591
1445 33517.400657726051577 31265.48563043953618
1445.5 33538.129314688805607 31281.1428970253437
1446 33483.747528446692741 31235.744386766698881
1446.5 33491.885251638123009 31251.106473508585623
1447 33463.125923082639929 31226.460902811064443
1447.5 33509.164462023232772 31270.872547170773032
1448 33505.631423009588616 31271.141922913579037
1448.5 33462.06460177214467 31240.346886217928841
1449 33454.083175500323705 31242.104426386587875
1449.5 33465.934186699931161 31259.633259956470283
1450 33473.27551302313077 31272.002785201813822
1450.5 33475.085424140197574 31272.048477907937922
1451 33479.240773932804586 31280.957468092678027
1451.5 33459.683634689892642 31270.398174522768386
1452 33444.537350399761635 31262.175411153893947
1452.5 33460.421251895102614 31272.104238107418496
1453 33448.330068828596268 31270.359368722707586
1453.5 33468.343979944882449 31296.779028490185738
1454 33452.189896436830168 31292.385882733320614
1454.5 33462.154469387765857 31308.437736058203882
1455 33435.103775225026766 31287.627055726294202
1455.5 33411.037805887892318 31268.341421246048412
1456 33407.68020129208162 31272.754312838460464
1456.5 33433.584248883809778 31306.257539802216343
1457 33449.710921393954777 31327.83904253043147
1457.5 33455.030600478370616 31344.610530339741672
1458 33487.420806921152689 31383.451973854102107
1458.5 33466.18887655546132 31373.948854963593476
1459 33431.45340750835021 31358.131454923037381
1459.5 33433.720839772162435 31368.294627344406763
1460 33425.910161464686098 31367.832626806281041
1460.5 33440.396274729639117 31388.666968402743805
1461 33423.435176813072758 31378.928418694522406
1461.5 33480.061327969306149 31426.289107043878175
1462 33468.763806120870868 31425.414448100735171
1462.5 33480.786019599392603 31436.925829907064326
1463 33503.568429415368882 31460.341376726693852
1463.5 33549.239641014602967 31500.175821291461034
1464 33510.160667567630298 31470.797835841807682
1464.5 33525.747294053988298 31491.889228677380743
1465 33528.375478726877191 31496.696796540425566
1465.5 33586.811745685488859 31554.368822557906242
1466 33567.845402513412409 31546.163517083841725
1466.5 33539.132010637113126 31520.365995534175454
1467 33526.42282217839238 31522.244903058599448
1467.5 33520.221276334916183 31523.915093030289427
1468 33511.212430075727752 31521.933228541631252
1468.5 33555.906860660252278 31565.086750900511106
1469 33551.635170796464081 31561.107196002900309
1469.5 33527.816548557340866 31548.698283298166643
1470 33550.448976751678856 31580.403578811230545
1470.5 33582.112761349701032 31614.558754579855304
1471 33591.285404737151111 31626.235588904764882
1471.5 33599.167176220034889 31644.045430660316924
1472 33563.246131697815144 31612.402050149190472
1472.5 33559.309632157055603 31614.827398650304531
1473 33567.912386308373243 31626.243725699103379
1473.5 33600.135737243450421 31657.83458680755939
1474 33582.533690798067255 31645.287608861748595
1474.5 33566.197532933547336 31634.786656361935457
1475 33607.366028594435193 31682.125977896979748
1475.5 33521.423090822587255 31611.627030255422142
1476 33540.301750906990492 31631.685637670922006
1476.5 33523.684832875886059 31620.388627317206556
1477 33535.967773096046585 31634.56682226223711
1477.5 33548.066784382477636 31652.15356214806161
1478 33514.261580954480451 31624.327018891934131
1478.5 33527.306286884631845 31643.974283049446967
1479 33524.195570389434579 31643.934805881788634
1479.5 33494.126720012071019 31615.860902170097688
1480 33530.465796777170908 31650.640120853269764
1480.5 33563.005887324870855 31685.877921274954133
1481 33583.061828310819692 31709.533163876309118
1481.5 33579.391920947731705 31712.773857736250648
1482 33582.692918119872047 31723.773815636981453
1482.5 33605.351498242649541 31749.675051603011525
1483 33610.883664519707963 31757.424230254913709
1483.5 33597.842380322406825 31750.6208176431428
1484 33624.162202915576927 31777.929147291033587
1484.5 33639.765789677949215 31795.642407068040484
1485 33709.060881492092449 31863.76283335404878
1485.5 33748.446516396616062 31896.123369468434248
1486 33735.998034104399267 31889.816895927433507
1486.5 33722.943416986170632 31886.451835471441882
1487 33716.30001599132811 31885.12353019864895
1487.5 33730.345170509470336 31897.095022675261134
1488 33747.074583517642168 31913.406002639145299
1488.5 33781.40931745992566 31948.680641428207309
1489 33761.71153657798277 31926.36130196666636
1489.5 33837.170941445918288 32003.998845201425866
1490 33800.076818203342555 31973.110897065715108
1490.5 33806.246721707502729 31989.564459707893548
1491 33798.123893583695462 31987.137048177464749
1491.5 33758.539264983017347 31955.250151791395183
1492 33742.87760554664419 31944.402389379531087
1492.5 33754.854806663868658 31962.827504539214715
1493 33726.111500819024513 31941.681040425009996
1493.5 33778.892325222754152 31989.076179498453712
1494 33772.758977981866337 31986.08795158797875
1494.5 33759.92424782623857 31979.17906954978389
1495 33803.671993910495075 32032.088552776829601
1495.5 33762.442640643894265 32002.023356918311038
1496 33759.284059444129525 32009.870590080401598
1496.5 33794.082039737746527 32041.029666673915926
1497 33798.982062564755324 32041.977728988153103
1497.5 33815.42952190041251 32060.24137146718931
1498 33785.152965419038082 32042.072196787554276
1498.5 33793.599265552154975 32056.523958712932654
1499 33794.422491993660515 32056.56352494488965
1499.5 33782.436684994085226 32057.988013832447905
1500 33776.191765042116458 32063.480694784168008
1500.5 33740.935522502593813 32037.655401601663471
1501 33747.621894100251666 32046.781004269207187
1501.5 33796.584869592938048 32093.986754599656706
1502 33797.759602884281776 32095.529379379368038
1502.5 33804.969027202299912 32106.50758753827904
1503 33751.790033238052274 32063.893423758534482
1503.5 33786.448574209527578 32096.38019677894772
1504 33802.899019978198339 32117.062270193368022
1504.5 33791.745166540276841 32105.918117037061165
1505 33827.164721609260596 32149.006122602771939
1505.5 33800.527074157493189 32127.443239604184782
1506 33826.017752689207555 32152.332044590140868
1506.5 33830.553008378868981 32154.358585377023701
1507 33878.902352795215847 32203.73313577755107
1507.5 33873.969014481801423 32202.848244839598919
1508 33877.168906305902055 32204.034094752176316
1508.5 33930.35098990577535 32252.536874463694403
1509 33935.242599643876019 32259.268577994327643
1509.5 33899.80557792585023 32234.183516878703813
1510 33935.038553076272365 32268.790819990834279
1510.5 33987.036529034019622 32324.482537289764878
1511 33977.197327362482611 32322.881148129872599
1511.5 33994.996812061654055 32344.251535581115604
1512 33982.346947718157026 32334.901699247460783
1512.5 33990.579953799293435 32347.36412413994185
1513 34031.198767794208834 32382.797863919968222
1513.5 34080.790290437136719 32430.100065191141766
1514 34062.941318454148131 32418.192001141291257
1514.5 34056.340575973685191 32422.097111280872923
1515 34052.287245771636663 32424.973579105440876
1515.5 34063.319872272746579 32437.765866431567702
1516 34015.314597683740431 32393.19481086603264
1516.5 34021.091915573902952 32405.173588007059152
1517 34034.761878678385983 32423.056740154497675
1517.5 34069.896815095373313 32455.192253066808917
1518 34074.56641181321902 32458.464386035833741
1518.5 34047.819005676938104 32441.790903767356212
1519 34028.699364620813867 32434.863315654667531
1519.5 34011.484196753619472 32421.646408766773675
1520 34022.726391015683475 32428.601019661891769
1520.5 34009.081443962131743 32425.07720300800429
1521 34033.01512391291908 32442.957301004658802
1521.5 34015.253632696629211 32434.880411456902948
1522 34030.325934512475214 32452.88766183633561
1522.5 34048.828932934076875 32470.531172168794001
1523 34043.070092182970257 32471.775384071857843
1523.5 34075.042683945248427 32505.079681801846164
1524 34110.584276291760034 32543.037586176742479
1524.5 34103.651913264657196 32538.680648790541454
1525 34182.513168468329241 32616.414488072496169
1525.5 34182.016210085406783 32620.248090427383431
1526 34149.985760430259688 32602.982481002629356
1526.5 34140.424058009084547 32600.620236035887501
1527 34169.573026830497838 32621.968382561401086
1527.5 34132.970110007183393 32601.267170643641293
1528 34067.06992585293483 32544.808174535253784
1528.5 34066.470541917398805 32550.746048176570184
1529 34117.148156945935625 32595.002767148700514
1529.5 34123.53665191368782 32602.706098341783218
1530 34125.538627926165645 32606.690570216975175
1530.5 34055.381531202074257 32550.695973425365082
1531 34063.914691030120593 32567.408461689665273
1531.5 34082.937493589379301 32595.013181113685278
1532 34050.810927758473554 32572.188424852032767
1532.5 34058.219256563599629 32587.618063737165357
1533 34080.994895868207095 32615.376273101188417
1533.5 34133.829968655860284 32661.880063048905868
1534 34108.414760216110153 32639.429431144206319
1534.5 34075.386374028392311 32614.974872731854703
1535 34054.053880124920397 32602.900112881878158
1535.5 34024.859089820020017 32577.660383766229643
1536 34022.919961890707782 32577.590412431145523
1536.5 34043.517596279292775 32599.029839111033652
1537 34075.361548030246922 32633.648437205567461
1537.5 34035.845544595591491 32602.308430908135051
1538 34095.852466303767869 32665.086846490350581
1538.5 34107.489423577724665 32681.839552004174038
1539 34166.369192095829931 32739.549122930086014
1539.5 34104.67396921395266 32686.611487353282428
1540 34081.756903655244969 32669.830774598289281
1540.5 34121.800759315352479 32708.546598147029727
1541 34112.325201855535852 32700.185370104449248
1541.5 34084.460692564520286 32682.227399315062939
1542 34067.125132089589897 32670.422440421370993
1542.5 34059.287032833366538 32668.237371384086146
1543 34115.532268125498376 32723.934079615821247
1543.5 34122.050443843407265 32732.051622798175231
1544 34147.48091079180449 32755.247802285990474
1544.5 34147.567098595536663 32762.579144459377858
1545 34163.10847988857131 32781.537942357754218
1545.5 34117.23724568454054 32746.33279614478306
1546 34115.754490981948038 32755.136536387090018
1546.5 34109.185679178735882 32752.917787873171619
1547 34109.99833712533291 32754.630889776806725
1547.5 34113.196360105590429 32758.092295797254337
1548 34082.625553740515898 32734.795997022345546
1548.5 34058.641330291924533 32720.797726053606311
1549 34060.404758517172013 32733.527203467900108
1549.5 34029.823373458835704 32721.674685673395288
1550 34059.294414859090466 32750.116284173851454
1550.5 34047.331391161882493 32742.201499832695845
1551 34032.833658945171919 32733.60872074697545
1551.5 34034.052798978060309 32735.662225415893772
1552 34066.061620153275726 32763.252189964074205
1552.5 34106.486585671329522 32800.308164428672171
1553 34148.164021988326567 32840.382567639760964
1553.5 34170.768808029170032 32859.092537471864489
1554 34220.725825140172674 32902.662780945516715
1554.5 34215.931412191639538 32903.586741201586847
1555 34187.588544797559734 32889.724368598625006
1555.5 34155.988388441539428 32857.463527888932731
1556 34178.497026131233724 32879.225598375342088
1556.5 34173.917893425990769 32881.436388737223751
1557 34171.3818650963658 32888.180010500494973
1557.5 34165.145728138297272 32884.550100288135582
1558 34171.279525329380704 32893.307302803950734
1558.5 34197.525012897152919 32921.529053035883408
1559 34228.850701266906981 32950.901687049066823
1559.5 34210.169332547840895 32930.120875712964335
1560 34236.30943454514636 32958.624503003215068
1560.5 34246.800161281818873 32970.55396960953658
1561 34230.333524639900133 32966.165328502363991
1561.5 34228.605816656869138 32973.078366323679802
1562 34277.419934571982594 33017.273172453693405
1562.5 34268.678217177439365 33007.995511553912365
1563 34282.635322229565645 33028.166974160922109
1563.5 34274.085847187729087 33021.046386378387979
1564 34294.72518115415005 33047.403503337576694
1564.5 34274.198464009314193 33027.448132500598149
1565 34247.08477071022935 33011.649725152099563
1565.5 34254.983324608561816 33024.653803097564378
1566 34221.375698230782291 33002.954241291612561
1566.5 34230.368292223574826 33018.339530374018068
1567 34270.931637431975105 33057.080716189666418
1567.5 34265.489671567491314 33058.74554403196089
1568 34295.543706872005714 33097.622429309696599
1568.5 34262.232980298038456 33070.822073458919476
1569 34248.299450388854893 33062.369201108864218
1569.5 34256.37367480807734 33075.539778657599527
1570 34283.284041307910229 33099.67622378723172
1570.5 34305.971972875064239 33126.760119640282937
1571 34332.010731317663158 33158.179716501108487
1571.5 34350.064712099563621 33181.545526651098044
1572 34340.305124636768596 33174.395998734988098
1572.5 34335.10870916757267 33173.275239719238016
1573 34378.304124880101881 33216.512301049835514
1573.5 34381.287738312632428 33221.155376535432879
1574 34431.393681032990571 33273.658098564039392
1574.5 34437.922074322385015 33286.718303994392045
1575 34421.571049977756047 33277.521956470089208
1575.5 34403.193846032889269 33265.305989675413002
1576 34361.509315513780166 33224.748924905034073
1576.5 34409.538616335346887 33277.556712323028478
1577 34431.901093991888047 33308.246961195356562
1577.5 34419.776237432364724 33302.402936825899815
1578 34409.302846717502689 33299.29673897298926
1578.5 34406.23000401545869 33297.949521272137645
1579 34450.180238205706701 33335.898520638460468
1579.5 34504.936933001146826 33379.092614008302917
1580 34492.996504609422118 33369.571515375821036
1580.5 34436.877276385042933 33322.092896998517972
1581 34484.634707245204481 33373.573361487928196
1581.5 34395.295725779367785 33292.353042103983171
1582 34417.526014822498837 33322.508969563859864
1582.5 34444.983904428285314 33346.770685583869636
1583 34409.85970129891939 33318.377871458062145
1583.5 34449.919954305187275 33364.244042747741332
1584 34458.841658675584767 33380.835972869637772
1584.5 34473.727139262198762 33400.274661663075676
1585 34437.657981975709845 33364.105541760764027
1585.5 34432.72461588200531 33364.054772188370407
1586 34440.546906734452932 33376.108763984266261
1586.5 34436.681962103932165 33375.978058452703408
1587 34441.455798791721463 33386.123441165640543
1587.5 34416.241296639709617 33368.644444320671028
1588 34431.982031451268995 33386.992554071381164
1588.5 34429.869542799948249 33394.309140382996702
1589 34436.202691136713838 33401.689766393887112
1589.5 34462.744927488813119 33431.21485323223169
1590 34442.335824085741478 33416.798270586536091
1590.5 34405.406250916152203 33381.781741451537528
1591 34468.741005504787609 33442.604403459445166
1591.5 34481.155855827666528 33453.008081907697488
1592 34509.329359972223756 33486.118335312050476
1592.5 34526.944011491323181 33503.971700553265691
1593 34492.137811614855309 33474.789985521172639
1593.5 34530.43769041501946 33522.35468602857145
1594 34562.916325613354275 33557.142981879747822
1594.5 34570.775583897353499 33570.718080900915083
1595 34581.116948119662993 33585.195614219592244
1595.5 34610.064982422023604 33615.36826020697481
1596 34655.495962771237828 33661.730146363071981
1596.5 34614.130587684841885 33628.409284825967916
1597 34601.689086668215168 33628.975380866177147
1597.5 34602.536808570475841 33633.575841584824957
1598 34608.641296640773362 33642.590358671055583
1598.5 34598.764976422309701 33646.072127588631702
1599 34569.712013947333617 33623.357150168441876
1599.5 34573.022722883833922 33633.862969913330744
1600 34557.510460642908583 33621.012465315201553
1600.5 34625.216396436946525 33687.723121061979327
1601 34575.379127629355935 33650.070593669697701
1601.5 34577.446031856808986 33665.34597178518743
1602 34599.298283210264344 33687.162199451413471
1602.5 34599.774072224550764 33693.249088062766532
1603 34541.936891140547232 33646.697997664909053
1603.5 34537.703952646152175 33643.644424169964623
1604 34591.19627531394508 33695.508917507468141
1604.5 34637.631887487579661 33740.890014009135484
1605 34613.349613455153303 33721.892213311839441
1605.5 34640.466092941351235 33755.585534178913804
1606 34622.342103617404064 33742.89379427221138
1606.5 34632.546909389813663 33754.064203691115836
1607 34649.593741616045008 33767.465717618222698
1607.5 34634.596601211022062 33760.271961478312733
1608 34674.292724216793431 33804.669825903321907
1608.5 34694.966960478435794 33822.945217736247287
1609 34755.81599574656866 33876.493258797563612
1609.5 34700.91592128508637 33834.837055878735555
1610 34738.278232210526767 33879.380260793943307
1610.5 34689.827153905847808 33837.626062510818883
1611 34666.998206846801622 33818.58417944869143
1611.5 34686.446016438603692 33842.496899659985502
1612 34738.809311353987141 33895.246574395729112
1612.5 34746.621584116961458 33910.885608611861244
1613 34802.355846323203878 33970.086046294491098
1613.5 34794.144577363462304 33962.165025171052548
1614 34805.585866045963485 33981.90353161177336
1614.5 34788.80346989978716 33977.686847355267673
1615 34782.770798511577595 33976.280087883780652
1615.5 34794.556226445180073 33989.448359818525205
1616 34789.5974651447832 33985.953149346423743
1616.5 34792.355284380239027 33995.034616784258105
1617 34806.512097918450308 34017.503509206748276
1617.5 34739.734670028650726 33962.733609997987514
1618 34752.873979931602662 33981.291620319643698
1618.5 34772.440646175360598 33996.101366760856763
1619 34795.883152606023941 34020.941463262548496
1619.5 34827.119447083183331 34050.204989286248747
1620 34859.016213410679484 34080.371893563533376
1620.5 34859.044648881310422 34093.083221168068121
1621 34906.593669625690382 34145.467766802459664
1621.5 34922.463143349101301 34154.320459707872942
1622 34878.554372394821257 34120.298614110382914
1622.5 34933.599472539302951 34173.132732314479654
1623 35010.558853807742707 34247.515511933015659
1623.5 35024.484400914981961 34265.144779127389484
1624 35105.713561474287417 34342.510421657563711
1624.5 35087.581473701997311 34326.635686815316149
1625 35108.323289596475661 34341.588881503368611
1625.5 35129.596645013014495 34354.133263187599368
1626 35099.442122145672329 34329.343998896314588
1626.5 35149.560266908018093 34380.602618691656971
1627 35132.368532164073258 34372.49790957946243
1627.5 35116.138712447187572 34360.432964233994426
1628 35066.080178327698377 34318.612555372936185
1628.5 35053.628077623630816 34313.855569689498225
1629 35027.878843022903311 34289.377454098786984
1629.5 35021.131106318949605 34284.388168089710234
1630 35008.153852401206677 34270.031570231963997
1630.5 35008.137585399636009 34283.782258104038192
1631 35010.751106639443606 34289.483067699606181
1631.5 35008.452723192334815 34282.351685891531815
1632 35028.764834411005722 34297.672643694830185
1632.5 35049.123100521399465 34321.531205123210384
1633 35123.675599640642758 34398.336630786725436
1633.5 35118.632684511154366 34394.394911250645237
1634 35154.225872056042135 34430.339574260891823
1634.5 35195.354150726765511 34476.226425352331717
1635 35188.405551089541405 34475.8853234889757
1635.5 35225.763094276262564 34505.20085010209732
1636 35284.631405193176761 34568.418816267825605
1636.5 35294.383710249661817 34574.307014702535525
1637 35223.556599913557875 34508.360868809082604
1637.5 35252.479928605949681 34532.852055228373501
1638 35224.770453134755371 34509.730187205175753
1638.5 35222.376228531167726 34502.494581687635218
1639 35289.113958782181726 34566.005022159493819
1639.5 35328.908911701153556 34600.641836588103615
1640 35331.656446606124518 34612.707108354436059
1640.5 35356.522102339797129 34641.735159933232353
1641 35379.631650952760538 34672.955347397881269
1641.5 35361.940799772637547 34662.395418290834641
1642 35348.313476308969257 34661.250544377806364
1642.5 35406.123990968182625 34710.176213601131167
1643 35408.289626965990465 34714.624444586319441
1643.5 35395.018011517087871 34712.240359547380649
1644 35401.619703131720598 34717.148482386277465
1644.5 35408.146535529696848 34734.446373568178387
1645 35432.018224054052553 34762.840283969067968
1645.5 35436.6122689890326 34770.37381711814669
1646 35438.485312410579354 34776.501761754276231
1646.5 35402.936344537920377 34748.633296172854898
1647 35381.691787891308195 34739.22652055927756
1647.5 35415.989968738125754 34774.054201139173529
1648 35471.642932769464096 34826.854335193100269
1648.5 35419.622673662102898 34779.517522539172205
1649 35384.263924318023783 34752.730416866703308
1649.5 35444.926404761565209 34815.96126544267463
1650 35464.385650704294676 34835.584039322282479
1650.5 35532.11581745154399 34903.595593124606239
1651 35540.042766845843289 34912.591308505718189
1651.5 35613.766774269519374 34985.475576489494415
1652 35574.175820545482566 34944.693247218994657
1652.5 35539.215558254611096 34911.316292104966124
1653 35556.481550594668079 34930.109998988737061
1653.5 35544.338015199966321 34908.1649276804892
1654 35567.738182581408182 34936.184364693246607
1654.5 35628.299756766879 34998.960529745309032
1655 35548.412227982946206 34932.060906686936505
1655.5 35526.252569532232883 34914.777201471675653
1656 35533.864997599834169 34928.839167896665458
1656.5 35504.512016845888866 34903.35361696559994
1657 35538.258938539162045 34939.301276440630318
1657.5 35613.166991070393124 35013.830297756147047
1658 35564.500860982130689 34970.518325198965613
1658.5 35583.8393541751866 34989.467628028178297
1659 35616.516512848327693 35025.368765626859386
1659.5 35630.879248695091519 35043.757411749356834
1660 35605.255210758128669 35022.458239219762618
1660.5 35616.580548776270007 35035.50322107788088
1661 35677.278662947923294 35095.03126144453563
1661.5 35693.981623982275778 35120.907334787152649
1662 35744.378280844641267 35173.00932287077012
1662.5 35741.338838718533225 35176.865202297216456
1663 35761.132109808793757 35193.747298286638397
1663.5 35742.771749607709353 35177.837568084534723
1664 35693.269738382725336 35136.436318828666117
1664.5 35682.396257066837279 35130.053240354143782
1665 35747.341666934094974 35195.580986951492378
1665.5 35725.353649008029606 35171.843266723219131
1666 35737.555436058457417 35187.154360740925767
1666.5 35683.61033432471595 35144.376719891028188
1667 35606.472019103843195 35072.245268765182118
1667.5 35666.663337462494383 35136.761063264937548
1668 35719.765317259043513 35186.865584024344571
1668.5 35757.515814208789379 35228.90555168226274
1669 35806.628239834019041 35275.531457965298614
1669.5 35876.365641278600378 35345.849467865322367
1670 35911.535865861704224 35380.918635311427352
1670.5 35868.298868386875256 35347.282119808282005
1671 35882.429648794233799 35359.326014080725145
1671.5 35804.35705134064483 35281.068848205330141
1672 35873.641182787199796 35355.632331345819694
1672.5 35870.873126250473433 35362.271868423609703
1673 35872.532442897798319 35369.38391168700764
1673.5 35860.709747081658861 35363.175015052038361
1674 35902.95480060443515 35415.106953244983742
1674.5 35935.347819268594321 35450.269155585832777
1675 35875.3340598807481 35393.202423425100278
1675.5 35933.683884739853966 35454.16571271452267
1676 35930.690502844947332 35452.403582143175299
1676.5 35980.667285762057872 35497.607501878395851
1677 36038.794261000562983 35550.90663335366844
1677.5 36053.052760238446353 35570.44703723967541
1678 36045.424057478798204 35569.554163927467016
1678.5 36057.310803771448263 35590.585771030979231
1679 36018.619228850511718 35562.122085131981294
1679.5 35995.454889290995197 35550.194005666620797
1680 35990.895607773869415 35542.541244525978982
1680.5 35973.534436735528288 35536.723534989432665
1681 36054.259075085392396 35613.709212178990128
1681.5 36002.929130235192133 35573.567257473914651
1682 35996.256021802437317 35565.354631474234338
1682.5 35944.613354687120591 35530.401786276328494
1683 35981.31107631494524 35567.502415141490928
1683.5 36055.482445007837669 35636.655106424623227
1684 36047.611182148844819 35632.125262604989985
1684.5 36108.659307161171455 35692.53706734294974
1685 36155.247967313305708 35732.712895549491805
1685.5 36186.129935564407788 35761.935005931794876
1686 36203.690933832112933 35780.44873912310868
1686.5 36173.224407435409375 35754.091090216403245
1687 36104.151283435632649 35696.158955407525355
1687.5 36131.104769653560652 35726.229183946343255
1688 36041.311496345151681 35642.334784803111688
1688.5 36078.969020122131042 35687.168139862689713
1689 36067.562034144153586 35680.58051236691972
1689.5 36135.549805672701041 35743.482240034034476
1690 36130.793284692743327 35742.106730493389477
1690.5 36139.162696351872 35749.872620791917143
1691 36121.476538679838995 35736.624182975960139
1691.5 36136.397449539021181 35756.067677055456443
1692 36171.875368974608136 35788.616776563867461
1692.5 36154.12010068512609 35776.045119559988962
1693 36211.183897394876112 35834.730791349844367
1693.5 36281.64271264103445 35899.354103350095102
1694 36282.770948327823135 35908.4992747308861
1694.5 36219.128849589680613 35853.846858461627562
1695 36233.691835129618994 35875.312973260217404
1695.5 36196.077084528864361 35842.09782941523008
1696 36226.912280629563611 35882.558192633448925
1696.5 36233.768456941288605 35884.848751815683499
1697 36234.748045849686605 35890.078879069733375
1697.5 36198.743704693632026 35856.104153579224658
1698 36239.568345068466442 35895.797024387735291
1698.5 36262.547460609406698 35915.642157471898827
1699 36347.007571804155305 35996.381716429903463
1699.5 36410.771212374384049 36058.265185299547738
1700 36357.222065147543617 36014.636024794286641
1700.5 36470.496049816756567 36123.302629705627623
1701 36426.530166426047799 36075.749566976475762
1701.5 36362.199037021069671 36021.699577601248166
1702 36320.340553044195985 35989.925576667359564
1702.5 36334.073287282029924 36012.431995285769517
1703 36299.351789067688514 35984.416346050711581
1703.5 36237.008392619187362 35933.043709348276025
1704 36178.845110410504276 35888.890434283144714
1704.5 36159.870766730738978 35878.424724445903848
1705 36140.682224722120736 35867.630650217084622
1705.5 36115.904380306077655 35851.573796348100586
1706 36067.608643792751536 35808.181752604454232
1706.5 36098.155113009554043 35831.430841170782514
1707 36162.342770991810539 35891.074398891854798
1707.5 36105.977517619779974 35838.019875258753018
1708 36080.633389760041609 35827.279609013006848
1708.5 36128.374021122210252 35874.223022197649698
1709 36181.014605454744014 35925.031398705323227
1709.5 36175.990579273013282 35917.711977543272951
1710 36216.741578656277852 35961.147433591388108
1710.5 36177.943739339985768 35923.946903488176758
1711 36239.687734128609009 35991.213551961642224
1711.5 36184.779307523051102 35951.04873537941603
1712 36217.528341618468403 35975.071881032890815
1712.5 36240.045117129680875 36000.75095476747083
1713 36342.711537796050834 36093.895281736280594
1713.5 36326.698152165576175 36079.730922344679129
1714 36312.519870034084306 36068.033423806147766
1714.5 36345.151853981471504 36104.134069984873349
1715 36309.358065869004349 36080.171059364663961
1715.5 36253.079040479846299 36032.066566264162248
1716 36203.32791416451073 35993.982325454322563
1716.5 36147.57973615150695 35949.03867308775807
1717 36175.959133408519847 35973.78578626653325
1717.5 36077.478876700784895 35889.722565227166342
1718 36092.200938829279039 35905.238830252383195
1718.5 36016.990730092562444 35841.514893998588377
1719 35975.699532967882988 35806.305802692033467
1719.5 35946.699926634268195 35778.675360321423796
1720 36003.459150376424077 35842.541128365548502
1720.5 36023.0398824081567 35855.923854932669201
1721 36011.019535633407941 35852.90984135268809
1721.5 36058.174311305796436 35904.28661356162047
1722 36092.482371789476019 35938.21099464946019
1722.5 36102.209033932900638 35953.16985208413098
1723 36041.446161717060022 35903.241229757673864
1723.5 36024.258481023665809 35897.382995316853339
1724 36028.115980537986616 35906.332975884797634
1724.5 36056.256623230830883 35932.171922635890951
1725 36031.160420367545157 35908.495047021046048
1725.5 36043.152065448775829 35918.771218660585873
1726 36033.106103335601802 35908.162464480832568
1726.5 36084.531557472015265 35960.381932100404811
1727 36069.485978748954949 35945.92280556413607
1727.5 36113.420405313496303 35991.124020756054961
1728 36043.63707449552021 35937.309252312647004
1728.5 36039.667841196729569 35943.100515499827452
1729 36052.098803349246737 35956.534559121959319
1729.5 36061.72108889392257 35966.634367566417495
1730 36013.045156876236433 35922.350573150979471
1730.5 36103.324286637332989 36010.262237570954312
1731 36139.081794423153042 36042.522766553767724
1731.5 36131.600440416121273 36039.856700598204043
1732 36128.133295619976707 36035.912526459302171
1732.5 36149.714325632055989 36055.043727410673455
1733 36137.745042146845663 36040.471886880208331
1733.5 36114.976632015415817 36026.423166893422604
1734 36065.554452399686852 35983.179045074684836
1734.5 36115.971501332205662 36042.32684712090122
1735 36101.038833819104184 36038.613148484357225
1735.5 36094.076609752577497 36038.636134043816128
1736 36048.861775206794846 35998.602878394827712
1736.5 36026.700906096739345 35980.087815834020148
1737 36004.267927435270394 35967.9317777306278
1737.5 35986.824259212909965 35955.168065486679552
1738 36010.685770133393817 35984.07287657665438
1738.5 35999.03031194810319 35968.370846835983684
1739 35986.462477620465506 35965.240771535907697
1739.5 36024.070728609927755 36011.456351325316064
1740 36008.992732383521798 36007.515061125341163
1740.5 36035.435475575097371 36042.834661451670399
1741 35976.341633592048311 35999.904396021382126
1741.5 36013.771630324677972 36047.779993002230185
1742 36020.693958472933446 36065.326204851509829
1742.5 35983.527223631746892 36035.860008717696473
1743 36010.83989500397729 36067.11137181455706
1743.5 36022.042933777571307 36076.996568538736028
1744 36048.893482525170839 36104.152973439049674
1744.5 36129.039165206573671 36184.60808790520241
1745 36132.671454572533548 36192.160581951786298
1745.5 36068.734577791990887 36140.972366961395892
1746 36109.095837130887958 36183.128770117473323
1746.5 36127.194896375047392 36204.527545675795409
1747 36085.1398601521214 36162.493916556435579
1747.5 36090.506753205321729 36169.912926648044959
1748 36044.530938291311031 36128.339778991321509
1748.5 36125.809432574438688 36202.811811659354134
1749 36151.464763676231087 36220.805138369083579
1749.5 36141.784061365011439 36223.948440972191747
1750 36159.920322115642193 36237.570029602109571
1750.5 36163.297597555683751 36247.907262544664263
1751 36142.791505692330247 36235.956155317850062
1751.5 36210.158873455606226 36304.282805568618642
1752 36255.317029004690994 36344.181336255038332
1752.5 36240.299775290659454 36333.519676709212945
1753 36246.44230185579363 36346.3611548490735
1753.5 36277.595461611264909 36371.317568280173873
1754 36334.788087705783255 36427.342032174572523
1754.5 36338.827092492341762 36431.910844983605784
1755 36349.671440789432381 36442.379153379901254
1755.5 36350.007037805218715 36444.637385141511913
1756 36334.424058070551837 36442.451405806845287
1756.5 36293.825272424663126 36405.918536679186218
1757 36313.281651169701945 36426.223473738733446
1757.5 36334.610348597328993 36450.669505818172183
1758 36311.756475934897026 36434.757352899003308
1758.5 36315.178065689760842 36444.125303063920001
1759 36318.460806986520765 36457.260833212661964
1759.5 36365.688137362238194 36510.710394781519426
1760 36380.460009475260449 36535.456046405735833
1760.5 36345.927977630235546 36503.09812293813593
1761 36346.15663746692735 36509.747235068978625
1761.5 36246.647716129082255 36413.981655820789456
1762 36330.247284362449136 36497.589067536930088
1762.5 36399.803409193911648 36554.867077939532464
1763 36392.994192930265854 36546.306998460939212
1763.5 36415.054842105579155 36570.385866215372516
1764 36342.317311476021132 36512.564756220090203
1764.5 36326.15904033757397 36497.607740551917232
1765 36367.88389081825153 36543.619952725413896
1765.5 36368.54883190178225 36540.775429171699216
1766 36311.145426955699804 36490.21275586255797
1766.5 36316.968758513809007 36503.071153843215143
1767 36286.214132855166099 36475.555904639571963
1767.5 36325.917760268472193 36510.586148888367461
1768 36377.034512468831963 36564.135502672710572
1768.5 36338.154370870986895 36529.58529036618711
1769 36412.740182858724438 36601.806354495587584
1769.5 36398.800785402410838 36592.137796276183508
1770 36423.227306533619412 36618.602313737639633
1770.5 36376.871435264467436 36580.926825332426233
1771 36419.254531032587693 36632.346540633014229
1771.5 36398.483965840991004 36619.788204343174584
1772 36408.976151312817819 36638.568648225984361
1772.5 36385.31360477268754 36620.474638469058846
1773 36372.189469246855879 36613.230348230055824
1773.5 36358.91731193029409 36598.484775397206249
1774 36374.732741944913869 36618.397460411513748
1774.5 36454.052212256865459 36693.888622098493215
1775 36507.531727871188195 36749.890327705077652
1775.5 36490.838580128103786 36734.91795890800131
1776 36496.314675667563279 36751.293271375703625
1776.5 36451.32225257029495 36713.394753782711632
1777 36458.318243144654843 36733.735668496068683
1777.5 36383.392542429362948 36664.232110501536226
1778 36433.225224228415755 36715.580229108330968
1778.5 36450.353482656428241 36733.03118739103229
1779 36464.469171621392888 36755.401415041909786
1779.5 36459.857095609731914 36753.36502851187106
1780 36505.979782969865482 36798.916714225641044
1780.5 36487.108163906370464 36786.318103158919257
1781 36485.361133540791343 36788.854066464533389
1781.5 36456.006702597733238 36763.915614494486363
1782 36474.239902517263545 36786.859110613761004
1782.5 36479.058662727911724 36792.451753784895118
1783 36501.865588290231244 36820.192413384633255
1783.5 36410.608724601668655 36734.959693865203008
1784 36507.117816664940619 36833.419513988046674
1784.5 36467.207458996548667 36798.162290885062248
1785 36506.593927281835931 36840.987761944910744
1785.5 36478.694831727756537 36814.489345705696905
1786 36498.291101564223936 36834.178289027157007
1786.5 36559.703793173379381 36897.655211860954296
1787 36597.951954446587479 36933.777592772028584
1787.5 36585.233361737889936 36925.152589406337938
1788 36617.512741760598146 36958.275464125799772
1788.5 36651.56794122102292 36990.602358967596956
1789 36627.283683128494886 36972.64006665834313
1789.5 36597.749357033244451 36960.892456912777561
1790 36570.175896059801744 36943.378960177993577
1790.5 36552.343964750143641 36939.383041564600717
1791 36522.223112255356682 36918.230024813732598
1791.5 36591.892203033981787 36992.425739858525048
1792 36557.216961402518791 36968.342690124089131
1792.5 36567.75136282099993 36985.612086127963266
1793 36612.885851217521122 37032.974527641097666
1793.5 36568.582964290319069 36999.129308597664931
1794 36604.743878305831458 37039.366688835441892
1794.5 36622.27125343773514 37061.259070764899661
1795 36647.032256550097372 37098.121563509419502
1795.5 36637.926109222040395 37098.342557418589422
1796 36664.465898360998835 37129.977670851047151
1796.5 36716.676564342080383 37181.803629324625945
1797 36745.227389017534733 37214.485980441553693
1797.5 36725.807285701012006 37195.846545759573928
1798 36671.740958647307707 37149.393757693607768
1798.5 36722.611905606485379 37195.16382935585716
1799 36729.732250131572073 37207.226059696586162
1799.5 36733.529690125920752 37217.092537264266866
1800 36757.43014790196321 37242.292105764754524
1800.5 36736.043213644676143 37231.97241416927136
1801 36683.44908699500229 37187.717489414571901
1801.5 36669.006353132899676 37187.794057890117983
1802 36720.079899981872586 37244.98215991883626
1802.5 36730.225012601018534 37252.149625376696349
1803 36762.28570948671404 37282.459870001999661
1803.5 36760.11175476104836 37284.338456643847167
1804 36799.458408617982059 37322.640859091785387
1804.5 36800.813181220997649 37332.890414885609061
1805 36702.236711482233659 37238.410799391560431
1805.5 36745.788506219658302 37282.581989852107654
1806 36752.028818835264246 37289.371406216567266
1806.5 36805.946863642639073 37345.978006429773814
1807 36818.676585680041171 37365.757945980309159
1807.5 36823.036503215793346 37375.442347590054851
1808 36766.588723054352158 37330.848345959449944
1808.5 36795.143512980706873 37362.212062335245719
1809 36789.26207145366061 37357.826641903797281
1809.5 36820.836718364560511 37397.186570852856676
1810 36754.494874777810764 37335.702959712587472
1810.5 36881.222827938130649 37458.541374972883204
1811 36881.712640280209598 37462.887240884090716
1811.5 36865.068621067410277 37447.38211253877671
1812 36882.85030608704983 37465.838811008659832
1812.5 36888.224104589811759 37475.119710600454709
1813 36841.703133342518413 37433.598298191456706
1813.5 36859.152540493560082 37447.780778471460508
1814 36848.379781942050613 37439.856334606643941
1814.5 36929.113582289981423 37522.961884077187278
1815 36914.323228289693361 37511.559654734468495
1815.5 36923.768642916584213 37520.311092304742488
1816 36943.053910296883259 37544.508721882026293
1816.5 36976.189987518955604 37581.146468986691616
1817 36997.014312682375021 37608.765604440814059
1817.5 36945.827545945416205 37573.66324278270622
1818 36919.689565421802399 37551.207278941081313
1818.5 36934.502608804352349 37574.874339492438594
1819 36925.141220023280766 37568.010677915568522
1819.5 36902.635162232225412 37553.6409774424028
1820 36884.834337373402377 37543.546998111174616
1820.5 36902.228777361400716 37565.896944027699647
1821 36856.057946831730078 37529.759043261248735
1821.5 36824.423185386862315 37511.099620192755538
1822 36834.475391420062806 37524.596720542322146
1822.5 36798.736671901351656 37500.261895084586286
1823 36818.734418508480303 37525.096601470751921
1823.5 36889.561436179435987 37597.495973681179748
1824 36887.909003658860456 37607.832216386581422
1824.5 36886.469567098152766 37620.768299655042938
1825 36880.501747878573951 37620.274535396281863
1825.5 36899.255474379999214 37647.280465807853034
1826 36908.671321727750183 37657.459053478785791
1826.5 36895.624917064895271 37641.052286488309619
1827 36872.713655580140767 37616.511400408795453
1827.5 36945.372050871068495 37692.164327544822299
1828 36895.354090130080294 37656.984067736186262
1828.5 36921.311883509268227 37690.855447189205734
1829 36908.114417884244176 37682.689694879198214
1829.5 36896.711908876080997 37680.345206793143007
1830 36893.566575254277268 37680.538639422142296
1830.5 36956.090981066605309 37748.212488364668388
1831 36963.646930754672212 37757.563114318683802
1831.5 36909.233323448621377 37710.863516757912294
1832 36940.512017678389384 37749.512250701147423
1832.5 36911.464884136730689 37721.520264701372071
1833 36968.59582560252602 37782.065470807414385
1833.5 37021.029368527524639 37839.323895927387639
1834 37013.196436907019233 37829.17682943669206
1834.5 37024.187309269989782 37841.236057945643552
1835 36937.433433182632143 37770.672478079977736
1835.5 36989.908534240072186 37822.812576913143857
1836 37001.885694172407966 37835.477631216621376
1836.5 36924.521151784429094 37767.130069945553259
1837 36995.398076605277311 37843.772026248254406
1837.5 37027.184770571097033 37879.750115228722279
1838 37008.084488207285176 37869.703494793953723
1838.5 36968.334706820831343 37842.598882973223226
1839 36951.338043079755153 37830.980060891073663
1839.5 36972.262520746167866 37858.535389183838561
1840 37034.067572525847936 37922.965737653255928
1840.5 36971.861444192487397 37873.152362724547856
1841 37005.661128592932073 37904.913638437872578
1841.5 37033.133630028845801 37934.0752244582618
1842 37048.381526463177579 37957.601229917025194
1842.5 36972.407412833905255 37889.909523033602454
1843 36962.329913359622878 37884.366247428588395
1843.5 36972.391961333007202 37889.608061405931949
1844 37025.131313675708952 37943.347055980244477
1844.5 36991.450570398948912 37923.505349167266104
1845 36988.798553809363511 37933.388107819606375
1845.5 36908.400327152347018 37858.82251898659888
1846 36936.602445674951014 37891.622387600094953
1846.5 37013.122832235691021 37967.977143889074796
1847 37021.641931839156314 37975.452758613952028
1847.5 36991.546005827964109 37953.87170925897226
1848 36961.925034526793752 37937.692282654585142
1848.5 36979.388332417511265 37959.972481933713425
1849 36941.243021966525703 37924.363397587709187
1849.5 37015.137501180674008 37999.38166797246231
1850 36993.867447105294559 37989.388390625957982
1850.5 37053.46693468344165 38040.436700994898274
1851 37053.725187479933084 38037.860103459963284
1851.5 37103.37304843187303 38082.347217600407021
1852 37115.125765918404795 38108.589998760020535
1852.5 37078.229483990384324 38075.447848036099458
1853 37131.484444527748565 38130.784713877001195
1853.5 37097.262749246605381 38095.076447063191154
1854 37093.009924680976837 38098.370183548693603
1854.5 37071.12235252775281 38086.357154651232122
1855 37119.046237703376391 38133.058209113813064
1855.5 37101.050451609815354 38121.686380472347082
1856 37080.91148127244378 38110.73270517947094
1856.5 37119.891713001867174 38149.110049277544022
1857 37071.581348069630621 38108.205782838456798
1857.5 36999.191738902511133 38042.638862564912415
1858 37028.142228297489055 38072.131185525468027
1858.5 37043.691305314336205 38097.635401039638964
1859 37066.598266164131928 38120.780230719508836
1859.5 37131.734438597930421 38184.275605771123082
1860 37163.500626087356068 38211.025169958556944
1860.5 37223.395229009722243 38271.551077605749015
1861 37250.353097923027235 38298.540357243822655
1861.5 37259.762758232769556 38309.474336489234702
1862 37269.48925023022457 38325.052339882800879
1862.5 37281.752371053684328 38345.229581117360794
1863 37275.28292248879734 38341.108713734916819
1863.5 37216.501536677860713 38293.982561774420901
1864 37222.386129758910101 38311.883006122458028
1864.5 37183.794031633144186 38285.620043499380699
1865 37196.224949962874234 38300.995365325536113
1865.5 37219.075931021739962 38328.814823928994883
1866 37234.362275192652305 38355.132706848860835
1866.5 37224.645527796565148 38355.515560316591291
1867 37244.999362257651228 38373.840708401658048
1867.5 37268.282488342134457 38405.343372152558004
1868 37262.713560471383971 38405.868844880198594
1868.5 37229.039022856028168 38385.2989121382343
1869 37208.255292026544339 38364.877472543099429
1869.5 37230.166323154233396 38395.402909572534554
1870 37180.966596335310896 38350.750571537340875
1870.5 37223.087443782031187 38402.573348943667952
1871 37171.224337657688011 38353.086110378004378
1871.5 37197.167504582168476 38388.018157971877372
1872 37171.701554258317628 38368.770467152717174
1872.5 37253.456796297206893 38443.478812182183901
1873 37211.151789552284754 38407.255691041857062
1873.5 37201.930756823705451 38404.951457666640636
1874 37229.369276180485031 38431.757813613476173
1874.5 37140.553151849446294 38349.943307861627545
1875 37118.825032642336737 38338.618858737223491
1875.5 37142.281444741682208 38368.208995613720617
1876 37106.191752915139659 38338.574882735054416
1876.5 37079.734155120611831 38325.405491758538119
1877 37088.883619527128758 38327.55438784724538
1877.5 37142.521633977659803 38391.745513750094688
1878 37107.392865905705548 38356.873847532311629
1878.5 37077.882567836597445 38339.552590136743675
1879 37014.644324616965605 38284.948161209220416
1879.5 37090.417543977600872 38365.586765301341075
1880 37069.928314460084948 38354.326277521635348
1880.5 37092.01441205242736 38380.335450096186833
1881 37065.995003857759002 38368.998794936203922
1881.5 37095.848517609556438 38400.783389225543942
1882 37066.112260472800699 38376.766037239489378
1882.5 37088.950258278018737 38400.759289761335822
1883 37113.598874957133376 38424.397076748791733
1883.5 37135.127569883508841 38451.292095470387721
1884 37115.64137744474283 38444.526504002322326
1884.5 37148.179417185805505 38477.359165404945088
1885 37131.534917929289804 38470.113119621564692
1885.5 37110.024734915801673 38444.997916719956265
1886 37134.964173169435526 38468.128165044770867
1886.5 37113.912904701719526 38458.210082328529097
1887 37086.426925119922089 38438.181287017934665
1887.5 37106.535314593893418 38458.935246998269577
1888 37098.953526188000978 38453.998096333867579
1888.5 37084.747126615438901 38439.152120287442813
1889 37120.89157957896532 38480.985568752766994
1889.5 37119.645590309803083 38482.079175031103659
1890 37107.859909318656719 38469.180443756093155
1890.5 37206.593461808974098 38577.021470484272868
1891 37187.407567987895163 38560.284912201495899
1891.5 37169.442254394722113 38553.654217723938928
1892 37188.606635333904705 38577.288534886138223
1892.5 37148.541561543221178 38546.98942569411156
1893 37159.744768972166639 38558.314767333104101
1893.5 37149.364203375749639 38559.512442700768588
1894 37098.248122618017078 38513.726621961162891
1894.5 37156.968367709298036 38576.337166902485478
1895 37177.354579833918251 38590.388597779463453
1895.5 37222.046157738586771 38640.052636053842434
1896 37164.268756095218123 38590.419545320160978
1896.5 37131.164307406979788 38556.918251375973341
1897 37150.64821023769764 38574.433352046646178
1897.5 37196.042128069675528 38616.146716198978538
1898 37233.693346246334841 38659.244581599385128
1898.5 37318.757903955483926 38742.626346082623058
1899 37310.036184961623803 38728.033603976153245
1899.5 37330.306355132037424 38756.463171765040897
1900 37241.229749589474523 38672.874348860765167
1900.5 37279.020352216313768 38708.061110412316339
1901 37288.125096234594821 38723.533786619293096
1901.5 37294.051684394580661 38730.485684011684498
1902 37335.098855510135763 38775.949562854257238
1902.5 37301.269788426288869 38743.590562522280379
1903 37333.727009448091849 38784.985654996518861
1903.5 37280.757735234525171 38740.316047271968273
1904 37231.269406145314861 38691.303225177907734
1904.5 37263.636897578835487 38727.618664367619203
1905 37236.749511917070777 38704.280655270486022
1905.5 37279.452596065733815 38750.445194680600252
1906 37222.284329044196056 38696.767542452791531
1906.5 37236.390882077415881 38707.855655450381164
1907 37230.056700267748965 38702.906030485959491
1907.5 37301.540898224935518 38786.293484096837346
1908 37268.139525557511661 38756.785307899721374
1908.5 37284.381765480495233 38775.546206047918531
1909 37286.27302865996171 38782.872982872322609
1909.5 37314.616335008591705 38815.529713457777689
1910 37357.741498727998987 38860.804023125587264
1910.5 37354.792306255621952 38860.003331004270876
1911 37311.966316127800383 38826.129237718661898
1911.5 37320.101232466382498 38830.505400022033427
1912 37365.982962562615285 38873.131530150960316
1912.5 37307.432129895743856 38820.313571754966688
1913 37318.910266527011117 38842.243758296521264
1913.5 37367.231427006554441 38901.287063154792122
1914 37287.345258928980911 38832.332408927308279
1914.5 37351.331811748284963 38887.154264208103996
1915 37376.987997187425208 38922.473498401093821
1915.5 37363.904637348336109 38918.805969308756175
1916 37396.406467207831156 38954.872433160817309
1916.5 37353.38237289445533 38911.954470477365248
1917 37392.58406678877509 38950.909617265911947
1917.5 37330.808460040345381 38900.771339414648537
1918 37369.431513678340707 38953.19318769279198
1918.5 37383.092543831844523 38970.377015274476435
1919 37382.264750668029592 38975.564833785640076
1919.5 37405.545303127182706 39005.980578201815661
1920 37395.025983336185163 38998.467085354284791
1920.5 37427.739158524636878 39038.140913114344585
1921 37426.029236379938084 39040.127542454618379
1921.5 37422.810100743401563 39036.602263089676853
1922 37445.092801845123176 39069.499514334755077
1922.5 37394.988826127795619 39018.754199777307804
1923 37440.227082574747328 39071.211919540008239
1923.5 37498.86503037129296 39138.458264208711626
1924 37457.626560631739267 39097.833591198876093
1924.5 37552.40255638591043 39184.863667112520488
1925 37514.250549271491764 39158.664701165886072
1925.5 37441.065893647588382 39089.743533077540633
1926 37479.629092712610145 39130.120238697636523
1926.5 37499.474395884673868 39149.827996084575716
1927 37484.008165968771209 39141.006404420317267
1927.5 37460.324099907687923 39133.033534018504724
1928 37462.954255411830673 39142.973924105666811
1928.5 37458.36376059937902 39146.300767622844432
1929 37511.922107536120166 39200.374041257979115
1929.5 37506.89173354661034 39196.236475002653606
1930 37466.139481087957392 39158.922040658238984
1930.5 37414.88313710080547 39118.894619740953203
1931 37393.884937004324456 39102.333103524273611
1931.5 37454.796729927722481 39175.673618697750499
1932 37449.153565267668455 39167.751445817775675
1932.5 37462.251348396028334 39187.526441032707226
1933 37522.579153554986988 39249.71419477242307
1933.5 37498.578772949840641 39222.500449359285994
1934 37506.618457924305403 39234.667318029110902
1934.5 37496.32377909279603 39233.883807782018266
1935 37499.560092561121564 39246.799473840714199
1935.5 37521.163531518250238 39273.518698831700021
1936 37532.043921871445491 39284.06701892107958
1936.5 37576.348761336405005 39332.61941832442244
1937 37576.241312444893993 39336.528626477571379
1937.5 37578.264026895878487 39337.146227997051028
1938 37545.245251794294745 39312.382651088577404
1938.5 37545.707299022709776 39319.805854354606709
1939 37511.646183814380493 39298.22448543937935
1939.5 37516.733441197873617 39306.831236766243819
1940 37582.941148799305665 39370.693077252974035
1940.5 37632.282641658624925 39417.413590639625909
1941 37589.982004506287922 39381.476274292101152
1941.5 37537.963384491151373 39338.398560056710267
1942 37594.814604871215124 39403.263136832174496
1942.5 37538.283125995912997 39352.030014340103662
1943 37505.8960662032041 39323.413006583541573
1943.5 37506.919282547074545 39325.260619322267303
1944 37500.003572937603167 39325.054255046132312
1944.5 37544.081388027087087 39370.481285345143988
1945 37504.548248892213451 39333.254503178635787
1945.5 37482.772227767905861 39320.340201204555342
1946 37510.329734152161109 39354.47646702225029
1946.5 37510.445053777555586 39350.498354267139803
1947 37549.917511089879554 39389.693512829471729
1947.5 37582.362639354061685 39428.946070190613682
1948 37572.265243796049617 39422.281483855011174
1948.5 37622.353395919737522 39463.864331770804711
1949 37592.797858580364846 39448.130749093448685
1949.5 37643.911455711524468 39502.041709982418979
1950 37600.23942318198533 39469.220941361294535
1950.5 37661.956634423819196 39535.299384857331461
1951 37689.15859487929265 39566.544779125673813
1951.5 37644.894984797967481 39527.952137691579992
1952 37579.494214808830293 39474.896064409484097
1952.5 37603.243047519412357 39500.414375601569191
1953 37645.615150452576927 39545.963785988766176
1953.5 37660.699790781509364 39557.887517164781457
1954 37660.240846776025137 39566.8228915372747
1954.5 37696.453760757533018 39601.858672025395208
1955 37672.214617749545141 39584.939750087614811
1955.5 37681.930302853652393 39602.361453863624774
1956 37708.609638967966021 39636.128381763352081
1956.5 37640.260002477050875 39579.849780219024979
1957 37687.238512544361583 39634.610729667278065
1957.5 37701.16273737623851 39661.883789973850071
1958 37684.900331420591101 39640.683481707339524
1958.5 37682.978751206333982 39647.534749113947328
1959 37696.139809985143074 39663.029937186554889
1959.5 37705.368030390505737 39676.024124058480083
1960 37747.504385245432786 39732.51127063682361
1960.5 37771.139585718417948 39754.005037222152168
1961 37743.866398263373412 39733.565361294458853
1961.5 37775.076999015196634 39760.421777111761912
1962 37819.340648702076578 39809.592988627846353
1962.5 37824.608095988995046 39814.376514288967883
1963 37867.193204566610802 39861.320870883821044
1963.5 37799.427514733717544 39804.396033094446466
1964 37796.380656725734298 39811.038537169850315
1964.5 37767.420101218718628 39790.359464636836492
1965 37718.848620241682511 39751.659269170100742
1965.5 37705.874810439469002 39745.140380600983917
1966 37762.614408923000155 39802.623325905689853
1966.5 37819.689705414464697 39861.333435444743372
1967 37804.524008751584915 39854.207954101279029
1967.5 37792.374884592878516 39844.808630171661207
1968 37749.177568874190911 39810.647244539934036
1968.5 37769.574957800956327 39828.871898268349469
1969 37783.133598627951869 39850.600007817018195
1969.5 37776.95298874166474 39844.401256215547619
1970 37777.442135973797122 39847.569954044942278
1970.5 37782.257862910111726 39850.246770806530549
1971 37731.83958567816444 39806.553183464267931
1971.5 37724.16279770705296 39803.9306599542615
1972 37710.973582974605961 39790.660249432563432
1972.5 37777.034911928611109 39857.046368253155379
1973 37784.777651876407617 39873.547174837047351
1973.5 37842.530149739213812 39939.019384580096812
1974 37877.968827277923992 39975.124785445150337
1974.5 37899.902293377439491 39996.222958513128106
1975 37849.837048071094614 39955.696965695860854
1975.5 37822.581311176567397 39941.654239974159282
1976 37818.339804472358082 39942.492985022014182
1976.5 37783.822895879515272 39919.847868412187381
1977 37757.499185997396125 39903.080768762629305
1977.5 37738.439973084357916 39889.660951686018961
1978 37744.221011164350784 39894.686623925874301
1978.5 37804.808445163056604 39960.280011145732715
1979 37824.52328127349756 39968.712219440145418
1979.5 37811.008152075402904 39957.548898449713306
1980 37826.533732198062353 39981.367462185451586
1980.5 37761.868048758755322 39929.258037946638069
1981 37811.974838269961765 39976.72954622443649
1981.5 37787.949613709599362 39964.630499857514224
1982 37821.214205854746979 39997.256362746549712
1982.5 37804.446334509491862 39991.779311298349057
1983 37762.70983227929537 39942.897013192537997
1983.5 37754.630756249156548 39939.631031721888576
1984 37795.249786628126458 39989.718900533356646
1984.5 37826.357416805985849 40017.922187619617034
1985 37836.6034778515168 40037.284091283829184
1985.5 37805.249964705908496 40014.743697573881946
1986 37836.139105692287558 40046.617470918747131
1986.5 37819.521527101343963 40040.229074792085157
1987 37822.743836804103921 40053.462662873593217
1987.5 37807.296507716855558 40042.767877006772324
1988 37779.606231655649026 40026.150112251540122
1988.5 37788.798291777471604 40045.01130247774563
1989 37798.464679533586605 40050.195397343828517
1989.5 37829.773224358395964 40078.704833152696665
1990 37853.908057187931263 40115.277279769310553
1990.5 37865.112545090945787 40125.001851061293564
1991 37811.667421646030562 40075.194642141381337
1991.5 37841.29332180070196 40115.103910181656829
1992 37857.331401474788436 40139.882304690938327
1992.5 37840.700402848284284 40129.251860733551439
1993 37855.610557201020129 40149.290602910303278
1993.5 37852.306646081706276 40154.711811132612638
1994 37814.968969891218876 40124.132451004443283
1994.5 37806.453063360007945 40126.320871562158572
1995 37797.151526376517722 40122.179420832333562
1995.5 37804.918993323968607 40130.481766158205573
1996 37822.914022915130772 40145.939114154454728
1996.5 37808.78112373186741 40139.491881087174988
1997 37868.340788775924011 40195.35882182905334
1997.5 37844.923798186668137 40174.728129563511175
1998 37865.567743901796348 40202.464619816819322
1998.5 37870.226793334521062 40214.219117150605598
1999 37802.289548235508846 40149.932141237404721
1999.5 37818.314805357680598 40173.165806719851389
2000 37807.119130959661561 40165.178606708876032
2000.5 37886.02301366791653 40246.212778881286795
2001 37916.254740363379824 40271.880662994284648
2001.5 37925.512607645548997 40291.051040476995695
2002 37865.835108557403146 40245.088642690825509
2002.5 37874.102315302821808 40267.270903455486405
2003 37844.232796984972083 40243.011001865117578
2003.5 37837.17598931548855 40241.777984163207293
2004 37811.374934457118798 40221.003475821533357
2004.5 37888.524957644476672 40294.561174097892945
2005 37930.586383394736913 40339.477454691193998
2005.5 37965.943841215652355 40372.754494007669564
2006 37932.757290264016774 40340.006990717629378
2006.5 38037.048301024631655 40451.904337109604967
2007 38023.612829678873823 40441.553522461988905
2007.5 38013.272506784102006 40424.297696296875074
2008 37949.313063390334719 40372.345712348964298
2008.5 37978.465749924907868 40411.917619402629498
2009 37966.16886255377176 40400.182349136433913
2009.5 37947.576564856128243 40393.69671668974479
2010 37958.801798855020024 40407.544754218390153
2010.5 37982.903383385448251 40431.318216518913687
2011 38002.164491887655458 40460.583154878178902
2011.5 37950.570437287125969 40420.910489817149937
2012 37927.150560605208739 40406.171674663426529
2012.5 37955.623780208916287 40444.698577141323767
2013 37964.398564970222651 40461.64352151073399
2013.5 37941.192758429395326 40435.840345430107845
2014 37977.041433474092628 40473.120119579878519
2014.5 37937.293028250089264 40436.714376120326051
2015 38016.483909389738983 40522.742083232617006
2015.5 37983.540749155697995 40497.127988453816215
2016 37954.99640964052378 40461.78508356938255
2016.5 37982.793987232733343 40508.150635520127253
2017 37976.914850290020695 40514.823817748008878
2017.5 38019.104422865762899 40552.786647175707913
2018 37989.272050330459024 40524.446729750095983
2018.5 37942.242325341278047 40491.579879486678692
2019 37978.998091092224058 40526.016680260203429
2019.5 37997.165118110344338 40548.801032528041105
2020 38059.51397654122411 40608.902096550948045
2020.5 38022.333083878496836 40584.228277716436423
2021 38028.30382831570023 40599.738570463443466
2021.5 38048.235242806054885 40624.688469546774286
2022 37997.689347722676757 40582.81963761420775
2022.5 38013.630664721771609 40600.697152233769884
2023 38041.564094319168362 40633.454651947249658
2023.5 38013.606499571462336 40611.90719431231264
2024 38035.914310554835538 40640.706454772676807
2024.5 37953.143862270873797 40571.079206268179405
2025 37963.454980305752542 40588.092030519524997
2025.5 38009.673919024055067 40630.199865814698569
2026 38022.944015088301967 40647.851651056378614
2026.5 37980.926771660197119 40616.368921041546855
2027 38040.34976131455187 40667.516287785641907
2027.5 38048.616386333058472 40680.351897425651259
2028 38012.933796847661142 40648.885544508819294
2028.5 37981.421245609533798 40630.178067309352627
2029 37969.439963466618792 40638.610381828199024
2029.5 37974.881867829106341 40641.573726891700062
2030 38023.970771391905146 40697.119081922704936
2030.5 37996.36014857320697 40671.081778298634163
2031 37966.35775352489145 40644.167596400155162
2031.5 37982.028126575998613 40655.632227260597574
2032 38090.087264760630205 40766.398263166542165
2032.5 38100.200082835566718 40776.881629384173721
2033 38067.48820367402368 40755.706689338781871
2033.5 38062.016810597953736 40748.986535862823075
2034 38086.139566803714843 40774.531066554693098
2034.5 38134.803696737806604 40824.303642186161596
2035 38140.11778407793463 40832.659137342248869
2035.5 38112.426534380167141 40817.402616710140137
2036 38144.243952730692399 40848.925798748590751
2036.5 38142.387556389032397 40854.296714259355213
2037 38141.092023984048865 40860.473065082383982
2037.5 38133.18661493952095 40855.890609797155776
2038 38146.705286358315789 40878.964525496048736
2038.5 38116.906889896155917 40864.778153459534224
2039 38017.545982537172677 40773.853829690604471
2039.5 38040.205469625681872 40811.049549462397408
2040 38038.14234341334668 40805.79653367834544
2040.5 38055.917952703537594 40833.079333044748637
2041 38047.77550630337646 40832.014021346527443
2041.5 38048.15373634199932 40841.32657793713588
2042 38037.115196151593409 40833.308329865911219
2042.5 38001.426225578448793 40796.697854623605963
2043 38031.134110727900406 40835.694208730921673
2043.5 38025.048946476192214 40833.486441876826575
2044 38058.671512424007233 40869.091935717551678
2044.5 38086.036875764330034 40900.688937347156752
2045 38074.478047821416112 40901.139276362628152
2045.5 38120.335383089884999 40946.599514705914771
2046 38085.74915923622757 40906.358448447077535
2046.5 38118.569012269137602 40943.363592210429488
2047 38182.006582259164134 41003.649891174012737
2047.5 38194.070594704717223 41020.415988923690747
2048 38187.754803953568626 41023.447692308014666
2048.5 38144.472171838060603 40984.763451253078529
2049 38112.435319921962218 40965.815144823158334
2049.5 38119.855263679710333 40973.826807072982774
2050 38162.482822916783334 41013.675427766611392
2050.5 38177.222223264339846 41034.233909738941293
2051 38146.980689269104914 41009.077156670486147
2051.5 38227.497970189040643 41099.289822452075896
2052 38160.511661914730212 41030.994108182705531
2052.5 38169.610629650895135 41046.748273892699217
2053 38206.899595943599707 41075.840856883995002
2053.5 38175.408342363065458 41050.501823801321734
2054 38115.037836217939912 41001.123857797727396
2054.5 38171.859704570306349 41067.068511721518007
2055 38195.383423157341895 41082.865461349203542
2055.5 38216.164478323356889 41100.540788015219732
2056 38234.727700062016083 41117.221724915136292
2056.5 38337.982102411217056 41215.742498678519041
2057 38263.672349417407531 41149.02747655841813
2057.5 38321.084610722609796 41214.019478145273752
2058 38274.439896884592599 41174.674773730279412
2058.5 38270.933361743074784 41179.513064531005512
2059 38270.494975399480609 41184.703949198090413
2059.5 38244.613454669277417 41171.426755850516201
2060 38235.748125078112935 41171.35469547194225
2060.5 38269.600713786676351 41195.662958574364893
2061 38235.003382095688721 41166.992640207470686
2061.5 38204.341227374650771 41147.913648201792967
2062 38275.100715055930777 41221.998699918149214
2062.5 38278.697874748759205 41233.257485774091037
2063 38243.78903157167224 41214.562979785448988
2063.5 38296.130761772103142 41259.245387250171916
2064 38318.151948729544529 41277.995249370003876
2064.5 38235.84380743746442 41202.079076942805841
2065 38257.099689622278675 41232.015211785081192
2065.5 38256.954696202235937 41237.084173417613783
2066 38288.419535733948578 41272.455188046471449
2066.5 38224.651534716744209 41204.261598374287132
2067 38275.905028620720259 41263.2658626621851
2067.5 38339.448362294147955 41329.990614168294996
2068 38319.605785553307214 41316.510664986606571
2068.5 38297.98083195714571 41289.52461252889043
2069 38317.220345374407771 41304.018914659245638
2069.5 38328.299428550461016 41316.767088386201067
2070 38272.21600993971515 41273.182099957572063
2070.5 38288.040243979958177 41292.855152644609916
2071 38270.389826759688731 41271.562616170645924
2071.5 38321.998130823027168 41319.840887818005285
2072 38325.258108454450849 41335.109975372637564
2072.5 38322.692049232056888 41341.036355212621856
2073 38288.33544966923364 41317.854689883162791
2073.5 38352.023095022181224 41378.255593300411419
2074 38372.402629596072074 41389.53806193901255
2074.5 38360.04398417739867 41384.111119127061102
2075 38369.551477710570907 41407.605843079727492
2075.5 38370.111277703312226 41409.936450919471099
2076 38369.896311093609256 41407.489037344879762
2076.5 38395.409381027769996 41430.516566551836149
2077 38404.76824804716307 41449.139626519427111
2077.5 38409.179802526581625 41455.046490787055518
2078 38406.976356466308061 41451.419458073942224
2078.5 38376.284364906387054 41421.175522830519185
2079 38355.938925461836334 41411.635989334070473
2079.5 38364.630809389782371 41424.084725739907299
2080 38414.933739911255543 41470.288886925016413
2080.5 38325.095711634101463 41390.130429860451841
2081 38323.740499012026703 41398.323472323419992
2081.5 38302.628780652405112 41378.965893340253388
2082 38314.279620613553561 41402.493463331433304
2082.5 38323.561257735200343 41410.787960421592288
2083 38357.562619805234135 41441.897959846923186
2083.5 38323.196263879988692 41412.87577790764044
2084 38334.694403841422172 41430.106914299249183
2084.5 38318.447663458508032 41410.056613266657223
2085 38411.039339523136732 41497.198754036980972
2085.5 38462.695606268978736 41546.287797298085934
2086 38395.043806058754853 41483.600963301316369
2086.5 38403.58559652169788 41499.789532864066132
2087 38401.11534107280022 41496.067381198583462
2087.5 38404.593308963158051 41509.575939026311971
2088 38393.882616327573487 41511.300377129875415
2088.5 38408.911761075396498 41524.464239270797407
2089 38458.805915382894455 41584.090518078512105
2089.5 38461.802214016875951 41591.828740334909526
2090 38493.583539698222012 41623.506561187903571
2090.5 38476.530715692548256 41609.847897208215727
2091 38531.212196439788386 41671.66127044588211
2091.5 38522.5910597750335 41662.954269438370829
2092 38548.200473168006283 41697.810900109514478
2092.5 38522.854940389224794 41680.413502050498209
2093 38549.299154216343595 41703.400135228293948
2093.5 38564.78280035762873 41723.370397247039364
2094 38577.008567721539293 41741.778262392326724
2094.5 38506.021629476039379 41664.866562478411652
2095 38560.329446770636423 41719.048683367589547
2095.5 38573.798657483152056 41742.221033808018547
2096 38567.96718575576233 41734.150398401645361
2096.5 38554.503043847944355 41725.31178315076977
2097 38559.083294149262656 41735.207584679301362
2097.5 38614.650871826816001 41786.269029148817935
2098 38590.593514098225569 41760.629473171982681
2098.5 38584.432278866501292 41750.157433023814519
2099 38618.686822107018088 41804.437099794980895
2099.5 38647.424182627430127 41827.188446763415413
2100 38653.568970590851677 41830.277634914578812
2100.5 38617.346096575951378 41801.471011648442072
2101 38555.971107375000429 41754.214973901565827
2101.5 38502.039961830356333 41704.685423861541494
2102 38535.129162910423474 41736.89254302727204
2102.5 38573.742493963552988 41781.606412122302572
2103 38570.312153745413525 41780.097207243299636
2103.5 38589.798583997224341 41809.042026010407426
2104 38588.46166490525502 41815.781688138209574
2104.5 38591.816765713054338 41811.65115971135674
2105 38626.435902298573637 41849.621016389915894
2105.5 38573.37705679404462 41811.836008641279477
2106 38602.983816593863594 41847.043059348230599
2106.5 38612.843096813528973 41852.34198796000419
2107 38611.161936976313882 41859.918100175520522
2107.5 38587.596477286766458 41846.768434622339555
2108 38581.335208401033015 41848.845841631024086
2108.5 38633.326819543843158 41902.920035003327939
2109 38591.051410960142675 41867.77047391411179
2109.5 38594.91428383494349 41871.158584097618586
2110 38637.477193386817817 41917.203579915396404
2110.5 38646.398622061860806 41934.29864925435686
2111 38597.319207483727951 41886.162224035368126
2111.5 38614.343940665021364 41910.318692675988132
2112 38603.389019165333593 41918.055494396961876
2112.5 38577.723613325710176 41900.981426257923886
2113 38601.881283155526035 41935.781566980411299
2113.5 38574.9385599639063 41917.915534724270401
2114 38600.751606924932275 41946.65390042620129
2114.5 38553.961470645917871 41908.961292005049472
2115 38534.432737484828976 41907.091542382760963
2115.5 38486.615811205258069 41861.257875014191086
2116 38567.619744797309977 41949.0253112281207
2116.5 38597.237883519737807 41968.111013083449507
2117 38595.262398979713907 41977.486843469101586
2117.5 38599.944013235188322 42003.043660814444593
2118 38557.283192688708368 41967.204363354263478
2118.5 38524.712919219491596 41943.419929195930308
2119 38532.256762649703887 41957.954125813455903
2119.5 38510.139711062460265 41931.225738917950366
2120 38542.108513401479286 41966.060699779634888
2120.5 38539.902746281128202 41967.095083863583568
2121 38530.86908749279246 41965.255015202528739
2121.5 38553.418244681713986 41994.814560331884422
2122 38452.721778629806067 41897.385865886761167
2122.5 38465.807509650789143 41923.932233486404584
2123 38509.180348457492073 41961.376076073443983
2123.5 38514.189080586438649 41970.319418716229848
2124 38601.055044499276846 42058.92814380989148
2124.5 38613.98729353267845 42074.087693082074111
2125 38641.562211512195063 42110.58598229479685
2125.5 38625.398254508800164 42097.729741527371516
2126 38553.174541343403689 42036.178632509021554
2126.5 38535.840323412732687 42024.857039082584379
2127 38557.81981752612046 42058.225682658223377
2127.5 38479.104382381716277 41988.277356193000742
2128 38515.443176190558006 42030.124510076544539
2128.5 38446.549133854961838 41959.548272164865921
2129 38497.881098004421801 42020.913629088645393
2129.5 38536.839773351006443 42060.087486945325509
2130 38572.780213273726986 42094.562608060652565
2130.5 38575.466366193628346 42104.023886584560387
2131 38596.558161560118606 42122.76364729397028
2131.5 38632.474786161314114 42150.561847034427046
2132 38636.953228002690594 42162.122011330502573
2132.5 38672.058862267935183 42208.481162960451911
2133 38700.857388062257087 42248.946210212248843
2133.5 38711.540737671544775 42262.731449244260148
2134 38647.49866085989197 42210.745943653739232
2134.5 38669.429446251502668 42251.139624393952545
2135 38651.60282573330187 42234.98466786708741
2135.5 38609.601267716730945 42193.711340193010983
2136 38642.362728485939442 42231.422268738206185
2136.5 38658.265084888786077 42245.987073659518501
2137 38616.568736354878638 42224.920224735913507
2137.5 38608.001880893571069 42217.206172853970202
2138 38577.81063882176386 42194.89689030739828
2138.5 38632.989391224196879 42245.869907090731431
2139 38661.421597624146671 42270.558575695780746
2139.5 38704.159363304854196 42307.436789059174771
2140 38726.735714584676316 42335.22077324345446
2140.5 38724.596956684268662 42337.734787204419263
2141 38690.912023853685241 42302.236005473387195
2141.5 38704.15598698665417 42321.476834568878985
2142 38717.651417689143273 42338.728675424979883
2142.5 38710.256252691222471 42337.085621025798901
2143 38745.433373420375574 42366.723392662082915
2143.5 38756.747235798924521 42383.788706519510015
2144 38772.80062152291066 42394.23222968965274
2144.5 38768.929698885833204 42398.109173623175593
2145 38751.908206402498763 42385.599903490125143
2145.5 38728.301231562654721 42375.259290797956055
2146 38771.058700224370114 42420.610370643313217
2146.5 38744.73383837073925 42387.857636125583667
2147 38752.121997834976355 42407.137450231246476
2147.5 38719.023662109066208 42390.698628163452668
2148 38737.184777212380141 42411.440511753928149
2148.5 38745.405757811822696 42433.566545362315082
2149 38712.438729746332683 42404.673305247612006
2149.5 38684.217594145506155 42390.042889401353023
2150 38777.153044272461557 42480.135066687769722
2150.5 38754.520583476463798 42454.13545051960682
2151 38765.321158111750265 42476.917430349734786
2151.5 38744.125025644811103 42456.976915612736775
2152 38742.131075225952372 42463.396528394281631
2152.5 38754.899117294567986 42487.021620132516546
2153 38776.497263880453829 42506.089164223252737
2153.5 38817.039753425284289 42547.077867781677924
2154 38894.866316509520402 42625.052875688612403
2154.5 38911.141522114899999 42636.742858434969094
2155 38927.79425816040748 42660.384267751731386
2155.5 38898.05247053704079 42637.334893729959731
2156 38830.002983000922541 42590.047922561425366
2156.5 38788.243740822726977 42558.529935783270048
2157 38820.805450754916819 42594.248203333161655
2157.5 38804.570045680629846 42582.050372862591757
2158 38800.656301216884458 42581.946850773158076
2158.5 38815.413021516120352 42603.550133085227571
2159 38874.534182923387561 42662.897622842392593
2159.5 38910.664851371409895 42703.063835144697805
2160 38872.486949893624114 42664.930789155245293
2160.5 38869.16113670127379 42669.933112907623581
2161 38900.346072260545043 42696.983725217258325
2161.5 38901.453736999319517 42692.937216522332164
2162 38876.962008021633665 42681.124223075748887
2162.5 38864.724212379369419 42680.330982967985619
2163 38887.517387417014106 42703.097530779057706
2163.5 38884.986058450449491 42700.118333504913608
2164 38897.203555141903053 42720.211064979681396
2164.5 38844.768684497699724 42666.801100825781759
2165 38828.508205638674553 42667.211603921961796
2165.5 38776.774084619777568 42630.544018252177921
2166 38795.903195957616845 42658.846801409476029
2166.5 38823.44269176756643 42679.692295761116839
2167 38896.658778525299567 42746.101923810834705
2167.5 38878.443780059176788 42741.611297152187035
2168 38850.396836584506673 42715.681189513103163
2168.5 38835.80182041144144 42708.495963983470574
2169 38831.973833931158879 42710.527681370702339
2169.5 38823.404489435764845 42703.982504099411017
2170 38806.239762839657487 42688.868618254215107
2170.5 38879.109015787420503 42768.333939519267005
2171 38865.884646294973209 42750.173701490581152
2171.5 38799.775548849836923 42698.735573005498736
2172 38847.974038676919008 42754.002165264086216
2172.5 38775.594908047190984 42684.109911304381967
2173 38790.857457947953662 42700.732464171545871
2173.5 38776.154725523760135 42689.547461959547945
2174 38789.072451477884897 42712.241064008834655
2174.5 38823.011103502307378 42754.123124376383203
2175 38834.832420975631976 42763.766047889686888
2175.5 38849.370911741563759 42780.495699625244015
2176 38892.043847225024365 42828.567642915892066
2176.5 38810.939246284724504 42748.654799215371895
2177 38784.924998038011836 42736.363244045271131
2177.5 38737.29925194374664 42700.410041411108978
2178 38834.81808515029843 42795.525481743512501
2178.5 38868.017147338898212 42816.575695523359173
2179 38920.548592548519082 42869.275048206145584
2179.5 38920.782742650473665 42874.177093752543442
2180 38990.083932829700643 42940.288471624480735
2180.5 38943.373851621843642 42901.598587336702622
2181 38910.64960166477249 42875.498896860910463
2181.5 38865.488667533987609 42835.982887400808977
2182 38873.057804669369943 42847.88646536237502
2182.5 38845.163989082626358 42818.136716802640876
2183 38834.990905020589707 42819.913140326476423
2183.5 38868.901070005304064 42858.906679318075476
2184 38907.28855049667618 42896.49869824815687
2184.5 38938.724298492044909 42925.933992375183152
2185 38940.98412601826567 42926.994680605690519
2185.5 39024.687875303192413 43017.037062425188196
2186 39011.946259938762523 42995.67615765282244
2186.5 39017.837869419614435 43001.831768895361165
2187 38989.402173535643669 42983.375387111547752
2187.5 38966.194099991087569 42970.844807636814949
2188 38997.574977776108426 43004.562018590033404
2188.5 39037.925851333864557 43039.093311418189842
2189 39088.658747357119864 43080.825446321956406
2189.5 39039.18810272704286 43041.867217257342418
2190 38998.490185318267322 43006.551351310568862
2190.5 39000.861950768667157 43000.870480583966128
2191 39088.240313365691691 43079.328193149114668
2191.5 39055.316294139011006 43044.137765033003234
2192 39033.423541630443651 43038.1160432309116
2192.5 38962.094530400841904 42975.447529397803009
2193 38996.870434183612815 43029.370466324231529
2193.5 39029.768072280618071 43066.447028025031614
2194 39074.569594601663994 43105.189753863720398
2194.5 39025.144242150563514 43062.797072651177587
2195 39037.73569796798256 43080.29651461141475
2195.5 39001.510663148394087 43054.713849839572504
2196 39062.012627569849428 43127.109448248687841
2196.5 39008.600673263310455 43086.215631838625995
2197 39053.213627990509849 43126.656229241263645
2197.5 39069.426003978129302 43135.382163430032961
2198 39082.108636049641063 43155.177456717581663
2198.5 39082.687165260016627 43172.061871434045315
2199 39068.649215669196565 43161.06824152241461
2199.5 39084.506917908955074 43166.86679614125751
2200 39083.889941301909857 43179.75584367767442
2200.5 39079.074951012829843 43174.697482441515604
2201 39023.546808387938654 43127.320189540034335
2201.5 39006.366657084981853 43116.683066463301657
2202 39056.515444379219844 43165.327691190490441
2202.5 39081.870212931782589 43182.703845887750504
2203 39131.938231568186893 43237.794875228770252
2203.5 39079.920254156750161 43195.425851258682087
2204 39029.032110298292537 43159.941130080376752
2204.5 39034.981271953853138 43173.080928055649565
2205 39047.852711662599177 43181.353263140772469
2205.5 39087.405233884863264 43217.035986164359201
2206 39138.670173182988947 43272.909825077120331
2206.5 39150.829211964337446 43293.897857103620481
2207 39126.864170075372385 43266.409038471436361
2207.5 39155.75271881774097 43308.336799382777826
2208 39176.007602943973325 43341.387063405862136
2208.5 39199.977313051953388 43373.126714719379379
2209 39175.524122207898472 43351.867315024552227
2209.5 39242.761034773844585 43423.647780623716244
2210 39175.121106755264918 43362.907904883832089
2210.5 39164.172435311171284 43361.277111119488836
2211 39115.642288711751462 43317.684095205142512
2211.5 39081.10937506006303 43298.548279078539053
2212 39131.657981752323394 43339.419235539098736
2212.5 39122.158878951406223 43332.249793375274749
2213 39168.949157934381219 43389.579712552520505
2213.5 39204.890715213856311 43430.253335949360917
2214 39221.262102092696296 43458.828258413093863
2214.5 39227.729041380509443 43477.758162075668224
2215 39220.16543494189682 43470.00054973630904
2215.5 39223.750252485158853 43477.771646141343808
2216 39234.860069738344464 43497.458143476316764
2216.5 39207.017752147388819 43473.309348583265091
2217 39257.410819814416755 43526.735857690313424
2217.5 39258.415798776703014 43526.946621195544139
2218 39294.647154532634886 43566.791345782927237
2218.5 39277.053034618620586 43547.631846706841316
2219 39334.520484824701271 43610.595225254939578
2219.5 39381.314079497213243 43657.194462302562897
2220 39392.369666864389728 43668.834514134534402
2220.5 39356.717783609718026 43641.301478303743352
2221 39361.064756480474898 43645.163251383419265
2221.5 39311.89208706291538 43606.518658890847291
2222 39331.895591211999999 43640.994283059953887
2222.5 39315.867772373341722 43634.079289702567621
2223 39254.132551071030321 43576.036571126343915
2223.5 39267.473143697548949 43598.190879592046258
2224 39306.499081145098899 43638.077813307310862
2224.5 39296.100697288231459 43629.883361251995666
2225 39363.46675607234647 43696.953446266030369
2225.5 39381.995603808267333 43714.576047023088904
2226 39370.78568212310347 43710.431963758623169
2226.5 39321.11267122424033 43656.422165779033094
2227 39378.188414990741876 43710.541724516508111
2227.5 39348.087911304137378 43676.793224113491306
2228 39422.400747444677108 43759.103336651925929
2228.5 39434.599504111109127 43773.394039995066123
2229 39415.910674061058671 43764.164079961861717
2229.5 39363.028973603664781 43717.258002927635971
2230 39315.803802946764336 43676.88750194489694
2230.5 39374.412681227651774 43732.932702728372533
2231 39339.454249253823946 43705.588036324879795
2231.5 39338.987393939525646 43713.382508730821428
2232 39383.172493892045168 43754.322673589289479
2232.5 39470.752786849086988 43845.976728430759977
2233 39475.670388392245513 43848.286493135186902
2233.5 39449.666589790205762 43840.394093484326731
2234 39369.450829766778043 43760.055945652791706
2234.5 39436.748276799822634 43823.83592167635652
2235 39423.692341824062169 43819.206025403509557
2235.5 39459.543771515127446 43856.628776816003665
2236 39514.743238016366377 43909.366067075425235
2236.5 39501.345935075776652 43897.459350667981198
2237 39492.22363269363268 43892.185429530516558
2237.5 39519.397727671115717 43923.84003132556245
2238 39488.18594227678841 43891.245499236392789
2238.5 39543.062380827512243 43948.013273142270918
2239 39488.43761459038069 43893.547328663138615
2239.5 39549.660289999083034 43953.668492294113094
2240 39546.888200829031121 43959.610725459860987
2240.5 39531.806019578252744 43946.404231773660285
2241 39532.465154123550747 43956.361601589480415
2241.5 39564.130446638184367 43982.998646868065407
2242 39473.688514101551846 43897.25918789505522
2242.5 39567.757623489262187 44011.679254746617517
2243 39526.512896983891551 43964.001698184896668
2243.5 39543.069284729965148 43999.124712078802986
2244 39607.902813505315862 44072.756893963960465
2244.5 39599.160755761658947 44069.988835388510779
2245 39591.068424824981776 44061.950060767281684
2245.5 39612.97119941386336 44072.644568534778955
2246 39667.19082161138067 44136.418040040480264
2246.5 39705.192087152165186 44182.696394993523427
2247 39681.162825443658221 44155.034943833306897
2247.5 39678.923716336001235 44153.970853714054101
2248 39652.564249558083247 44143.042816793808015
2248.5 39686.430032307725924 44171.414865491453384
2249 39662.806553226859251 44150.329235642013373
2249.5 39724.645907486643409 44218.066926588478964
2250 39705.503450122290815 44207.337652032016194
2250.5 39632.532966273924103 44146.096094517044548
2251 39631.257738704087387 44139.555370072601363
2251.5 39660.830311358331528 44175.115990021455218
2252 39608.10904523532372 44129.296583637238655
2252.5 39668.420623494574102 44190.944959100961569
2253 39681.094651516723388 44207.802905080890923
2253.5 39614.671622897556517 44146.231088435903075
2254 39600.652288699093333 44143.152258573129075
2254.5 39655.72671568653459 44202.709377488870814
2255 39653.553506147385633 44197.867184235241439
2255.5 39611.08451959607919 44163.155111222011328
2256 39612.981425269863394 44176.263082218916679
2256.5 39625.0204759496919 44191.648720012097328
2257 39568.388958225725219 44134.801787400996545
2257.5 39584.865875996336399 44148.351001610804815
2258 39565.938393877644558 44143.334816351372865
2258.5 39556.822951454567374 44144.098679589318635
2259 39495.268204309453722 44092.545440987225447
2259.5 39511.093307362578344 44115.684923583132331
2260 39609.632190862954303 44210.560177221697813
2260.5 39606.757236887257022 44209.866906226714491
2261 39585.508138626551954 44193.315497720424901
2261.5 39661.326751433400204 44272.326667830900988
2262 39672.363540757920418 44283.334378555446165
2262.5 39601.98387725273642 44225.154128887457773
2263 39580.461693525023293 44211.287181211679126
2263.5 39574.419798092618294 44206.132292684502318
2264 39658.491994537078426 44290.897303559118882
2264.5 39635.504559443041217 44274.436539956615889
2265 39642.544235835041036 44290.804342534975149
2265.5 39633.761781864443037 44283.506096029144828
2266 39617.206548082882364 44274.333194151935459
2266.5 39619.946653268838418 44283.556161079686717
2267 39632.498912819639372 44306.814545608001936
2267.5 39640.71483216182969 44317.041905768484867
2268 39623.380076163135527 44302.718556228042871
2268.5 39711.688858176639769 44394.773124165963964
2269 39637.042623955734598 44322.63235649465787
2269.5 39680.322217902408738 44367.367696451306983
2270 39638.580899389686238 44331.713220647987328
2270.5 39663.357581396841852 44366.79855945509189
2271 39592.740970585073228 44296.695417780436401
2271.5 39635.92601747464505 44337.707813160915975
2272 39618.713610804283235 44311.958076536400768
2272.5 39627.190980448023765 44318.005749655763793
2273 39700.838098396881833 44394.579570951442292
2273.5 39691.48970002598071 44385.781467409869947
2274 39730.175106548362237 44429.187770859789453
2274.5 39705.033045151314582 44433.773064569111739
2275 39658.122886562923668 44387.867690777420648
2275.5 39770.246002761814452 44507.654443613435433
2276 39775.930967555803363 44520.743571657563734
2276.5 39696.767938765216968 44450.27233578729647
2277 39711.736609027029772 44471.368732684175484
2277.5 39725.787999450454663 44495.866997871606145
2278 39679.244351440946048 44451.164575617767696
2278.5 39639.254770770217874 44423.091933215415338
2279 39644.613414856168674 44437.454089668513916
2279.5 39666.974016133666737 44469.18715415756742
2280 39641.563760718810954 44459.826315096419421
2280.5 39648.967848836429766 44467.213316735855187
2281 39627.570105995713675 44445.000356594166078
2281.5 39691.515187239907391 44510.837589261500398
2282 39682.414962206203199 44503.994706281795516
2282.5 39698.684386624117906 44524.185606842300331
2283 39784.297366896549647 44605.487188877952576
2283.5 39731.164984568233194 44547.090433585231949
2284 39711.750485221695271 44533.753971080324845
2284.5 39759.786328672373202 44598.521353440635721
2285 39685.434595788872684 44524.256096867466113
2285.5 39681.080570003898174 44524.091407935302414
2286 39669.914252372524061 44507.269732731379918
2286.5 39660.550391878721712 44504.032422243682959
2287 39691.775463146143011 44545.499321702547604
2287.5 39724.949922790532582 44573.827428906821297
2288 39748.957564240306965 44603.290983617480379
2288.5 39754.518644581388799 44606.423453841380251
2289 39715.661919595680956 44581.860632208103198
2289.5 39691.832873441031552 44554.987684493396955
2290 39717.740879513126856 44580.139509933913359
2290.5 39715.820837944760569 44589.173639389111486
2291 39701.231547243434761 44582.753714372258401
2291.5 39706.222475455790118 44599.472511611333175
2292 39682.353491634406964 44590.722634714096785
2292.5 39652.408220628407435 44572.361119977227645
2293 39607.152395083256124 44529.057639428850962
2293.5 39658.591263688838808 44590.040053557473584
2294 39681.573378586515901 44614.699472583350143
2294.5 39613.25026476689527 44550.745870566199301
2295 39713.523546292184619 44664.568904757572454
2295.5 39688.802023042371729 44648.283375747254468
2296 39624.772650725317362 44594.792001369482023
2296.5 39653.334997138772451 44623.484677826396364
2297 39652.125258435495198 44627.188360539272253
2297.5 39640.194849588711804 44630.408900665963301
2298 39621.125850361502671 44616.979218607877556
2298.5 39688.202821210936236 44683.488112364582776
2299 39653.683208099158946 44641.88877956608485
2299.5 39661.598176286301168 44650.457657470040431
2300 39640.639820723205048 44641.222885831462918
2300.5 39623.110235821564856 44635.433475989113504
2301 39661.171952714852523 44666.015244340000208
2301.5 39693.641082209200249 44703.59458390535292
2302 39663.326185482663277 44680.771989888824464
2302.5 39643.638885974891309 44663.771672819348169
2303 39667.178109061605937 44692.612889685668051
2303.5 39730.33786316755868 44754.702174710095278
2304 39712.935907583087101 44735.845592605342972
2304.5 39746.728952024568571 44770.989467343482829
2305 39687.712003818131052 44707.399350227082323
2305.5 39701.870875836531923 44721.429836700641317
2306 39730.868254408225766 44747.79778035999334
2306.5 39716.612462612989475 44738.143532131005486
2307 39731.962701180600561 44762.142044825282937
2307.5 39655.364236040586547 44695.191321653022896
2308 39686.666400708832953 44729.152070036056102
2308.5 39713.433465830676141 44754.392734995912178
2309 39733.844005058424955 44772.901667535894376
2309.5 39677.369090786734887 44727.632010918838205
2310 39734.130992813923513 44790.102036346426758
2310.5 39794.829854126655846 44857.204404836491449
2311 39792.944676246726885 44856.13508019191795
2311.5 39821.936898010288132 44885.887450131798687
2312 39777.128533872266416 44848.713360625122732
2312.5 39827.437219300503784 44897.735198195878183
2313 39808.8259015396834 44888.030369786429219
2313.5 39739.89474239849369 44831.969672113460547
2314 39761.203489195548173 44864.448559513883083
2314.5 39778.471805874585698 44875.613549927045824
2315 39783.716524688206846 44880.89846777918865
2315.5 39770.677859454619465 44877.002219954993052
2316 39775.584957480765297 44887.06801037434343
2316.5 39738.096781001855561 44857.083650037857296
2317 39658.097396164477686 44788.320671378613042
2317.5 39708.479439236718463 44833.424635318551736
2318 39787.026192055534921 44897.657569163406151
2318.5 39775.715200246384484 44890.255590641994786
2319 39798.316199197222886 44919.065284401469398
2319.5 39785.535580819632742 44907.857459702790948
2320 39803.820170860533835 44924.786143472287222
2320.5 39834.078578094362456 44961.641758975150879
2321 39812.112895865109749 44938.903547993882967
2321.5 39789.971192963421345 44938.475356411254324
2322 39824.794117147095676 44971.635718152261688
2322.5 39786.939451243553776 44936.742367342427315
2323 39826.635529574370594 44986.704292328926385
2323.5 39840.42296206013998 44993.519683051585162
2324 39794.246359861237579 44951.93010514404159
2324.5 39770.196542895020684 44948.394757096197281
2325 39795.907187253171287 44972.351296763801656
2325.5 39736.582536754489411 44913.827985293748497
2326 39795.385380584571976 44985.539458989376726
2326.5 39739.14678876758262 44941.688602131289372
2327 39729.916186961745552 44928.245658788589935
2327.5 39800.601285641823779 44999.881944976463274
2328 39795.583787475727149 45002.990272959941649
2328.5 39777.420531406620285 44990.879281464607629
2329 39778.114534448170161 45002.444135395664489
2329.5 39759.675693980629148 44991.186077809252311
2330 39806.957406280940631 45046.195854930592759
2330.5 39814.990904630103614 45067.314555009070318
2331 39823.909108796782675 45075.102419713759446
2331.5 39820.057690640438523 45071.954449688986642
2332 39850.995836063659226 45113.223449868841271
2332.5 39861.022248765024415 45121.643211306181911
2333 39811.937153558923455 45077.455725781277579
2333.5 39806.005286001731292 45079.923385715272161
2334 39879.692529584361182 45162.813088287839491
2334.5 39926.003135766615742 45214.515375176968519
2335 39968.904942483641207 45261.838236818570294
2335.5 39942.230788150525768 45235.56608814579522
2336 39865.688120581464318 45160.688293756444182
2336.5 39861.914596751870704 45152.211572263709968
2337 39916.735605606125318 45214.48817345873249
2337.5 39879.651634174420906 45183.651695299442508
2338 39902.955149376131885 45212.133794432513241
2338.5 39825.673795475006045 45139.670330392116739
2339 39799.87509923462494 45114.455985750064428
2339.5 39823.862249337958929 45138.167896191247564
2340 39803.580454263901629 45126.115646951941017
2340.5 39838.775089488270169 45164.382647680336959
2341 39851.556841374993382 45176.325342020092648
2341.5 39806.963634138723137 45134.168524710323254
2342 39747.477678783783631 45092.294338597508613
2342.5 39794.702713316262816 45135.198071559767413
2343 39806.80080283764255 45141.817156344739487
2343.5 39833.582139671008918 45170.868428499677975
2344 39856.776915104303043 45216.440219171454373
2344.5 39841.501753836339049 45194.262512021690782
2345 39910.070168374164496 45273.237722351528646
2345.5 39930.963546706589113 45303.314376021320641
2346 39925.510109135466337 45297.175033299754432
2346.5 39889.236308555162395 45272.458879611855082
2347 39911.072722797551251 45301.62911574167083
2347.5 39933.028515253805381 45327.605157040379709
2348 39958.722930170872132 45343.025984732790675
2348.5 39981.658679301217489 45363.923152964955079
2349 39970.667839473026106 45362.300891216422315
2349.5 39970.887223636695126 45371.486526135551685
2350 39972.586821715703991 45380.682265160648967
2350.5 39972.11732649262558 45395.265696048918471
2351 39984.269249190474511 45400.927494330098853
2351.5 39985.141030158643844 45410.880269048444461
2352 39956.937346630460524 45396.504298086903873
2352.5 40019.969345367535425 45456.562884502163797
2353 40040.181202191204648 45481.088882519652543
2353.5 39974.150335852573335 45429.002737697672273
2354 39975.898037971950544 45444.480341599381063
2354.5 40018.73429372676037 45486.199594896454073
2355 40013.836899121626629 45495.280953283785493
2355.5 40054.995105671274359 45539.433365789125673
2356 40061.583864244545111 45543.7296428000991
2356.5 40112.346277513133828 45598.187199816653447
2357 40071.781661707624153 45571.023146748746512
2357.5 40027.1649324924947 45525.223247632107814
2358 40001.084007682657102 45519.99194321349205
2358.5 39991.552474675612757 45509.016098387306556
2359 40064.822466558856831 45592.909794255188899
2359.5 40035.464224924275186 45557.911313120021077
2360 40058.537219982150418 45587.328803070857248
2360.5 39965.715222843755328 45512.473143268129206
2361 40044.49496171795181 45595.758712890034076
2361.5 40051.010186826133577 45613.570096525130793
2362 40000.441017244767863 45565.317465677777363
2362.5 40032.426555648809881 45595.605264410885866
2363 40039.31034290840762 45614.778557293808262
2363.5 40105.866984057887748 45690.748437824149732
2364 40051.561310149467317 45624.544677232508548
2364.5 40024.825370393176854 45602.697933674957312
2365 40127.305207411081938 45713.56953673386306
2365.5 40081.771200075752859 45672.663058598263888
2366 40078.453555985965068 45678.59531806614541
2366.5 40140.630160218119272 45736.084484500730468
2367 40185.027512079213921 45785.559428355416458
2367.5 40118.204606009298004 45724.393994215286511
2368 40177.200722354347818 45783.39575383378542
2368.5 40174.459553831948142 45782.98751453247678
2369 40169.648281129433599 45784.387978782920982
2369.5 40194.815602578120888 45807.859714758393238
2370 40140.07729262211069 45755.232578136921802
2370.5 40121.345239036185376 45752.59617452317616
2371 40061.036431551197893 45695.431863420104492
2371.5 40114.89551192237559 45765.319484802952502
2372 40144.870479139397503 45791.721943819218723
2372.5 40176.7217766116446 45828.28132387320511
2373 40151.384644395577197 45810.350893573617213
2373.5 40149.782441212941194 45816.060614819951297
2374 40193.221259340200049 45862.658568728860701
2374.5 40156.623445686804189 45828.326471714499348
2375 40106.77373202914896 45778.302185326836479
2375.5 40128.930278613930568 45802.399664878634212
2376 40117.813061206237762 45797.781806499304366
2376.5 40098.748650993664342 45785.147610615611484
2377 40100.151855094401981 45804.167891427321592
2377.5 40084.103885849843209 45791.174087356790551
2378 40109.100501694039849 45814.575181551044807
2378.5 40077.375940493955568 45790.434366782115831
2379 40106.439419043817907 45844.234751608921215
2379.5 40077.538692194226314 45820.764564953686204
2380 40027.725602942460682 45783.65046906103089
2380.5 40004.057018648614758 45766.184513857289858
2381 40040.910930319187173 45820.969680294809223
2381.5 40045.352393678513181 45830.42520670981321
2382 40042.401025111292256 45821.928096556133823
2382.5 40070.195280490319419 45845.493384520392283
2383 40103.982639361231122 45887.804884436336579
2383.5 40117.977193908649497 45902.321379713132046
2384 40088.773639476319659 45887.128186859634297
2384.5 40085.222491515996808 45876.914792920833861
2385 40125.949644004700531 45928.782245793307084
2385.5 40140.586504564707866 45951.962397306007915
2386 40097.537760595805594 45919.556159236308304
2386.5 40141.584057469066465 45971.781037210210343
2387 40146.953171248766012 45974.210112083696004
2387.5 40140.709250709463959 45970.069930749210471
2388 40136.317679058578506 45968.081533331045648
2388.5 40127.540106555446982 45977.909980574717338
2389 40140.711473862822459 45991.579529633607308
2389.5 40200.503719743144757 46045.285690971810254
2390 40254.421665150621266 46101.888724725329666
2390.5 40279.452212378695549 46124.382694631458435
2391 40235.220528164718417 46087.790591051845695
2391.5 40236.785654842315125 46093.518535982810135
2392 40187.781834295252338 46044.446073524406529
2392.5 40162.308559077384416 46033.75416087796475
2393 40178.768289904415724 46054.64741189891356
2393.5 40200.121542515196779 46081.871354489790974
2394 40263.77035468241229 46157.795515251651523
2394.5 40261.848717971188307 46151.293633292036247
2395 40254.018074788589729 46155.217341112518625
2395.5 40245.454094087865087 46152.341590408956108
2396 40155.96505262710707 46062.619631988323817
2396.5 40188.806681775844481 46113.865194980397064
2397 40121.569379104665131 46047.642747208017681
2397.5 40093.069261711752915 46022.698273535868793
2398 40161.186758122283209 46089.707326058596664
2398.5 40139.959611617086921 46065.879735132490168
2399 40156.571698623585689 46092.177922764458344
2399.5 40187.505386092641857 46122.01847508631181
2400 40218.061460219694709 46154.408498616838187
2400.5 40248.459541164076654 46188.664832969123381
2401 40249.335780055735086 46189.052924982614059
2401.5 40303.778107811725931 46236.977989512008207
2402 40326.972085358531331 46273.837836145874462
2402.5 40281.647106726901256 46226.510043563939689
2403 40314.757341759592236 46265.262368961833999
2403.5 40316.547818667822867 46266.518432774231769
2404 40324.619375350892369 46285.119260033607134
2404.5 40297.256372434858349 46265.710303010477219
2405 40329.431752301614324 46298.347642256390827
2405.5 40359.771428343097796 46321.036939916470146
2406 40360.876389992263285 46333.406339682936959
2406.5 40321.511123512689664 46304.849123291765864
2407 40301.731763412324653 46295.379983071055904
2407.5 40336.136753141683585 46337.223223883571336
2408 40314.481626224136562 46321.710856136989605
2408.5 40336.1967981970447 46337.120649279750069
2409 40375.06686525628902 46376.646655013726559
2409.5 40404.317623582603119 46394.370002836025378
2410 40363.747694853445864 46366.897823220780992
2410.5 40332.792280440182367 46349.515499776403885
2411 40280.083149556885473 46300.415698565993807
2411.5 40244.678825494702323 46265.831997081630107
2412 40328.026455277919013 46352.516992295961245
2412.5 40347.280694894870976 46376.734666465032205
2413 40353.713438268910977 46400.022297062248981
2413.5 40354.404464247607393 46396.170643748075236
2414 40361.407007134075684 46407.054566823499044
2414.5 40390.629815611435333 46433.762891505459265
2415 40402.54564016450604 46450.506387386129063
2415.5 40402.602975738780515 46451.198656858825416
2416 40403.380764010464191 46466.330811491105123
2416.5 40386.229827279326855 46457.171514940739144
2417 40404.97757923440804 46482.991662354448636
2417.5 40395.747651343430334 46474.925049924589985
2418 40409.430547276286234 46497.440684186440194
2418.5 40379.483112633562996 46462.789956370193977
2419 40398.750648103174171 46496.803665439561883
2419.5 40399.153049361382728 46498.853092199526145
2420 40362.068570649775211 46468.325922527357761
2420.5 40377.056225429696497 46493.874070338904858
2421 40356.381969944217417 46465.448372005448618
2421.5 40391.238855968746066 46496.051999479881488
2422 40398.216359688405646 46514.585287487556343
2422.5 40385.7801764687174 46502.141480384365423
2423 40391.016230103436101 46516.573378535205848
2423.5 40427.884512935415842 46550.782518794498174
2424 40421.572467737038096 46549.882003449842159
2424.5 40433.03797806208604 46556.750745617850043
2425 40395.165556435240433 46528.570726269506849
2425.5 40463.732058068671904 46615.471608629573893
2426 40401.343890094161907 46555.939686535282817
2426.5 40344.701633228862192 46509.711875453860557
2427 40352.353547167112993 46539.278546432804433
2427.5 40312.38762822557328 46492.572428682047757
2428 40301.924958946612605 46493.677783448358241
2428.5 40395.099219410178193 46588.34005256681121
2429 40394.725812925258651 46599.289707602962153
2429.5 40422.351707453068229 46623.153272386101889
2430 40386.688405175365915 46584.88042882692389
2430.5 40454.179352505510906 46646.004425597311638
2431 40462.413979541161098 46662.832586561671633
2431.5 40451.6141388870019 46654.210846702306299
2432 40474.593849564327684 46683.341047654532304
2432.5 40531.830551230174024 46741.452940789291461
2433 40512.917212840460707 46731.909178903588327
2433.5 40491.193902320956113 46712.290428541804431
2434 40483.73990220054111 46714.609351155704644
2434.5 40471.066220084423549 46695.15783442974498
2435 40481.288132251938805 46708.349862834518717
2435.5 40502.039326152589638 46736.742729333149327
2436 40490.543107833887916 46727.925804248850909
2436.5 40546.567215264498373 46785.655903898856195
2437 40529.54868588087993 46769.911399066753802
2437.5 40581.759674209737568 46813.386329829030728
2438 40619.261326684580126 46852.691222827343154
2438.5 40564.465525742460159 46799.567570496932603
2439 40579.489085214445367 46813.061290084820939
2439.5 40613.042550494261377 46843.615350170664897
2440 40648.154682798500289 46885.75239707629953
2440.5 40627.921574049949413 46855.901203223525954
2441 40576.924596426877542 46822.191934145594132
2441.5 40540.959635616563901 46791.147868591549923
2442 40527.005299142161675 46784.320939646808256
2442.5 40581.072319168808463 46839.85100789302669
2443 40607.841040555831569 46865.553385346363939
2443.5 40570.932653501033201 46822.029086492249917
2444 40587.050245038328285 46854.424020336671674
2444.5 40593.274818361249345 46852.634278712444939
2445 40649.198293814828503 46903.313528660539305
2445.5 40585.575741226348327 46850.356223166461859
2446 40587.000195710184926 46857.588388076350384
2446.5 40603.366258634487167 46877.016195971140405
2447 40614.899754232843406 46893.727945505190291
2447.5 40571.874561194061243 46869.124832432331459
2448 40534.00803462624026 46840.69440186083375
2448.5 40520.638255805846711 46829.673808344872668
2449 40569.720915905170841 46888.005126979471243
2449.5 40483.354139521004981 46810.882983644143678
2450 40498.092034038854763 46836.127338378020795
2450.5 40539.666794363096415 46897.658468313289632
2451 40492.320422008131573 46844.088158008125902
2451.5 40534.066107532351452 46890.02930539137742
2452 40531.522756752136047 46882.439365347461717
2452.5 40605.826234154133999 46974.096648568323872
2453 40616.872129427771142 46970.121112007887859
2453.5 40703.587373444228433 47060.728207576044952
2454 40716.645569944616 47064.232987855946703
2454.5 40763.490877109885332 47113.847670317809389
2455 40712.749257201430737 47075.493477781725232
2455.5 40684.257742900896119 47059.060069149229093
2456 40644.834998822800117 47036.796061061737419
2456.5 40704.425746736618748 47089.998277098515246
2457 40729.611907086749852 47118.612405829509953
2457.5 40678.163909324182896 47064.910066932970949
2458 40667.063202807723428 47064.90310844200576
2458.5 40711.389279469920439 47093.35955108248163
2459 40653.362853267492028 47042.42557546577882
2459.5 40687.35328788717743 47093.423085095608258
2460 40683.116374213168456 47096.448569803193095
2460.5 40698.489354426477803 47115.997006579636945
2461 40718.126663801253017 47146.392295413912507
2461.5 40752.475886612279282 47183.085364915503305
2462 40739.373954151931684 47172.559384855434473
2462.5 40749.900403328727407 47181.666761034786759
2463 40816.808766141213709 47253.780046323081478
2463.5 40753.064244657871313 47195.797611785841582
2464 40755.802825412778475 47186.653829194423452
2464.5 40797.889051379810553 47237.992833455442451
2465 40777.739228732621996 47212.939801008338691
2465.5 40761.224176369105408 47207.291822302708169
2466 40690.100037925396464 47151.206491406708665
2466.5 40689.485715653332591 47161.522367549521732
2467 40719.068826860755507 47189.774389798527409
2467.5 40736.890393828551169 47211.412771559145767
2468 40755.138020560108998 47237.472067443341075
2468.5 40754.462677748138958 47249.023182119097328
2469 40714.357310201739892 47197.749744155655208
2469.5 40786.716220323811285 47278.174008107715053
2470 40781.148412900351104 47278.288325144596456
2470.5 40775.426681461081898 47289.201135461014928
2471 40710.275890068434819 47227.124978587096848
2471.5 40702.275183809513692 47226.83340537724871
2472 40668.651126054588531 47187.37642600878462
2472.5 40726.493447518078028 47263.056808978901245
2473 40720.220386273838812 47270.301159583650588
2473.5 40700.400955698678445 47268.529818975570379
2474 40678.368068906820554 47242.175203021957714
2474.5 40697.08658845199534 47261.966130319291551
2475 40764.092179136270715 47334.679014399691368
2475.5 40727.596160747169051 47310.364447220570582
2476 40747.269254878818174 47340.213758691323164
2476.5 40735.510864722957194 47332.712335311298375
2477 40748.137557323920191 47348.645595698297257
2477.5 40730.393991819575604 47326.875110574139399
2478 40723.424048431545089 47328.275342522931169
2478.5 40794.563188933956553 47414.692694523488171
2479 40795.396750769417849 47419.760301788926881
2479.5 40773.827895994269056 47402.887925315677421
2480 40759.949061807594262 47396.235837422762415
2480.5 40682.064801388820342 47340.392669359454885
2481 40699.363848935972783 47356.449727547536895
2481.5 40709.796278648616862 47374.982839909542236
2482 40708.840932256236556 47365.995929086820979
2482.5 40728.321947370743146 47384.528075546717446
2483 40672.113341070260503 47325.039198902828502
2483.5 40689.513495132552634 47356.096275982054067
2484 40713.602999865739548 47384.052933380189643
2484.5 40776.457717674238665 47453.184119294382981
2485 40737.49105015945679 47424.608380155019404
2485.5 40701.788813461353129 47395.812851064663846
2486 40701.230287918537215 47396.753128042866592
2486.5 40734.666468560179055 47444.67209146557434
2487 40678.336760384816444 47371.609186228488397
2487.5 40759.670484396425309 47445.607508742301434
2488 40814.065466208317957 47497.322141454984376
2488.5 40818.931411291210679 47511.086237998097204
2489 40791.051283978093124 47491.709630375335109
2489.5 40746.991128641726391 47461.401447779026057
2490 40710.968279144064581 47432.099456306452339
2490.5 40686.269633781746961 47422.425948213291122
2491 40732.015536467799393 47471.677288629034592
2491.5 40689.050040447938954 47416.028478306317993
2492 40680.765950943816279 47424.151802557295014
2492.5 40695.963491699301812 47434.429767169007391
2493 40700.55621310009883 47429.480339797861234
2493.5 40651.122525612561731 47385.282866293957341
2494 40774.213724795270537 47500.075538118391705
2494.5 40780.066779458298697 47495.294242922442209
2495 40824.937555247241107 47534.463558545270644
2495.5 40786.296613675818662 47496.225276976561872
2496 40803.579919544434233 47505.51931681350834
2496.5 40839.979162651216029 47553.572467450198019
2497 40859.487205246317899 47574.863576004310744
2497.5 40870.037568277854007 47610.518657896587683
2498 40829.650901844121108 47577.199459622257564
2498.5 40814.742083360419201 47561.104868934053229
2499 40809.844960385773447 47570.69381594958395
2499.5 40818.848421782924561 47586.567616997795994
2500 40805.36916265241598 47580.614070944895502
2500.5 40818.122180610036594 47607.490352758330118
2501 40824.351463675280684 47606.377714611495321
2501.5 40779.239371054747608 47567.103266533878923
2502 40833.554577481139859 47632.119903034435993
2502.5 40853.511830632756755 47664.370921346984687
2503 40800.198561799683375 47613.465173890988808
2503.5 40823.682635539727926 47643.296066423361481
2504 40866.272373434105248 47686.674231343909923
2504.5 40862.274540934660763 47678.901843145438761
2505 40858.273210737199406 47692.439987427111191
2505.5 40856.442163261264795 47690.815646390787151
2506 40918.70646996927826 47771.21938524392317
2506.5 40844.249333053281589 47698.121249793854076
2507 40854.436320251283178 47699.544031220248144
2507.5 40888.816816369697335 47743.645838313335844
2508 40915.403007450600853 47777.076274909246422
2508.5 40880.828594333623187 47760.704587829983211
2509 40810.249110936005309 47693.726489825276076
2509.5 40849.787034367014712 47726.740463460206229
2510 40898.669637593804509 47787.777271035018202
2510.5 40867.258863981289323 47762.730931136975414
2511 40867.945406571307103 47760.194159641338047
2511.5 40895.050045407901052 47804.410551720829972
2512 40866.238833196432097 47783.629210158534988
2512.5 40870.152521141557372 47792.743565431628667
2513 40875.1124573133784 47794.999537774194323
2513.5 40922.40480261373159 47854.316690287334495
2514 40881.866697797762754 47816.911366090302181
2514.5 40896.918768942639872 47837.011576369033719
2515 40905.726882753806422 47856.25228246707411
2515.5 40918.746821341286704 47874.759836259392614
2516 40891.362641397950938 47852.499218483819277
2516.5 40951.228475048948894 47907.28176498052926
2517 40986.586406431772048 47943.766255002665275
2517.5 40940.63774045905302 47903.444222391219228
2518 40947.961846361911739 47909.322239098117279
2518.5 40905.691389717329002 47879.227350168876001
2519 40920.076970704933046 47894.089906504275859
2519.5 40916.152646091875795 47887.815466809828649
2520 40966.581554855845752 47933.92490863497369
2520.5 40977.349762080302753 47936.682716802199138
2521 40939.627588270355773 47918.224298078886932
2521.5 40932.77469061701413 47909.081720763002522
2522 40947.187132190876582 47934.737013652338646
2522.5 40880.712802838650532 47875.501521302605397
2523 40892.149489500741765 47895.295802143635228
2523.5 40878.967784201005998 47884.173259254232107
2524 40944.902473526381073 47963.745347571195452
2524.5 40945.262372935896565 47963.381093072384829
2525 40965.192170225163864 47993.851166581283906
2525.5 40938.673284380514815 47967.292653291086026
2526 40921.83381367030961 47957.06220528252743
2526.5 40929.661024696579261 47984.782413327033282
2527 40985.059636008176312 48034.583326867701544
2527.5 41049.473576212287298 48093.625792837388872
2528 41047.39246289262519 48092.574404978258826
2528.5 41076.419033485864929 48128.28905008215952
2529 41107.394190191531379 48165.203929275703558
2529.5 41053.001316455192864 48124.518268976717081
2530 41042.37937556419638 48108.220570109027904
2530.5 41123.263007204906899 48196.104826956710895
2531 41056.647269813263847 48121.182705886028998
2531.5 41078.182448128369288 48156.33102525670256
2532 41084.064803633547854 48162.747153479984263
2532.5 41047.889658823871287 48136.850161737784219
2533 41100.859906590936589 48196.488473867539142
2533.5 41123.148108476561902 48209.720621355816547
2534 41122.846247142857464 48206.637933357422298
2534.5 41089.32470148315042 48181.105021692521404
2535 41084.087443108270236 48178.790064534347039
2535.5 41119.905829006551357 48223.606326677676407
2536 41034.285786351509159 48135.601366449191119
2536.5 41060.46837002987013 48176.299534212041181
2537 41010.345787755024503 48127.781762667742441
2537.5 41030.740911542634421 48157.988603208839777
2538 41064.452383683739754 48188.024684918527782
2538.5 41093.209413800643233 48211.230284638841113
2539 41088.800977521001187 48214.813561688089976
2539.5 41077.920850947142753 48204.325695889310737
2540 41035.017234676153748 48165.74842277514108
2540.5 41026.932841667316097 48180.341713077184977
2541 41095.325121592126379 48252.364580217690673
2541.5 41092.14135510683991 48262.061116620141547
2542 41065.151256755641953 48228.978511630259163
2542.5 41071.870285346391029 48233.470502936870616
2543 41055.341010197742435 48226.369798480649479
2543.5 41155.466029903851449 48322.752795940956275
2544 41136.913601577107329 48294.027754708906286
2544.5 41093.436117647288484 48261.676233682555903
2545 41059.653276341945457 48249.477059654840559
2545.5 41026.549953621484747 48218.453767170889478
2546 41052.377342231913644 48246.245037827306078
2546.5 41044.571509277979203 48247.464731891122938
2547 41033.957171498055686 48247.842397544867708
2547.5 41068.523024325273582 48298.156265620847989
2548 40972.539699245477095 48212.489762627614255
2548.5 40985.294787235361582 48234.713007058089715
2549 40995.001577576163982 48259.530975018788013
2549.5 40985.992103760661848 48253.599164276602096
2550 41014.394582748762332 48280.441616369505937
2550.5 41014.168879628916329 48284.73095453937276
2551 40966.708226967086375 48236.267975701601245
2551.5 41024.178995924667106 48300.740508778893854
2552 41056.527386910391215 48347.285300049035868
2552.5 41085.525095080083702 48380.279382068067207
2553 41076.674780663073761 48361.426461934832332
2553.5 41085.132907072802482 48367.516740875806136
2554 41098.680164502708067 48399.625009678595234
2554.5 41101.545940588148369 48415.662523952269112
2555 41107.007365094737906 48416.373187519813655
2555.5 41130.36883468223823 48443.192815996473655
2556 41088.619490070486791 48404.526236790021358
2556.5 41037.941415562927432 48369.562529064962291
2557 41090.480459451981005 48416.918264130057651
2557.5 41094.320496622014616 48432.702777079866792
2558 41070.213875798683148 48412.39648753725487
2558.5 41085.278981610827032 48434.851126533554634
2559 41103.02255541102204 48452.331288400229823
2559.5 41130.525869482764392 48492.613047712104162
2560 41108.902388988382882 48471.431044478296826
2560.5 41085.095302973350044 48450.212217521213461
2561 41057.53477886186738 48431.206845402804902
2561.5 41098.413671992500895 48472.693521408764354
2562 41105.187530809067539 48483.902920190630539
2562.5 41112.317807771876687 48507.920599587254401
2563 41146.293377975707699 48536.761382876422431
2563.5 41129.343103862498538 48533.084872818013537
2564 41131.902011048936401 48540.362258570668928
2564.5 41156.022765362875361 48563.968294473022979
2565 41120.459943536785431 48515.130030800872191
2565.5 41115.243894586834358 48523.268822552054189
2566 41107.09465525073756 48515.538607814669376
2566.5 41126.998684505699202 48545.019281091343146
2567 41122.059524443480768 48533.106310002425744
2567.5 41131.248854608420515 48558.860128465217713
2568 41141.102339376964665 48560.904057473417197
2568.5 41157.418155271938303 48577.296277858418762
2569 41142.733514457744604 48566.370248376486416
2569.5 41186.501987593830563 48612.281730686365336
2570 41116.34337870078889 48539.709688609727891
2570.5 41185.085508870928606 48622.561844231502619
2571 41171.092799205318443 48589.600080515498121
2571.5 41201.084994717908558 48632.886584565814701
2572 41172.434155193514016 48602.505112369522976
2572.5 41187.62048294316628 48632.894291466240247
2573 41188.772579563614272 48639.224767860439897
2573.5 41200.352229085663566 48655.057553170561732
2574 41191.410627126781037 48646.521830531091837
2574.5 41196.653872920076537 48650.599947478993272
2575 41173.087690248547005 48634.157747385375842
2575.5 41169.998280782871007 48639.920669828214159
2576 41131.757751562123303 48617.958475949017156
2576.5 41129.13170641988836 48625.024941407747974
2577 41170.637230399494001 48660.144956393276516
2577.5 41144.934355445941037 48612.691763587565219
2578 41149.185394342719519 48640.160621718860057
2578.5 41185.731395955132029 48666.90319019654271
2579 41220.866991032737133 48701.651977469788108
2579.5 41240.885592367252684 48731.294060729298508
2580 41306.988822412247828 48793.201512021900271
2580.5 41248.967319519135344 48747.999446341476869
2581 41280.518609107661177 48787.183712118188851
2581.5 41273.212221587142267 48783.522880319593241
2582 41280.001986125040276 48785.775700022131787
2582.5 41269.672249248782464 48780.808320208750956
2583 41288.796613346356025 48804.834966577516752
2583.5 41271.418884876984521 48790.076546135103854
2584 41270.115854515839601 48800.588219066710735
2584.5 41271.07411003659945 48806.232389932774822
2585 41252.246243945759488 48783.099239619070431
2585.5 41294.215112984842563 48831.636248266244365
2586 41242.116478762065526 48784.297503737296211
2586.5 41297.137275788700208 48848.709567574303946
2587 41268.582366384798661 48823.780100283227512
2587.5 41286.364393976822612 48840.95137733365118
2588 41285.161083685779886 48841.314242274864228
2588.5 41328.78549841340282 48886.021847726879059
2589 41333.807695022427652 48892.535604523072834
2589.5 41336.825467316601134 48917.814127657708013
2590 41333.349845256525441 48916.881210366227606
2590.5 41378.589726946556766 48965.858763882097264
2591 41319.298211556451861 48902.544562707371369
2591.5 41257.721714799525216 48861.194952360783645
2592 41320.135310246725567 48924.165987637381477
2592.5 41320.742517180384311 48927.492779112741118
2593 41279.764036274478713 48899.069805508697755
2593.5 41224.349189019325422 48843.860248579308973
2594 41296.18949192778382 48928.130957168032182
2594.5 41244.827430093166186 48886.230912325285317
2595 41330.852005949906015 48962.550612746876141
2595.5 41309.362390383023012 48947.500901024330233
2596 41308.074163923905871 48958.865683289244771
2596.5 41297.322534886319772 48953.034229312834213
2597 41288.127682555677893 48951.021619016639306
2597.5 41267.34410995811777 48933.62443595242803
2598 41325.393524339655414 48995.518928823934402
2598.5 41317.381469531355833 48994.965293038316304
2599 41316.191185551113449 48997.311028444644762
2599.5 41324.840409172451473 49012.619332806127204
2600 41315.179758182152 49029.648457099407096
2600.5 41272.66246637977747 48990.597455682735017
2601 41307.111958718254755 49026.54404807920946
2601.5 41340.075810305366758 49054.07736876164563
2602 41394.093322578140942 49127.44680245694326
2602.5 41381.482677254745795 49116.502207527839346
2603 41418.866290348181792 49157.984771784394979
2603.5 41384.988247189314279 49132.037253955742926
2604 41350.214487500910764 49094.356303852633573
2604.5 41387.298367226896517 49132.489622923349089
2605 41351.164735371014103 49109.011186780538992
2605.5 41371.533156460500322 49135.040195501445851
2606 41348.251147853457951 49115.886154165724292
2606.5 41343.162378501154308 49106.563343815541884
2607 41353.03423939194181 49115.247573183274653
2607.5 41380.787417414183437 49148.755775882425951
2608 41375.662019402720034 49149.180355986223731
2608.5 41340.505057712907728 49125.287534258219239
2609 41331.249731198455265 49117.694525279606751
2609.5 41397.734104019225924 49199.896762220676464
2610 41343.867791246972047 49145.62594652648113
2610.5 41351.283809424057836 49168.308103959963773
2611 41390.690177204691281 49204.071846954182547
2611.5 41400.054393746169808 49213.301682114528376
2612 41398.037601427924528 49233.950799397665833
2612.5 41406.92168451728503 49249.124413598692627
2613 41404.679558573938266 49249.436036465922371
2613.5 41424.395295011847338 49264.167914169105643
2614 41417.718944175481738 49267.668377348192735
2614.5 41437.477612964750733 49287.563931311502529
2615 41462.112285731680458 49311.151161663874518
2615.5 41509.465321488016343 49357.467353063453629
2616 41483.80995872526546 49332.651188635943981
2616.5 41431.279871855513193 49300.96081510665681
2617 41483.161612510659324 49370.067766216365271
2617.5 41424.172190872421197 49303.77921741182945
2618 41367.631519364069391 49251.672525665017019
2618.5 41413.654337466003199 49298.477803936541022
2619 41441.013430992017675 49326.508159666125721
2619.5 41435.023525636956037 49337.02642004306108
2620 41473.144063581290538 49368.080803338765691
2620.5 41432.334083328278211 49328.572305746616621
2621 41460.834497182964697 49364.778103447933972
2621.5 41475.450115205916518 49385.023367180205241
2622 41490.873729945415107 49407.397312666165817
2622.5 41481.222756888113508 49412.110541675829154
2623 41465.36807417646196 49392.350624180216982
2623.5 41440.278747515687428 49372.219112160397344
2624 41454.592152603683644 49392.445645533633069
2624.5 41462.826148132036906 49402.655605278341682
2625 41426.545908167041489 49380.00344925247191
2625.5 41474.588703195731796 49432.120102250708442
2626 41483.634273925585148 49438.800263043041923
2626.5 41444.17986557308177 49400.97706848665257
2627 41482.771626697664033 49453.5080830714287
2627.5 41469.273021601387882 49443.527566832766752
2628 41451.512829006365791 49437.780013421492185
2628.5 41507.693717551977898 49499.321505650390463
2629 41469.557597884428105 49469.376727521179419
2629.5 41532.25627708050888 49546.471475492973696
2630 41486.417899027954263 49493.726135980497929
2630.5 41450.013231573422672 49472.682496127366903
2631 41493.159939729514008 49511.074990297907789
2631.5 41517.519981072073278 49541.749964096481563
2632 41530.215112831436272 49555.288855648985191
2632.5 41471.695717604154197 49507.020550818357151
2633 41472.768332398351049 49521.207700274178933
2633.5 41508.43132639558462 49573.204365291894646
2634 41529.04236288733955 49584.616537764683017
2634.5 41502.06885155733471 49571.593387213324604
2635 41565.748133346518443 49638.834333151840838
2635.5 41519.470779077564657 49591.455321890112828
2636 41492.552385204457096 49578.651098584668944
2636.5 41487.027281941205729 49590.658353691789671
2637 41514.71572962202481 49611.346718401298858
2637.5 41523.42977764661191 49617.888544134242693
2638 41498.096514855089481 49586.473478578300274
2638.5 41548.762826382320782 49651.527629363590677
2639 41485.184015916267526 49582.246989321232832
2639.5 41562.122766671440331 49665.24543076322152
2640 41547.842111437028507 49658.059858565473405
2640.5 41541.803989201995137 49654.923167169981753
2641 41480.535711849224754 49597.95175778252451
2641.5 41511.421817534625006 49634.263038766039244
2642 41523.483868128176255 49660.925085512011719
2642.5 41540.51476698393526 49675.373859940220427
2643 41599.517069855850423 49744.635754637478385
2643.5 41563.473681217488775 49720.496290592025616
2644 41563.94127726998704 49724.727157806730247
2644.5 41535.397578485681152 49703.336660918641428
2645 41540.673186585358053 49704.113119954206923
2645.5 41500.125357913180778 49678.521594707577606
2646 41496.79624115817569 49685.157689512292563
2646.5 41556.792796670459211 49746.111336675057828
2647 41540.870661341803498 49738.536306098772911
2647.5 41516.086327423421608 49722.848753744445276
2648 41526.183795171957172 49730.429556023416808
2648.5 41489.321064327014028 49696.228518552517926
2649 41435.244839049555594 49660.941521161337732
2649.5 41476.697678264303249 49699.43226411374053
2650 41541.871291636300157 49772.080728883876873
2650.5 41506.111164037218259 49735.735965625717654
2651 41522.187749128184805 49765.01159122226818
2651.5 41519.972124377316504 49775.565217458002735
2652 41527.5603064744937 49781.711246640108584
2652.5 41519.286041769955773 49775.381475515190687
2653 41491.069594905980921 49748.026302022452001
2653.5 41558.104344505271001 49815.666072350257309
2654 41581.027280911068374 49837.739916641425225
2654.5 41584.078016456587648 49849.819467412984523
2655 41525.65255706771859 49782.599965045432327
2655.5 41558.385301496076863 49832.892663363301835
2656 41538.689445910305949 49826.759651072519773
2656.5 41516.681841453952075 49807.124623940086167
2657 41532.033968259536778 49826.04096368890896
2657.5 41538.830026674913825 49839.979599537749891
2658 41516.550296551919018 49805.998980737706006
2658.5 41569.914576638846484 49852.785557182258344
2659 41551.917038907005917 49842.098574114505027
2659.5 41541.200077062509081 49829.160789792797004
2660 41556.585090726206545 49839.470554323699616
2660.5 41593.885092399192217 49885.416023559082532
2661 41606.592468344220833 49905.240417185988917
2661.5 41555.992063151104958 49847.471548815992719
2662 41603.677039079360839 49908.540036858241365
2662.5 41593.317923294081993 49898.390589510461723
2663 41587.588436959937098 49891.119082335542771
2663.5 41607.713089290213247 49913.133401982755458
2664 41663.716893529774097 49962.41025745710067
2664.5 41632.341120137527469 49939.388320128986379
2665 41642.727662868710468 49965.913467032376502
2665.5 41607.598288427696389 49946.379469055325899
2666 41589.815790332948382 49940.201069307513535
2666.5 41599.494267804453557 49947.855098009182257
2667 41565.032698093273211 49917.599125634937081
2667.5 41531.515420953684952 49896.594470845426258
2668 41603.178887036352535 49970.49717583542224
2668.5 41545.08274244092172 49918.561040206819598
2669 41599.422335749470221 49973.701858035587065
2669.5 41586.731674038543133 49958.255782744512544
2670 41621.531566500219924 49995.567187621549238
2670.5 41608.49512192527618 49971.938872059821733
2671 41600.799951249879086 49972.765055240997754
2671.5 41594.900053557721549 49969.203826381432009
2672 41620.408630973179243 50001.968779454720789
2672.5 41588.716807549346413 49970.898721279023448
2673 41594.435937493479287 49989.665825146454154
2673.5 41585.25599356485327 49982.069820459597395
2674 41552.202089977057767 49955.520305333055148
2674.5 41614.175338485605607 50016.162986068658938
2675 41665.199455692410993 50069.52710447145364
2675.5 41657.228079712411272 50060.661990381522628
2676 41600.089396834919171 50008.475004393061681
2676.5 41636.363392386585474 50057.802428822906222
2677 41647.036601190535293 50085.460372796878801
2677.5 41592.260476384668436 50047.679609869868727
2678 41634.750334830852807 50101.321737584461516
2678.5 41617.275445844206843 50086.357574355060933
2679 41612.130830515779962 50077.381095298806031
2679.5 41611.739896214501641 50083.262726593748084
2680 41628.642054392541468 50108.691386611215421
2680.5 41705.213451841329515 50184.551328362707864
2681 41673.330785614125489 50152.376218049459567
2681.5 41655.599427653694875 50145.386556843455764
2682 41674.330634519763407 50173.969058146263706
2682.5 41679.600239960389445 50178.181831372283341
2683 41709.769049557377002 50221.638960074262286
2683.5 41645.244031593458203 50161.685692698367347
2684 41646.722898398053076 50154.630520685881493
2684.5 41676.955255358203431 50196.677814873437455
2685 41661.071530063207319 50188.247794143142528
2685.5 41640.215628349818871 50166.975875188531063
2686 41663.331205426184169 50211.606305985027575
2686.5 41606.091989874381397 50154.919682769963401
2687 41615.040937613492133 50168.507917113143776
2687.5 41628.815430997296062 50191.330869520897977
2688 41633.353383234069042 50193.573309028637595
2688.5 41631.917194220739475 50219.587804284179583
2689 41653.977214742997603 50250.127691192101338
2689.5 41631.218290562683251 50217.472756432252936
2690 41614.368235751622706 50216.271903915359871
2690.5 41626.928523977207078 50238.052362249531143
2691 41569.588257013339899 50189.210387823361089
2691.5 41558.869362383782573 50185.960877241908747
2692 41588.692001378680288 50247.501674856357567
2692.5 41617.040626925088873 50272.280750160811294
2693 41650.684886167400691 50304.013148213176464
2693.5 41695.688866200296616 50365.325932374726108
2694 41633.528943704412086 50300.430624470427574
2694.5 41701.526283058876288 50368.877484445773007
2695 41680.729968245621421 50351.172269875889469
2695.5 41726.107396860883455 50418.503050883795368
2696 41667.9842879716889 50353.258456244278932
2696.5 41634.680309297749773 50329.096778197897947
2697 41708.938957917947846 50397.962880532650161
2697.5 41745.707267681857047 50433.183012424349727
2698 41715.583455586449418 50403.928325144748669
2698.5 41730.015926367486827 50438.423182494363573
2699 41681.163999628464808 50395.746287713598576
2699.5 41692.014684371781186 50397.239770234518801
2700 41747.117982154442871 50458.157163875352126
2700.5 41709.675668998199399 50428.322234268576722
2701 41721.704219478087907 50430.148976400574611
2701.5 41776.08958709538274 50496.928561468252155
2702 41713.221685489799711 50436.408728141912434
2702.5 41739.831361769283831 50462.005609774845652
2703 41799.122759259000304 50535.355317991801712
2703.5 41775.822028699243674 50506.605721899170021
2704 41774.178537650055659 50498.109522829356138
2704.5 41766.067341183195822 50503.109496232144011
2705 41749.50446648326033 50488.291659379363409
2705.5 41725.720061060914304 50471.781070791970706
2706 41682.984061378650949 50451.271868414951314
2706.5 41710.678382919868454 50493.536396547991899
2707 41740.819959008542355 50511.256010511271597
2707.5 41759.533696522616083 50532.727851602554438
2708 41758.169498797375127 50524.276826676439669
2708.5 41766.254100164638658 50549.297402171920112
2709 41770.093170364729303 50555.599895812345494
2709.5 41742.345437454823696 50522.771178338814934
2710 41762.737005500159285 50561.633556110478821
2710.5 41759.119352246874769 50549.669353015517117
2711 41753.990748890224495 50529.518944952353195
2711.5 41808.736012749395741 50585.71684377946076
2712 41802.156546724130749 50588.38496381247387
2712.5 41792.255160542030353 50592.579918906383682
2713 41774.163805060190498 50584.886184179275006
2713.5 41774.871573767966765 50571.956142294948222
2714 41799.783528677078721 50608.280905116727808
2714.5 41769.809723416692577 50586.777558374640648
2715 41765.990741751636961 50608.064495572478336
2715.5 41810.134706585326057 50642.930067608096579
2716 41755.35834932616126 50599.907727955833252
2716.5 41706.749024052529421 50553.019683829290443
2717 41756.075698909742641 50616.21240936711547
2717.5 41770.186244453543623 50634.013071885201498
2718 41712.731957782365498 50583.938655213343736
2718.5 41713.624238574906485 50603.44745819849777
2719 41714.09848148470337 50589.96058479428757
2719.5 41700.87124767532805 50589.767582442007551
2720 41700.071633522042248 50588.46201471335371
2720.5 41729.084618852590211 50622.329557883524103
2721 41752.501780536200386 50655.03557917677972
2721.5 41731.577368693207973 50634.659964149846928
2722 41804.69903695017274 50713.680801229544159
2722.5 41744.584562989504775 50661.862274341168813
2723 41745.98812108959828 50670.265091961366124
2723.5 41782.800477721000789 50704.408893114705279
2724 41825.9301846300732 50745.814991952101991
2724.5 41787.467191575233301 50711.893828385742381
2725 41767.355820339624188 50697.098890643028426
2725.5 41757.432724380247237 50671.518726880734903
2726 41788.060061232972657 50701.497416519843682
2726.5 41805.737102638675424 50715.019199515751097
2727 41853.46652682160493 50759.919514571294712
2727.5 41821.713325240300037 50721.91892499892856
2728 41843.071797309719841 50759.954820880251646
2728.5 41816.935990735597443 50738.776969463688147
2729 41882.969027059276414 50815.646649149653967
2729.5 41848.872166260996892 50793.392903865897097
2730 41808.461448113775987 50743.392977823306865
2730.5 41852.711585784389172 50795.714932980001322
2731 41841.850567181492806 50776.748889711547235
2731.5 41877.416339232178871 50829.208240018269862
2732 41916.348966660254519 50863.827820612263167
2732.5 41912.637597013446793 50856.892559924541274
2733 41905.674982030803221 50854.915305974973307
2733.5 41952.154070273063553 50919.383385939865548
2734 41960.869334066584997 50914.470789688602963
2734.5 41966.562740352943365 50926.44046612852253
2735 41979.166520466591464 50972.268979702952493
2735.5 41932.189011515911261 50921.557554672574042
2736 41898.107005593425129 50892.16154245044163
2736.5 41886.236313494046044 50907.377316182850336
2737 41853.736144058450009 50868.151688615078456
2737.5 41809.972035886792582 50828.395610964202206
2738 41844.502451804852171 50871.847265952048474
2738.5 41864.385334540063923 50887.854493080107204
2739 41862.908588848164072 50904.767315799268545
2739.5 41885.405698127404321 50924.514545423648087
2740 41874.898198020760901 50920.356717689472134
2740.5 41873.378811070935626 50921.124696722239605
2741 41883.53927195797587 50944.739536064284039
2741.5 41865.791332475579111 50923.453477891089278
2742 41930.723420311071095 50989.239764045167249
2742.5 41930.658886487479322 51012.104568179609487
2743 41943.898725569488306 51020.560062649463362
2743.5 41942.654130858099961 51014.137587182165589
2744 41923.624194793075731 50998.532064642531623
2744.5 41932.468031990145391 51013.928251762190484
2745 41920.050358648470137 51015.354076571413316
2745.5 41971.550439458704204 51064.229949738226424
2746 41935.36443710673484 51026.039401943286066
2746.5 41945.021585108574072 51047.120149487011076
2747 41881.0316500596673 50978.679056576220319
2747.5 41928.173366354996688 51047.194221866200678
2748 41905.417844847303058 51039.551317823978025
2748.5 41906.722221802272543 51049.982360970898299
2749 41900.744749347075413 51034.014215675000742
2749.5 41884.868716990116809 51008.924139238966745
2750 41942.499401107204903 51080.843718456846545
2750.5 41960.269773696891207 51100.27859815377451
2751 41921.154809493040375 51054.337980387252173
2751.5 41969.251199834507133 51113.36153649953485
2752 42008.159225989453262 51145.618320444089477
2752.5 42084.374257528899761 51225.641437231955933
2753 42013.645826467283769 51155.067330968260649
2753.5 42012.569161795239779 51172.938909631448041
2754 41995.288236545893596 51150.000563380170206
2754.5 41989.344613767796545 51150.132908180472441
2755 42009.053368154498457 51177.776110042002983
2755.5 41970.641182081628358 51146.915795074099151
2756 41966.691876386197691 51131.982780847167305
2756.5 41999.892091565408919 51162.575060224080516
2757 42050.121813929479686 51212.456749462653534
2757.5 42076.141531640743779 51228.226981017178332
2758 42008.468913608885487 51164.861583229598182
2758.5 42049.272828254870547 51227.408319782029139
2759 41995.016567700426094 51159.183229770991602
2759.5 42027.05333042077109 51195.861803522129776
2760 42043.416141469548165 51224.049036221353163
2760.5 41958.463299218470638 51144.704069116858591
2761 41951.327748064941261 51151.902786693557573
2761.5 42008.562679056471097 51211.838798190641683
2762 42009.37369441089686 51227.920101500414603
2762.5 42008.756453220026742 51226.78897485070047
2763 41973.463976978768187 51189.354796407875256
2763.5 41983.252915397926699 51207.683260523765057
2764 42016.549245901886025 51240.02386646859668
2764.5 42058.252606843299873 51296.437179544212995
2765 42067.192759289217065 51308.210783311202249
2765.5 42005.577869387547253 51253.109360267451848
2766 42030.798174092058616 51290.705714456518763
2766.5 41993.906680258915003 51240.289838025782956
2767 42064.919819514463597 51323.614038398074626
2767.5 42111.90589037675818 51366.545243008120451
2768 42091.439106033387361 51350.971516767640423
2768.5 42029.361869139240298 51295.413710623390216
2769 42024.846552285191137 51304.760521141484787
2769.5 42024.902988256355457 51307.028284109008382
2770 42062.900060126798053 51339.684983423867379
2770.5 42042.981974516398623 51338.843007992829371
2771 42017.949300234708062 51304.159180374765128
2771.5 42058.377268019474286 51356.124354889107053
2772 42086.192066513220198 51385.490023236146953
2772.5 42064.997597973670054 51372.602893574759946
2773 42064.120759255965822 51368.703824678865203
2773.5 42036.818759817942919 51348.617685728066135
2774 42078.980133197001123 51387.603580052316829
2774.5 42075.371969628176885 51384.506035701808287
2775 42038.93162106537784 51361.185756960345316
2775.5 42040.288497938636283 51364.663143907288031
2776 42082.080066206603078 51415.675511150999228
2776.5 42064.824850485521893 51408.689208016017801
2777 42100.894059507205384 51445.309953081989079
2777.5 42035.50941927383974 51382.417103978390514
2778 42038.037347393932578 51395.261595373493037
2778.5 42114.788402923950343 51491.729472727216489
2779 42075.305355709489959 51432.901001307662227
2779.5 42149.734003143115842 51520.687381737436226
2780 42130.441018223486026 51514.228768089291407
2780.5 42088.064081627861015 51483.686318219908571
2781 42043.705418028970598 51455.930774897322408
2781.5 42055.592088107863674 51480.491745469844318
2782 42093.285080258086964 51529.054390457014961
2782.5 42143.648096008117136 51576.48034485430253
2783 42149.101200376302586 51585.919848086319689
2783.5 42134.660618272537249 51578.384156898842775
2784 42208.810003621794749 51660.555714370180795
2784.5 42105.77840927397483 51560.870321946480544
2785 42174.842377221975767 51638.676900642196415
2785.5 42144.553049793241371 51617.909889087975898
2786 42123.043658324473654 51605.59635391896154
2786.5 42158.154822416152456 51633.45992917966214
2787 42157.421667567854456 51636.270226012355124
2787.5 42181.147673642924929 51656.01467485773901
2788 42193.085277381956985 51684.053907604706183
2788.5 42177.587138908580528 51673.464985933824209
2789 42212.33894160829368 51714.55462672275462
2789.5 42113.791499752551317 51619.270100646142964
2790 42110.269893743323337 51620.708118668531824
2790.5 42107.456508410221431 51632.018887878635724
2791 42099.496489205252146 51617.164316609298112
2791.5 42143.148962948347616 51668.314483062997169
2792 42172.988450892371475 51683.274929125749622
2792.5 42147.907752572820755 51655.082360886553943
2793 42148.197683412312472 51673.990069950850739
2793.5 42095.541245948843425 51632.030060665274505
2794 42153.618922627385473 51693.235429710919561
2794.5 42171.495430687340559 51694.326432009191194
2795 42203.196206457978406 51730.878948264769861
2795.5 42153.542921787899104 51683.726808029394306
2796 42189.647455371392425 51724.597995227450156
2796.5 42201.205926629132591 51741.112992787915573
2797 42226.336674623918952 51771.989717260439647
2797.5 42232.152600364126556 51777.230550952335761
2798 42189.079937181952118 51748.299000900973624
2798.5 42218.648287745352718 51800.953909283103712
2799 42173.322799194334948 51756.18916970508144
2799.5 42213.513992688625876 51812.02940931271587
2800 42213.770000396398245 51804.971543217048747
2800.5 42215.522464739740826 51803.344766167567286
2801 42149.29941053569928 51758.198471566844091
2801.5 42191.750642048129521 51804.603023690833652
2802 42195.961348185817769 51819.716756860485475
2802.5 42167.898949156733579 51789.070758967922302
2803 42227.771944759369944 51857.961681648739614
2803.5 42257.119300181628205 51872.224267392477486
2804 42290.839264222609927 51904.802794557363086
2804.5 42247.302222265992896 51870.619561770043219
2805 42196.560620296470006 51829.896482120202563
2805.5 42270.64304167584487 51908.656263595425116
2806 42319.797299768542871 51955.62029143149266
2806.5 42315.682593439225457 51967.767050551476132
2807 42302.058126188458118 51959.510636281782354
2807.5 42302.947638491314137 51983.51607529730245
2808 42248.568030572445423 51926.607370631529193
2808.5 42205.559229290083749 51889.278444602961827
2809 42243.133590157071012 51926.402952849057328
2809.5 42249.681432275901898 51932.353770434201579
2810 42268.461068532524223 51965.017296512873145
2810.5 42234.256617963837925 51942.429126922645082
2811 42213.625541238186997 51913.169143007879029
2811.5 42326.130570039880695 52024.770877622373519
2812 42283.430414738468244 51966.343635143042775
2812.5 42303.393699290980294 52006.645317598020483
2813 42270.14527721824561 51963.681494163756724
2813.5 42301.912253454749589 52006.116582391550764
2814 42321.151203881840047 52034.163247067845077
2814.5 42328.436353129669442 52036.784521554844105
2815 42285.571530020468344 51992.325050763050967
2815.5 42387.709411475232628 52102.225785720445856
2816 42319.629671511800552 52041.093717557116179
2816.5 42324.445642646736815 52063.503854405658785
2817 42288.014047358570679 52030.508793887274805
2817.5 42295.935805464912846 52042.059715931951359
2818 42275.980131827629521 52030.207231945962121
2818.5 42313.055496684617538 52072.709451117865683
2819 42305.299798758846009 52053.452315843533142
2819.5 42335.641513291702722 52090.454194795049261
2820 42355.834133838659909 52116.539578851356055
2820.5 42299.121730683342321 52048.424626292049652
2821 42321.443620908794401 52083.659405831742333
2821.5 42349.080516387366515 52096.488214251061436
2822 42299.105823521014827 52045.938283191928349
2822.5 42322.699055433266039 52067.283988238428719
2823 42333.608133421170351 52082.479842160275439
2823.5 42386.207431040733354 52145.731717768634553
2824 42274.216319284241763 52039.638824754933012
2824.5 42312.411192888357618 52069.859558843461855
2825 42360.762538884024252 52117.949445921440201
2825.5 42357.245022440998582 52117.268064864809276
2826 42387.325953876155836 52152.15243618254317
2826.5 42311.211774651652377 52068.622699435873074
2827 42392.971397856163094 52158.457690905997879
2827.5 42352.741055368896923 52121.399392669285589
2828 42372.889060975358007 52153.620022659924871
2828.5 42359.652752403839258 52137.978599615962594
2829 42343.027281921626127 52134.632563433879113
2829.5 42404.368471797490201 52209.188982024032157
2830 42432.099018688219076 52230.494100307922054
2830.5 42426.754715266077255 52217.598572348004382
2831 42462.191847574140411 52270.896002488028898
2831.5 42427.758897707099095 52241.661499842361081
2832 42425.221431059741008 52247.687366735670366
2832.5 42457.215915039516403 52280.962944334853091
2833 42478.248538892788929 52307.195809306998854
2833.5 42450.650566505100869 52283.856511552767188
2834 42452.092709818251024 52297.628029605519259
2834.5 42480.375576986029046 52333.94899019132572
2835 42410.605956581843202 52270.935233330717892
2835.5 42444.83975364244543 52323.908279105351539
2836 42400.67010835698602 52285.138512971941964
2836.5 42400.914099340232497 52292.717659022455337
2837 42430.939261198189342 52321.165110686182743
2837.5 42389.537652587947377 52290.473441130758147
2838 42399.252984061466123 52316.610448640494724
2838.5 42418.803119366137253 52328.002398837154033
2839 42412.492530441915733 52318.068079838478297
2839.5 42421.802302383388451 52322.903938429648406
2840 42458.517670887908025 52361.499919850946753
2840.5 42411.079024644081073 52327.149234045726189
2841 42443.497290122861159 52364.373562487766321
2841.5 42390.953318445222976 52299.365898731390189
2842 42480.860017670558591 52400.688948030758183
2842.5 42455.71379853579856 52382.019147312377754
2843 42469.401661231815524 52403.518950256962853
2843.5 42415.936425275671354 52344.677367225311173
2844 42459.448160371037375 52414.524431905832898
2844.5 42388.239884677212103 52345.66729152919288
2845 42402.814005938336777 52370.460111653861532
2845.5 42491.824705867606099 52457.617846939727315
2846 42502.499480972306628 52473.087138795075589
2846.5 42508.132197318707767 52488.392651495603786
2847 42491.305677805001324 52462.915058412654616
2847.5 42510.556129680007871 52488.738248661706166
2848 42478.567421166757413 52458.83687988192105
2848.5 42523.96024155865598 52510.984267068990448
2849 42484.63502502591291 52469.297577001045283
2849.5 42540.57630002516089 52556.646126831241418
2850 42529.204629908403149 52532.939798766747117
2850.5 42535.140466156466573 52557.710693918896141
2851 42470.412451387237525 52486.933211469564412
2851.5 42493.776198300955002 52518.976400744337298
2852 42518.737817347100645 52555.121357605879894
2852.5 42449.734484060354589 52489.830818224312679
2853 42468.241479715448804 52512.444358198590635
2853.5 42474.67901876232645 52535.107991183853301
2854 42445.857630550221074 52498.19232786721841
2854.5 42481.393570131287561 52554.253468432216323
2855 42494.840108906260866 52546.535044027972617
2855.5 42479.889243459227146 52548.344071089290082
2856 42485.870617067579587 52555.170672901251237
2856.5 42465.509111164996284 52546.478358747292077
2857 42466.490576394309755 52545.443375485716388
2857.5 42458.689884293751675 52549.119251569558401
2858 42544.370608781537157 52639.178342885585153
2858.5 42535.820629111192829 52629.918789080700662
2859 42539.284787464595865 52647.246252676442964
2859.5 42504.504174732646788 52614.785983701214718
2860 42509.424705148390785 52627.827834009302023
2860.5 42488.282562076805334 52612.127025044224865
2861 42513.664890223204566 52646.239044354151702
2861.5 42500.346929074919899 52636.287653914594557
2862 42521.388327791668416 52650.749960091015964
2862.5 42574.776219815204968 52712.118323036767833
2863 42508.541785665038333 52648.117903164384188
2863.5 42536.491294995794306 52690.364293004466163
2864 42549.282321650469385 52701.377341236642678
2864.5 42587.759575967604178 52744.437521470797947
2865 42569.939778993175423 52722.992997383946204
2865.5 42521.898732579960779 52692.367536391313479
2866 42527.99177786007931 52714.949114146125794
2866.5 42479.598642905410088 52659.282818735307956
2867 42492.059966862572765 52675.902579182984482
2867.5 42550.812448504519125 52736.282843301611138
2868 42581.077354165274301 52775.241464071950759
2868.5 42580.274291690009704 52770.637069958247594
2869 42548.310115409454738 52745.026814760887646
2869.5 42597.850612273767183 52805.23911802040675
2870 42614.478255100781098 52829.033555454683665
2870.5 42593.065170971050975 52811.598409387101128
2871 42565.073912534760893 52794.242897969023034
2871.5 42588.685757768871554 52820.699360163052916
2872 42631.580315731640439 52878.265928005632304
2872.5 42555.65947880508611 52794.50926348939538
2873 42592.865397894929629 52834.682396047042857
2873.5 42632.92300075780804 52880.926194526065956
2874 42611.678886444045929 52856.279196100331319
2874.5 42597.317101774118782 52846.190095481608296
2875 42615.464562879918958 52877.213884624252387
2875.5 42591.864953592827078 52868.531019794696476
2876 42561.601838871538348 52822.585230756318197
2876.5 42595.168161092369701 52864.744731954968302
2877 42594.46084575833811 52870.545094771456206
2877.5 42664.386565204498766 52957.772508595859108
2878 42635.079872736088873 52921.914251527305169
2878.5 42642.060879744756676 52938.278459150031267
2879 42653.669003373383021 52950.736724989918002
2879.5 42650.347408392357465 52933.85385192969261
2880 42645.3266260267701 52941.069882593459624
2880.5 42618.886386666141334 52928.295219047737191
2881 42614.273588487281813 52923.300170557304227
2881.5 42606.194437822123291 52915.11810390894243
2882 42640.08044558284746 52945.738755312144349
2882.5 42605.870733508658304 52925.0453968897491
2883 42618.145512379778665 52953.961616621221765
2883.5 42601.685285532737907 52944.325978086948453
2884 42622.806307811435545 52958.676914090407081
2884.5 42662.41418279534264 53006.475033676833846
2885 42656.305045569926733 53011.387901792644698
2885.5 42629.570760840986622 52987.880226915112871
2886 42655.216670162189985 53018.381251575250644
2886.5 42628.08266235467454 53005.802552770721377
2887 42609.902240697214438 52984.599427099092281
2887.5 42638.241800280498865 53018.342966078307654
2888 42695.146168625207793 53084.202615830348805
2888.5 42630.482553494344756 53030.173178630422626
2889 42648.203736812043644 53049.06737657670601
2889.5 42684.109419462787628 53082.619662031327607
2890 42706.209573860025557 53098.334754241790506
2890.5 42747.61829132855928 53156.747904441450373
2891 42730.54320472881227 53145.357373428494611
2891.5 42713.358737356225902 53123.991199542397226
2892 42751.194451859002584 53171.67054937476496
2892.5 42750.538706280793122 53167.813481841280009
2893 42758.153291459253523 53179.014422427251702
2893.5 42741.871562575841381 53166.256848499418993
2894 42757.912694361148169 53189.95083198438806
2894.5 42728.642785084077332 53166.898980162710359
2895 42778.344854421993659 53222.891024768643547
2895.5 42811.579648137339973 53264.337949664681219
2896 42766.735476036716136 53221.887114515200665
2896.5 42776.254738411938888 53246.629155867529335
2897 42732.576262818038231 53218.8531519065873
2897.5 42789.385261419716699 53281.578274157531268
2898 42724.016794772869616 53216.111721775749174
2898.5 42759.721967893565306 53251.16276009107969
2899 42769.431564052974863 53278.592087110468128
2899.5 42732.599576954366057 53241.122784339429927
2900 42747.258456983428914 53264.006972917406529
2900.5 42766.220188714192773 53287.477018174380646
2901 42782.104679919335467 53306.327942920208443
2901.5 42780.842626374585961 53308.269114419534162
2902 42746.2577252211413 53287.787016494185082
2902.5 42759.016031821192882 53306.846762660687091
2903 42714.339553386955231 53280.440103522829304
2903.5 42721.208389445651846 53289.33793700789829
2904 42755.426810465389281 53321.611564496706706
2904.5 42806.677630539728852 53367.05694767524983
2905 42819.797824179790041 53379.262319652552833
2905.5 42796.264922046604624 53345.11317940508161
2906 42837.675772483074979 53395.568201504233002
2906.5 42835.157117590490088 53402.657516845276405
2907 42833.848760135871999 53406.997003197335289
2907.5 42802.485585825299495 53396.382500579180487
2908 42759.691120770941779 53364.72702750479948
2908.5 42837.087903211366211 53433.630894179703319
2909 42818.771628986345604 53425.870129714647192
2909.5 42832.181083881107043 53449.677134158919216
2910 42840.169291146754404 53471.754302573157474
2910.5 42813.750028531372664 53451.520124196264078
2911 42892.096722388996568 53539.77087105679675
2911.5 42854.412240681871481 53493.185069223873143
2912 42847.450193794182269 53513.784404507649015
2912.5 42874.194935768937285 53542.518994267804374
2913 42835.036273593534133 53496.569921263348078
2913.5 42855.946784845218644 53519.368873004328634
2914 42916.052265613390773 53594.298338763888751
2914.5 42912.504597304206982 53572.86257133516483
2915 42930.474799345138308 53590.570476804001373
2915.5 42938.941357747840811 53613.935493651973957
2916 42929.153830329385528 53587.90146798457863
2916.5 42937.435501635365654 53610.771031181575381
2917 42907.032751455190009 53581.243878940789727
2917.5 42899.228305248492688 53594.623778338231205
2918 42859.484687518277497 53552.92144197098969
2918.5 42891.272099202637037 53591.16586683481728
2919 42935.920691766616073 53654.009826000881731
2919.5 42910.328728885186138 53615.592259912911686
2920 42943.340563673293218 53652.024878167481802
2920.5 42920.402606672265392 53637.327066912184819
2921 42960.898612776116352 53680.077105739881517
2921.5 42939.271908082700975 53657.646018901454227
2922 42941.006325042289973 53673.854693494053208
2922.5 42902.465013349712535 53644.258313224010635
2923 42942.014540968295478 53689.465453747412539
2923.5 42946.603857681147929 53702.433667508492363
2924 42952.348169328695803 53708.877646562992595
2924.5 42951.867087124745012 53719.717547964930418
2925 42942.051445889701426 53721.832427081841161
2925.5 42902.892722567899909 53675.56577253335854
2926 42977.73180368138128 53761.534405242862704
2926.5 42978.81258801054355 53772.562616252827866
2927 42942.423397830498288 53747.175025122152874
2927.5 42983.196946013536945 53788.307503123200149
2928 42964.227505406946875 53771.512168294095318
2928.5 42964.299740720685804 53779.900159292374155
2929 42936.500031272640626 53755.913711350913218
2929.5 42946.096406158263562 53767.370774117807741
2930 42951.761046434265154 53748.421722858394787
2930.5 42982.316629296539759 53796.388604571613541
2931 43010.857084787334315 53828.943066780244408
2931.5 42929.784127905855712 53746.870778908021748
2932 42949.413255224404566 53785.898043128203426
2932.5 42954.91560953365115 53793.208992856249097
2933 42961.885556565066508 53805.947570188589452
2933.5 42946.735485519493523 53795.487866137838864
2934 42921.701606627102592 53785.656006525801786
2934.5 42927.430401432466169 53801.281188491608191
2935 42947.615261009246751 53820.959876248947694
2935.5 42957.778102750140533 53845.500600450366619
2936 42938.888067648767901 53815.275794850065722
2936.5 42930.311743300087983 53803.136828830494778
2937 42997.834982308617327 53876.132176220293331
2937.5 42976.518700789820286 53862.315701260755304
2938 43005.556933010841021 53898.373907398112351
2938.5 43034.991887926546042 53932.412310102925403
2939 42982.154811658067047 53870.39614818332484
2939.5 42992.07323719526903 53882.12184785091813
2940 43001.338906145865622 53891.596493668104813
2940.5 43025.80652574134001 53920.53133784923557
2941 43058.471030540131324 53958.147144489135826
2941.5 43041.047514342062641 53957.303356031377916
2942 43018.086019229966041 53940.045125692966394
2942.5 43052.512695688339591 53971.970375654942472
2943 43051.48228279412433 53969.067794609210978
2943.5 43041.481255503364082 53972.20243448412657
2944 43052.691884180043417 53975.864659340775688
2944.5 43099.573079454858089 54032.942300010261533
2945 43080.577472204960941 54034.412221247766865
2945.5 43043.501515044728876 53996.895507657485723
2946 43071.15999641376402 54031.481955271912739
2946.5 43070.245196931726241 54020.194148360445979
2947 43091.823004171594221 54063.052071604186494
2947.5 43045.374117941231816 54043.990889124870591
2948 42987.808980630128644 53989.405278933525551
2948.5 43058.064285483313142 54057.776987663739419
2949 43040.320789282181067 54022.636444483126979
2949.5 43039.795358116192801 54059.026905739381618
2950 42991.139229645137675 54025.969114766267012
2950.5 43003.737564941802702 54041.542455170449102
2951 42981.637085892522009 54007.90645014414622
2951.5 43001.905829203336907 54050.844165992370108
2952 42994.319547462873743 54048.379532972576271
2952.5 43056.794454737711931 54116.632609922031406
2953 43019.577631170403038 54088.413303035551507
2953.5 43038.999424774308864 54103.132286602296517
2954 43034.791369196260348 54110.535738252183364
2954.5 43026.10618709949631 54101.017488941426564
2955 43086.46894660146063 54159.936636247904971
2955.5 43036.922317070399004 54120.863432366022607
2956 43034.266020874558308 54139.031922764173942
2956.5 43060.5492791978686 54169.43851930013625
2957 43040.425439479062334 54147.772669146506814
2957.5 43077.211424418106617 54198.846449460783333
2958 43057.726613375722081 54168.562070103580481
2958.5 43079.416802702595305 54197.597924829358817
2959 43045.534273621655302 54172.827260821490199
2959.5 43080.085975165762648 54217.495341173264023
2960 43064.814607308580889 54216.751048405662004
2960.5 43028.190920032975555 54177.927731111245521
2961 43003.111046454177995 54167.500713625217031
2961.5 43029.995829610561486 54180.68178133690526
2962 43040.772287729225354 54193.166069068516663
2962.5 43084.275010645877046 54233.416358686066815
2963 43085.860268701260793 54243.19766225785861
2963.5 43044.538778384230682 54206.494763983537268
2964 43075.813905976763635 54235.620419549733924
2964.5 43079.27974142855237 54255.616260467751999
2965 43111.736432118559605 54296.877129167573003
2965.5 43068.929193963958824 54266.835041808342794
2966 43036.386954157533182 54240.456103084245115
2966.5 43037.066984263452468 54240.226256263529649
2967 43062.036766635908862 54263.258140869686031
2967.5 43083.820690775537514 54300.310234721975576
2968 43123.075915304347291 54336.52419251955871
2968.5 43094.770483357649937 54311.165646308269061
2969 43115.027347381466825 54352.585150055070699
2969.5 43058.170703702548053 54289.95900143392646
2970 43067.130159770196769 54307.812352719236515
2970.5 43053.857327491117758 54315.808492509429925
2971 43091.942636942381796 54344.848430279453169
2971.5 43103.352503331108892 54353.578749055697699
2972 43156.194686238100985 54413.821347402445099
2972.5 43079.388920568257163 54340.174564619512239
2973 43144.029195883820648 54405.790905298526923
2973.5 43105.781028743709612 54378.793201418455283
2974 43147.850038607241004 54433.852693509485107
2974.5 43070.758717377721041 54349.253576305149181
2975 43154.171443147126411 54439.526790207535669
2975.5 43152.969186736161646 54442.426166168486816
2976 43171.365547892470204 54457.298035212610557
2976.5 43129.175158333608124 54425.31661256600637
2977 43183.564781127854076 54483.46240706226672
2977.5 43181.258660053070344 54470.86897081360803
2978 43212.498970770022424 54514.587327510700561
2978.5 43189.414632457264815 54505.485418434887833
2979 43177.639765792620892 54499.020089378806006
2979.5 43198.79371353789611 54525.961741125778644
2980 43235.759695085158455 54577.431765878369333
2980.5 43185.219945754055516 54535.145987613861507
2981 43202.639364734801347 54550.998033785348525
2981.5 43194.519672954389534 54550.523284958151635
2982 43210.738877911346208 54562.695805885792652
2982.5 43221.867868745423038 54581.688856394597678
2983 43210.836002928597736 54573.047427224628336
2983.5 43264.48267614589713 54633.478532343549887
2984 43219.714357209850277 54605.472026266266766
2984.5 43225.489035406979383 54611.469444322727213
2985 43225.453982669161633 54614.490321899895207
2985.5 43257.493446095963009 54651.708294525407837
2986 43281.51703803910641 54684.549861222651089
2986.5 43264.844403942370263 54658.906050444464199
2987 43248.81500759946357 54654.923909388911852
2987.5 43204.256496646950836 54626.826345363289875
2988 43198.97125255130959 54631.092645324250043
2988.5 43185.828640567582624 54635.611118823217112
2989 43201.344280513490958 54642.227551770287391
2989.5 43260.136664206242131 54712.118862835384789
2990 43274.907859629085578 54709.453685148408113
2990.5 43253.011494637801661 54693.785272381493996
2991 43230.858639313351887 54677.394995293041575
2991.5 43222.345427608779573 54675.893628245969012
2992 43232.12148568896373 54683.229514803766506
2992.5 43221.966828875854844 54666.134571685601259
2993 43292.015908683548332 54749.368444482723135
2993.5 43280.776230900744849 54743.020738591112604
2994 43199.060515172670421 54667.752893507175031
2994.5 43239.584860836446751 54709.896437502051413
2995 43268.667444162842003 54739.258788853068836
2995.5 43300.710707405902212 54767.6168328678541
2996 43272.643384731374681 54747.112307025294285
2996.5 43274.577934563225426 54753.759600455552572
2997 43250.591206886878354 54747.266770271016867
2997.5 43217.282557109734626 54721.521059705519292
2998 43266.994492197649379 54775.092277977346384
2998.5 43258.298040173707705 54764.936137462493207
2999 43277.686481554395868 54787.033510790381115
2999.5 43270.290040299158136 54790.756959493366594
3000 43278.95363740807079 54811.686584707415022
3000.5 43284.912223916217044 54821.169370493516908
3001 43301.790311986856977 54839.785148302165908
3001.5 43311.994707773679693 54861.343474867026089
3002 43247.749907804602117 54765.671663520544826
3002.5 43261.179792115952296 54789.185889299486007
3003 43263.591060141327034 54811.651135182772123
3003.5 43231.424025366388378 54762.288345781991666
3004 43273.61277131010138 54815.978498501157446
3004.5 43310.080393904405355 54858.005778379949334
3005 43303.286061529332073 54856.021974540853989
3005.5 43318.878207440779079 54870.915254353451019
3006 43350.932743663055589 54907.208228653238621
3006.5 43296.505238001554972 54850.420232158205181
3007 43346.051070870620606 54907.524639709095936
3007.5 43287.388810784010275 54838.53669432784227
3008 43306.657926358282566 54876.30322692617483
3008.5 43333.096509885537671 54910.973274268762907
3009 43259.079068204402574 54831.238401692484331
3009.5 43314.142542564710311 54890.718623437911447
3010 43352.210255999918445 54931.255801067083667
3010.5 43320.405503421585308 54911.159862245818658
3011 43320.194120563442993 54914.420174680679338
3011.5 43324.408836645605334 54925.278497583167336
3012 43295.7207517206989 54906.972484396406799
3012.5 43348.022141670975543 54968.034848400799092
3013 43306.678481708848267 54916.615786811467842
3013.5 43289.821454620323493 54894.907867541805899
3014 43303.095584163616877 54925.644110023844405
3014.5 43364.759209235933668 54987.244246478614514
3015 43314.248819846623519 54936.747331205391674
3015.5 43310.409596208563016 54935.629327631344495
3016 43377.476703618369356 55012.713674276223173
3016.5 43366.334923521782912 55000.219042853728752
3017 43390.333146785800636 55031.566924039900186
3017.5 43337.392186578254041 54991.268823937745765
3018 43354.838087830328732 55018.457796059708926
3018.5 43367.268824997408956 55016.228486329964653
3019 43399.35402704153239 55063.312067416198261
3019.5 43323.12130396336579 54986.98262679544132
3020 43303.495351404591929 54965.572138707626436
3020.5 43308.465894858672982 54977.833205644128611
3021 43362.248112344866968 55034.311796624664566
3021.5 43320.528091867963667 54996.417126121195906
3022 43333.577290757471928 55021.399564686391386
3022.5 43353.801854815705155 55036.774044696372584
3023 43377.517447288082622 55059.122584287564678
3023.5 43382.530900628546078 55081.013921703568485
3024 43380.252238970686449 55105.603964861351415
3024.5 43353.810291321242403 55086.642803536888096
3025 43387.152730132096622 55123.02598166140524
3025.5 43387.310313607078569 55136.367630487970018
3026 43321.555629768838116 55069.6068457442816
3026.5 43385.993410097034939 55149.499088519536599
3027 43313.20883538947237 55073.908416325408325
3027.5 43365.372985581809189 55132.195651074842317
3028 43349.925920693094668 55124.052810254943324
3028.5 43364.645288661296945 55149.311305054747208
3029 43381.195317085243005 55161.625275621925539
3029.5 43438.791713529659319 55233.26303429742984
3030 43374.577803967120417 55166.019524012583133
3030.5 43408.632111365070159 55193.531246103710146
3031 43416.409785933450621 55215.817376638391579
3031.5 43453.369696251451387 55268.877382742299233
3032 43430.674728221420082 55239.333346835250268
3032.5 43373.119750778474554 55180.294262264927966
3033 43399.635240855466691 55217.079772908531595
3033.5 43374.070037921286712 55182.040610907664814
3034 43456.202641234172916 55281.230783022496325
3034.5 43427.789247717053513 55262.063038832668099
3035 43434.610729617736069 55269.402278777066385
3035.5 43491.169938489205379 55333.909582239044539
3036 43518.371961480836035 55355.169446766136389
3036.5 43470.336082355941471 55315.544762557692593
3037 43516.450306354694476 55384.065682679545716
3037.5 43466.733954204224574 55320.784505280593294
3038 43506.962209102581255 55362.969896189068095
3038.5 43471.859181228355737 55332.187755272054346
3039 43469.304623282318062 55338.411225564705092
3039.5 43471.865614562622795 55356.487980391328165
3040 43449.210530058131553 55327.698157803570211
3040.5 43510.673556762863882 55396.153539190025185
3041 43477.622009609636734 55353.724656987476919
3041.5 43519.756742842553649 55393.206324725288141
3042 43577.579040064199944 55455.843237972439965
3042.5 43569.689216419508739 55458.43696156025544
3043 43553.023934859171277 55444.32209563444485
3043.5 43484.99306910312589 55370.966971016976458
3044 43484.571774599629862 55379.115860637823062
3044.5 43531.872445784283627 55441.842169862138689
3045 43518.453021535460721 55432.309526505676331
3045.5 43517.594635536406713 55417.743323533577495
3046 43558.850117733665684 55466.255495852805325
3046.5 43556.486162887937098 55471.770105624091229
3047 43550.947763221272908 55470.643039525581116
3047.5 43480.812200307103922 55404.534267619877937
3048 43493.236325407378899 55408.591494869047892
3048.5 43487.369608048727969 55416.30443349511188
3049 43515.804330234896042 55448.652468023268739
3049.5 43528.990629181622353 55458.937425066367723
3050 43511.474108618742321 55444.097159957738768
3050.5 43502.019001892324013 55462.523851607955294
3051 43539.160640986141516 55508.122794992457784
3051.5 43513.436974589014426 55487.980577416230517
3052 43516.603847638893058 55503.042864425311564
3052.5 43535.378260949284595 55531.808483495551627
3053 43471.641130776348291 55455.921031683421461
3053.5 43484.970344732064405 55469.56491706277302
3054 43558.350010425172513 55565.112876348277496
3054.5 43502.967825408981298 55508.770892326421745
3055 43517.810330738597258 55512.779690705290704
3055.5 43556.116585901923827 55566.731887588022801
3056 43563.756572472128028 55586.56591109342844
3056.5 43576.413242281167186 55605.065729804511648
3057 43617.342445520196634 55663.823056011082372
3057.5 43545.183967606455553 55580.336268950683007
3058 43539.330175474424323 55571.932935286837164
3058.5 43538.732582620694302 55569.354381045464834
3059 43582.249085254094098 55618.153780329907022
3059.5 43601.318584617649321 55650.159806630625098
3060 43595.614327738403517 55652.260736455536971
3060.5 43573.702372167485009 55638.466458419869014
3061 43578.08006175817718 55647.65114693446958
3061.5 43579.443568092552596 55640.250173337444721
3062 43641.51163538149558 55713.313076136269956
3062.5 43675.128229364228901 55746.130112945538713
3063 43640.257353495333518 55718.295657814305741
3063.5 43637.285796852323983 55730.390292706666514
3064 43650.320611675844702 55749.132967733457917
3064.5 43630.841681448022428 55724.88894240125228
3065 43604.080996311946365 55699.051799019747705
3065.5 43609.786202709379722 55710.042054679288412
3066 43619.632665868979529 55724.165513483967516
3066.5 43612.370099077910709 55726.809316059254343
3067 43613.805421009084966 55738.136795343940321
3067.5 43640.524263445164252 55765.605664950249775
3068 43574.8724890769372 55695.808221585277352
3068.5 43602.660411323602602 55736.599033799502649
3069 43649.861557359785365 55788.484064957563533
3069.5 43660.362303306428657 55804.161573171782948
3070 43693.43640150482679 55838.424948925239732
3070.5 43707.492651060783828 55867.864301312169118
3071 43709.398570442092023 55864.568110964966763
3071.5 43720.555021802589181 55875.475230283445853
3072 43691.17448223966494 55840.599019171379041
3072.5 43697.544455671937612 55864.562410621059826
3073 43685.710166310309432 55845.205979729595128
3073.5 43742.553274237492587 55917.568610899324995
3074 43702.600627313542645 55882.560178907086083
3074.5 43674.619807827730256 55857.647833788607386
3075 43672.040134653441783 55863.13949806761957
3075.5 43701.656128689319303 55893.418055399903096
3076 43652.822237613057951 55837.161782038747333
3076.5 43646.137676886668487 55852.914016435373924
3077 43688.88326842222159 55899.23637216167117
3077.5 43712.552807850079262 55934.965985634757089
3078 43699.195658489057678 55918.785022872572881
3078.5 43669.548774281545775 55906.311132837166952
3079 43724.346067155493074 55962.548221533666947
3079.5 43712.552763369152672 55937.919039418789907
3080 43721.640998041235434 55956.539641021307034
3080.5 43693.819463980486034 55910.641517553965969
3081 43724.305632029238041 55961.637172405680758
3081.5 43746.561945696608745 55974.541518922174873
3082 43733.160454500131891 55971.597298194981704
3082.5 43733.881241622897505 55988.23412442150584
3083 43749.052237797703128 56017.306916874294984
3083.5 43685.359852608780784 55947.050382188375806
3084 43687.149407839482592 55975.437200524022046
3084.5 43682.0052553913265 55956.595111495815217
3085 43707.297296415097662 55983.951759018629673
3085.5 43717.070733710861532 56010.750453287939308
3086 43770.138923905302363 56060.500916507007787
3086.5 43736.083210825396236 56029.054756422410719
3087 43752.897749327363272 56049.915130457717169
3087.5 43731.687526566565793 56049.801762751747447
3088 43751.406243012424966 56063.162423066911288
3088.5 43768.187730730620387 56089.873876433346595
3089 43681.009654147361289 55988.159279803316167
3089.5 43702.521934250733466 56032.824623708467698
3090 43711.908358915003191 56035.142627786903176
3090.5 43715.679535793227842 56034.381460683922342
3091 43779.414825103995099 56127.530528729097568
3091.5 43733.271218568661425 56076.286735507230333
3092 43743.267185456192237 56068.410192348412238
3092.5 43754.131755061491276 56079.263494066835847
3093 43759.484249407927564 56094.006497827846033
3093.5 43765.596296714888013 56103.047062999517948
3094 43703.34553206122655 56044.733882520165935
3094.5 43796.437571292961366 56154.849441442682291
3095 43760.081225630383415 56113.325832281487237
3095.5 43752.842830834299093 56107.818422015960095
3096 43757.4554054816399 56118.680408325781173
3096.5 43743.251559659962368 56129.440377320846892
3097 43748.325814477080712 56117.778884681589261
3097.5 43791.982088537311938 56165.35029114545614
3098 43806.291101221970166 56181.983781013179396
3098.5 43795.215207404500688 56182.381067245391023
3099 43801.65477887619636 56192.383054131503741
3099.5 43830.036242668204068 56223.182148122432409
3100 43825.446911688319233 56226.785955738014309
3100.5 43793.922489776610746 56212.364860261477588
3101 43765.514963653993618 56192.765213303304336
3101.5 43779.907504109767615 56193.4378184673551
3102 43840.824544770977809 56274.749287432787241
3102.5 43803.404672598917386 56225.663232377919485
3103 43834.961760728780064 56282.078489038911357
3103.5 43850.325471232834389 56305.463483776016801
3104 43823.247914143714297 56268.309326002119633
3104.5 43841.617627226893092 56296.741277690518473
3105 43875.28792823197 56336.084889385572751
3105.5 43812.884927149461873 56274.33774243904918
3106 43850.517211253813002 56317.314781485431013
3106.5 43864.808259254365112 56333.947712824345217
3107 43818.686664925837249 56299.420250376941112
3107.5 43842.738479023377295 56317.279386543057626
3108 43838.831274436728563 56318.364922670472879
3108.5 43858.032224532784312 56343.107758938596817
3109 43858.520503684834694 56353.001352345352643
3109.5 43853.210953974332369 56336.784810933713743
3110 43866.215554694761522 56341.739457895848318
3110.5 43824.274001440957363 56309.355993970923009
3111 43828.491194761911174 56304.508711672759091
3111.5 43842.121628429624252 56325.118534077177173
3112 43901.080804671488295 56403.531865031160123
3112.5 43852.193821122586087 56354.273071957621141
3113 43841.566380746051436 56368.925444121996406
3113.5 43889.600440603033348 56417.060323942081595
3114 43909.48397866612504 56430.140058489174407
3114.5 43916.20268398195185 56446.701293695507047
3115 43909.185970042315603 56448.488962109178829
3115.5 43887.19725256604579 56426.470906962684239
3116 43898.502390982575889 56443.868530671352346
3116.5 43893.332749783832696 56447.707879975096148
3117 43898.311277154418349 56446.551954830691102
3117.5 43840.742534187091223 56402.757001456790022
3118 43905.959052104277362 56481.830117309800698
3118.5 43917.07122146657639 56478.892566517482919
3119 43940.328239045986265 56501.629474998320802
3119.5 43932.88473979486298 56520.586081399793329
3120 43898.467474232427776 56498.168534675489354
3120.5 43906.360615755242179 56505.535804904182442
3121 43957.859692803343933 56551.521199396534939
3121.5 43977.256841076115961 56576.877056848141365
3122 43913.659832498742617 56516.12751649285201
3122.5 43939.167629290939658 56549.881482459662948
3123 43912.92739914158301 56522.249292337626684
3123.5 43924.484628615777183 56545.760524762525165
3124 43929.141657053252857 56545.824119192220678
3124.5 43922.770052065308846 56565.418011352419853
3125 43883.928131537672016 56532.135502423305297
3125.5 43895.036569731935742 56539.241676260673557
3126 43959.885631935554557 56624.946588009617699
3126.5 43962.198092397731671 56630.362106063963438
3127 43990.381362974396325 56671.246835387086321
3127.5 43973.914530227419164 56650.41194844495476
3128 43990.141068201512098 56661.583424656004354
3128.5 43961.506207920057932 56633.357510893969447
3129 43953.088769414331182 56639.791042970544368
3129.5 43986.761203706555534 56691.241439772871672
3130 43946.552135025456664 56657.135018338449299
3130.5 43885.732990370386688 56601.07537834104005
3131 43877.253527184555423 56606.635344911061111
3131.5 43927.175283484546526 56661.865952722888323
3132 43942.049229101161472 56674.410775817188551
3132.5 43927.867389568920771 56649.994213217818469
3133 43963.592106916483317 56706.063967609748943
3133.5 43998.114708779023204 56748.477427984886162
3134 43936.425037931745464 56686.097458853364515
3134.5 43985.957832771106041 56743.272078342459281
3135 43978.117028085085622 56729.479688902873022
3135.5 43962.534349850080616 56710.562160254143237
3136 43988.368277090790798 56741.334530746134988
3136.5 43957.699702276477183 56705.206066760852991
3137 43987.678473485859286 56744.726339594235469
3137.5 43966.221512785217783 56717.988247345587297
3138 44047.19167318809923 56816.275572028403985
3138.5 43968.627769535531115 56743.922944948360964
3139 43994.557742264121771 56782.468475726695033
3139.5 43986.282082835256006 56771.687490645432263
3140 43984.553052146082337 56775.141017994283175
3140.5 44022.440579489972151 56811.112879966276523
3141 43992.990791124240786 56771.785275522757729
3141.5 44027.405505595321301 56831.619673210654582
3142 44020.848139236339193 56828.242131785438687
3142.5 43983.114410761023464 56774.165160592427128
3143 44025.343362018356856 56827.878688421369588
3143.5 44044.805234122919501 56855.780907198175555
3144 43999.548522017670621 56823.628502545434458
3144.5 43982.544641963933827 56830.563036801875569
3145 43949.444553243884002 56791.93816724151111
3145.5 44029.754624215653166 56892.1495786235173
3146 43999.000196832639631 56869.778795624079066
3146.5 44024.34547001930332 56900.512451385242457
3147 44034.547410853068868 56906.769697862226167
3147.5 44078.999254213886161 56963.747481507663906
3148 44058.913815505322418 56924.999203591025434
3148.5 44059.948912388725148 56924.894846600182063
3149 44054.089972743284306 56927.031614726583939
3149.5 44070.784756901892251 56953.153290638460021
3150 44098.793161797264474 56984.401627231040038
3150.5 44040.203919865140051 56929.184876843130041
3151 44051.758076116122538 56951.613355259090895
3151.5 44093.785096488696581 57003.548928944226645
3152 44057.224169562781753 56960.132336533242778
3152.5 44051.734201301231224 56948.073359135858482
3153 44052.953187987659476 56951.943891056820576
3153.5 44100.447216059445054 57013.317252724162245
3154 44087.399594149756012 57013.843963576640817
3154.5 44111.076744568061258 57049.053008574555861
3155 44077.513999443261127 57003.366847497534764
3155.5 44092.423184709841735 57019.96083928799635
3156 44166.591410640394315 57099.967065973905846
3156.5 44139.558399879286299 57089.619127731100889
3157 44121.777036959632824 57076.020143214285781
3157.5 44121.311627341827261 57073.277913079386053
3158 44112.771913644879533 57073.369589295863989
3158.5 44102.296194764094253 57066.950876198126934
3159 44140.958264658569533 57119.057542758302588
3159.5 44127.352652396533813 57102.594713204067375
3160 44119.901431256534124 57100.680079821984691
3160.5 44108.2053655451964 57088.722206137230387
3161 44180.050286330966628 57181.51633780827251
3161.5 44173.924118714865472 57170.543719618792238
3162 44162.160197100238292 57170.267542552865052
3162.5 44094.746610370792041 57093.633347746617801
3163 44120.778781654611521 57143.08101477753371
3163.5 44146.80672191328631 57169.135881268797675
3164 44156.28767719775351 57189.889872022169584
3164.5 44117.422611210546165 57164.263048613807769
3165 44156.224717712611891 57193.75858755405352
3165.5 44168.390508917618718 57232.367751861565921
3166 44146.872627087876026 57207.574848809221294
3166.5 44167.356393044734432 57234.025079654282308
3167 44197.325638217764208 57273.954928986662708
3167.5 44173.267081612073525 57253.965423446017667
3168 44210.183336287700513 57296.380999649372825
3168.5 44213.841705418170022 57296.720657137841044
3169 44194.725442614479107 57284.439299647492589
3169.5 44232.964521663488995 57339.000799078421551
3170 44150.096899530479277 57233.983308952934749
3170.5 44202.62959565546771 57310.320083602629893
3171 44180.036551680343109 57292.197976146067958
3171.5 44180.443496145737299 57291.794774607449654
3172 44175.400953409160138 57284.83650943255634
3172.5 44216.502363942418015 57319.767028183618095
3173 44207.686247969861142 57312.231175322143827
3173.5 44226.382667616700928 57337.904649722680915
3174 44244.542466964201594 57373.183362089999719
3174.5 44275.690384122761316 57420.234304143363261
3175 44266.545739237240923 57398.199851771496469
3175.5 44238.489054312063672 57395.158068795899453
3176 44242.217270174201985 57405.57315284692595
3176.5 44257.877561449116911 57429.607997955834435
3177 44266.988575293486065 57442.834340871420864
3177.5 44231.644729453473701 57396.102290649774659
3178 44268.661189473874401 57432.764068331525777
3178.5 44193.643167268848629 57355.01399615489936
3179 44278.615342505043373 57448.949920871171344
3179.5 44230.160730308751226 57408.41964963261853
3180 44191.682819018693408 57367.588925938012835
3180.5 44199.321180999213539 57386.86587641704682
3181 44231.105304871678527 57414.1253017414856
3181.5 44248.066378952717059 57443.249149018593016
3182 44241.233093652757816 57455.734881961107021
3182.5 44206.37713056334178 57423.314574879332213
3183 44248.206644247016811 57467.896400316210929
3183.5 44265.136550465642358 57490.315923571281019
3184 44242.647222497820621 57461.645073119841982
3184.5 44255.199963986538933 57479.364445404862636
3185 44275.437209172530856 57498.641324581461959
3185.5 44289.282077856682008 57519.137912990365294
3186 44296.66968346995418 57521.874046909986646
3186.5 44272.604881860097521 57516.668189926072955
3187 44243.160574560861278 57502.220227302874264
3187.5 44253.445019061065977 57522.865771728094842
3188 44274.771831589576323 57537.550732560288452
3188.5 44217.112720259523485 57474.418364898592699
3189 44336.443781176792982 57611.305505331096356
3189.5 44290.824784798533074 57561.87238529217575
3190 44295.053395998838823 57588.305242922986508
3190.5 44293.364450244407635 57595.98100753237668
3191 44314.631776652793633 57614.767555652906594
3191.5 44309.401586867919832 57590.968097238503105
3192 44347.248307598427346 57642.018903892982053
3192.5 44344.454358586859598 57652.939459872191946
3193 44305.363664664822863 57615.112963244500861
3193.5 44301.646452685083204 57621.695315607415978
3194 44297.580053294354002 57619.73615942872857
3194.5 44307.850306570653629 57626.827451014483813
3195 44318.380307116465701 57651.549497675310704
3195.5 44289.750507579941768 57619.739907370254514
3196 44328.343736900060321 57662.735004796282738
3196.5 44312.366255926062877 57648.903387763966748
3197 44267.119286440050928 57615.698309547908138
3197.5 44270.538251325931924 57603.731510453551891
3198 44339.740850440197391 57689.006210189727426
3198.5 44272.870656728417089 57611.728788677799457
3199 44296.794124697589723 57623.147298821197182
3199.5 44341.00355240204226 57679.852891055263171
3200 44333.46548385029746 57697.993139289537794
3200.5 44326.495713683289068 57678.942877556408348
3201 44327.318036627599213 57676.493891036654531
3201.5 44373.497794127251836 57747.539545813975565
3202 44343.877020140243985 57714.651210845884634
3202.5 44368.075407388911117 57747.765591000075801
3203 44390.421162938429916 57788.075652789637388
3203.5 44407.386942050135985 57791.188068372648559
3204 44401.182282367510197 57795.772608587496507
3204.5 44389.827678329209448 57793.362516056135064
3205 44371.372366123126994 57772.026673250853491
3205.5 44392.394389599554415 57814.413626885310805
3206 44406.422905157764035 57837.299175284657395
3206.5 44426.81309913705627 57859.785362166447158
3207 44426.532987668295391 57862.663343330401403
3207.5 44390.703389876900474 57824.44133207773848
3208 44388.254997589254344 57826.641531642249902
3208.5 44409.555322807325865 57856.479478983754234
3209 44392.688949917821446 57838.863771315496706
3209.5 44383.407699011841032 57837.055719972719089
3210 44389.012469108245568 57843.941403775686922
3210.5 44371.815806630249426 57822.385480158147402
3211 44354.475401328963926 57804.003235688600398
3211.5 44415.758576348416682 57875.62975080897013
3212 44416.344862741330871 57858.022010971762938
3212.5 44425.378280302997155 57894.610283108522708
3213 44388.118951834425388 57872.611899976400309
3213.5 44435.277854633022798 57937.644121762721625
3214 44465.693826785434794 57945.602444544259924
3214.5 44453.95934926388145 57938.10173272168322
3215 44401.972012958176492 57903.330477803043323
3215.5 44435.811483917510486 57936.916421776186326
3216 44419.637937532148499 57923.190861281465914
3216.5 44450.251058867754182 57951.370703506836435
3217 44445.034071007015882 57954.774416334003035
3217.5 44441.078013285186898 57958.947651240421692
3218 44443.626054472551914 57949.622549729618186
3218.5 44447.525885095630656 57955.279397352627711
3219 44445.3925309753904 57956.427497850432701
3219.5 44484.501586535967363 58017.48604587893351
3220 44456.775151803536573 58000.023965372849489
3220.5 44372.493739299425215 57925.140640171193809
3221 44446.289060657698428 58017.381406082371541
3221.5 44461.904609781478939 58010.435953194311878
3222 44487.840608193699154 58049.102877953999268
3222.5 44453.894980961296824 58000.947230773388583
3223 44452.694984749308787 57997.748744282813277
3223.5 44481.706166948286409 58042.272201059153304
3224 44460.668914659661823 58012.273331492913712
3224.5 44458.446630886202911 58016.656995731325878
3225 44492.190652150624373 58042.795884843995736
3225.5 44551.260813253604283 58107.525311689067166
3226 44529.567316201806534 58098.792435247443791
3226.5 44506.308657033339841 58067.571521847836266
3227 44511.061092014402675 58071.164666937787842
3227.5 44559.231028564950975 58128.206445864328998
3228 44554.739201460346521 58137.609486266104796
3228.5 44557.611702421534574 58134.464956689662358
3229 44555.005502404674189 58127.904236653754197
3229.5 44607.598891937799635 58192.982949139892298
3230 44577.862838129425654 58173.552314769658551
3230.5 44553.668421097077953 58128.178498232300626
3231 44586.41552955264342 58184.454414482534048
3231.5 44584.632592913410917 58189.899328312385478
3232 44644.793672301544575 58242.679633475185256
3232.5 44643.326072735479102 58245.159203771130706
3233 44618.923468763729034 58221.085818935491261
3233.5 44631.972947214228043 58249.339795647487335
3234 44591.437798452832794 58222.764185482330504
3234.5 44561.696661740636046 58204.868664761808759
3235 44592.923864822034375 58250.099145020045398
3235.5 44595.061996611279028 58261.761468115648313
3236 44574.330472926958464 58243.024049869141891
3236.5 44590.96275214474008 58269.372489465007675
3237 44599.141302100804751 58289.089177509958972
3237.5 44589.606479876223602 58267.833684315992286
3238 44604.546085559682979 58276.258252809609985
3238.5 44623.783568758313777 58300.531355637504021
3239 44543.774041771524935 58222.058703906470328
3239.5 44591.626261652127141 58278.208344459475484
3240 44581.660689290467417 58270.574157963055768
3240.5 44577.124780425801873 58263.113667534234992
3241 44614.00754048080853 58329.118264852229913
3241.5 44556.036235092113202 58255.112107462482527
3242 44603.189437328437634 58316.454936095302401
3242.5 44568.145047934958711 58286.598905183047464
3243 44610.827677975568804 58345.70585313650372
3243.5 44626.674714454769855 58345.729571850897628
3244 44621.677071298290684 58343.520622886426281
3244.5 44657.338991510812775 58374.983276846956869
3245 44617.340306069039798 58345.246331913280301
3245.5 44639.418698098830646 58352.246369824759313
3246 44693.225412334089924 58429.773903475965199
3246.5 44644.833058440621244 58367.532416581481812
3247 44655.022465182504675 58395.075325034085836
3247.5 44691.539252575115825 58428.066994971435633
3248 44694.572024803659588 58426.817145362590963
3248.5 44680.592739694307966 58430.313917814011802
3249 44655.761811383497843 58401.339129804866388
3249.5 44659.839954591428977 58406.072718082636129
3250 44698.856678884854773 58441.824237493601686
3250.5 44716.686048545852827 58482.037142121400393
3251 44645.43348644386424 58420.449661895559984
3251.5 44676.85107504377811 58470.874457743826497
3252 44636.549677133487421 58430.133946266083512
3252.5 44586.248655070972745 58383.823043953627348
3253 44665.357046014876687 58469.72066552425531
3253.5 44632.117852441151626 58434.514235193491913
3254 44674.93507011976908 58496.000774439649831
3254.5 44658.743643301335396 58478.093253915983951
3255 44683.024757298546319 58509.143334517619223
3255.5 44715.81720975664939 58546.000765455064538
3256 44684.907134442626557 58515.788078686418885
3256.5 44682.373436412002775 58517.16669184944476
3257 44676.738116018605069 58532.539206504203321
3257.5 44683.719846352563764 58530.187650091400428
3258 44643.656270964507712 58481.109248301509069
3258.5 44663.825754348450573 58508.892321137005638
3259 44718.50140288782859 58576.285726645422983
3259.5 44699.587631019421679 58544.19507713909843
3260 44683.872741457373195 58540.336121489723155
3260.5 44727.157994667817547 58579.580801447555132
3261 44736.492572209906939 58586.00643649007543
3261.5 44708.40495631522208 58579.691594264120795
3262 44692.218680119411147 58576.468866784613056
3262.5 44701.333255396675668 58574.926892697214498
3263 44709.339174092398025 58569.035235067771282
3263.5 44745.888514821293938 58622.646905364170379
3264 44722.33868451078888 58606.156035867883475
3264.5 44764.508842299132084 58646.078345824280404
3265 44741.31415265450778 58621.20389401356806
3265.5 44810.75326855473395 58698.755312745670381
3266 44791.956688463425962 58676.114022481007851
3266.5 44831.381169122469146 58726.497470362977765
3267 44814.505491820076713 58704.737239916350518
3267.5 44835.475072316679871 58756.586117124425073
3268 44816.879094019495824 58726.995915480350959
3268.5 44840.922308084918768 58765.455883843955235
3269 44774.419973882912018 58697.619223771915131
3269.5 44791.240604828817595 58720.998964494901884
3270 44775.729957227536943 58705.214852853488992
3270.5 44793.046318027998495 58747.318555238372937
3271 44784.09031035676162 58755.805925355714862
3271.5 44791.218719073702232 58744.108818832690304
3272 44795.61762236100185 58752.388623417093186
3272.5 44802.939165790849074 58772.682032746808545
3273 44803.315213048495934 58785.177576776310161
3273.5 44764.656666009708715 58752.924796278355643
3274 44785.749159832688747 58784.467967238779238
3274.5 44759.841255940278643 58764.369779899301648
3275 44840.137335621519014 58862.395790795584617
3275.5 44829.938922062603524 58852.559300338878529
3276 44838.286797834392928 58849.164038800459821
3276.5 44849.20878783272201 58860.703026340532233
3277 44867.997331114660483 58889.636207167117391
3277.5 44800.179441238055006 58809.054889220977202
3278 44808.455103499727556 58820.741929283030913
3278.5 44818.700988396631146 58838.853201601821638
3279 44850.10159668365668 58875.989458217234642
3279.5 44875.785660716916027 58916.332300712165306
3280 44846.775977298544603 58887.638034722891462
3280.5 44811.105254693677125 58858.73276216868544
3281 44841.220866044823197 58892.020529748770059
3281.5 44846.515303609630791 58890.008166143241397
3282 44857.194086291732674 58916.928391204717627
3282.5 44808.405904984385415 58875.339422879122139
3283 44815.865032358138706 58881.582110862218542
3283.5 44806.353766974629252 58880.289476723468397
3284 44864.828503031225409 58932.778039684439136
3284.5 44876.553948483160639 58935.864259945985395
3285 44873.534958987424034 58930.068375482871488
3285.5 44819.963078716878954 58865.710784020506253
3286 44858.718015540209308 58922.855385793503956
3286.5 44879.319389112482895 58963.590124012443994
3287 44857.034417052076606 58938.468972627837502
3287.5 44915.766956652725639 59001.073975093560875
3288 44883.791782634689298 58969.589933830953669
3288.5 44893.786647353270382 58994.918195867081522
3289 44893.561105699256586 58988.556275503113284
3289.5 44889.526716521628259 58982.929720748921682
3290 44849.042057502054377 58957.44088469856797
3290.5 44836.63815671516204 58950.219168486844865
3291 44892.468671626062132 59016.026743595466542
3291.5 44906.925216353680298 59036.640836083308386
3292 44904.624018485585111 59038.334981696498289
3292.5 44885.46103601399227 59014.675094801430532
3293 44918.198496942095517 59046.628026890371984
3293.5 44913.564782533496327 59030.010317852320441
3294 44939.97725126430305 59064.309163461432036
3294.5 44922.455949449526088 59066.354671043656708
3295 44926.842033503649873 59073.146077203644381
3295.5 44912.65221705557633 59052.241436322139634
3296 44868.777694816177245 59005.533517681127705
3296.5 44867.609036161287804 59000.109809133893577
3297 44925.494091172295157 59052.764988078728493
3297.5 44960.882690991304116 59109.310394110179914
3298 44943.508732626323763 59085.726679482781037
3298.5 44941.481180848233635 59080.406621163936506
3299 44936.170430040619976 59084.101824796889559
3299.5 44967.809113218492712 59123.297789568729058
3300 44967.496571690113342 59123.50112668757356
3300.5 44923.759079432740691 59076.052132248849375
3301 44925.435624681056652 59105.460224857059075
3301.5 44947.694336442153144 59139.261366100661689
3302 44929.982181753897748 59118.840445251553319
3302.5 44992.445012873984524 59192.37514175697288
3303 44960.460956707356672 59159.382337633018324
3303.5 44935.745366421084327 59147.532364862214308
3304 44920.617259261292929 59150.803818749256607
3304.5 44913.937875185067242 59145.483060934166133
3305 44928.273486352431064 59157.252040693536401
3305.5 44908.57622544879996 59125.819800993485842
3306 44960.695462511284859 59194.794545651886438
3306.5 44941.732787303641089 59153.465942106311559
3307 44981.267839318883489 59203.406501212783041
3307.5 44987.81327347576007 59244.074948273380869
3308 44987.656976877238776 59236.85044962077518
3308.5 44961.932994256967504 59221.382211116797407
3309 44922.951189101688215 59183.103513336718606
3309.5 44957.54747227273765 59238.835620561811083
3310 44918.433418404580152 59192.522015650218236
3310.5 44945.501795373616915 59221.536247773212381
3311 44946.104787369360565 59237.498746935598319
3311.5 44970.490349981082545 59261.642816862731706
3312 44979.352274903292709 59268.2090188889415
3312.5 44933.358865880909434 59225.31521397306642
3313 45019.656854896318691 59323.0959732830961
3313.5 45034.02930116814241 59342.93027352354693
3314 45005.012450064263248 59309.164364746364299
3314.5 45046.113506458619668 59365.069664674680098
3315 45055.477604659208737 59369.967774820383056
3315.5 45020.772119415451016 59333.745601954928134
3316 45039.614784061333921 59362.571539864817169
3316.5 45006.934975916708936 59333.179217700533627
3317 45058.14658288595092 59394.559321979308152
3317.5 45017.128301038821519 59364.34961494221352
3318 45089.271989232649503 59448.677876319816278
3318.5 45056.684591453624307 59421.133871304082277
3319 45031.039715843333397 59401.417917920356558
3319.5 45061.827485757137765 59429.519847272029438
3320 45004.967875347283552 59375.792769389510795
3320.5 45038.758500452095177 59420.121822945970052
3321 45025.516094261947728 59418.165501144590962
3321.5 45007.555956524898647 59385.230022176780039
3322 45077.67492123440752 59466.35114317497937
3322.5 45057.484963804592553 59454.781805281483685
3323 45071.114066512469435 59462.824221700851922
3323.5 45068.461467013185029 59464.716950323148922
3324 45079.372688930961885 59490.210545236543112
3324.5 45024.790323465378606 59435.34993562305317
3325 45033.975884247462091 59441.470477733797452
3325.5 45073.010462393503985 59479.545290249174286
3326 45040.501522605627542 59442.020189004237182
3326.5 45032.122946558185504 59429.101228271436412
3327 45085.279592432358186 59505.605000394774834
3327.5 45039.038141822151374 59443.859662810522423
3328 45099.909736256588076 59503.107325621895143
3328.5 45125.113160241897276 59539.099068850213371
3329 45130.952186379712657 59543.350867736888176
3329.5 45069.800538669238449 59486.044354569770803
3330 45096.824209769176377 59534.972144928855414
3330.5 45107.52122816498013 59543.203673767697182
3331 45128.993955389145412 59560.053917176250252
3331.5 45127.739187071107153 59554.113412217455334
3332 45121.752795750653604 59569.825387249678897
3332.5 45163.630277493037283 59609.2669783964011
3333 45140.86646810228558 59579.710902960832755
3333.5 45141.667075402205228 59587.833640338481928
3334 45080.726203567741322 59530.536932347982656
3334.5 45111.148433165071765 59548.475360804630327
3335 45157.083311827133002 59602.043081200354209
3335.5 45123.808122048576479 59550.562222663233115
3336 45173.386066715465859 59635.551258837680507
3336.5 45155.177309570950456 59628.548274097876856
3337 45195.634897155796352 59680.80018575356371
3337.5 45142.239921811276872 59626.133787368060439
3338 45136.734807804779848 59611.577002654768876
3338.5 45176.977662949961086 59695.327490871080954
3339 45182.149190122094296 59675.880453810219478
3339.5 45212.143575807509478 59707.997533156936697
3340 45199.57436820762814 59698.878920658753486
3340.5 45253.135617873078445 59761.313278669666033
3341 45251.571374498722435 59753.288760818279115
3341.5 45275.800439652339264 59778.783823294637841
3342 45231.458547298825579 59722.420355292721069
3342.5 45243.099924287751492 59762.622941865760367
3343 45242.210336334741442 59762.909821907887817
3343.5 45265.847773048742965 59781.02161565561255
3344 45241.761534668774402 59754.046304302857607
3344.5 45266.800822361299652 59804.4122437512342
3345 45204.434760030097095 59740.490312252324657
3345.5 45264.954520976389176 59813.010072300290631
3346 45256.277327243617037 59830.693517180799972
3346.5 45252.523226684854308 59825.336117089522304
3347 45264.244117577276484 59838.801075264535029
3347.5 45246.188143542902253 59840.717510269525519
3348 45271.001950347112142 59851.388031093374593
3348.5 45243.380774701246992 59834.649444982096611
3349 45273.578245459975733 59883.231006649024494
3349.5 45222.052745167507965 59816.676892629016947
3350 45255.055710600667226 59863.542472129680391
3350.5 45232.821918460540473 59845.663166527265275
3351 45244.146784494034364 59844.487839000823442
3351.5 45236.056431905126374 59856.343838277221948
3352 45247.448102652255329 59872.480805320497893
3352.5 45270.544699839847453 59893.817834167493857
3353 45220.460983280274377 59845.159957913179824
3353.5 45265.679553767840844 59923.718978250442888
3354 45248.781338714754384 59899.117047691339394
3354.5 45307.494197853055084 59956.963620651229576
3355 45265.863969875477778 59902.24435310158151
3355.5 45254.993379688945424 59906.953702305370825
3356 45231.978004724842322 59896.725852183146344
3356.5 45222.866717379773036 59876.234823752689408
3357 45281.944970435732102 59955.740724364055495
3357.5 45236.394627098277851 59905.355921258182207
3358 45234.217950893042143 59891.761245770423557
3358.5 45276.343644750217209 59946.022319546129438
3359 45257.534932704817038 59919.893864241523261
3359.5 45282.213047350938723 59965.769325658380694
3360 45307.357401466135343 59981.263394106965279
3360.5 45272.573432813565887 59958.76017353500356
3361 45301.090841195502435 59982.090026171958016
3361.5 45336.718790167666157 60037.189326514657296
3362 45345.195399233271019 60025.004274903199985
3362.5 45354.953565360454377 60032.795507301751059
3363 45285.881580963912711 59958.805138159681519
3363.5 45346.944590578845236 60033.507505939851399
3364 45303.044065039532143 59985.319202980310365
3364.5 45369.718228454992641 60060.477645298546122
3365 45352.1172608792549 60041.06235107966495
3365.5 45336.247334660256456 60025.481089507789875
3366 45374.831223588917055 60074.932211151077354
3366.5 45358.471248359586752 60075.663869634518051
3367 45366.065121335122967 60082.674745559306757
3367.5 45368.022204377928574 60076.566578492100234
3368 45382.808404518393218 60104.328559341964137
3368.5 45346.511616741227044 60067.659680342505453
3369 45345.638371266621107 60086.695344230814953
3369.5 45339.771618061873596 60081.0748654756826
3370 45400.733224121271633 60153.084811361710308
3370.5 45377.721197610306263 60150.375347051194694
3371 45358.443001771534909 60119.834297792876896
3371.5 45368.312233823598945 60125.398790006482159
3372 45406.655584262545744 60177.480933723425551
3372.5 45379.999873042899708 60150.306581221571832
3373 45390.006769788589736 60158.244727190001868
3373.5 45408.824141900360701 60181.381304454283963
3374 45414.25163583070389 60195.508320970366185
3374.5 45383.984770432194637 60172.512856781606388
3375 45387.300828791427193 60188.189296925185772
3375.5 45392.555305003894318 60169.237717760865053
3376 45435.546828256214212 60225.202991586367716
3376.5 45416.775263088311476 60214.287854640184378
3377 45353.27328949177172 60145.713067417702405
3377.5 45381.941163119852718 60181.920673228145461
3378 45393.277643924906442 60221.088634779582208
3378.5 45426.692013646083069 60258.443298823782243
3379 45419.985974661838554 60250.610468450839107
3379.5 45400.027696313605702 60219.729633442220802
3380 45414.281160208411166 60234.901129815210879
3380.5 45380.858054744508991 60208.878387284225028
3381 45405.470704120423761 60226.095804750606476
3381.5 45406.496402738026518 60244.480350773337705
3382 45435.7647053537803 60293.809298160675098
3382.5 45404.395542854130326 60255.790920320192527
3383 45445.511185240546183 60305.590972768623033
3383.5 45438.416024218837265 60294.22966912274569
3384 45429.89330514811445 60274.392512572099804
3384.5 45443.040223105315818 60312.096785746573005
3385 45385.568794080711086 60257.403364034682454
3385.5 45450.951679395911924 60327.32662594991416
3386 45423.275154640585242 60301.064365208265372
3386.5 45344.88396401747741 60232.400397869838343
3387 45396.640935486582748 60291.179543918646232
3387.5 45458.642783266361221 60350.71197541354195
3388 45453.979457559325965 60351.262375560967484
3388.5 45445.372338473149284 60367.766666994306433
3389 45472.528518706116301 60406.712474057931104
3389.5 45465.882979720227013 60409.669496315873403
3390 45446.89052761381754 60383.813922560955689
3390.5 45459.038254843748291 60413.523493898333982
3391 45514.250817340922367 60478.744878089950362
3391.5 45481.233787544231745 60440.582377661434293
3392 45468.433710854456876 60405.247670340824698
3392.5 45516.13676861008571 60463.028801129228668
3393 45460.227021243263152 60407.562459201333695
3393.5 45466.56010222502664 60424.004131088317081
3394 45468.493700221421022 60415.169897371917614
3394.5 45447.256098945101257 60391.489706876011041
3395 45451.718386037813616 60402.621259968836966
3395.5 45425.430036786136043 60386.967221863596933
3396 45469.310780045503634 60449.286712292130687
3396.5 45464.414386262680637 60441.181192497140728
3397 45469.639831352549663 60454.024625168305647
3397.5 45453.170574938420032 60424.502135905968316
3398 45482.703082637824991 60444.568006551882718
3398.5 45527.824978037533583 60500.128630267907283
3399 45515.239121607650304 60483.64424920923193
3399.5 45525.037645537217031 60515.053312905416533
3400 45520.916566647720174 60500.396977685340971
3400.5 45535.520317325819633 60537.553299669962144
3401 45518.497642116431962 60519.010115386176039
3401.5 45522.352914758543193 60521.778786270500859
3402 45539.550852858039434 60552.127088786597596
3402.5 45484.087244038266363 60497.015757593260787
3403 45531.547631127745262 60567.1449881482622
3403.5 45524.161926377535565 60566.612319306121208
3404 45520.846656987705501 60571.123993601453549
3404.5 45519.179214930758462 60557.311623078407138
3405 45520.032385458434874 60559.252630672475789
3405.5 45566.065012122548069 60611.074841460467724
3406 45579.570022644642449 60631.029173434530094
3406.5 45541.846762154862517 60616.57633905045077
3407 45508.547161788919766 60580.884496768856479
3407.5 45568.388766463715001 60646.738117719934962
3408 45619.950233556141029 60692.734032170585124
3408.5 45562.838355487627268 60653.724257996684173
3409 45585.738729719385447 60685.364681800347171
3409.5 45598.120799009382608 60690.316539232357172
3410 45605.710610366324545 60717.372802678699372
3410.5 45568.600667249127582 60684.087443714306573
3411 45571.960607552267902 60677.327504192093329
3411.5 45628.56424263415829 60745.83487925031659
3412 45592.040822724251484 60723.248288287206378
3412.5 45609.376720667933114 60732.819484930136241
3413 45629.417279937682906 60754.169852858227387
3413.5 45612.82854227633652 60727.243571951286867
3414 45647.422741912843776 60773.084776820178377
3414.5 45613.52803980599856 60732.828313369740499
3415 45615.351274850479967 60738.035649090212246
3415.5 45657.295560825594293 60794.792387112625875
3416 45624.000874717858096 60766.393755729637633
3416.5 45654.734794073097873 60822.948864343357855
3417 45647.933950039390766 60799.271533732549869
3417.5 45597.759485559203313 60744.306584780279081
3418 45641.139988168877608 60776.296710096750758
3418.5 45660.258143870581989 60797.855041928793071
3419 45669.067031373153441 60829.759687559897429
3419.5 45653.192393632918538 60821.903543994725624
3420 45662.161529272925691 60823.903712826162518
3420.5 45701.476940213578928 60872.986430230594124
3421 45681.823385041512665 60847.962613960145973
3421.5 45652.267064912426576 60822.041487392620184
3422 45672.861795938348223 60840.387515537891886
3422.5 45648.496611932532687 60820.200419939734275
3423 45710.569118669431191 60902.241383591397607
3423.5 45735.541254606978328 60933.949402467325854
3424 45696.439778303283674 60901.28955765034334
3424.5 45744.607420332016773 60937.971046868282428
3425 45776.148187454986328 60979.730130186006136
3425.5 45745.571029654012818 60965.116181511926698
3426 45693.536820404260652 60906.709379505009565
3426.5 45746.934146679726837 60972.407754997220763
3427 45732.736842928497936 60960.870020591093635
3427.5 45705.849718559918983 60928.220783035299974
3428 45719.238695215688494 60940.20260089290241
3428.5 45716.351600394416892 60954.90771788686834
3429 45738.061152717615187 60981.79322497476096
3429.5 45791.559248829893477 61021.65915694971045
3430 45730.489611008808424 60977.175055192070431
3430.5 45766.656780592165887 61018.043766266353487
3431 45750.591817004933546 60986.009632641857024
3431.5 45774.685749636613764 61008.853505286977452
3432 45832.174558990896912 61072.050972427139641
3432.5 45812.745144054701086 61057.806322111769987
3433 45777.583856015859055 61018.530311602022266
3433.5 45788.581524466339033 61053.847327163464797
3434 45791.557780525174167 61059.441004118576529
3434.5 45734.993637187035347 61014.581967773898214
3435 45776.827313337562373 61068.384436460190045
3435.5 45710.507489008923585 61016.943294104508823
3436 45754.624739582010079 61051.826183339770068
3436.5 45752.421704097847396 61061.848808874383394
3437 45771.668291365160258 61080.536087904765736
3437.5 45771.677046965589398 61076.94153688300139
3438 45812.939891710309894 61111.525713443406858
3438.5 45822.113163930611336 61122.427194359850546
3439 45789.960790484969039 61104.308408347955265
3439.5 45747.008874868333805 61072.042483067067224
3440 45782.96784660119738 61096.253834767616354
3440.5 45781.816573263888131 61106.763687743150513
3441 45770.972045362912468 61094.439104871351446
3441.5 45759.315003951523977 61071.096943619544618
3442 45782.671194281923817 61123.556413263591821
3442.5 45824.075914529355941 61173.813533778782585
3443 45827.521279866712575 61172.306909615028417
3443.5 45861.149186256356188 61212.507364080680418
3444 45847.832914714053913 61209.221172354409646
3444.5 45777.596139509638306 61126.479971959182876
3445 45807.32769932795054 61155.008066771973972
3445.5 45822.832293239647697 61152.492834778880933
3446 45898.055053401512851 61249.572289564763196
3446.5 45845.364472260502225 61187.142486254080723
3447 45792.097354665391322 61135.397860581622808
3447.5 45879.43588954036386 61221.958504143178288
3448 45826.764140969826258 61168.235314785320952
3448.5 45817.060773779885494 61173.908702538334182
3449 45833.605642092770722 61190.848757950450818
3449.5 45869.788482819385536 61249.651733103914012
3450 45847.282237158600765 61217.328882348374464
3450.5 45799.943623154256784 61188.150302403730166
3451 45798.533157536963699 61207.784634725154319
3451.5 45818.830615946033504 61232.248131663392996
3452 45831.478256218528259 61237.161164631659631
3452.5 45898.017797495493141 61315.394391067246033
3453 45829.316065890830941 61247.632095261607901
3453.5 45852.169983337575104 61298.764573945205484
3454 45896.294662841261015 61330.969464897556463
3454.5 45875.249805032857694 61310.18141812893009
3455 45907.830933806304529 61338.059461607248522
3455.5 45877.808229185298842 61327.876388423268509
3456 45855.32021059969702 61323.042155647053733
3456.5 45805.243760955178004 61271.287189837421465
3457 45845.245700716361171 61308.578145062281692
3457.5 45913.198558432704885 61385.843574677455763
3458 45963.484710551623721 61444.267004178109346
3458.5 45953.859895006331499 61431.479580731516762
3459 45949.728297191715683 61428.824153942441626
3459.5 45898.826313828081766 61392.768875477580877
3460 45902.157703853714338 61402.437852787181328
3460.5 45907.368662281187426 61399.590161207277561
3461 45955.554259964374069 61457.598770176518883
3461.5 45949.336234217749734 61461.121647166306502
3462 45947.638323419887456 61467.445532568526687
3462.5 45938.005002958227124 61476.173976023717842
3463 45889.849648263538256 61425.084069191623712
3463.5 45924.957564202297362 61462.964637733020936
3464 45927.138112599233864 61470.979566097448696
3464.5 45909.587154655280756 61457.435488944589451
3465 45899.576378606529033 61464.588919627924042
3465.5 45910.502984384824231 61476.277019198161724
3466 45958.572614335316757 61553.616157024887798
3466.5 45926.235867742310802 61501.838302113566897
3467 45963.17514263902558 61541.044489807958598
3467.5 46048.396776116969704 61620.690091142882011
3468 45984.586642009853676 61576.564115906170628
3468.5 45964.266518401032954 61562.358375094387156
3469 45929.382262804676429 61532.229101387951232
3469.5 45954.414576004659466 61560.937541043756937
3470 45913.291788862094108 61524.946180562183145
3470.5 45980.638207848169259 61625.655118701972242
3471 45948.647882469827891 61562.128167823721014
3471.5 45985.813676520112494 61603.764747557950614
3472 46001.611694728693692 61607.826668514571793
3472.5 45929.808509028436674 61515.8309387846748
3473 45956.946990386124526 61552.890781296875502
3473.5 45997.319669182608777 61581.826653311421978
3474 45993.487971954957175 61595.844425718336424
3474.5 46009.60322281694971 61609.817894173967943
3475 46016.704080651012191 61612.235056652665662
3475.5 46029.079790133073402 61626.013929305998317
3476 46030.31007724013034 61647.79957272613683
3476.5 46047.6014241281664 61686.956889734727156
3477 46016.319953772079316 61654.862256908163545
3477.5 46063.187862997569027 61717.364920608553803
3478 46031.453625511923747 61668.615553235700645
3478.5 46024.176202634429501 61676.255792665680929
3479 45979.706723033879825 61641.437551605624321
3479.5 46005.510729082103353 61677.398204540761071
3480 46057.76027511384018 61727.897798719328421
3480.5 46029.491905384136771 61701.51445166899066
3481 46070.17139303588192 61746.134228178932972
3481.5 46089.025626037619077 61779.975296970005729
3482 46108.336721814186603 61795.606942419435654
3482.5 46056.729984252830036 61758.786799781417358
3483 46031.253220142461942 61740.578091906936606
3483.5 45977.515042449609609 61684.901974038453773
3484 45987.462809138720331 61696.620123216351203
3484.5 46059.602745194701129 61783.638786261908535
3485 46002.059487985410669 61726.351811483225902
3485.5 45968.84436814248329 61698.936354323333944
3486 46024.39715565188817 61757.957007617689669
3486.5 46014.61749574226269 61744.171589244273491
3487 46052.107174989134364 61793.998976790404413
3487.5 46055.275802409239986 61808.622571485881053
3488 46006.80157183335541 61752.501215908465383
3488.5 46048.683601733006071 61801.624243938502332
3489 46056.242562452207494 61811.321938981236599
3489.5 46041.871128179860534 61793.35644005726499
3490 46057.605375051876763 61821.640229820295644
3490.5 46075.411159980831144 61835.972884146241995
3491 46048.719433131940605 61830.447124398036976
3491.5 46029.274379265400057 61827.484734156612831
3492 46033.040618097453262 61836.028427218116121
3492.5 46029.289876850634755 61838.045114707623725
3493 46041.520799273457669 61855.371079256285157
3493.5 46059.028150238948001 61861.57726210913097
3494 46092.054948053009866 61900.63242233255005
3494.5 46056.664535449359391 61848.384015995361551
3495 46126.856811313897197 61929.076285741612082
3495.5 46096.923122063235496 61898.146596595353913
3496 46067.738891295892245 61867.119609025474347
3496.5 46095.269836264953483 61891.208860440943681
3497 46126.955944148023264 61920.219209226765088
3497.5 46087.275024184084032 61888.164022527453199
3498 46107.241472617533873 61944.43157637053082
3498.5 46106.515609113695973 61957.254717563999293
3499 46105.442899261382991 61935.235100550919014
3499.5 46093.793062718206784 61921.406175656389678
3500 46086.427411519383895 61913.095666707871715
3500.5 46151.683077866437088 61997.946147727612697
3501 46151.929910881030082 61992.363140191424463
3501.5 46172.2111140820125 62002.366579459492641
3502 46132.532640050863847 61971.908442508887674
3502.5 46136.973315134106087 62001.138000539191125
3503 46152.042006626070361 61997.48472633320489
3503.5 46110.645787551940884 61968.259153836457699
3504 46117.127719553944189 61987.085591468312487
3504.5 46128.687498224790033 62020.250221328416956
3505 46130.162794846968609 62023.215906471756171
3505.5 46152.072904652217403 62039.027520627263584
3506 46162.220181112010323 62075.578647964372067
3506.5 46154.117902131081792 62077.051565741239756
3507 46138.445502620874322 62065.754646890047297
3507.5 46132.155111857915472 62050.414699729895801
3508 46136.524082508010906 62073.284599259946845
3508.5 46181.620438889462093 62138.679252519475995
3509 46147.834673609904712 62111.981355389681994
3509.5 46141.368768312997418 62087.951831531274365
3510 46200.730778982848278 62158.007231531744765
3510.5 46154.946820395030954 62117.377008091054449
3511 46142.578170662920456 62102.220993720999104
3511.5 46175.804789315865492 62149.458520553635026
3512 46206.334588407131378 62185.826793408989033
3512.5 46157.929257390147541 62136.974900339722808
3513 46166.353033462641179 62160.164456376689486
3513.5 46224.864461886791105 62230.838524944745586
3514 46141.313538059621351 62139.523011893470539
3514.5 46171.272282684818492 62190.580720164303784
3515 46149.637266264682694 62170.533823496116383
3515.5 46205.287002083219704 62219.024002458216273
3516 46190.21598652585817 62208.347607898271235
3516.5 46183.795929736086691 62214.083726093733276
3517 46180.769302412940306 62207.33974373521778
3517.5 46176.654861480856198 62205.769099073942925
3518 46203.128293665911769 62250.928854987738305
3518.5 46200.073607039550552 62252.619422023381048
3519 46215.504940017191984 62257.279067616604152
3519.5 46279.365871043897641 62339.902604931943642
3520 46250.720101329643512 62298.298375570790085
3520.5 46243.797107171478274 62304.857383267873956
3521 46232.055679547760519 62279.184848801021872
3521.5 46220.465210770315025 62286.011580802201934
3522 46246.557469920422591 62317.055089233253966
3522.5 46263.739088311340311 62330.943944550919696
3523 46216.776802115309692 62281.301847375907528
3523.5 46185.352264861314325 62257.670873464776378
3524 46277.070011117073591 62373.69516730500618
3524.5 46224.180322148735286 62293.900743085141585
3525 46266.430598444356292 62339.318530660566466
3525.5 46310.837109131753095 62393.443260464235209
3526 46329.034070837180479 62425.700064870412461
3526.5 46234.680274305261264 62335.90952695911983
3527 46271.569945997594914 62388.737307651768788
3527.5 46320.501107240779675 62436.619979123403027
3528 46273.750448867540399 62388.987919292922015
3528.5 46298.732440915504412 62418.777407859422965
3529 46324.163960761019553 62447.175244136284164
3529.5 46346.270397088563186 62490.708071527136781
3530 46356.92825424268085 62494.957037328538718
3530.5 46357.682145147606207 62481.155568026777473
3531 46321.707099569379352 62448.059094919502968
3531.5 46310.632921225776954 62438.898458492862119
3532 46369.082858497567941 62501.637468538574467
3532.5 46347.063646394919488 62483.168184055612073
3533 46322.53802053390973 62481.111984336683236
3533.5 46329.919563050803845 62500.008759713062318
3534 46315.938793069733947 62497.924378997377062
3534.5 46347.924012354182196 62532.562731958962104
3535 46299.365210214724357 62488.422481083558523
3535.5 46329.99383273692365 62529.735299790263525
3536 46288.870441751758335 62481.67142099479679
3536.5 46272.329277962016931 62475.214877009668271
3537 46272.465327399382659 62485.597778568691865
3537.5 46250.846469411510043 62468.409119064446713
3538 46297.18384307676024 62529.360319497427554
3538.5 46315.638205647890572 62558.923588407480565
3539 46308.258702658560651 62535.923573523999949
3539.5 46328.217035758367274 62562.949519479509036
3540 46261.627425344435323 62495.276908543986792
3540.5 46287.123194444233377 62524.586855446192203
3541 46287.975522407512472 62519.227979455143213
3541.5 46270.483743743097875 62514.555207796809555
3542 46299.947642295221158 62540.369671479347744
3542.5 46281.906038870874909 62496.106301779218484
3543 46317.689094005916559 62542.979072227615688
3543.5 46318.456403919641161 62547.46305424257298
3544 46322.056774381948344 62574.138154007428966
3544.5 46356.068769835663261 62599.52037185755762
3545 46356.224326093892159 62584.289278749660298
3545.5 46312.017395049399056 62536.769612701638835
3546 46376.904691413139517 62639.27566570500494
3546.5 46374.942253431530844 62633.786271220655181
3547 46343.961157348756387 62598.351674432706204
3547.5 46389.899725016723096 62667.586137757592951
3548 46352.926771243524854 62619.125440741539933
3548.5 46383.36184161248093 62671.643039901209704
3549 46332.301499018634786 62594.930496116219729
3549.5 46326.839969484266476 62606.736314130910614
3550 46388.689638573072443 62686.042262392904377
3550.5 46329.422948167317372 62619.165602786160889
3551 46368.22607635998429 62666.542920896979922
3551.5 46343.997597149631474 62647.224344687136181
3552 46332.000295231016935 62628.603287780737446
3552.5 46382.337167710888025 62694.922336420640931
3553 46342.843485508827143 62652.400473720175796
3553.5 46416.643261740966409 62729.231269109055575
3554 46394.59376458087354 62723.250801810347184
3554.5 46418.266586101577559 62743.231040611630306
3555 46391.656314870051574 62703.706323520716978
3555.5 46435.416574688330002 62772.988951527768222
3556 46403.582015399006195 62744.142946070584003
3556.5 46370.384094923058001 62697.132892599554907
3557 46389.95816378390009 62718.738626522754203
3557.5 46406.508794578723609 62742.384471702040173
3558 46487.10332394434954 62857.949847163559753
3558.5 46416.113285482941137 62759.7798036879758
3559 46432.766105587659695 62779.4866085407848
3559.5 46435.252985607308801 62784.529132625597413
3560 46451.789378458845022 62806.521460308700625
3560.5 46471.314711356906628 62826.656474748117034
3561 46428.047318584031018 62788.542735747301776
3561.5 46481.756433552523958 62867.373218702698068
3562 46461.423148355381272 62844.525285169227573
3562.5 46389.110660551763431 62787.92470250128099
3563 46406.620304181626125 62808.959661284410686
3563.5 46472.070749038903159 62871.42349584792828
3564 46503.457718393881805 62918.795407923680614
3564.5 46468.074722227960592 62872.577909236155392
3565 46474.009570636604622 62898.066331422582152
3565.5 46414.089971546556626 62836.289365022246784
3566 46436.028851268165454 62868.6722702174593
3566.5 46436.884031284833327 62868.56708470149897
3567 46479.658848237479106 62912.437890151581087
3567.5 46424.069454850672628 62846.142887312911625
3568 46442.650439441109484 62859.713787969914847
3568.5 46479.426735320368607 62907.331740692905441
3569 46437.734891838073963 62878.406413650562172
3569.5 46441.176448493119096 62877.315352428900951
3570 46467.338366792660963 62915.861104401454213
3570.5 46503.929493086958246 62960.547241848609701
3571 46499.697255095707078 62964.201777381946158
3571.5 46537.849754444454447 63015.805290574549872
3572 46468.974397892568959 62942.874370632423961
3572.5 46512.975905333674746 62986.890340457423008
3573 46532.462359229830327 63030.996474669758754
3573.5 46497.000165150791872 62989.771947438326606
3574 46493.212786084441177 62982.692731322124018
3574.5 46498.520724971160234 62976.373550386189891
3575 46491.371833197590604 62965.736230449969298
3575.5 46504.721673671214376 62991.84357586374972
3576 46513.538048562106269 63004.810298646101728
3576.5 46504.972783960969537 62994.980353467341047
3577 46500.970802656498563 63003.450682212256652
3577.5 46564.013916819472797 63058.271657182653144
3578 46587.645952687154931 63080.23379202032811
3578.5 46540.708436906301358 63049.64370059139037
3579 46566.648276223852008 63106.598747314448701
3579.5 46549.485760786032188 63077.922428069046873
3580 46562.903866246990219 63115.068846546208079
3580.5 46537.716582758883305 63078.30520862571575
3581 46588.888186476404371 63141.669966579342145
3581.5 46669.57355589485087 63231.47132489024807
3582 46669.230342717630265 63236.41163349544513
3582.5 46608.397424899900216 63176.472447620042658
3583 46590.42681100826303 63154.689639890675608
3583.5 46597.809014444399509 63196.014053938466532
3584 46607.352540996849712 63214.248011344221595
3584.5 46596.246182797112851 63210.257053643996187
3585 46571.071671285782941 63189.045808853312337
3585.5 46568.764560323754267 63198.941565967485076
3586 46583.096305803999712 63212.205783005170815
3586.5 46603.974617098741874 63222.995275712120929
3587 46636.79338777664816 63276.113301913610485
3587.5 46606.471037268958753 63273.837426651385613
3588 46605.034307088804781 63263.282439541078929
3588.5 46607.53842440238077 63256.76049517118372
3589 46615.526402227362269 63265.167630363474018
3589.5 46626.307456394402834 63287.193823685738607
3590 46609.412656318141671 63269.568013759395399
3590.5 46630.556952800143335 63296.682253293642134
3591 46697.989474658177642 63366.898858564214606
3591.5 46669.174368187959772 63343.758703365267138
3592 46598.202402535447618 63261.658547055449162
3592.5 46608.816743087860232 63288.288931981805945
3593 46610.135334748076275 63300.791659831331344
3593.5 46637.736366380653635 63341.611165101443476
3594 46676.020412193814991 63387.154950453819765
3594.5 46671.093679680401692 63374.212212806509342
3595 46641.456287754132063 63356.513767105177976
3595.5 46676.3326365093817 63384.287286448306986
3596 46662.546720877879125 63363.829517736623529
3596.5 46638.871103281875548 63343.245559037997737
3597 46666.557479057242745 63365.527531950188859
3597.5 46674.945569229399553 63377.280428029800532
3598 46702.139178992205416 63416.736660612754349
3598.5 46695.981367387561477 63394.629339538536442
3599 46746.310970276375883 63449.647363511154254
3599.5 46660.325081691065861 63363.751088870238164
3600 46685.766443295266072 63402.13055233155319
3600.5 46616.833839347287721 63320.083819955230865
3601 46620.059490030704183 63350.358121277989994
3601.5 46655.514611563870858 63379.263352732654312
3602 46673.425791454072169 63378.852353139656771
3602.5 46698.147948519042984 63431.5038197655158
3603 46661.923861431343539 63390.9360856202984
3603.5 46711.235006454509858 63468.435814816148195
3604 46658.766989291594655 63416.599400320650602
3604.5 46636.391594088920101 63384.963001942145638
3605 46675.661143162462395 63441.687854131254426
3605.5 46683.449688217115181 63429.044165568309836
3606 46655.205887260686723 63431.783611240280152
3606.5 46682.219570296423626 63454.053107867883227
3607 46692.20658691542485 63445.020771254021383
3607.5 46715.24515784940013 63479.776403960429889
3608 46755.492808543902356 63540.755919235896727
3608.5 46711.197289588715648 63483.077453710306145
3609 46751.151546095694357 63517.57118381185137
3609.5 46739.059692126327718 63516.638167050827178
3610 46738.01758532209351 63504.832793009009038
3610.5 46774.916405137977563 63564.104331369075226
3611 46741.955832275896682 63535.174873335301527
3611.5 46753.217591619220912 63543.550347542928648
3612 46726.484010225489328 63516.46185489367781
3612.5 46732.64924761246948 63553.514326182244986
3613 46738.596590660126822 63563.826161633944139
3613.5 46744.101463727289229 63573.957868167235574
3614 46668.922907336898788 63486.021139978911378
3614.5 46764.11605524521292 63601.853042646835092
3615 46755.249937088308798 63575.458532714546891
3615.5 46740.28436313765269 63565.129289067466743
3616 46793.898991989670321 63635.720691966133018
3616.5 46743.213928856828716 63582.817030689358944
3617 46753.174995828856481 63601.626791660688468
3617.5 46786.427671970806841 63643.640815654347534
3618 46773.269632405957964 63630.127267310686875
3618.5 46713.891991582364426 63569.004372459676233
3619 46812.886895767980604 63675.583082757140801
3619.5 46845.260707459055993 63708.216563170179143
3620 46775.343567335687112 63629.470500696035742
3620.5 46823.037678077860619 63696.65777484717546
3621 46750.222829562640982 63638.427622673545557
3621.5 46774.03347918819054 63670.906401219144755
3622 46745.30730950175348 63649.963249146698217
3622.5 46722.607306901219999 63640.637473538372433
3623 46789.776301036974473 63704.741081375337671
3623.5 46759.024579476332292 63677.668474564525241
3624 46807.76287378968118 63737.731726167643501
3624.5 46777.625077411219536 63705.968679622426862
3625 46805.950209571485175 63719.393620873139298
3625.5 46852.153775713399227 63765.949956688418752
3626 46861.142293884251558 63778.942381495602604
3626.5 46778.102181234266027 63690.14192901430215
3627 46819.859009436113411 63745.355999969171535
3627.5 46811.326981162710581 63753.798430862916575
3628 46773.752423101344903 63716.056495910954254
3628.5 46828.673350847457186 63784.40525732748938
3629 46821.351604405164835 63785.776697973109549
3629.5 46824.780940138458391 63786.799970092775766
3630 46837.787770174130856 63777.427830470667686
3630.5 46834.641692933255399 63781.80326016854815
3631 46876.262279675371246 63828.514186319203873
3631.5 46830.196405131537176 63771.77840815471427
3632 46870.37988862968632 63838.759856695622148
3632.5 46881.004818220608286 63839.419043242785847
3633 46859.999292985725333 63812.510250089660985
3633.5 46883.787231004462228 63867.579094533452007
3634 46855.898305585251364 63851.552681994638988
3634.5 46855.612221950825187 63855.844574635288154
3635 46940.165736058297625 63944.184164251993934
3635.5 46896.019866961883963 63892.506820043679909
3636 46898.90556189083145 63903.091346105611592
3636.5 46884.683030902771861 63909.096579496355844
3637 46877.253048819169635 63896.25647258648678
3637.5 46892.422634839145758 63930.116718233533902
3638 46861.260623561516695 63914.252898137230659
3638.5 46917.082193707807164 63970.830921658416628
3639 46939.115926681748533 64012.175601471324626
3639.5 46893.826365667315258 63961.219868304469856
3640 46896.79027769449749 63992.893531294168497
3640.5 46907.108165751640627 64010.785325271652255
3641 46842.103529561252799 63935.671929195894336
3641.5 46866.878203577245586 63972.456732917569752
3642 46911.987214239277819 64044.517382323341735
3642.5 46944.413845896968269 64078.090926832373952
3643 46914.072085310988768 64042.503742434135347
3643.5 46886.583257028003572 64015.876929983860464
3644 46882.523612140787009 64028.063573546271073
3644.5 46895.907940974837402 64046.894720672884432
3645 46904.301473147257639 64048.77143461178639
3645.5 46923.198434557227301 64077.995355919490976
3646 46874.558351314466563 64027.325842382306291
3646.5 46917.467007111845305 64088.723789360730734
3647 46898.133541607785446 64066.38659209539037
3647.5 46882.60118632101512 64064.198765607914538
3648 46900.576858194675879 64074.091136481962167
3648.5 46917.796123211650411 64090.781660913497035
3649 46929.54052681063331 64114.966280237254978
3649.5 46927.665687094107852 64120.024448269999993
3650 46925.759516416779661 64137.793114872692968
3650.5 46887.455723726125143 64083.118318637578341
3651 46937.170487415678508 64148.913648392066534
3651.5 46959.306009399508184 64195.542209574115986
3652 46937.26388040157326 64153.743710465947515
3652.5 46964.464079209341435 64189.47024755970051
3653 47062.959829673673084 64288.978244898033154
3653.5 47005.283438687234593 64244.022587276907871
3654 46947.725112504966091 64168.796988024216262
3654.5 46970.191613220471481 64186.572920208571304
3655 47005.467063864445663 64227.851167567350785
3655.5 46991.24660808644694 64229.50009751599282
3656 46980.889268339844421 64226.007375334513199
3656.5 46948.941200444794958 64189.499610288577969
3657 47027.025087899608479 64288.248900438680721
3657.5 47001.134349124979053 64219.926462887626258
3658 47053.140454354623216 64321.027504437806783
3658.5 46993.651846997076063 64257.436909173666209
3659 47006.067200812860392 64266.253333345222927
3659.5 47031.557092989874945 64300.785590597202827
3660 47026.453616385158966 64292.713627549375815
3660.5 47041.086898696128628 64318.460166479737381
3661 47069.922024217230501 64357.832359210966388
3661.5 47044.103413148710388 64357.510026720774476
3662 47040.679892257539905 64341.251005372228974
3662.5 47042.663204579541343 64344.500190775397641
3663 46993.555482901610958 64302.740231647898327
3663.5 47041.628027748316526 64370.548104792411323
3664 47028.407558580918703 64357.07966014577687
3664.5 47013.591232737955579 64329.517574444100319
3665 47055.222315309474652 64387.369537122285692
3665.5 47076.61905430402112 64421.621557585647679
3666 47039.477920341741992 64403.344948779071274
3666.5 46996.748112919092819 64362.274932404143328
3667 47032.212736607507395 64423.614581712463405
3667.5 47068.707749549612345 64461.464703498160816
3668 47045.687117449138896 64434.042786085272382
3668.5 47072.624539409327554 64471.94615591972979
3669 47031.915882182118366 64433.437269100271806
3669.5 47065.528730308556987 64450.984166735077451
3670 47019.45804735096317 64401.443623861174274
3670.5 47059.845515789500496 64442.924225167378609
3671 47063.538489396334626 64446.208732479339233
3671.5 47024.558006624240079 64394.280953357781982
3672 47088.222813735555974 64451.897477139966213
3672.5 47054.829300206765765 64432.998807324744121
3673 47071.563228010360035 64466.322498446126701
3673.5 47041.307257164051407 64429.971570853682351
3674 47015.819356797372166 64420.626683527691057
3674.5 47042.337736157111067 64441.142660188459558
3675 47126.320184241230891 64538.586110592274053
3675.5 47061.497943833732279 64476.965880906536768
3676 47142.038674128642015 64565.830907623370877
3676.5 47154.200935981112707 64565.946373910548573
3677 47128.373373213362356 64541.660145667308825
3677.5 47096.74114080270374 64519.488958134839777
3678 47058.954873071008478 64497.036711475229822
3678.5 47090.508056109822064 64538.184364047760027
3679 47081.344997276828508 64529.087827156596177
3679.5 47106.069075374929525 64562.164974623330636
3680 47081.750036218225432 64542.483845342918357
3680.5 47128.046828377177007 64602.897170018237375
3681 47167.430420494645659 64645.093679491968942
3681.5 47115.731822443158308 64599.268827915322618
3682 47032.693912208778784 64526.751766577173839
3682.5 47084.624572886816168 64595.496767370357702
3683 47108.146683997249056 64621.466737789691251
3683.5 47065.740682611110969 64591.20956530055264
3684 47133.037139821244637 64659.607934175102855
3684.5 47068.485267767027835 64582.09899548861722
3685 47116.056309737927222 64635.108560440756264
3685.5 47156.798829189923708 64677.730907690493041
3686 47116.131634022116486 64656.382647858095879
3686.5 47109.735083865009074 64659.560992438237008
3687 47143.859605372977967 64689.879713285234175
3687.5 47070.426825040936819 64617.739772599168646
3688 47070.479216331186763 64630.463217814984091
3688.5 47090.172111227155256 64651.515505541028688
3689 47165.252298987907125 64740.388310326881765
3689.5 47124.698306279460667 64716.87773465000646
3690 47068.017230896170076 64650.822297981139855
3690.5 47089.590189084781741 64674.582423967396608
3691 47126.539872870438558 64707.420315546514757
3691.5 47181.916079813076067 64784.286431492655538
3692 47114.895337007947091 64722.451009604119463
3692.5 47146.570453249951242 64771.99169075107784
3693 47131.525520072063955 64771.979550513402501
3693.5 47121.749731858610176 64762.857232136295352
3694 47181.694516081603069 64818.710145903620287
3694.5 47170.443038574456295 64813.13723077076429
3695 47136.69829097710317 64760.502355105702009
3695.5 47094.698360256159503 64731.201992197733489
3696 47125.114392007955757 64750.028488908275904
3696.5 47205.612509641716315 64837.137364427602733
3697 47178.662021013464255 64815.261374855515896
3697.5 47160.33654059060791 64793.470758528987062
3698 47144.236362397139601 64790.720396917691687
3698.5 47150.529718862460868 64801.140415076566569
3699 47168.356365794817975 64817.346097367459151
3699.5 47125.672560793398588 64784.685377678120858
3700 47160.509724617542815 64833.557477564871078
3700.5 47173.973334629874444 64832.173198179996689
3701 47150.18429209558235 64781.109681557762087
3701.5 47200.305140647702501 64839.306679658700887
3702 47232.407270085263008 64874.995583033909497
3702.5 47212.78164053169894 64846.835297566089139
3703 47239.204728405566129 64902.198921093200624
3703.5 47272.312110412305628 64954.459399672152358
3704 47236.150819946844422 64923.803750401704747
3704.5 47217.938162380494759 64895.442145153763704
3705 47268.348755189705116 64932.685883568919962
3705.5 47265.94081946501683 64944.698989658696519
3706 47227.618297268862079 64924.449355320277391
3706.5 47281.145976696752768 64983.535074275132501
3707 47260.928089164815901 64950.420124436568585
3707.5 47241.756853226645035 64953.007601732802868
3708 47269.634175358580251 64985.715555250790203
3708.5 47264.319449760601856 64987.746687662416662
3709 47230.138775087965769 64950.762527020509879
3709.5 47273.135056927152618 65000.247154031261744
3710 47313.968232748164155 65052.075573286405415
3710.5 47260.589949324887129 65001.805715556947689
3711 47269.031964028552466 65022.271336523677746
3711.5 47267.890497821892495 65022.869991118175676
3712 47261.714185622338846 65013.637765675703122
3712.5 47254.481952615380578 65018.231270755408332
3713 47231.564773620644701 64972.039601408854651
3713.5 47280.984206923181773 65054.249581211421173
3714 47247.34458050502144 65019.971110860693443
3714.5 47273.492415877626627 65056.231721158663277
3715 47306.445300170234987 65082.959352443700482
3715.5 47205.203619117230119 64960.458491234552639
3716 47305.488150244280405 65083.836048758210381
3716.5 47304.292193069042696 65100.135688660760934
3717 47265.761478693639219 65071.371083703808836
3717.5 47259.389553632143361 65053.143550555010734
3718 47325.737701366466354 65136.217475157471199
3718.5 47349.923875945911277 65159.72832048573764
3719 47321.887384512934659 65140.058474745710555
3719.5 47299.270830092398683 65117.464428810089885
3720 47340.337538719802978 65155.433300012082327
3720.5 47283.35836866714817 65120.917171364781098
3721 47295.65873687119165 65109.443617753742728
3721.5 47335.998670080254669 65140.442947694602481
3722 47339.699170695887005 65160.880277599106194
3722.5 47298.145196718818625 65124.502558972599218
3723 47362.760293592567905 65213.871699950854236
3723.5 47395.643225368796266 65244.064771250959893
3724 47355.224362461667624 65223.696058352950786
3724.5 47321.882566240223241 65187.722983307416143
3725 47302.269425463338848 65175.452356245550618
3725.5 47362.371470450954803 65229.049474511513836
3726 47364.551491809004801 65227.356113987923891
3726.5 47388.488007319989265 65260.891958077641902
3727 47347.883691218121385 65246.918807629488583
3727.5 47356.8748459912822 65264.804346468321455
3728 47356.834465087144054 65276.934082353684062
3728.5 47329.259441040005186 65248.205162522761384
3729 47334.381736014358466 65260.256159170407045
3729.5 47370.228433821328508 65318.220779049901466
3730 47340.991612486592203 65289.290634268443682
3730.5 47356.400655590572569 65286.458624317085196
3731 47400.389603155927034 65344.671284983509395
3731.5 47329.139825825157459 65286.271551012374402
3732 47381.757230806593725 65337.379563824622892
3732.5 47429.970528777914296 65386.245399250256014
3733 47391.663714111484296 65353.56341670006077
3733.5 47398.472258068293741 65361.320266149647068
3734 47365.095627663264167 65345.179732004995458
3734.5 47441.076446536600997 65424.087170945793332
3735 47368.820095839088026 65346.383420488353295
3735.5 47370.408091599034378 65356.646222544710326
3736 47383.229856572135759 65356.933387815472088
3736.5 47374.267405183003575 65371.303451132458576
3737 47369.642942888662219 65362.988707670410804
3737.5 47413.357778891535418 65416.873675851355074
3738 47366.575437728657562 65391.195554019330302
3738.5 47384.183213515127136 65395.310890814282175
3739 47435.723863568113302 65454.046787623912678
3739.5 47393.261882562721439 65401.325586222716083
3740 47415.462101683711808 65438.076557237443922
3740.5 47403.504432203691977 65422.573629821054055
3741 47464.836494023715204 65508.159830065851565
3741.5 47463.836942873618682 65504.947723052064248
3742 47405.91462825796043 65444.629446150262083
3742.5 47427.083990730076039 65480.180657938617514
3743 47456.316037649718055 65503.676037353798165
3743.5 47426.747450265131192 65470.334612894264865
3744 47387.648313118996157 65437.446527488602442
3744.5 47442.846314937632997 65510.802706126509293
3745 47468.851941997461836 65527.70449929737515
3745.5 47434.567535876070906 65499.219389533456706
3746 47479.414565331957419 65550.824752866014023
3746.5 47495.338011033898511 65577.735424499318469
3747 47523.078114266048942 65631.266741584651754
3747.5 47520.704502594526275 65642.611080527582089
3748 47543.659490648075007 65647.417918712482788
3748.5 47519.85407290472358 65629.907038686011219
3749 47509.337282326065178 65622.792915499027004
3749.5 47489.601777282565308 65578.412818481301656
3750 47506.466645536806027 65600.508547809076845
3750.5 47548.156622182548745 65661.334240502153989
3751 47462.030631094210548 65570.570631782975397
3751.5 47462.658035157699487 65580.860102489255951
3752 47501.210350460314658 65612.501689029435511
3752.5 47535.53116476413561 65671.15251292216999
3753 47484.542468538238609 65620.939712254898041
3753.5 47485.589738461429079 65633.894773064632318
3754 47492.918825679211295 65667.873022522850079
3754.5 47478.190970929528703 65635.22012952939258
3755 47555.3815739373822 65709.862600909051253
3755.5 47526.046384719084017 65674.886217232211493
3756 47498.069722996733617 65641.004970691195922
3756.5 47510.800490773865022 65661.92308001506899
3757 47519.355260644450027 65661.261577607408981
3757.5 47542.156970559924957 65707.449795166932745
3758 47542.625092832618975 65717.210012299983646
3758.5 47490.126252110945643 65664.870013622756233
3759 47510.526772799283208 65688.576841654576128
3759.5 47534.578629309995449 65727.378099851295701
3760 47528.595697478478542 65722.070777302695205
3760.5 47514.683127308584517 65708.02556212352647
3761 47495.245987110989518 65708.958700651448453
3761.5 47545.729696749345749 65776.256639816201641
3762 47542.955738341195683 65776.301032902134466
3762.5 47568.678746817873616 65829.663879366838955
3763 47547.554588662074821 65818.728200598430703
3763.5 47541.525868584729324 65810.761447525728727
3764 47517.380797480007459 65784.516437162295915
3764.5 47476.662551325716777 65749.633397065117606
3765 47504.00360685364285 65802.310277495154878
3765.5 47565.747154595046595 65849.839740910480032
3766 47536.072871400989243 65812.424409833169193
3766.5 47590.886128361977171 65883.14551295810088
3767 47606.484901303039805 65911.397455989266746
3767.5 47571.173324275325285 65864.255965451709926
3768 47608.267037815618096 65913.01547509363445
3768.5 47634.586420855157485 65929.172839177539572
3769 47581.739322720757627 65880.741201700657257
3769.5 47584.750352574425051 65907.139096967730438
3770 47603.83184585419076 65914.845622105509392
3770.5 47583.856118466435873 65884.230705606823904
3771 47598.159011913980066 65911.016697464801837
3771.5 47570.028604989514861 65873.587011585230357
3772 47618.270822525621043 65933.037704871137976
3772.5 47640.190918079482799 65968.255630171115627
3773 47618.757547826535301 65946.21919997157238
3773.5 47621.924868699737999 65938.132622532401001
3774 47622.989174750451639 65958.080370676441817
3774.5 47617.335929539316567 65950.372330669386429
3775 47600.600893516166252 65938.651986122320523
3775.5 47535.792682682287705 65869.772239336787607
3776 47622.232439035004063 65972.760265085744322
3776.5 47599.003316921640362 65977.860542414200609
3777 47588.236209220303863 65986.638246246104245
3777.5 47613.490505082671007 66020.095449085594737
3778 47579.63114186925668 65971.247394574311329
3778.5 47605.251477225167037 65983.98373189404083
3779 47627.249927761862637 66027.559147048566956
3779.5 47583.192247101738758 65985.427141913009109
3780 47573.407109458879859 65956.171746692169108
3780.5 47651.951283626287477 66045.582173022223287
3781 47647.847972879186273 66044.462409703381127
3781.5 47661.453701112754061 66075.106607859750511
3782 47625.243567979247018 66026.79411041039566
3782.5 47636.990072653337847 66037.583826048197807
3783 47658.714785265656246 66064.366133304065443
3783.5 47664.264822261044174 66076.814126234603464
3784 47639.943103637153399 66045.517146364203654
3784.5 47671.660046126693487 66064.292699069424998
3785 47679.003180074920238 66097.547246981441276
3785.5 47631.045714006686467 66051.872506492887624
3786 47624.04559595608589 66059.704673416592414
3786.5 47663.860141970420955 66124.023196862035547
3787 47673.651250460876327 66140.147317517927149
3787.5 47651.556821559344826 66097.251309492203291
3788 47643.375957099167863 66094.515721841904451
3788.5 47637.628425928865909 66113.879196156965918
3789 47643.790784638746118 66101.028186090450617
3789.5 47674.15576070107636 66130.115963533768081
3790 47654.205860503228905 66119.643483575666323
3790.5 47665.793115556007251 66146.454749492477276
3791 47700.243977060665202 66184.811122791448724
3791.5 47661.406928015778249 66173.881713396258419
3792 47660.048906089170487 66170.017647090950049
3792.5 47656.695563124761975 66182.774773268392892
3793 47720.595720930126845 66259.999503736835322
3793.5 47632.222937531674688 66157.001707336166874
3794 47615.212258562307397 66159.376629758189665
3794.5 47668.871134534958401 66241.173517953400733
3795 47656.069924139788782 66218.650163228070596
3795.5 47607.197572635974211 66156.379243797855452
3796 47619.77628744514368 66193.253919128459529
3796.5 47660.69390509888035 66263.108571563381702
3797 47637.84173235270282 66216.648514962158515
3797.5 47680.330292741906305 66281.538337100850185
3798 47684.625446200661827 66272.572801718488336
3798.5 47682.304587985840044 66276.998809917509789
3799 47629.225553447351558 66224.446258934025536
3799.5 47676.040991096684593 66302.290058238562779
3800 47687.13415636998252 66279.381031991171767
3800.5 47666.00186888443568 66251.865321710152784
3801 47762.39001426591858 66362.298185575666139
3801.5 47675.939047805593873 66255.176327851964743
3802 47739.284999212482944 66345.350857198616723
3802.5 47723.008404920321482 66323.305717673458275
3803 47701.224921677130624 66315.484718099571182
3803.5 47664.271729937267082 66289.816078184929211
3804 47710.114379722537706 66342.651182946676272
3804.5 47709.406765039515449 66336.618249732753611
3805 47667.266071025893325 66316.927183796709869
3805.5 47711.486260125115223 66382.016930460755248
3806 47735.994323494764103 66402.257812421303242
3806.5 47768.345101409315248 66448.589354718773393
3807 47746.683581377081282 66420.748286009591538
3807.5 47689.907740529830335 66372.128288421779871
3808 47712.941718219379254 66414.098717160668457
3808.5 47752.072060830279952 66456.401819285936654
3809 47733.867374416520761 66432.821994914687821
3809.5 47655.072092940834409 66351.779863438918255
3810 47693.402027884840209 66408.052359782974236
3810.5 47719.798169405832596 66427.806886032150942
3811 47743.933108066448767 66436.154011691221967
3811.5 47810.871410284147714 66535.618228875522618
3812 47773.834975024292362 66509.206283004183206
3812.5 47755.700928300997475 66481.287745658526546
3813 47742.50634625236853 66468.913392830843804
3813.5 47752.497268831364636 66514.760105045585078
3814 47780.458179882043623 66553.53688207315281
3814.5 47728.625674963142956 66479.710034306132002
3815 47774.567099050909746 66551.860433679947164
3815.5 47800.274246754772321 66560.085259985091398
3816 47814.511127182158816 66580.362107794629992
3816.5 47777.615407092438545 66548.438767316707526
3817 47766.07391843663936 66561.575178606392001
3817.5 47721.181479444283468 66497.010981683211867
3818 47789.532211981451837 66578.475088161867461
3818.5 47713.238119905276108 66508.662428117517265
3819 47782.241917067069153 66589.239917548518861
3819.5 47794.034582235079142 66585.488977015425917
3820 47813.151031647044874 66630.191239233303349
3820.5 47776.112205868797901 66599.649985318334075
3821 47776.28847489025793 66589.136163106159074
3821.5 47728.944243039542926 66524.559620307700243
3822 47768.884038133146532 66580.038024280016543
3822.5 47804.999941864080029 66622.894147792598233
3823 47861.567228424661153 66689.476658395302366
3823.5 47797.806648914163816 66620.728815596216009
3824 47793.827144587223302 66597.192579798997031
3824.5 47881.713906961871544 66703.268088409226038
3825 47830.274413913401077 66675.43206289842783
3825.5 47834.132399188900308 66704.665113115363056
3826 47832.208084083125868 66686.009152662431006
3826.5 47792.770899850031128 66637.067511131579522
3827 47813.925432971824193 66678.298047363481601
3827.5 47804.061015361039608 66665.274335507201613
3828 47854.160930997430114 66755.673756495059934
3828.5 47779.249077981898154 66670.042107128421776
3829 47794.829689575453813 66683.587671432658681
3829.5 47828.365559238627611 66718.666751655589906
3830 47859.13149975775741 66754.068466225813609
3830.5 47821.527668965718476 66707.092016109978431
3831 47829.79773554764688 66730.323609797516838
3831.5 47835.679898288661207 66739.186037552164635
3832 47858.031488667947997 66767.042526974080829
3832.5 47835.518990849275724 66738.480085235481965
3833 47831.203805924487824 66755.463562881515827
3833.5 47821.418590014611254 66741.934981403304846
3834 47886.457090383541072 66821.100415918204817
3834.5 47903.467474449920701 66836.250677137068124
3835 47872.304922134841036 66818.91144108393928
3835.5 47829.65543198177329 66776.382019295779173
3836 47846.496324434112466 66797.562599802549812
3836.5 47838.490531056224427 66786.05233609136485
3837 47850.440486252504343 66792.145768103102455
3837.5 47881.320053754425317 66827.379141212353716
3838 47882.883181426041119 66851.435155247731018
3838.5 47831.97229321134364 66801.862692913317005
3839 47851.193550523421436 66829.116274382206029
3839.5 47900.81370588617574 66901.086254896203172
3840 47864.62506551099068 66846.47054014148307
3840.5 47806.360435183742084 66789.505088174279081
3841 47874.725279802863952 66871.735632602285477
3841.5 47879.900009998556925 66855.567750659698504
3842 47845.507388123827695 66835.165331964439247
3842.5 47879.599598273176525 66891.059230393730104
3843 47927.222055788217403 66933.68346085245139
3843.5 47938.843597114566364 66958.890558995117317
3844 47843.255098944769998 66850.45494852878619
3844.5 47871.46653324678482 66895.195923807041254
3845 47837.766065173382231 66863.609345191551256
3845.5 47922.87347569836129 66968.7960565276735
3846 47908.207772007961466 66954.264697344769957
3846.5 47930.366915859332948 66965.602097311915713
3847 47914.59094958526839 66950.59121040921309
3847.5 47962.485327408510784 67008.413466614947538
3848 47927.683691404796264 66977.095928460345021
3848.5 47929.380017257251893 66984.582519483563374
3849 47915.041900471922418 66982.699580197586329
3849.5 47960.881629625881033 67044.432706951294676
3850 47933.554902005111217 67013.738264191983035
3850.5 47896.08303211243765 66990.662795934913447
3851 47939.196773884512368 67046.649864730774425
3851.5 47913.600059548836725 67003.423823433782673
3852 47939.308113958279137 67050.430729034764227
3852.5 47935.187412542611128 67055.949215061380528
3853 47966.026241396408295 67091.744809638810693
3853.5 47935.39338916727138 67078.054074641608167
3854 47903.525720878904394 67061.860743119832478
3854.5 47907.661518813358271 67075.102116086069145
3855 47900.456717170301999 67071.857193961448502
3855.5 47926.577639600720431 67115.201928803202463
3856 47928.500631053546385 67133.03224661864806
3856.5 47935.954069040657487 67133.302653979539173
3857 47938.825180991152592 67141.456978041067487
3857.5 47900.83846168286982 67106.69189478943008
3858 47912.538846847208333 67115.645645214128308
3858.5 47915.284330447757384 67143.537094464467373
3859 47900.434255375708744 67133.867264503336628
3859.5 47892.610885701789812 67126.901237713886076
3860 47916.507395086227916 67149.717841521371156
3860.5 47942.82103567050217 67192.470902957749786
3861 47953.281514677648374 67204.848093322783825
3861.5 47962.969310112115636 67222.275274131301558
3862 47971.752083270614094 67249.188403705964447
3862.5 47933.063689031121612 67188.177313847787445
3863 47949.064210608485155 67194.848122123090434
3863.5 47943.286362781196658 67191.468975836483878
3864 47983.190829721635964 67261.520168560819002
3864.5 47947.40351997835387 67224.077440922672395
3865 47956.182675126379763 67235.184802032003063
3865.5 47957.866044543799944 67226.087901803373825
3866 48041.570779416433652 67322.70145319448784
3866.5 47978.357519416145806 67249.982195158285322
3867 47993.550754315270751 67286.704217215286917
3867.5 48025.641305973011185 67336.511158716850332
3868 48023.521517227753066 67329.551139762217645
3868.5 47979.831373703120335 67302.588711893375148
3869 47977.414196831101435 67305.438398996237083
3869.5 47982.667444749262359 67312.39224887653836
3870 48014.133877038373612 67346.676212704580394
3870.5 48023.057488551006827 67341.222501092750463
3871 48032.873378164338646 67373.855300500785233
3871.5 48072.060113021456345 67427.649037528855843
3872 48072.575612533408275 67410.734821269361419
3872.5 48027.706104816847073 67351.744994514927384
3873 48076.048209831169515 67422.752190743427491
3873.5 48032.657151569204871 67361.752039163926383
3874 48061.500181386931217 67413.499572083979729
3874.5 48089.958639187861991 67449.94740462244954
3875 48054.507500657760829 67399.72884521150263
3875.5 48083.604691997250484 67420.416841566096991
3876 48107.349330063530942 67438.038363835366908
3876.5 48098.832741017678927 67444.418102437979542
3877 48108.328772282155114 67441.489078721555416
3877.5 48089.490324279970082 67455.241453127251589
3878 48087.653678791975835 67453.84561577878776
3878.5 48124.600643759389641 67459.084586182856583
3879 48159.487006225361256 67495.826134701055707
3879.5 48091.158132989992737 67448.374508082808461
3880 48060.186070568815921 67425.149561635174905
3880.5 48104.373775820800802 67474.295813011616701
3881 48193.948821511672577 67572.425966107330169
3881.5 48171.058981078305806 67546.203643770699273
3882 48160.997088959898974 67568.264955932376324
3882.5 48134.012694625518634 67544.961069653727463
3883 48157.115983255440369 67552.377622470492497
3883.5 48159.197295802667213 67574.401726845710073
3884 48131.158290040038992 67554.652495852598804
3884.5 48157.156605626441888 67604.253875262846122
3885 48118.292980752587027 67558.657121320182341
3885.5 48130.379986639745766 67567.850275533637614
3886 48133.58727190503123 67569.950994083003025
3886.5 48116.701740929784137 67568.651752734192996
3887 48174.614969196205493 67631.361072828236502
3887.5 48172.842913423766731 67632.578911637378042
3888 48192.711112576987944 67678.849387780472171
3888.5 48113.157405918369477 67608.542072565469425
3889 48183.644744161269045 67705.317703871056437
3889.5 48158.407862278014363 67671.113931887084618
3890 48147.681197243509814 67660.660230512192356
3890.5 48116.074826847929216 67634.575201993517112
3891 48180.722348846153182 67708.096258760459023
3891.5 48180.399654675922648 67680.835106967162574
3892 48154.552952734069549 67687.614914768506424
3892.5 48193.333552737349237 67731.465389188932022
3893 48192.427897639390721 67723.676407587117865
3893.5 48225.18226771990885 67767.73581043764716
3894 48200.428508975666773 67740.875286506940029
3894.5 48205.312999164205394 67755.922024481857079
3895 48264.731620991275122 67811.08933032155619
3895.5 48158.90673335223255 67676.86165629097377
3896 48170.14662507930916 67707.993749710090924
3896.5 48164.164237752389454 67703.461197361626546
3897 48239.507625932747032 67790.005909167128266
3897.5 48252.135181771314819 67820.158399404303054
3898 48168.03851665253751 67737.290759418217931
3898.5 48184.960201946618326 67753.548772662790725
3899 48210.989985632986645 67772.422379778057802
3899.5 48199.213706190166704 67752.534938554657856
3900 48199.170768467040034 67768.232551922570565
3900.5 48167.679836740753672 67717.567142800151487
3901 48188.915340872714296 67767.406401297237608
3901.5 48196.133293016748212 67784.608868868119316
3902 48157.333828911891032 67730.866182307581767
3902.5 48193.958652645022084 67779.905802542096353
3903 48206.889692371340061 67791.953559519854025
3903.5 48250.278662311538938 67847.53926303240587
3904 48223.193194155435776 67819.480883499752963
3904.5 48237.078092976480548 67843.117551181945601
3905 48251.25884496060462 67849.120215161237866
3905.5 48200.089547861076426 67796.643444411922246
3906 48238.028900020210131 67857.873238094660337
3906.5 48291.98578132998955 67917.733964969171211
3907 48255.097025717528595 67870.257022351201158
3907.5 48260.592011790962715 67862.411492640836514
3908 48259.171273351210402 67886.112325137291919
3908.5 48270.914542741782498 67902.379922885273118
3909 48231.786211539889337 67856.218429561035009
3909.5 48295.236373387575441 67937.822851107775932
3910 48236.399714458479139 67877.074667178021627
3910.5 48268.933682596194558 67936.830720223093522
3911 48263.056746189686237 67942.27211828927102
3911.5 48246.58586209348141 67924.588183724015835
3912 48259.999173863085161 67940.424989122824627
3912.5 48278.127622027073812 67968.426551999014919
3913 48281.445838836116309 67989.051844807967427
3913.5 48251.79603031437 67960.796603036898887
3914 48246.948717071973078 67965.306590087086079
3914.5 48298.956378248323745 68033.376100730893086
3915 48288.050996867918002 68003.091577314320602
3915.5 48250.506568203076313 67986.557566772637074
3916 48305.972651582269464 68056.63851434753451
3916.5 48274.840615422130213 68010.921963664717623
3917 48333.725869221285393 68086.505034443092882
3917.5 48288.589451726453262 68047.884891395195154
3918 48304.92947121468751 68078.818551262898836
3918.5 48266.738428772085172 68038.918546834844165
3919 48314.377308508977876 68097.413846416427987
3919.5 48331.224823563963582 68118.580622951325495
3920 48324.136981246418145 68110.645533242539386
3920.5 48311.402903867332498 68103.500532244186616
3921 48315.997001604038815 68115.469790487069986
3921.5 48303.103249177518592 68106.397293878850178
3922 48311.93763261436834 68124.179756873811129
3922.5 48335.947357631564955 68151.32068130846892
3923 48317.819003289885586 68110.12720913393423
3923.5 48352.798432165443955 68166.95235989773937
3924 48327.810669436163153 68144.260126809153007
3924.5 48320.864611741730187 68113.890307472131099
3925 48338.528808434239181 68158.387234458263265
3925.5 48295.926050426816801 68134.891010110542993
3926 48235.069097549254366 68056.13782479231304
3926.5 48287.701664923115459 68106.71809584381117
3927 48243.974132405106502 68045.657703144999687
3927.5 48297.431178409446147 68146.970662937106681
3928 48299.990596249372174 68138.001731650772854
3928.5 48335.829505891648296 68182.978477769807796
3929 48295.882631188404048 68143.090167603717418
3929.5 48347.799669936874125 68207.162600872470648
3930 48377.358220729664026 68245.374565559395705
3930.5 48326.750073808834713 68190.487806846285821
3931 48342.356748541584238 68230.446050940081477
3931.5 48320.565789891261375 68199.612745207879925
3932 48288.328595764753118 68170.19443615162163
3932.5 48334.547563212669047 68214.347930078452919
3933 48344.050633389662835 68254.68383000457834
3933.5 48338.617332293884829 68269.005554432005738
3934 48341.400673907672171 68250.134824460139498
3934.5 48401.038559572189115 68321.081918700321694
3935 48359.54764658689237 68289.895263956103008
3935.5 48329.079699679852638 68261.974934108075104
3936 48380.995709541974065 68335.232044725664309
3936.5 48367.853752239105233 68303.485465589721571
3937 48388.908744793516234 68322.275289129116572
3937.5 48347.427817676179984 68278.460345468760352
3938 48445.51459572416934 68417.990563163300976
3938.5 48419.462362119360478 68371.226112723452388
3939 48388.387165526313765 68346.583950793996337
3939.5 48380.906253844463208 68341.361533230752684
3940 48420.683761933250935 68400.272514976706589
3940.5 48390.831443977607705 68379.653886302257888
3941 48402.181664726682357 68392.374789058041642
3941.5 48434.401902366102149 68432.404930096163298
3942 48467.877899226710724 68469.532829619362019
3942.5 48417.607222488681145 68422.381878146959934
3943 48411.395364174306451 68428.02962416652008
3943.5 48435.854492667509476 68455.928816509622266
3944 48425.03359984070994 68449.950991804027581
3944.5 48443.489917319275264 68454.975393968838034
3945 48424.07308003804792 68415.371533488825662
3945.5 48407.011996212073427 68412.832727803644957
3946 48427.868869118799921 68450.358407890686067
3946.5 48433.29616042701673 68449.430172288746689
3947 48414.699417811556486 68421.375977889751084
3947.5 48416.330703310326498 68444.686888302458101
3948 48444.865403962205164 68483.901113777683349
3948.5 48446.545523670327384 68493.501820449979277
3949 48495.4730474766111 68535.974387535345159
3949.5 48500.880458329818794 68548.582081718443078
3950 48483.727444116921106 68546.811611764191184
3950.5 48506.393382322312391 68558.564401144627482
3951 48458.264397703700524 68519.862700145691633
3951.5 48465.582677836187941 68524.066393709246768
3952 48499.865189450902108 68562.012185785672045
3952.5 48501.278548708251037 68589.820773954153992
3953 48505.953245815704577 68574.246886688211816
3953.5 48527.690602047143329 68600.180148153580376
3954 48496.181293446614291 68557.113267037100741
3954.5 48537.936143914215791 68596.761252382639213
3955 48554.439467723816051 68643.551336427786737
3955.5 48516.71117713212152 68603.173877126799198
3956 48545.793665805314959 68638.255218441045145
3956.5 48538.163262005633442 68633.387298721208936
3957 48504.1700596494411 68617.544159157172544
3957.5 48481.715782015970035 68601.902596555199125
3958 48492.700494152777537 68624.405025301210117
3958.5 48566.030634699040093 68725.692192802656791
3959 48488.82126321279793 68598.461033984320238
3959.5 48545.826994497248961 68699.644436592701823
3960 48535.671465452447592 68703.962686006983859
3960.5 48526.353739167985623 68672.592718374056858
3961 48542.397994636885414 68690.651781494510942
3961.5 48553.513829954339599 68712.276767543808091
3962 48528.16958112752036 68682.278472085963585
3962.5 48515.09232499988866 68675.727458421883057
3963 48514.56367895854055 68688.535836808339809
3963.5 48509.132578590710182 68678.894427976803854
3964 48476.287149824303924 68636.497726967645576
3964.5 48561.820281419444655 68742.271992029433022
3965 48534.969371344886895 68732.091722250363091
3965.5 48531.893369307363173 68718.975742879643803
3966 48556.43513081351557 68749.717209782902501
3966.5 48512.49340643951291 68706.962466039403807
3967 48523.133399751110119 68729.699932065341272
3967.5 48540.252072456976748 68762.790409849883872
3968 48560.313163871207507 68805.927665080642328
3968.5 48489.275034285099537 68704.559781593212392
3969 48579.052627640245191 68808.020199412567308
3969.5 48553.286862934852252 68786.985759117698763
3970 48591.326313038232911 68845.035006739621167
3970.5 48554.585286406807427 68797.941824878187617
3971 48542.700008049694588 68786.11792607526877
3971.5 48561.283048026583856 68824.047758432599949
3972 48523.719827938366507 68789.721574716124451
3972.5 48538.551029894260864 68801.763578753307229
3973 48576.648673508723732 68830.513256038611871
3973.5 48533.931261875346536 68786.262811904976843
3974 48564.97446293890971 68835.955323445858085
3974.5 48547.602434310494573 68814.208333219852648
3975 48642.863415365922265 68924.323738484003115
3975.5 48561.939004793042841 68821.112522432114929
3976 48650.760514504778257 68940.691765008581569
3976.5 48574.965514806623105 68854.425223848695168
3977 48580.051921995960583 68862.283370012199157
3977.5 48567.664939215115737 68839.830074040393811
3978 48610.879375405944302 68903.62151800954598
3978.5 48573.875238172433455 68855.800991255004192
3979 48632.539029963809298 68941.33338672076934
3979.5 48584.216462061725906 68879.05197608465096
3980 48568.870559588234755 68858.716632219351595
3980.5 48546.383467108928016 68855.042209402512526
3981 48609.327169600888737 68924.562799999228446
3981.5 48589.428002826920419 68896.378775678676902
3982 48523.880024394355132 68812.06216760299867
3982.5 48561.364721925383492 68863.208946037717396
3983 48632.270574269052304 68953.732179695522063
3983.5 48623.36045194669714 68971.601068968768232
3984 48614.319694009449449 68953.445347180706449
3984.5 48659.885019468340033 69009.27099376473052
3985 48657.318122109725664 69005.100961397532956
3985.5 48682.93727161683637 69043.687966993195005
3986 48676.321736017365765 69034.054795234013
3986.5 48637.118119462145842 68996.488545884174528
3987 48636.382492539276427 69008.400371794399689
3987.5 48666.575070781771501 69058.739682829240337
3988 48644.923263202043017 69028.086067723939777
3988.5 48650.459372738463571 69051.369073253037641
3989 48661.22960080987832 69054.172250354036805
3989.5 48666.319608682373655 69054.073263097379822
3990 48650.64985127858381 69044.284634307114175
3990.5 48681.486951067243353 69083.50593913719058
3991 48685.982848605650361 69077.44526321059675
3991.5 48668.023508963728091 69074.110046927526128
3992 48661.802311405663204 69073.848701461276505
3992.5 48661.140218166110571 69056.292339775434812
3993 48600.506594388716621 68989.072589753646753
3993.5 48677.339413472509477 69092.253357339868671
3994 48688.076416620453529 69134.699731433473062
3994.5 48685.004974217350536 69108.256386289591319
3995 48716.757432628124661 69163.995673083161819
3995.5 48657.958659568605071 69102.715840702934656
3996 48677.740709262187011 69118.834430933289696
3996.5 48742.229498497370514 69224.888555276571424
3997 48707.557480906871206 69166.742086097394349
3997.5 48689.795797851467796 69148.523999723183806
3998 48632.635284084091836 69077.332019645735272
3998.5 48690.195294601398928 69154.965924042000552
3999 48678.821816873423813 69169.636004239335307
3999.5 48729.135241205629427 69241.667960447011865
4000 48706.986172836186597 69207.450818415512913
4000.5 48727.765160432798439 69244.230437280712067
4001 48669.386134398693684 69196.072258536456502
4001.5 48706.79425787855871 69241.245821833945229
4002 48741.400598190244636 69285.844849051936762
4002.5 48686.676770386824501 69211.699376681543072
4003 48715.749341978611483 69241.38865414528118
4003.5 48722.979274064222409 69248.437527532354579
4004 48726.688526644633384 69265.04247111742734
4004.5 48693.776036251409096 69212.300598385088961
4005 48745.037488970650884 69291.532099460702739
4005.5 48691.069974093450583 69233.894460921146674
4006 48746.469764435809338 69292.971611070053768
4006.5 48739.682801207905868 69276.698455075151287
4007 48790.865994059910008 69330.315284869808238
4007.5 48791.591201017370622 69348.259440466252272
4008 48750.717796657896542 69319.976815590052865
4008.5 48742.693573232398194 69316.271598763516522
4009 48778.248611278584576 69339.13474310588208
4009.5 48729.621859412553022 69306.340931160666514
4010 48746.030091278975306 69329.653841397477663
4010.5 48709.68683988648263 69297.412148447503569
4011 48771.803135954658501 69389.05496982432669
4011.5 48779.001459171820898 69390.598996909277048
4012 48811.839867868533474 69454.450012039480498
4012.5 48791.949193543936417 69420.935905829333933
4013 48792.854229321041203 69423.878691602920298
4013.5 48804.804594275286945 69444.347986561493599
4014 48783.145259525204892 69410.38000350400398
4014.5 48767.140532996716502 69401.287871772350627
4015 48803.990134616142313 69474.545234660632559
4015.5 48774.853459404344903 69442.429106007853989
4016 48785.993374720615975 69453.023027151633869
4016.5 48797.409779354798957 69478.294032975041773
4017 48834.81661069081747 69525.058173734563752
4017.5 48792.983764485034044 69486.280116704350803
4018 48827.403569870810315 69556.66141884533863
4018.5 48849.572608796406712 69566.390927784377709
4019 48849.35556940852257 69562.588136279504397
4019.5 48874.578014094026003 69582.004413300630404
4020 48813.988787363872689 69529.47015835721686
4020.5 48837.482638330606278 69569.635922112560365
4021 48915.687499861691322 69664.705987727633328
4021.5 48883.09965786452085 69631.31902715274191
4022 48842.427494106537779 69601.330420929254615
4022.5 48833.222483780817129 69589.836176987664658
4023 48821.098595536008361 69574.967974377519567
4023.5 48831.547475893021328 69575.156427047069883
4024 48829.31593475776026 69584.310044210549677
4024.5 48826.667074945071363 69610.041719838307472
4025 48818.679543154132261 69574.49759356546565
4025.5 48831.748210823410773 69592.870845335695776
4026 48878.599346946037258 69659.426468996796757
4026.5 48843.735790264392563 69613.545457815926056
4027 48828.409495229971071 69587.468427490457543
4027.5 48835.106801993577392 69603.253849420274491
4028 48863.900854802559479 69645.327175468031783
4028.5 48916.624768453781144 69708.485171433101641
4029 48912.966957749209541 69709.114153096234077
4029.5 48872.454965820797952 69674.916154842620017
4030 48866.397422788584663 69671.337548935654922
4030.5 48877.070588544200291 69658.787051599225379
4031 48878.833960320735059 69664.567294698936166
4031.5 48871.788879946121597 69653.293143852992216
4032 48901.107852325556451 69717.180438868250349
4032.5 48893.407890707268962 69726.171118621437927
4033 48899.587697820214089 69733.169165989529574
4033.5 48877.335151757462882 69715.811436052710633
4034 48912.168642156757414 69777.217227166387602
4034.5 48847.090569460531697 69685.61922777853033
4035 48958.758648127433844 69841.989166151397512
4035.5 48908.072181347924925 69769.06795248851995
4036 48961.755268816428725 69843.5234901055519
4036.5 48882.142112389141403 69761.908477661316283
4037 48925.638336863623408 69815.789306220322032
4037.5 48967.088686934301222 69881.059283803944709
4038 48933.519330765535415 69830.772183506531292
4038.5 48932.076245805932558 69834.173806374412379
4039 48896.702056620983058 69803.843933262382052
4039.5 48893.942257183844049 69828.312368854720262
4040 48924.896890398485994 69845.260799797062646
4040.5 48891.34471956215566 69823.796541083516786
4041 48897.123219684806827 69846.588812810252421
4041.5 48942.344526578803197 69899.031965045098332
4042 48910.044918576524651 69877.339057681587292
4042.5 48980.842739383217122 69953.247458450350678
4043 48982.92392378331715 69952.606705092446646
4043.5 48945.609413000071072 69906.983551666606218
4044 48949.232270781591069 69917.320050377398729
4044.5 48974.303963212951203 69976.330594462458976
4045 48957.001783587445971 69936.849892723970697
4045.5 48914.529575544263935 69892.373026004221174
4046 48973.01399159104767 69953.443658905627672
4046.5 49006.79889793505572 69992.016104838447063
4047 48963.185579821722058 69956.471530435956083
4047.5 48991.343136002338724 69992.062023177364608
4048 48966.226061547633435 69941.663374316907721
4048.5 49008.391711103846319 69987.31317030522041
4049 48945.570058567762317 69917.765699663461419
4049.5 49008.53023736456089 70002.202230764451087
4050 48974.164350404455035 69964.022094727537478
4050.5 49000.81679997566971 70009.700861859164434
4051 48968.256652108124399 69972.534371412810287
4051.5 49004.654881323127483 70011.474929588381201
4052 49022.305981183599215 70027.341317033075029
4052.5 49034.908950733813981 70043.05941233910562
4053 49041.119097088419949 70073.375189671263797
4053.5 49025.104073394977604 70045.715868494007736
4054 48983.337030724738725 70026.428854562720517
4054.5 49020.994388521699875 70063.384185480157612
4055 49067.682552834354283 70128.237277315958636
4055.5 49031.635251255225739 70083.749563313263934
4056 49023.915781991527183 70080.856276671780506
4056.5 49042.534114776855859 70085.162171877367655
4057 49018.659939533237775 70060.79949864615628
4057.5 49078.179167008551303 70144.073478072299622
4058 49120.306173332435719 70215.698725369380554
4058.5 49074.18158571911772 70151.439086751182913
4059 49084.097050045231299 70180.704982184848632
4059.5 49090.938498135539703 70188.739795338799013
4060 49045.237106227090408 70141.224893269289169
4060.5 49069.989547523924557 70176.987388696958078
4061 49095.643072530903737 70197.284412942899507
4061.5 49118.523625745430763 70247.599469127148041
4062 49097.59081603022787 70221.431725055357674
4062.5 49083.702622033095395 70208.917169479042059
4063 49079.224878921500931 70239.8479580670828
4063.5 49138.600043986043602 70302.136202185924049
4064 49071.360041007879772 70242.522337562215398
4064.5 49083.174581832754484 70255.503507508692564
4065 49098.510067270814034 70292.637715860575554
4065.5 49102.137093109136913 70313.780277131023468
4066 49082.719396615764708 70297.621654254049645
4066.5 49133.775782475611777 70347.410209173947806
4067 49115.421122360552545 70360.157091341912746
4067.5 49046.92988576857897 70273.826973671937594
4068 49060.164897023249068 70274.678645989013603
4068.5 49077.167979670317436 70292.023298273386899
4069 49105.489360587736883 70356.520754705779837
4069.5 49138.356496877211612 70411.817365157970926
4070 49098.482722725770145 70343.23129613463243
4070.5 49118.197271001561603 70379.407423036449472
4071 49119.68523594582075 70366.952932896834682
4071.5 49134.101040142973943 70384.939129025951843
4072 49082.132320966207772 70344.811182906312752
4072.5 49121.710942269157385 70408.731842671142658
4073 49113.178207532735541 70407.405733012215933
4073.5 49174.406171858739981 70467.558450126743992
4074 49126.501291323023906 70431.578631936878082
4074.5 49148.978999448139803 70452.798970574120176
4075 49165.532630853718729 70468.457711931201629
4075.5 49172.68065161951381 70473.05966331838863
4076 49137.083751687998301 70422.238120117777726
4076.5 49184.34392617514095 70494.809635019293637
4077 49192.813932253993698 70516.14556878489384
4077.5 49088.371799631051545 70388.799025106724002
4078 49121.92226797749754 70416.221992663398851
4078.5 49093.630999029846862 70401.706063714431366
4079 49142.662836795840121 70470.674489382319734
4079.5 49200.760085999732837 70542.325074740379932
4080 49187.149243948297226 70507.264507428059005
4080.5 49131.792338428742369 70464.117429099525907
4081 49164.056580447984743 70514.565850117010996
4081.5 49196.839564723399235 70586.196612087485846
4082 49118.311541404225864 70499.815582360504777
4082.5 49203.206641518670949 70596.922103479140787
4083 49165.361098171953927 70556.122516056726454
4083.5 49171.856089830493147 70575.162710126169259
4084 49130.70715117353393 70519.474546762983664
4084.5 49170.742151905404171 70574.239594479920925
4085 49150.31062638246658 70534.241412021947326
4085.5 49220.191932556524989 70634.786286814225605
4086 49140.079364943318069 70513.792570824327413
4086.5 49226.13330473293172 70615.220447852887446
4087 49148.307044501467317 70514.212557994367671
4087.5 49173.430617115838686 70565.415556593012298
4088 49179.04401481255627 70559.750751538740587
4088.5 49247.457042754955182 70639.108040339400759
4089 49174.949876798273181 70571.422853775758995
4089.5 49216.226202085563273 70637.27437520485546
4090 49208.093765359131794 70629.699343592074001
4090.5 49209.755842767459399 70649.505762704313383
4091 49207.471680064387328 70625.521254960578517
4091.5 49153.858916644196142 70565.383552591025364
4092 49180.295500178865041 70593.713191140006529
4092.5 49194.464392898313235 70618.455589736826369
4093 49201.135701913983212 70612.170868503948441
4093.5 49247.397765729947423 70673.121154930864577
4094 49172.883418615085247 70583.324396325435373
4094.5 49218.054865640988282 70637.355825573846232
4095 49211.174884835134435 70636.146473597502336
4095.5 49217.501705906521238 70648.503147089577396
4096 49238.640790469391504 70666.434389936417574
4096.5 49271.754785037148395 70717.540905091620516
4097 49271.48152816183574 70718.940056510793511
4097.5 49284.260374780758866 70749.852694571061875
4098 49305.766183046987862 70786.4325445862778
4098.5 49281.909927296546812 70750.350599210447399
4099 49306.997096732869977 70775.90582217546762
4099.5 49292.346054152018041 70737.6110141385725
4100 49292.17129217339243 70770.072839336033212
4100.5 49279.503480676590698 70754.130969889913104
4101 49281.428748889033159 70741.435511511575896
4101.5 49316.095450733584585 70784.743929113348713
4102 49324.927034509564692 70796.449922390500433
4102.5 49324.4128044477402 70783.649107460470987
4103 49282.687861249462003 70752.020899589144392
4103.5 49305.204938526563637 70796.909832404417102
4104 49338.78439581139537 70860.207303252260317
4104.5 49322.758200365526136 70832.436934229772305
4105 49311.738573933907901 70823.121143420881708
4105.5 49301.31428778595 70804.750582827371545
4106 49396.580425416985236 70925.647261873498792
4106.5 49357.636644104633888 70874.608500326939975
4107 49316.68104762682924 70825.852054947667057
4107.5 49266.225150488899089 70782.543978911315207
4108 49332.498204875795636 70850.430372341303155
4108.5 49326.578535646105593 70859.373242902802303
4109 49314.166809811940766 70841.933587571853423
4109.5 49359.838364478309813 70895.378184565255651
4110 49328.323606411235232 70877.951084626693046
4110.5 49301.887089226736862 70854.862107461100095
4111 49325.522767607915739 70867.479677744398941
4111.5 49321.720918451566831 70880.418897066134377
4112 49284.394918366044294 70843.867743553550099
4112.5 49307.13942734846205 70874.673605489195324
4113 49311.46872693097248 70887.046684850763995
4113.5 49349.128888488521625 70913.406625714182155
4114 49347.409643053033506 70905.503602253564168
4114.5 49345.88880832670111 70940.433026194295962
4115 49341.178244649381668 70943.509418794114026
4115.5 49333.652047878516896 70956.861516160381143
4116 49311.229725836252328 70920.969781222331221
4116.5 49324.576693387156411 70954.966764351440361
4117 49339.397674875661323 70962.976858614973025
4117.5 49279.183684543007985 70913.872470656293444
4118 49257.24617009999929 70881.577489024348324
4118.5 49290.779434104922984 70928.132685801014304
4119 49263.710436422195926 70892.84712054078409
4119.5 49312.512368574651191 70971.138276303885505
4120 49375.630219509381277 71066.090766191991861
4120.5 49284.926078719814541 70940.94737913282006
4121 49332.103505421888258 71004.050421079562511
4121.5 49371.677752410418179 71072.180633582931478
4122 49373.691696678899461 71100.094688305194722
4122.5 49381.102261135529261 71112.445210385369137
4123 49362.283222609548829 71081.882971276849275
4123.5 49327.517081757374399 71016.135941904532956
4124 49339.668694142259483 71029.567040315407212
4124.5 49378.514415258490772 71081.715874867048115
4125 49353.293013706475904 71060.496719044735073
4125.5 49352.182902245258447 71057.261753696147935
4126 49362.128994083745056 71058.380046127043897
4126.5 49413.039496019868238 71128.808609041661839
4127 49379.976732656534296 71100.455346204602392
4127.5 49356.520083691415493 71095.552960911751143
4128 49371.234032188418496 71117.719137838779716
4128.5 49416.244526857240999 71167.226439619320445
4129 49409.262768334301654 71165.927291297717602
4129.5 49479.733978970914904 71256.038097362063127
4130 49433.321368248653016 71181.382416500870022
4130.5 49422.40537350311206 71151.52493739577767
4131 49471.591678353004681 71229.961273143126164
4131.5 49432.015524514456047 71190.990268179870327
4132 49492.787903238837316 71270.252917933772551
4132.5 49498.234558007046871 71275.317432061230647
4133 49472.951667107459798 71253.886028080029064
4133.5 49451.462189516503713 71249.26044332026504
4134 49460.220717760646949 71254.73447025079804
4134.5 49457.827921086493006 71250.982189040354569
4135 49467.059241269118502 71250.426168189063901
4135.5 49462.561482617922593 71258.679066166703706
4136 49421.435659998365736 71213.843216639623279
4136.5 49476.293180949556699 71290.899746736307861
4137 49504.298115974983375 71313.433552777889417
4137.5 49502.861568517073465 71324.748554460384184
4138 49488.888577325073129 71325.391931697318796
4138.5 49424.166050793995964 71242.930534098413773
4139 49461.669739380529791 71294.502541142763221
4139.5 49461.077756802951626 71303.385833834225195
4140 49381.303489726517 71222.563038617896382
4140.5 49452.21708303228661 71294.387982542350073
4141 49471.317947498202557 71344.985495748973335
4141.5 49532.081971893509035 71415.74795953296416
4142 49515.074010976648424 71402.01937483905931
4142.5 49487.509406869023223 71361.757548332083388
4143 49509.157551049494941 71390.21981589520874
4143.5 49534.452254288087715 71430.857656435458921
4144 49475.536311358351668 71381.257621385448147
4144.5 49506.055795318185119 71417.688908190510119
4145 49532.04682187421713 71453.364263431998552
4145.5 49478.813114368662355 71397.662142922388739
4146 49541.658080928995332 71483.319587603895343
4146.5 49499.615854777461209 71453.765311324226786
4147 49490.541042258417292 71422.566519050727948
4147.5 49507.968912374104548 71473.332353797668475
4148 49468.639136100304313 71427.784621949438588
4148.5 49498.666799120343057 71441.418495421166881
4149 49537.825399494082376 71488.915187566060922
4149.5 49527.174119964853162 71495.297854451811872
4150 49532.769147461585817 71491.956364548372221
4150.5 49503.400617336083087 71457.167086610759725
4151 49558.5451384937478 71548.401314569360693
4151.5 49561.84730904418393 71552.636530851319549
4152 49553.070648101864208 71537.528188410957227
4152.5 49533.511920759730856 71517.18200329967658
4153 49566.660053308369243 71573.547214999125572
4153.5 49568.208254366545589 71560.902279846326564
4154 49517.810591623907385 71529.000036714380258
4154.5 49570.497905809083022 71614.905280801453046
4155 49561.878966347299865 71600.101787071907893
4155.5 49546.628574213813408 71600.349929477379192
4156 49507.497298796311952 71556.271693504560972
4156.5 49575.849194205031381 71640.651437286986038
4157 49565.919235151224711 71620.374221296486212
4157.5 49576.13369267222879 71654.964083569822833
4158 49571.829996976259281 71666.982611803439795
4158.5 49625.629709753855423 71742.689631951143383
4159 49639.194654520651966 71752.503057314577745
4159.5 49601.420705804674071 71726.443338100463734
4160 49588.572795232001226 71714.817727799643762
4160.5 49628.799241815715504 71737.385560923750745
4161 49618.608016816819145 71735.717375921274652
4161.5 49639.02716375921591 71788.904799893440213
4162 49638.539695698862488 71780.504933757707477
4162.5 49631.020779274163942 71763.067429864357109
4163 49636.903989548234676 71764.397105647192802
4163.5 49605.501088760065613 71740.460101283533731
4164 49630.661430533014936 71777.939004588319222
4164.5 49589.540387045752141 71729.170609578985022
4165 49629.220342026608705 71762.316472236692789
4165.5 49617.790514075830288 71766.801022265994106
4166 49693.787940785492538 71871.652484203150379
4166.5 49678.398476034839405 71840.920889790126239
4167 49702.066670067870291 71874.393288516977918
4167.5 49681.065597309003351 71876.710284948494518
4168 49727.790621073785587 71932.6065198762808
4168.5 49647.966146293743805 71868.480871553474572
4169 49680.188340336877445 71884.984467623697128
4169.5 49678.105889664569986 71901.076832091668621
4170 49697.90209085681272 71924.752062158979243
4170.5 49726.77364049469179 71960.300157639925601
4171 49686.995244821555389 71910.341248454569723
4171.5 49668.182405441672017 71877.176362935584621
4172 49710.367695905995788 71949.66771578846965
4172.5 49661.802214630537492 71892.314053425609018
4173 49702.742363934237801 71941.566466828066041
4173.5 49714.594080671340635 71976.846789319635718
4174 49678.662952318969474 71931.563679947896162
4174.5 49749.260113184624061 72012.993455377931241
4175 49716.580534387605439 71986.884152140148217
4175.5 49716.839515337072953 72007.195762230127002
4176 49744.476131423740298 72037.979663136968156
4176.5 49696.559960246057017 71992.939063594996696
4177 49743.724947293114383 72037.498167621393804
4177.5 49721.982628272882721 72019.972706467699027
4178 49726.908602173927648 72029.558352404084872
4178.5 49755.515770181526022 72054.624729973496869
4179 49766.93319368219818 72093.299827730370453
4179.5 49736.78757004506042 72033.188181453078869
4180 49695.366388854861725 71993.609165458809002
4180.5 49742.867582347185817 72057.070838599756826
4181 49688.669466607694631 71993.760035675019026
4181.5 49679.485263430746272 72000.528847674140707
4182 49688.813053090787434 72010.77269154060923
4182.5 49748.913290798678645 72081.104422175543732
4183 49750.344303837839107 72094.858408037631307
4183.5 49749.810751647455618 72090.145703910689917
4184 49762.845082121013547 72116.778988874983042
4184.5 49803.699617553698772 72173.500019234459614
4185 49760.820075458163046 72134.54793849698035
4185.5 49820.365906896702654 72185.69059837696841
4186 49869.504694503179053 72230.443434802931733
4186.5 49859.066708130099869 72240.409849352799938
4187 49783.220310218464874 72153.617234915756853
4187.5 49741.007268712950463 72121.986521522048861
4188 49762.000601808940701 72145.089442428623443
4188.5 49760.057272994359664 72136.759386630728841
4189 49765.925115848847781 72126.471547589258989
4189.5 49739.383690443959495 72122.597463293277542
4190 49799.940743552084314 72185.471244531159755
4190.5 49800.969471979085938 72159.440842615469592
4191 49817.436914644378703 72199.242623784157331
4191.5 49821.322292319397093 72228.600182694426621
4192 49816.786877967686451 72245.509644628677052
4192.5 49780.912045058481453 72177.903981418654439
4193 49827.908967468087212 72247.00045903318096
4193.5 49808.979083564401662 72223.021342020729207
4194 49791.970414135634201 72205.869885325548239
4194.5 49825.489905284455745 72249.683130409670412
4195 49847.544105727800343 72293.469552561844466
4195.5 49854.108762050964287 72286.447313452896196
4196 49891.947602318898134 72331.491448175627738
4196.5 49846.427220692952687 72260.127666645508725
4197 49870.711237179508316 72302.500163315722602
4197.5 49829.598920822012587 72255.970186540056602
4198 49842.24251852100133 72271.909595246688696
4198.5 49812.661162741263979 72246.943885476415744
4199 49781.426519336673664 72207.950721811997937
4199.5 49853.475613740702101 72306.606708913313923
4200 49841.222210787047516 72267.447524650051491
4200.5 49867.211349737423006 72311.297415596229257
4201 49888.658950699900743 72368.35492599265126
4201.5 49883.492917637791834 72351.647397687367629
4202 49897.49743095481972 72371.566522987181088
4202.5 49898.973953327811614 72365.153032387126586
4203 49858.829536333454598 72335.96948456040991
4203.5 49932.306394812119834 72446.128771900010179
4204 49896.476611493708333 72410.304606530218734
4204.5 49884.965938101573556 72401.420000206300756
4205 49927.004586129449308 72435.71256134667783
4205.5 49918.783377538966306 72429.147660525282845
4206 49855.574761982876225 72353.435132383106975
4206.5 49881.151215675839921 72412.103712465395802
4207 49885.011109998798929 72384.955945759036695
4207.5 49911.376680085821135 72424.249453106152941
4208 49858.204679874870635 72360.398143608952523
4208.5 49913.317203537641035 72434.821827690160717
4209 49878.315422908468463 72424.153748456563335
4209.5 49834.632419318069878 72364.430362927552778
4210 49865.520529531349894 72416.851355926934048
4210.5 49863.017173178450321 72413.81073367978388
4211 49896.606613720439782 72461.318862780346535
4211.5 49938.482328790749307 72506.408012745348969
4212 49882.707836168185167 72458.459218029951444
4212.5 49911.265703332122939 72495.469224310058053
4213 49939.197841623703425 72548.154286916105775
4213.5 49909.548294084786903 72495.308462993052672
4214 49932.164967298638658 72558.160166221903637
4214.5 49916.107406636525411 72527.539321687057964
4215 49889.210288070484239 72492.973393541265978
4215.5 49944.592278835851175 72564.094684229814447
4216 49912.222906901210081 72522.506984784689848
4216.5 49903.865543932668515 72525.159783475159202
4217 49935.531591631566698 72567.662470667841262
4217.5 49954.834435636941635 72584.643772924449877
4218 49942.164855505543528 72593.859966348099988
4218.5 49981.758876986037649 72636.960736549168359
4219 50007.219842179780244 72682.869387590166298
4219.5 49963.701398511191655 72635.823822636564728
4220 49973.197288000133995 72641.866106695873896
4220.5 50033.606740136805456 72725.291501343308482
4221 49960.933615967114747 72652.942721066268859
4221.5 49968.03071598855604 72657.5490158800676
4222 49938.477072729176143 72614.406218712058035
4222.5 50038.574040589512151 72746.294788472907385
4223 49980.919489814914414 72680.331305683721439
4223.5 49951.077325402497081 72650.012980209110538
4224 50015.477843814136577 72735.617168365599355
4224.5 49999.101498423136945 72718.639630917270551
4225 50028.242692928652104 72752.424305827196804
4225.5 50057.936352624048595 72800.103773550712503
4226 49970.331489051859535 72695.387766395127983
4226.5 49984.294961540654185 72718.228888886558707
4227 49975.263285721979628 72698.829501856933348
4227.5 50012.984529511893925 72734.397404366653063
4228 50015.849529172104667 72763.791861233970849
4228.5 50034.890364220118499 72792.146323125634808
4229 49997.381665600689303 72758.485587158531416
4229.5 50046.675621721798962 72822.524984691073769
4230 50019.963568443024997 72784.765139735740377
4230.5 49959.595223788266594 72724.533596714332816
4231 50062.320187254008488 72844.575369976300863
4231.5 50091.753333257642225 72860.194468588728341
4232 50030.622012267471291 72814.948334147877176
4232.5 50048.733572552715486 72864.02248128678184
4233 50070.564582494815113 72859.820527373361983
4233.5 50038.032015812081227 72814.558264298335416
4234 50032.993460231693462 72817.473439427878475
4234.5 50061.485651950519241 72843.521401895879535
4235 50036.92511201860907 72813.333982476149686
4235.5 49996.051205017654866 72766.724892974278191
4236 50082.024587078973127 72880.469554140712717
4236.5 50073.453439245029585 72861.4243111370306
4237 50108.115633224129851 72924.025534868429531
4237.5 50045.081495308833837 72845.079949508828577
4238 50103.256877604813781 72927.260800469666719
4238.5 50061.840543012003764 72867.568434226894169
4239 50085.043544475200179 72915.284357924610958
4239.5 50036.206149599689525 72864.361096055887174
4240 50039.230147657362977 72865.477720167953521
4240.5 50117.584398983373831 72989.962308325862978
4241 50055.161891875221045 72889.740036832095939
4241.5 50049.352504972623137 72902.66714150783082
4242 50065.27527375498903 72952.964601273546577
4242.5 50074.501685439077846 72946.989093837022665
4243 50128.394521885500581 73018.275836507571512
4243.5 50127.370003933065163 73038.824803321243962
4244 50177.381618645522394 73097.597846867458429
4244.5 50129.967081169648736 73048.638490563636879
4245 50109.045773434008879 73044.766869037761353
4245.5 50129.777167893204023 73080.989603320791502
4246 50116.076888220602996 73085.12495850979758
4246.5 50091.68831546598085 73073.854511411453132
4247 50104.606238916909206 73077.877904934808612
4247.5 50112.576740752607293 73083.751634726955672
4248 50173.096468429219385 73182.489772936954978
4248.5 50176.037564884602034 73193.065395472673117
4249 50155.003786276676692 73153.536134064692305
4249.5 50132.999409198739158 73123.087915726617211
4250 50205.238480113206606 73212.423355045437347
4250.5 50112.0922404689627 73112.952652597465203
4251 50154.375132110792038 73202.484411803801777
4251.5 50136.664197013116791 73186.894489728394547
4252 50172.524374921842536 73225.248643267783336
4252.5 50125.25455748969398 73176.047526769631077
4253 50147.18489008256438 73180.638377884053625
4253.5 50101.463575966736244 73139.157277898018947
4254 50134.687724019306188 73197.055416463685106
4254.5 50130.064385876306915 73196.835380243996042
4255 50165.782131808744452 73253.771330387738999
4255.5 50195.718352477830194 73302.812631434877403
4256 50175.134890433277178 73275.596380103175761
4256.5 50192.951140090772242 73291.18900861441216
4257 50115.432260665176727 73188.551139388597221
4257.5 50118.869175205349165 73203.95408717468672
4258 50145.422256193523936 73227.436450329638319
4258.5 50112.34554336014844 73215.087526271687238
4259 50119.145280221593566 73225.348455549756181
4259.5 50167.223319542681566 73282.009849324327661
4260 50146.646041563850304 73252.914325722013018
4260.5 50134.091564935501083 73220.338568565523019
4261 50180.659877504462202 73290.728175780270249
4261.5 50197.900380569670233 73337.340944193434552
4262 50184.452083495998522 73342.011844003252918
4262.5 50175.452714838749671 73346.917614848833182
4263 50172.170438658446074 73338.003577254756237
4263.5 50178.442979932617163 73334.019263195557869
4264 50206.209801157536276 73377.927157895916025
4264.5 50132.963671978453931 73299.138755905660219
4265 50208.244307240769558 73399.385320446293917
4265.5 50178.171355883641809 73372.167098190897377
4266 50181.786279325089708 73384.087850751646329
4266.5 50243.971057189461135 73426.402825530705741
4267 50239.011400619703636 73418.338793353774236
4267.5 50175.44557540108508 73358.429147749615368
4268 50164.882341420954617 73377.664111492020311
4268.5 50178.337259935084148 73384.226893378247041
4269 50213.617284020721854 73444.000774810643634
4269.5 50219.092833793591126 73433.050537293194793
4270 50206.92234126166295 73409.160705339047126
4270.5 50241.616292959275597 73486.640369691493106
4271 50270.032069788758236 73526.363873680194956
4271.5 50254.081963907170575 73504.047790238677408
4272 50266.454956483648857 73549.753078063760768
4272.5 50227.660200166952563 73490.0968367572641
4273 50249.380695341373212 73524.134606287654606
4273.5 50262.988879789343628 73528.473558119352674
4274 50267.234586973041587 73533.862598499879823
4274.5 50246.691957485476451 73528.794841286697192
4275 50197.495134966957266 73472.458137407229515
4275.5 50260.389152916963212 73534.985141551325796
4276 50290.128940939255699 73578.274692195773241
4276.5 50235.34555540009751 73514.85293570603244
4277 50243.36224507955194 73538.504452470195247
4277.5 50221.663639500096906 73530.67448109711404
4278 50250.037562222503766 73563.57093594140315
4278.5 50194.060550850146683 73484.532769363140687
4279 50202.432744143552554 73504.402561340626562
4279.5 50252.151626260805642 73569.280329787681694
4280 50266.332187266154506 73589.240892349043861
4280.5 50253.505766079390014 73575.841097088632523
4281 50276.798589463236567 73604.53482016675116
4281.5 50299.412265298080456 73638.595862652029609
4282 50311.061354488709185 73652.860331683201366
4282.5 50241.004170020009042 73566.751446045731427
4283 50275.865371663065162 73616.115498970873887
4283.5 50263.000485052805743 73628.815331225108821
4284 50327.704891503824911 73707.59004596772138
4284.5 50282.284258826970472 73657.511755568266381
4285 50265.873146903482848 73634.106769198406255
4285.5 50299.240733491249557 73667.57146404570085
4286 50345.235498932677729 73714.364816388275358
4286.5 50327.015166470519034 73693.943959308700869
4287 50327.760096148020239 73708.881357088845107
4287.5 50297.631296072562691 73675.943011175302672
4288 50254.976169184010359 73613.158844365811092
4288.5 50329.445144618293853 73722.451854260070832
4289 50311.058742068984429 73697.0116058257845
4289.5 50303.988956939756463 73710.069867273545242
4290 50376.819531945504423 73785.326986930012936
4290.5 50326.752668044908205 73739.295898052820121
4291 50303.681215853786853 73726.739213157066843
4291.5 50348.083831411066058 73773.779127764457371
4292 50285.493127109541092 73702.997712405442144
4292.5 50284.546095067089482 73702.620038003195077
4293 50335.2589711095643 73762.366306612748303
4293.5 50356.5193662530437 73774.794465505809058
4294 50325.130291930101521 73740.559450736938743
4294.5 50363.540797660141834 73822.729809617609135
4295 50322.396996409726853 73768.39595934204408
4295.5 50331.335704554185213 73789.001856192393461
4296 50325.423284271964803 73792.684293314348906
4296.5 50306.016092868099804 73776.483145033300389
4297 50351.23436825312092 73828.735944809071952
4297.5 50351.498784808267374 73851.018894950408139
4298 50338.56649716294487 73858.38997171423398
4298.5 50370.962911720627744 73869.835985245794291
4299 50420.204592209731345 73939.378532586444635
4299.5 50402.492219714942621 73936.84609670570353
4300 50363.633109001108096 73884.983718769464758
4300.5 50323.814453449122084 73822.21764231553243
4301 50365.446569029387319 73898.443011165814823
4301.5 50316.302287154532678 73824.976961395994294
4302 50340.605281975877006 73869.830575132189551
4302.5 50324.214087703076075 73847.787778409430757
4303 50351.608271845449053 73883.51023562993214
4303.5 50387.286183534248266 73926.057537937653251
4304 50420.122798162687104 73972.037035710949567
4304.5 50390.009908548578096 73948.679533295420697
4305 50408.790648675210832 73951.789090292702895
4305.5 50351.057772956664849 73916.077581746241776
4306 50325.193413997236348 73890.784353962575551
4306.5 50385.452843794708315 73959.74736837335513
4307 50404.374802823404025 73983.286266213981435
4307.5 50469.610308067974984 74095.311065355796018
4308 50382.909219089342514 74010.780048597167479
4308.5 50401.542399231038871 74015.128424199021538
4309 50405.937975264132547 74031.170593318558531
4309.5 50444.702660546579864 74079.898235583095811
4310 50413.457483210542705 74067.963463667329052
4310.5 50424.919496899361548 74051.286660053199739
4311 50441.752122164230968 74090.499393571401015
4311.5 50460.502095891715726 74120.593292881370871
4312 50435.486046932295721 74083.866443983089994
4312.5 50391.236146522169292 74038.445206481410423
4313 50358.309136471820239 74004.501339001493761
4313.5 50430.951526810837095 74106.049815939681139
4314 50437.242051737062866 74101.66753574842005
4314.5 50474.327717689724523 74173.594170180120273
4315 50464.371458583584172 74161.427659781242255
4315.5 50402.483314283526852 74087.154057844454655
4316 50416.860329874172749 74113.346245354696293
4316.5 50410.52379722121259 74120.935213406773983
4317 50388.416693520070112 74105.013902680540923
4317.5 50406.055327186601062 74123.178523801165284
4318 50333.836285415003658 74018.140537273546215
4318.5 50403.16192698218947 74145.030192243109923
4319 50475.024058430390141 74241.464140559895895
4319.5 50439.502267035473778 74192.09859750571195
4320 50458.907457518092997 74226.120253330940614
4320.5 50490.589695269343792 74271.170393302265438
4321 50427.539842467464041 74180.328412798393401
4321.5 50461.431674453415326 74251.397473685312434
4322 50457.668595013172308 74233.093339136525174
4322.5 50444.679130980694026 74205.685388452009647
4323 50397.082310547288216 74180.687963499382022
4323.5 50472.671623838708911 74275.948945163137978
4324 50532.902226169841015 74353.954451454890659
4324.5 50474.246422167561832 74280.360447244514944
4325 50481.403583813473233 74298.985583136120113
4325.5 50548.457652537566901 74382.884624529178836
4326 50507.55605116247898 74349.891109728923766
4326.5 50519.877055435375951 74352.134027414183947
4327 50522.319726034576888 74349.298197913638433
4327.5 50498.151594844421197 74338.694479113677517
4328 50486.552274713205406 74333.449850470788078
4328.5 50448.675192455011711 74291.785888587342924
4329 50541.35933503639535 74422.692854287364753
4329.5 50487.297654957612394 74369.669167744912556
4330 50476.250241606852796 74344.4777913177968
4330.5 50526.174264908266196 74408.096792853189982
4331 50530.107847707040492 74402.61740809501498
4331.5 50508.535288330327603 74403.246387386039714
4332 50521.099170165252872 74405.042410337759065
4332.5 50548.038782289695519 74449.575404755989439
4333 50557.115175683880807 74443.90883220770047
4333.5 50550.438048379859538 74475.285676463099662
4334 50518.87719461973029 74434.433942639574525
4334.5 50478.695290678813762 74379.506025717317243
4335 50522.900925066191121 74440.541777760110563
4335.5 50533.503607923536038 74467.67726668616524
4336 50503.492368961145985 74430.632882839592639
4336.5 50537.178976786846761 74492.582303116694675
4337 50513.06946247468295 74472.908725355300703
4337.5 50445.652966730784101 74371.852089799038367
4338 50519.181692125173868 74480.090095380219282
4338.5 50502.888820574160491 74465.067617804481415
4339 50526.949791475759412 74468.856852950892062
4339.5 50589.277500532931299 74560.612092522787862
4340 50568.924952900335484 74552.722077361046104
4340.5 50584.710341579710075 74551.026143420691369
4341 50554.825262118196406 74517.403798979139538
4341.5 50600.23884736499167 74586.623149479288259
4342 50618.78709074229846 74624.572675665811403
4342.5 50548.095484144512739 74527.656478412667639
4343 50501.728630979006994 74474.376979373424547
4343.5 50622.132720570640231 74634.327324781843345
4344 50625.898815265165467 74626.698916455439758
4344.5 50635.55073291867302 74646.163505967444507
4345 50641.935678521651425 74655.479376716713887
4345.5 50551.67690376281098 74550.703359474719036
4346 50580.076655332610244 74591.331573318951996
4346.5 50632.423471839123522 74638.48607218300458
4347 50633.236181945278076 74657.244880786034628
4347.5 50625.237354826800583 74650.426311800503754
4348 50656.116085637484503 74688.483547477328102
4348.5 50621.984087817232648 74654.606657426789752
4349 50604.088134618657932 74641.590454672419582
4349.5 50616.440314101557306 74632.615165681898361
4350 50644.436908382995171 74696.06284018723818
4350.5 50634.910190601432987 74663.413573638419621
4351 50640.604167520774354 74695.336350623343606
4351.5 50627.498998680624936 74678.162830853951164
4352 50611.133475979149807 74651.925428704518708
4352.5 50631.85201861798123 74688.356070971567533
4353 50720.631387646200892 74791.219710918507189
4353.5 50601.042727577376354 74673.180457507216488
4354 50641.226440037571592 74718.115779917658074
4354.5 50688.556324429926462 74762.018062283459585
4355 50621.151514754048549 74682.331759340551798
4355.5 50675.807272353122244 74782.274986028074636
4356 50683.816897127988341 74776.482310761814006
4356.5 50646.392098376454669 74753.170559048608993
4357 50666.417141622870986 74801.425650028526434
4357.5 50671.456568975969276 74807.312040340868407
4358 50674.085624043400458 74803.838989260504604
4358.5 50703.177311312269012 74853.420980846844031
4359 50692.820269786592689 74849.442384569178103
4359.5 50715.500398037904233 74879.536521438581985
4360 50658.01467399179819 74810.085969518200727
4360.5 50644.463032209096127 74800.012260844378034
4361 50635.653610406428925 74806.673305692558642
4361.5 50665.944505076193309 74835.236647160068969
4362 50677.100404002376308 74871.581616243202006
4362.5 50693.338636848704482 74901.349600305518834
4363 50687.629424920676684 74890.457028901830199
4363.5 50670.284957966156071 74875.69078191393055
4364 50709.293216242745984 74950.487745953767444
4364.5 50657.101278040689067 74872.035049732599873
4365 50713.17094545483269 74940.992857246063068
4365.5 50796.747128467461152 75052.849193886693683
4366 50717.034758335299557 74958.516752562005422
4366.5 50781.0445122999663 75031.577971730963327
4367 50735.956459226574225 74958.237828317956883
4367.5 50786.420571278533316 75020.724922695051646
4368 50745.684703112434363 74961.410178328340407
4368.5 50811.96875972491398 75053.823899902126868
4369 50790.286173637650791 75017.842097803819343
4369.5 50777.728921011737839 75008.506959719918086
4370 50783.655688234051922 75020.08665694166848
4370.5 50824.28287122756592 75055.233834612095961
4371 50815.349463097052649 75058.818907139400835
4371.5 50785.059355491299357 75025.079239961356507
4372 50787.389634338738688 75007.09395379916532
4372.5 50827.854164391043014 75068.329102266929112
4373 50815.672539361519739 75068.262027991382638
4373.5 50809.602406720856379 75043.837597574587562
4374 50810.831919293552346 75044.804137018130859
4374.5 50759.414219105339726 75008.930522020251374
4375 50796.445578801212832 75053.04694140193169
4375.5 50818.310383211777662 75083.140355642259237
4376 50793.777467853069538 75050.601409593728022
4376.5 50808.246906923312054 75079.358213906627498
4377 50849.698574725065555 75158.47254512035579
4377.5 50856.072472902873415 75170.52097155294905
4378 50894.650959930753743 75218.454490087664453
4378.5 50847.302900768525433 75168.785920213122154
4379 50868.200868090993026 75204.986805227905279
4379.5 50868.310160211491166 75187.109585906931898
4380 50868.354131891173893 75194.820671196270268
4380.5 50854.206497105675226 75182.849430758418748
4381 50857.883049532581936 75193.570559465093538
4381.5 50873.931198238460638 75218.488161195651628
4382 50863.247516514864401 75210.803493223691476
4382.5 50946.79014696815284 75319.093522581868456
4383 50915.281342254747869 75268.690509118605405
4383.5 50836.48874702838657 75182.257649497609236
4384 50869.475742903909122 75235.79758255800698
4384.5 50895.805538153821544 75253.611642648960697
4385 50926.932012814439076 75317.273071343399351
4385.5 50897.089230109406344 75293.587916137563298
4386 50879.233095627307193 75269.159005764231551
4386.5 50880.15373651941627 75274.225440870141028
4387 50935.78307286380732 75368.821446911475505
4387.5 50884.409617731245817 75300.98068484896794
4388 50875.374119778301974 75295.01287244548439
4388.5 50876.520555858274747 75300.958399395400193
4389 50924.737390399815922 75350.598425642834627
4389.5 50872.975430703882012 75299.281247638835339
4390 50938.045706763579801 75391.581449202160002
4390.5 50938.109332315500069 75380.885510949665331
4391 50944.45247771985305 75420.785149055955117
4391.5 50921.650070659939956 75385.809101284496137
4392 50926.424834202931379 75399.340989970078226
4392.5 50863.640178106426902 75321.322343645166256
4393 50897.60839013941586 75378.971298361662775
4393.5 50912.266808240143291 75389.913263109818217
4394 50927.757225636501971 75417.194047031167429
4394.5 50921.813514260262309 75416.621121094736736
4395 50850.851906561641954 75328.834610611869721
4395.5 50860.214958764954645 75344.177446753557888
4396 50908.234243585902732 75418.700013686029706
4396.5 50963.635264609445585 75479.010404315165943
4397 50964.718390031630406 75504.184720687742811
4397.5 50970.304303145487211 75500.889378933265107
4398 50882.553662973703467 75379.459851413586875
4398.5 50921.205540371083771 75444.493020712747239
4399 50937.445859206571185 75459.850129185942933
4399.5 50988.326519674483279 75543.792180992706562
4400 50969.751050034516084 75516.800440149905626
4400.5 50928.190310392077663 75476.029741012098384
4401 50933.075491756440897 75473.204838530044071
4401.5 50945.994904041377595 75494.556450440795743
4402 50954.396704413222324 75509.295927563667647
4402.5 50964.839339854333957 75541.44992298555735
4403 51001.634095707304368 75610.932895482648746
4403.5 50985.13049347618653 75575.10091955763346
4404 50993.873125879887084 75576.252293010766152
4404.5 51005.873744659002114 75574.235440273478162
4405 50937.92229865193076 75496.60295697094989
4405.5 50903.095330317024491 75455.554050030754297
4406 51027.15721828565438 75612.887231496351887
4406.5 51002.459241466480307 75585.745612020109547
4407 51035.05160056520981 75622.860449229032383
4407.5 50964.146492866697372 75541.151987496268703
4408 51002.501898827787954 75578.328043607092695
4408.5 51025.562580856007116 75619.261013237628504
4409 51070.175419386920112 75658.387550203085993
4409.5 51018.600939852760348 75605.118948096496752
4410 51029.09945225752017 75611.819246277853381
4410.5 51042.741360566054936 75640.427619533074903
4411 51053.928771870429046 75670.185637246802798
4411.5 51058.357379968285386 75672.518460028994014
4412 51063.026897430965619 75670.956083834098536
4412.5 51091.720027582749026 75732.442710188406636
4413 51014.262706392401014 75638.4803388100554
4413.5 51007.556521320555476 75623.331342696590582
4414 51051.495222897137864 75681.126879927236587
4414.5 51055.489818082634883 75696.469952474639285
4415 51026.889872505518724 75700.004047508511576
4415.5 51050.791102445007709 75718.340032645239262
4416 51050.113015575319878 75696.512566093500936
4416.5 51100.067054668681521 75782.3665020972403
4417 51053.624477537101484 75741.923764501771075
4417.5 51052.052276163289207 75735.874379189772299
4418 51083.841778021051141 75788.391675064369338
4418.5 51084.969938904316223 75774.539090619757189
4419 51103.090751430449018 75808.439197264611721
4419.5 51082.140592590163578 75794.53511680412339
4420 51030.414588656291016 75725.130845994353876
4420.5 51051.546454875613563 75777.196665105540887
4421 51042.902578068358707 75757.535836887691403
4421.5 51049.339146994389012 75772.715767516783671
4422 51058.427554130692442 75770.586325799144106
4422.5 51072.171969703762443 75803.224639135689358
4423 51055.463326037774095 75773.801452841973514
4423.5 51053.765590427588904 75775.467468341856147
4424 51097.668590772482275 75834.432606986621977
4424.5 51129.291007665662619 75867.315283806368825
4425 51081.725849745263986 75812.614607010502368
4425.5 51095.79425692071527 75819.462330794543959
4426 51073.286319227765489 75803.33783170231618
4426.5 51118.636882219987456 75864.915324749279534
4427 51119.783738355625246 75875.621426868994604
4427.5 51093.479479155081208 75860.080611566940206
4428 51162.743102974702197 75927.192077615472954
4428.5 51184.778631366272748 75964.702836819691584
4429 51128.556486140092602 75905.961266405851347
4429.5 51172.413888493014383 75955.726713293930516
4430 51105.492089483537711 75867.164043628712534
4430.5 51122.537165491608903 75901.078941147687146
4431 51166.750402924852096 75957.652201537901419
4431.5 51126.716260726345354 75921.484618674134254
4432 51155.108283393099555 75945.915667122593732
4432.5 51138.085283797314332 75943.036955762421712
4433 51091.553587405527651 75890.346043098455993
4433.5 51161.343688334847684 76000.111054188324488
4434 51150.058813356619794 75950.00838425863185
4434.5 51195.99297392720473 76013.318597956633312
4435 51160.682807983692328 76004.103339818393579
4435.5 51143.992389391562028 75972.79718226933619
4436 51155.964855008453014 75986.338545179736684
4436.5 51185.439789709249453 76008.237289421143942
4437 51173.801167949481169 75999.018704289963352
4437.5 51223.814232256794639 76069.593918881539139
4438 51232.233047991227068 76088.207527091362863
4438.5 51154.903459316134104 76029.521125885323272
4439 51176.163707692103344 76042.332272476021899
4439.5 51144.719080706010573 75990.31530746135104
4440 51178.87684863065806 76047.06311814179935
4440.5 51244.159157336056523 76144.86241875680571
4441 51163.165528484765673 76051.93958033726085
4441.5 51112.625817695297883 75978.014746799657587
4442 51180.428565046378935 76071.926254253747175
4442.5 51179.120558763635927 76094.183495797668002
4443 51203.554362853508792 76123.742252232666942
4443.5 51212.260331877027056 76126.571135682577733
4444 51241.485367507884803 76179.796695788361831
4444.5 51213.572939368808875 76175.26561941349064
4445 51259.984940599904803 76224.386243958579144
4445.5 51216.367109385195363 76179.462871889176313
4446 51221.859830879016954 76189.4306911045569
4446.5 51230.574768607009901 76162.183214991368004
4447 51208.956623501704598 76133.832956276863115
4447.5 51198.889890536331222 76138.39965327642858
4448 51246.844255823576532 76207.414813366645831
4448.5 51240.329811058662017 76197.433776419507922
4449 51211.782216288986092 76180.322304184621316
4449.5 51199.557790768114501 76165.122337429173058
4450 51274.780789456861385 76282.367660756470286
4450.5 51263.147953849518672 76284.602388795625302
4451 51289.314235222518619 76305.549004175540176
4451.5 51277.18607241306745 76299.381795674620662
4452 51283.665822958173521 76324.308949455851689
4452.5 51265.137734555843053 76298.024369694758207
4453 51176.254076462508237 76195.348492161763716
4453.5 51220.737840947811492 76246.209859019159921
4454 51251.788631685558357 76291.54205829629791
4454.5 51264.782659113610862 76304.995128396403743
4455 51293.062423596988083 76323.961668070740416
4455.5 51284.735290167154744 76327.577749127594871
4456 51288.580576011016092 76330.690476694464451
4456.5 51307.124734330107458 76375.286907549409079
4457 51279.848220489038795 76349.351151637456496
4457.5 51248.324994935625 76289.589535941704526
4458 51324.205335626509623 76404.941360389944748
4458.5 51260.813414378855668 76316.789861845085397
4459 51322.149451897908875 76392.825859366173972
4459.5 51354.707904085342307 76453.956247627051198
4460 51275.147770498158934 76359.450042070806376
4460.5 51294.68426057434408 76384.729479315807112
4461 51315.258335213075043 76416.700978372842656
4461.5 51297.490928132327099 76416.575936082415865
4462 51282.745879192640132 76420.048172273105592
4462.5 51300.533363911919878 76426.121451475992217
4463 51341.224201478238683 76486.936961347135366
4463.5 51322.684142656711629 76476.786543408263242
4464 51315.097055499449198 76464.885169041517656
4464.5 51338.788464316989121 76481.315552523476072
4465 51290.532248595671263 76421.728447965913801
4465.5 51276.16555593918747 76409.932596473823651
4466 51331.622291525622131 76486.485667634115089
4466.5 51269.377069070818834 76425.987118314791587
4467 51344.148850921148551 76515.114503586577484
4467.5 51396.039111487545597 76568.234300588694168
4468 51389.146638462108967 76534.403051995905116
4468.5 51366.535833852583892 76530.183552909715218
4469 51321.992277139186626 76473.137996277888305
4469.5 51331.641843651035742 76508.266259273281321
4470 51339.507740662615106 76513.021878766274313
4470.5 51317.48210631000984 76495.201539006113308
4471 51318.286765168719285 76497.526244776236126
4471.5 51350.84891654682724 76548.178670031935326
4472 51399.765181128321274 76633.467384421543102
4472.5 51305.176867139700335 76511.973691523046
4473 51288.619109249411849 76495.425811177570722
4473.5 51301.174391865461075 76501.678970287437551
4474 51322.972012325219112 76523.623572461307049
4474.5 51419.144836895698973 76633.226134400742012
4475 51404.561082479121978 76634.606495330735925
4475.5 51384.02906856287882 76600.98508350722841
4476 51373.441521876724437 76588.240513143507997
4476.5 51410.464997525705257 76652.951606269838521
4477 51393.770504838998022 76637.762323051152634
4477.5 51337.233016434547608 76585.025285534225986
4478 51347.834982713058707 76593.18946518660232
4478.5 51377.478036806300224 76625.51466463507677
4479 51400.350105751043884 76670.367587989909225
4479.5 51357.142004666915454 76590.745598972498556
4480 51373.260036627354566 76597.49616216821596
4480.5 51368.461356975378294 76610.489452570924186
4481 51364.830884325769148 76607.727247378279571
4481.5 51424.362062781794521 76657.196507210261188
4482 51411.161397168485564 76649.529835586916306
4482.5 51373.894797138884314 76627.630776709120255
4483 51400.874147384995013 76657.427448757662205
4483.5 51404.070601709696348 76685.034960847944603
4484 51391.715244364168029 76687.306521133898059
4484.5 51342.98224245889287 76611.430143485442386
4485 51373.973443882314314 76648.228139314465807
4485.5 51397.642847132119641 76699.346773150042281
4486 51411.764379260523128 76723.376908793914481
4486.5 51428.03776137890236 76730.042410055204527
4487 51436.600177824191633 76744.154392379277851
4487.5 51429.532048405970272 76754.626949811747181
4488 51406.087964463724347 76716.46387404880079
4488.5 51442.944929583922203 76744.527482083154609
4489 51422.904787801038765 76738.808045623984071
4489.5 51418.617951918902691 76738.99929925352626
4490 51396.083007354296569 76697.030483721537166
4490.5 51452.798692957920139 76784.361140256354702
4491 51506.460578675127181 76831.902283767209155
4491.5 51513.872279128983791 76858.300320783178904
4492 51432.19717143401067 76744.850504294619896
4492.5 51462.794061381209758 76797.087639326244243
4493 51484.901942960415909 76827.031603633906343
4493.5 51430.409216767562611 76773.846411013641045
4494 51461.294724074497935 76806.766130221731146
4494.5 51487.1873753389591 76840.195125054669916
4495 51516.039902538126626 76901.941625035891775
4495.5 51488.236002274999919 76854.15906970523065
4496 51482.400505330559099 76895.022708532051183
4496.5 51476.141345048148651 76888.374856478985748
4497 51476.645192338452034 76879.856503082060954
4497.5 51487.351413993150345 76909.753606704514823
4498 51463.134939568473783 76858.119825353918714
4498.5 51469.495374424252077 76868.03570822441543
4499 51473.734387850141502 76873.424294459546218
4499.5 51534.654122803032806 76964.775790224215598
4500 51492.747877402085578 76925.935677273490001
4500.5 51540.298355479120801 76954.251746281879605
4501 51564.763636502786539 76999.059155918032047
4501.5 51533.291218271268008 76957.55564574667369
4502 51540.599483658894314 76972.25434366792615
4502.5 51531.562142352282535 76948.701970674941549
4503 51505.063917719686287 76931.94205289601814
4503.5 51531.30674009994982 76977.50711879953451
4504 51578.262092565149942 77029.702842762955697
4504.5 51534.192965723283123 76974.23797957302304
4505 51549.62877989820845 77011.927212109032553
4505.5 51579.729647873238719 77065.442831604144885
4506 51536.662979232314683 77043.908190979389474
4506.5 51575.707464175720816 77067.496293132033315
4507 51549.018054396452499 77030.90886960842181
4507.5 51549.715421286906349 77052.561755269402056
4508 51543.01976412897784 77056.399319659729372
4508.5 51573.697539051703643 77113.602850051756832
4509 51551.403187596661155 77070.32771759708703
4509.5 51566.463173748648842 77089.982255749127944
4510 51576.71867113616463 77134.365518994440208
4510.5 51566.470651861156512 77129.62232077254157
4511 51600.678657259537431 77156.199646249981015
4511.5 51582.751706152514089 77141.711659618231351
4512 51548.001347508186882 77064.540927259091404
4512.5 51588.888177442815504 77125.266279633942759
4513 51603.729077728290576 77175.523972038557986
4513.5 51626.17870698140905 77200.072245181698236
4514 51593.809566173462372 77137.55701554697589
4514.5 51600.353671451848641 77159.627308753581019
4515 51583.259697974644951 77140.284590007388033
4515.5 51555.478145307351951 77115.365815166616812
4516 51586.860201048912131 77150.427360750094522
4516.5 51596.608182799180213 77162.577591757450136
4517 51666.74045315184776 77263.213822062767576
4517.5 51665.494999919217662 77278.573106509153149
4518 51569.815636038205412 77159.232130871416302
4518.5 51609.838312304396823 77224.948855186506989
4519 51661.04128054981993 77284.626349928425043
4519.5 51632.775082864587603 77230.053081923528225
4520 51649.225397453337791 77269.107563066514558
4520.5 51652.014743606538104 77284.580034261554829
4521 51634.777869354613358 77256.398592324796482
4521.5 51590.224141729879193 77216.471447882664506
4522 51591.840673622849863 77208.573086814256385
4522.5 51578.111419011300313 77211.289456596539821
4523 51660.435063194141549 77311.619804218178615
4523.5 51636.311332812387263 77263.586321865441278
4524 51708.501023166885716 77374.567636004969245
4524.5 51668.470921810243453 77323.260024759641965
4525 51647.003181755324476 77319.63624214194715
4525.5 51571.823290790620376 77240.756599848580663
4526 51640.045415554151987 77305.761237773636822
4526.5 51672.222750813241873 77348.809057298218249
4527 51658.221904944919515 77327.181107516909833
4527.5 51631.837077734111517 77299.315564845644985
4528 51657.496165673197538 77337.144360697318916
4528.5 51590.721133019993431 77266.337778149987571
4529 51666.553351502232545 77352.398063135056873
4529.5 51687.18435144788964 77369.915210986509919
4530 51713.819037384237163 77399.198641308001243
4530.5 51675.45028128267586 77366.404243525044876
4531 51701.452533403717098 77406.261085099511547
4531.5 51693.711069693985337 77407.542363911023131
4532 51731.126705653849058 77445.207015650186804
4532.5 51770.541183481298503 77506.627788462166791
4533 51640.238211202085949 77368.537840205142857
4533.5 51652.607386736475746 77392.774630344894831
4534 51698.920977517525898 77457.033211970541743
4534.5 51677.754144439546508 77426.172443154559005
4535 51705.289916943387652 77494.042665125103667
4535.5 51700.214328760914213 77480.513778564840322
4536 51610.372498482909577 77371.245357603533193
4536.5 51728.323878002389392 77546.152300191999529
4537 51688.378115458355751 77499.424531758224475
4537.5 51673.646547466953052 77477.846632691973355
4538 51719.162085069670866 77543.324591499331291
4538.5 51658.275907472270774 77465.437146952623152
4539 51698.34350646319217 77504.426006905239774
4539.5 51719.292003560745798 77523.958234375357279
4540 51713.527527472826478 77514.79434589802986
4540.5 51703.747941545087087 77514.416474893398117
4541 51694.347943662498437 77504.475482529145665
4541.5 51736.936996009681025 77582.674446319200797
4542 51676.541424951639783 77485.919555245476658
4542.5 51691.274456755316351 77527.725293907613377
4543 51804.460422538795683 77674.467067494362709
4543.5 51706.370063559152186 77554.836700614730944
4544 51733.368513412453467 77610.845043268447625
4544.5 51753.775526413613989 77630.843739545205608
4545 51669.373090801236685 77557.322815657113097
4545.5 51739.733993817106239 77648.215998625018983
4546 51755.918013879978389 77659.185647075311863
4546.5 51759.093606510476093 77682.874073829312692
4547 51760.987690934285638 77711.539134505976108
4547.5 51678.662693347177992 77604.512639452019357
4548 51737.576157214985869 77675.213524345846963
4548.5 51714.092338377835404 77656.059311522069038
4549 51743.785462187275698 77697.605171886170865
4549.5 51777.331336837429262 77741.635439058198244
4550 51702.503105934716586 77651.494301572645782
4550.5 51722.222017373518611 77672.285775336757069
4551 51742.5271161650453 77704.237182835058775
4551.5 51712.266493857976457 77679.050640630943235
4552 51759.667769907442562 77724.455810844679945
4552.5 51768.079091237537796 77756.968941765357158
4553 51757.381368135487719 77712.333811568125384
4553.5 51812.974376787766232 77806.050766557513271
4554 51748.599429693320417 77749.789668179466389
4554.5 51712.983410700420791 77702.235191945408587
4555 51810.613470195894479 77815.366083130065817
4555.5 51721.052333341693156 77695.726353245452628
4556 51770.413066219778557 77741.333939057163661
4556.5 51759.440714297372324 77743.687959939677967
4557 51777.75766197530902 77766.121804873720976
4557.5 51786.196132549470349 77771.612035583209945
4558 51823.82264404164016 77835.13027553835127
4558.5 51815.073738451319514 77821.599513099325122
4559 51790.387363936875772 77795.558488084512646
4559.5 51816.696199467049155 77827.597100226339535
4560 51860.49966362665873 77900.699522138529574
4560.5 51829.169239262140763 77867.611316990383784
4561 51783.037604374156217 77800.604327263805317
4561.5 51816.256690589987556 77855.437195297534345
4562 51780.106518707652867 77814.497332218015799
4562.5 51837.73330962437467 77875.509506239090115
4563 51874.141539536190976 77922.77774765783397
4563.5 51884.997287467936985 77941.846276346434024
4564 51830.612435256894969 77901.470496551992255
4564.5 51838.418004671300878 77892.113168446958298
4565 51823.693963613462984 77884.690185747575015
4565.5 51811.437312970592757 77884.620178164870595
4566 51837.622600915798103 77926.910525490136934
4566.5 51875.188430763751967 77931.041374676482519
4567 51823.510631846329488 77884.845884451540769
4567.5 51865.48502225890843 77969.274288246495416
4568 51819.778561301303853 77914.345354955206858
4568.5 51810.569807313047932 77878.09552086039912
4569 51801.77458608490997 77895.348599140110309
4569.5 51797.091103671860765 77904.183349702434498
4570 51814.463384231275995 77933.853292098167003
4570.5 51799.260133934003534 77925.251464084925829
4571 51847.622614105086541 77986.770480645092903
4571.5 51844.352148669982853 77968.552093779813731
4572 51811.162206425404293 77952.160898489091778
4572.5 51825.895690232035122 77964.33780414640205
4573 51851.984673520106298 78004.565479676937684
4573.5 51846.826465635735076 78006.316134486347437
4574 51880.032149129001482 78046.053002300148364
4574.5 51842.671536148249288 77993.846687181969173
4575 51812.569185195701721 77966.936009629367618
4575.5 51879.698295287264045 78072.825836592601263
4576 51888.797159170171653 78081.459942360132118
4576.5 51814.655983457319962 78005.173215993781923
4577 51839.904473860151484 78032.062216684702435
4577.5 51834.695248013216769 78027.647456236096332
4578 51857.634563255625835 78074.755382341420045
4578.5 51880.222370832350862 78118.953880587519961
4579 51822.266680662185536 78048.356187575889635
4579.5 51862.597607949006488 78107.659390547327348
4580 51896.101998444610217 78161.999658937638742
4580.5 51913.674098563591542 78169.763795709455735
4581 51896.076932331707212 78156.980992987038917
4581.5 51878.198109607496008 78117.781675803329563
4582 51884.131346360743919 78139.813460158082307
4582.5 51877.506203632838151 78154.039724827191094
4583 51833.054603861186479 78103.580438010729267
4583.5 51827.763266190981085 78082.659768281053402
4584 51909.020812312621274 78217.673531165346503
4584.5 51894.807437004848907 78193.025429014989641
4585 51914.388899486642913 78209.353607344746706
4585.5 51921.927351468999404 78210.727931502624415
4586 51860.250228860459174 78150.863997505235602
4586.5 51900.698717902923818 78208.048159909376409
4587 51958.274867611202353 78277.093407074018614
4587.5 51963.874672863465094 78266.199449544670642
4588 51899.149406738557445 78200.401041332428576
4588.5 51948.407405250436568 78263.069731113879243
4589 51982.820187096011068 78298.35652508532803
4589.5 51952.310515670411405 78290.523624187932
4590 51983.000228518198128 78334.365818667210988
4590.5 51927.222481865122973 78281.184947637550067
4591 52005.618053177910042 78373.152770346569014
4591.5 51971.483068357825687 78328.348820708692074
4592 51915.996057613752782 78271.509384085351485
4592.5 51930.8279399399471 78270.073967643038486
4593 51975.202504094741016 78338.322444882520358
4593.5 52023.098727352466085 78392.168507249065442
4594 51998.027485729908221 78372.147383354051271
4594.5 51987.239175772745511 78382.593073579235352
4595 51955.015952556670527 78333.310794614415499
4595.5 51985.019700724078575 78367.991582155285869
4596 51995.734658277615381 78374.024946156830993
4596.5 51977.286009671821375 78369.076671815055306
4597 51983.704659473172796 78403.24489670751791
4597.5 51976.704039662618015 78392.753082032926613
4598 51968.22219135685009 78378.335048410503077
4598.5 51975.659319286933169 78402.026382622047095
4599 51976.357142032815318 78393.23526587728702
4599.5 51969.239193275163416 78393.368074317244464
4600 51962.653200082830153 78408.276474338679691
4600.5 51993.732176891418931 78465.152432764414698
4601 51969.497266274527647 78428.65590528222674
4601.5 51985.423765756844659 78464.573338409289136
4602 51960.590436115388002 78439.704346550439368
4602.5 51934.628656299952127 78401.633010730802198
4603 51991.32239500254218 78474.715142177010421
4603.5 51969.427916968234058 78454.34359845945437
4604 52003.88039268268767 78512.042286109382985
4604.5 51915.742335645816638 78402.753558756652637
4605 51970.303556256323645 78494.75303399207769
4605.5 51934.641039000583987 78473.90943026682362
4606 51990.150348153387313 78523.268480852580979
4606.5 52010.478381074615754 78555.752621719817398
4607 52002.050965613299923 78537.827347934100544
4607.5 52061.69386935854709 78603.558883327539661
4608 52085.243999478356272 78636.650512950902339
4608.5 52050.654144483836717 78603.31826616662147
4609 52049.342509215603059 78609.677844010409899
4609.5 51957.16257960855728 78492.976418458332773
4610 52021.427011931729794 78607.503885013473337
4610.5 51987.39188693241158 78567.136872624279931
4611 51980.559049645489722 78541.386806401453214
4611.5 52054.95257210280397 78664.393312877931749
4612 52062.411247416392143 78662.556634672539076
4612.5 52110.118228651503159 78731.467038599177613
4613 52063.08623689601518 78681.464753149120952
4613.5 51975.724122302039177 78572.237519980291836
4614 52047.447637333520106 78671.396200747723924
4614.5 52082.848916042334167 78727.090106681658654
4615 52089.975058763149718 78724.307501609771862
4615.5 52066.69896843470633 78693.933241623424692
4616 52057.458831965894205 78705.888743890158366
4616.5 52119.583500724991609 78774.2463880009891
4617 52110.979455832610256 78746.332331643337966
4617.5 52064.023129183748097 78693.495154796197312
4618 52091.659633624673006 78723.292360554856714
4618.5 52066.904744557119557 78666.45230771524075
4619 52065.629359037899121 78689.103251986351097
4619.5 52112.603195012176002 78769.803995464753825
4620 52086.601789360480325 78747.012668306328123
4620.5 52043.43376258234639 78707.135577621098491
4621 52057.252354897158511 78719.448630280836369
4621.5 52114.842299989875755 78799.334160008977051
4622 52053.871881300416135 78734.882729516903055
4622.5 52152.807656128083181 78853.279464362392901
4623 52072.449683376195026 78758.179221388621954
4623.5 52078.722284350835253 78780.454692436920595
4624 52107.164522084545752 78787.544547018071171
4624.5 52037.314800091058714 78702.212203594710445
4625 52066.482599706650944 78776.442710130155319
4625.5 52124.350588274675829 78839.299952212721109
4626 52147.141588806771324 78863.728145508008311
4626.5 52164.580961180297891 78896.280820623156615
4627 52114.503413900842133 78837.701053503202274
4627.5 52142.518489733622118 78870.713738252292387
4628 52210.574754547531484 78948.662207954053883
4628.5 52184.018979591179232 78902.256730549197528
4629 52132.996362522782874 78834.708135392764234
4629.5 52140.019433089233644 78852.862629639319493
4630 52182.39186611110199 78916.1289800467639
4630.5 52195.265622907027137 78928.440574637352256
4631 52173.064491562443436 78921.773294098267797
4631.5 52268.650846634780464 79063.444010973718832
4632 52201.94607767182606 78972.33054682976217
4632.5 52169.404641308807186 78935.076380235448596
4633 52198.423873998493946 78997.78305263016955
4633.5 52194.596250471106032 78956.623106721555814
4634 52209.37697182050033 78998.79152815057023
4634.5 52304.009216501872288 79134.351632085847086
4635 52261.276659175913665 79071.591080753074493
4635.5 52244.6290181860968 79075.211964910864481
4636 52212.432553825346986 79017.046273467203719
4636.5 52276.576514850334206 79078.404291357597685
4637 52213.851770765097172 79031.247165570239304
4637.5 52239.354362738209602 79075.12696195008175
4638 52239.073572835797677 79056.006389020330971
4638.5 52193.317402594177111 79002.776480572560104
4639 52197.415732273439062 79006.046013243088964
4639.5 52245.795445296025719 79095.681318471106351
4640 52242.021258451597532 79096.645191945077386
4640.5 52245.805372299182636 79082.973263955573202
4641 52306.027303673668939 79160.4130650855368
4641.5 52266.900169832675601 79122.155360353674041
4642 52220.095460258940875 79061.726909467339283
4642.5 52241.326708391570719 79076.592873495028471
4643 52212.950635861969204 79055.813747259133379
4643.5 52255.211515301278268 79136.341873246827163
4644 52260.615917177055962 79120.206498673927854
4644.5 52257.571798265613324 79131.534382928803097
4645 52274.322611868054082 79164.25962390821951
4645.5 52227.095181171302102 79102.667154514841968
4646 52226.246260565283592 79087.615466185990954
4646.5 52247.800651096869842 79119.812166671414161
4647 52253.165000554188737 79125.014277214504546
4647.5 52203.754194253087917 79069.064376222857391
4648 52261.131353724296787 79185.042971679969924
4648.5 52250.746377303890768 79148.397474574579974
4649 52270.648621448206541 79193.012449917267077
4649.5 52237.217795045798994 79140.240411628779839
4650 52332.610139213546063 79263.734043911492336
4650.5 52302.807152800327458 79244.846408373865415
4651 52309.450669220197597 79250.618047420910443
4651.5 52313.819366838790302 79273.369768995515187
4652 52294.440391258860473 79259.712214170009247
4652.5 52256.226197637515725 79214.114588047930738
4653 52322.282567838032264 79315.728802555458969
4653.5 52299.081269277863612 79299.067432194715366
4654 52290.772911699808901 79301.805885298424982
4654.5 52303.638868579437258 79308.301733406275162
4655 52302.992202419489331 79290.268516098862165
4655.5 52229.959358506981516 79200.034386733343126
4656 52273.540908113653131 79284.061621896995348
4656.5 52273.929042500938522 79261.410743651911616
4657 52289.409316282471991 79288.682576430568588
4657.5 52332.745436453013099 79343.756930080853635
4658 52317.920961457595695 79333.881440839570132
4658.5 52290.38629975294316 79324.27429935267719
4659 52316.814395874462207 79340.317240914446302
4659.5 52322.865957666901522 79368.439731483245851
4660 52313.693277590376965 79355.733976228337269
4660.5 52384.4973003954874 79450.163441241049441
4661 52360.306962617789395 79399.030347652485943
4661.5 52390.371122236058 79446.460470737816649
4662 52384.934562891452515 79420.953219646238722
4662.5 52364.972547604935244 79414.678162188138231
4663 52321.553590468021866 79365.326799170608865
4663.5 52355.717402545938967 79406.609648556317552
4664 52373.068540562599082 79433.534484027608414
4664.5 52388.055478624191892 79459.059310821598046
4665 52380.249579777169856 79445.451170214844751
4665.5 52389.479264913454244 79464.838745341985486
4666 52378.164153932390036 79460.903422431321815
4666.5 52347.220919375955418 79428.225442083639791
4667 52352.45867624591483 79433.978244970101514
4667.5 52322.940340917550202 79422.613493646174902
4668 52397.006851475263829 79494.191891733848024
4668.5 52413.185839278870844 79514.043170001241378
4669 52473.659798671033059 79602.2222201651457
4669.5 52388.13441324778978 79507.559219846007181
4670 52352.421057855346589 79478.654444701591274
4670.5 52389.698410922246694 79522.662705709750298
4671 52329.270903722885123 79447.084681229636772
4671.5 52358.070701054137317 79490.286313844990218
4672 52379.467571037093876 79530.128255001880461
4672.5 52437.528009129418933 79609.610168684463133
4673 52392.445717240341764 79553.862347291884362
4673.5 52402.009706018463476 79568.288223786978051
4674 52361.295979847192939 79532.882089737744536
4674.5 52380.568970915912359 79549.095656361794681
4675 52387.853285086610413 79570.21021887579991
4675.5 52383.24588040317758 79550.075531617432716
4676 52450.532452215833473 79643.020486345223617
4676.5 52425.00573573269503 79604.985573118989123
4677 52419.287694911188737 79639.950402058544569
4677.5 52442.822346557906712 79683.699665420819656
4678 52434.830683969026722 79676.671795394679066
4678.5 52454.722520542556595 79705.752066824657959
4679 52474.689714001258835 79737.684861215922865
4679.5 52432.815096890299174 79663.287766361579997
4680 52442.823745155452343 79674.338483149986132
4680.5 52468.46050512194779 79739.920684519020142
4681 52429.841091338465048 79702.333234662175528
4681.5 52464.731305356188386 79737.552120526612271
4682 52442.346066713107575 79710.911473706131801
4682.5 52474.046068173236563 79751.604083325204556
4683 52468.722008316515712 79740.940866066288436
4683.5 52489.339687265164685 79775.606821290610242
4684 52436.452931339066708 79737.978445169297629
4684.5 52421.519873776502209 79727.925187287357403
4685 52452.525134371077002 79775.866160359451897
4685.5 52464.2162773838063 79792.651950903513352
4686 52475.196878431204823 79829.213850436804933
4686.5 52443.446809037101048 79793.514329808676848
4687 52455.373759651069122 79824.41934871012927
4687.5 52549.92734469086281 79917.543891839959542
4688 52482.398727361724013 79838.336248870400595
4688.5 52466.334301042377774 79860.946673582293442
4689 52413.520993475845899 79807.285708908355446
4689.5 52449.694908394565573 79826.901514415105339
4690 52528.248904710380884 79929.990693222047412
4690.5 52476.244177559827222 79880.173370833537774
4691 52565.767124336947745 79981.657205460447585
4691.5 52505.593705190491164 79894.356676346811582
4692 52490.670318324766413 79880.289902763644932
4692.5 52505.286100743236602 79907.447118699143175
4693 52505.198677212712937 79905.385127210189239
4693.5 52536.55164496856014 79947.393223835359095
4694 52522.156856704583333 79947.164352127481834
4694.5 52515.364524418611836 79927.113756649996503
4695 52484.799145164906804 79911.044419798708986
4695.5 52603.057778375390626 80044.249465332133695
4696 52508.099666689355217 79947.328153490263503
4696.5 52566.117449758930888 80037.288812097045593
4697 52577.351321998372441 80047.986730610122322
4697.5 52507.775909679818142 79949.199092923649005
4698 52570.962229063006816 80057.636200349050341
4698.5 52560.091039697472297 80033.588800382349291
4699 52568.795446935051586 80026.006911172982655
4699.5 52624.092015091700887 80085.760643399495166
4700 52583.161914043383149 80040.723343564081006
4700.5 52543.904056869454507 80001.08759876039403
4701 52542.727160215777985 80010.740363805438392
4701.5 52598.054828739434015 80092.270644213655032
4702 52482.626738096238114 79915.911839760912699
4702.5 52551.531329944278696 80017.526247098299791
4703 52556.268842980658519 80020.306931765924674
4703.5 52541.661266358074499 80014.10248686792329
4704 52543.998594927878003 80030.181803579602274
4704.5 52562.548558714574028 80065.345256103333668
4705 52617.666079570699367 80099.050069047749275
4705.5 52613.903626425832044 80122.198931083010393
4706 52587.172873769057333 80076.635239042720059
4706.5 52597.554902684714762 80096.099254286382347
4707 52554.372080804889265 80051.283028886144166
4707.5 52586.346114670923271 80096.076346884423401
4708 52614.900125616346486 80126.271813855782966
4708.5 52549.390650720022677 80039.92878913829918
4709 52569.390687559069193 80078.101860899943858
4709.5 52610.279278007546964 80136.612760103322216
4710 52613.177612372674048 80171.903721365626552
4710.5 52593.206803890396259 80138.611828992667142
4711 52555.136448536279204 80085.669372214149917
4711.5 52545.289790275572159 80081.589092078676913
4712 52527.56787383271876 80065.601491115841782
4712.5 52586.714725760772126 80153.501862645716756
4713 52621.931635151449882 80196.62891202395258
4713.5 52631.94069759350532 80219.338180868435302
4714 52602.53263515085564 80151.912817335920408
4714.5 52627.661813639722823 80211.476354235011968
4715 52658.541682093091367 80255.820915123724262
4715.5 52591.667560763235088 80181.526976283144904
4716 52649.51556404416624 80275.523152337307693
4716.5 52673.655034416558919 80282.730184391490184
4717 52643.93976371773897 80250.175416586120264
4717.5 52656.749664605762518 80266.430813121114625
4718 52703.767719384348311 80326.88689243789122
4718.5 52636.527972406853223 80244.785050800812314
4719 52600.993701387713372 80191.67623445551726
4719.5 52632.155956700116803 80205.802786624451983
4720 52619.788195068453206 80191.25941646991123
4720.5 52646.480098560066835 80266.823912455743994
4721 52658.484409203701944 80269.287064583404572
4721.5 52614.597814545762958 80226.064808012670255
4722 52654.296470318739011 80265.973768685769755
4722.5 52648.808813161907892 80250.0251926768251
4723 52674.811916500606458 80290.331856963734026
4723.5 52658.637951348435308 80277.060402001457987
4724 52694.627348082474782 80338.877740848765825
4724.5 52682.56398585295392 80318.211811639484949
4725 52637.509871235051833 80276.241689651826164
4725.5 52695.929134806705406 80320.090334147855174
4726 52708.581761197943706 80337.401923774275929
4726.5 52692.345059219849645 80329.664314871479291
4727 52696.487648171510955 80337.452016818686388
4727.5 52763.291449959906458 80408.415276954052388
4728 52701.510994993033819 80319.73024350022024
4728.5 52724.639004366770678 80360.559194878223934
4729 52721.883753226167755 80350.18681328407547
4729.5 52729.745898480199685 80364.566971296182601
4730 52768.130106077813252 80431.190021765476558
4730.5 52747.958271991788934 80395.692209317145171
4731 52757.716340030783613 80404.173224634083454
4731.5 52734.099648008457734 80391.133317982399603
4732 52742.084751335642068 80386.914456271013478
4732.5 52729.617013267488801 80410.3116865826305
4733 52735.889569097787898 80431.502922368454165
4733.5 52761.258079475424893 80476.179764543878264
4734 52790.270453991091927 80534.170356417409494
4734.5 52739.327387232639012 80456.728475949683343
4735 52818.30284895782097 80553.174275425917585
4735.5 52769.361749432871875 80516.869933831432718
4736 52803.537784445274156 80572.803819017266505
4736.5 52755.747322677998454 80499.647767667105654
4737 52772.523418748074619 80516.416100932619884
4737.5 52740.053339775608038 80496.285459161925246
4738 52751.497910584854253 80520.678329620073782
4738.5 52768.630071828614746 80528.540320418411284
4739 52861.86666485555179 80660.319955364509951
4739.5 52796.598387325189833 80593.884373134584166
4740 52766.787206876506389 80587.343990552821197
4740.5 52815.034412828972563 80631.28521118304343
4741 52820.394309180737764 80642.086317317545763
4741.5 52751.565384768611693 80585.341466404992389
4742 52766.340967512725911 80620.482715549936984
4742.5 52772.197079851153831 80625.555266722542001
4743 52784.762797315859643 80648.079080167532084
4743.5 52838.467247096268693 80723.56192409383948
4744 52789.461747195593489 80647.758980380764115
4744.5 52775.512874782980361 80661.286082234291825
4745 52728.960549727773468 80621.900194826434017
4745.5 52770.68189240720676 80664.682524029965862
4746 52823.457014056213666 80739.427893006446538
4746.5 52816.477330442081438 80745.57010930441902
4747 52832.182970635076344 80751.461028103425633
4747.5 52787.87717825393338 80724.130034209243604
4748 52819.787440083149704 80780.463457485559047
4748.5 52798.970897542232706 80736.56668650235224
4749 52765.860991264737095 80687.954657889946247
4749.5 52777.368364173184091 80726.941128368140198
4750 52795.780935187220166 80744.936339162144577
4750.5 52844.943776749598328 80821.062509068302461
4751 52803.462145723613503 80759.402914660400711
4751.5 52766.6241260044917 80700.466083872277522
4752 52834.836441647537868 80802.193823252891889
4752.5 52780.029849485268642 80727.477732433646452
4753 52836.312060863521765 80794.970103245854261
4753.5 52860.697397701100272 80831.731297528851428
4754 52805.925398396218952 80765.5327680206683
4754.5 52859.853826748556457 80854.168227461341303
4755 52812.056194388169388 80811.745572412808542
4755.5 52790.469367989768216 80754.574493709267699
4756 52861.740306946659985 80872.358489058387931
4756.5 52904.813872608741804 80917.110951150098117
4757 52860.327173931815196 80863.051213989616372
4757.5 52879.009742448470206 80878.735774956192472
4758 52848.140774093524669 80857.077537202450912
4758.5 52866.693388104198675 80881.655664374193293
4759 52836.556335155924899 80878.386779992331867
4759.5 52884.955225538164086 80940.079461833069217
4760 52839.72584543103585 80896.97583482907794
4760.5 52823.214500154754205 80882.518935602711281
4761 52822.031754941017425 80882.615048656560248
4761.5 52867.580804821380298 80949.206080762378406
4762 52893.195998479248374 80962.194819255571929
4762.5 52885.68272547529341 80975.1191436634399
4763 52861.795118570546038 80941.798094442012371
4763.5 52922.945605272383546 81003.712583120024647
4764 52900.67809984464111 80981.664187529895571
4764.5 52835.439075631875312 80913.590581272772397
4765 52899.705284149182262 80994.950277388532413
4765.5 52906.627939155914646 81003.129973440256435
4766 52915.312342711280508 81030.536535765015287
4766.5 52868.614029802898585 80963.346595966489986
4767 52878.126375112813548 80991.448558043804951
4767.5 52895.406035033476655 81013.114628207331407
4768 52923.475551972864196 81061.583991380219231
4768.5 53002.41425731414347 81149.529799629657646
4769 52849.633300377558044 80939.908395950842532
4769.5 52902.214662995873368 81027.639968692543334
4770 52945.756454166184994 81089.019406607141718
4770.5 52894.268802487276844 81016.079730379162356
4771 52845.792680228929385 80970.548144174856134
4771.5 52932.169229489278223 81070.750033886870369
4772 52961.796549546466849 81119.982466105968342
4772.5 52916.992981347932073 81061.561257232795469
4773 52917.812284174462548 81070.695044899694039
4773.5 52972.834725592576433 81131.045254538606969
4774 52998.940726346161682 81179.708899614139227
4774.5 52933.503890970372595 81120.168446204072097
4775 52949.531958429484803 81142.012067603805917
4775.5 52941.802921318267181 81119.314236438178341
4776 52963.052637933047663 81153.229715745444992
4776.5 52995.17599130992312 81207.385139575926587
4777 52923.343434350274038 81088.835490827259491
4777.5 52915.186087123751349 81086.443292559299152
4778 53006.950647589488653 81251.841958705103025
4778.5 52951.121732462212094 81160.917585505361785
4779 52986.918547226050578 81199.994039800483733
4779.5 52986.242708215686434 81207.733925032516709
4780 52965.819259950192645 81150.80287195033452
4780.5 52961.156305758508097 81171.392611264454899
4781 52955.690993110372801 81180.564789468829986
4781.5 53004.170447914242686 81240.637457662072848
4782 53029.329062626769883 81266.476559360773535
4782.5 53026.649744899739744 81247.451752417662647
4783 52980.665026283662883 81205.333471596779418
4783.5 52937.034622439074155 81148.730662019355805
4784 52987.336892716863076 81197.299710844701622
4784.5 53014.524681110437086 81238.496671771732508
4785 53080.720699481062184 81327.164976319065318
4785.5 53057.188030104989593 81306.884053266359842
4786 52985.493286800032365 81210.759231715812348
4786.5 53005.699694031580293 81241.594183900524513
4787 53023.409653497466934 81290.345616891034297
4787.5 52975.907092479392304 81216.264957210529246
4788 53028.934979415258567 81277.968135909250122
4788.5 53043.72551342852239 81286.167171295484877
4789 53017.247102089735563 81277.253440633692662
4789.5 53031.411391288238519 81297.588670705357799
4790 52998.035140523694281 81255.633667698901263
4790.5 53007.159697248418524 81301.546376500278711
4791 53045.859600739568123 81354.727809293181053
4791.5 53043.52651632479683 81331.195216887761489
4792 53069.413460161769763 81350.248982980134315
4792.5 53104.021491541228897 81411.328839182431693
4793 53063.745656807855994 81375.029334715974983
4793.5 53005.962882082028955 81297.675409614035743
4794 53031.24631256768771 81345.084063635149505
4794.5 53000.941926693252753 81313.621861145438743
4795 53045.417958355610608 81376.648553558552521
4795.5 53004.571355227475578 81337.031621765287127
4796 53013.976331339115859 81325.800551808861201
4796.5 53069.487656587261881 81407.151056139264256
4797 53051.352689343089878 81400.126493339528679
4797.5 53059.131045440262824 81423.366209700863692
4798 53061.883652014934341 81400.356986185957794
4798.5 53070.741500719122996 81418.81098009319976
4799 53092.236931346807978 81440.238722719732323
4799.5 53122.197444365716365 81476.007990236466867
4800 53071.478040236295783 81424.028006244188873
4800.5 53059.682158139665262 81400.979656954965321
4801 53036.767507996453787 81376.201345589535777
4801.5 53069.668626316524751 81444.461185000749538
4802 53065.928657462260162 81437.735417229181621
4802.5 53055.768583475262858 81420.155856942510582
4803 53089.712416841415688 81466.696710264746798
4803.5 53091.313513175940898 81483.678672140056733
4804 53075.132018299904303 81479.649515790981241
4804.5 53096.814757943771838 81498.305244138216949
4805 53089.629906534559268 81488.522526306449436
4805.5 53116.11111405925476 81529.928573740529828
4806 53104.165636237201397 81516.915300604770891
4806.5 53109.907657136580383 81525.097266162818414
4807 53118.178462832489458 81544.148937081350596
4807.5 53113.206054608199338 81516.521829249890288
4808 53111.886247749534959 81534.551454243817716
4808.5 53155.191382763332513 81599.092373846768169
4809 53131.177127665170701 81563.522393867184292
4809.5 53127.766274158660963 81558.403968927406822
4810 53147.331382500124164 81579.091583169254591
4810.5 53099.052991315133113 81529.167411757953232
4811 53089.553227034164593 81526.631548819597811
4811.5 53135.604000524341245 81593.920578143952298
4812 53137.637799835887563 81611.842916011199122
4812.5 53081.890553835270111 81546.125920632606721
4813 53095.611868643572961 81562.373285495646996
4813.5 53149.282907432825596 81636.865559292054968
4814 53178.994629792185151 81665.953720801757299
4814.5 53177.720810737642751 81664.579804093533312
4815 53231.125642525686999 81740.855651082340046
4815.5 53195.965829261302133 81690.191790606768336
4816 53201.529463725448295 81693.219133333506761
4816.5 53253.882500705884013 81785.076005725321011
4817 53182.972667044690752 81686.127395534873358
4817.5 53224.317663874862774 81766.344736661761999
4818 53241.908849392355478 81785.649238096535555
4818.5 53234.084253650747996 81772.537593176501105
4819 53203.230379445645667 81757.776535337252426
4819.5 53230.057440905613475 81788.677962150468375
4820 53189.460103709781833 81745.096603357756976
4820.5 53238.55020238605357 81811.732913164232741
4821 53196.289522461411252 81761.058945531724021
4821.5 53207.983844027243322 81758.763548328832258
4822 53231.00302280671167 81797.260417796162074
4822.5 53179.012816746806493 81747.792576581981848
4823 53218.808788354581338 81789.705949581417372
4823.5 53289.647513328680361 81873.241264588505146
4824 53212.326273666985799 81783.258589719553129
4824.5 53198.22618699814484 81782.59372888469079
4825 53223.728519980519195 81781.649372495070565
4825.5 53204.950339535163948 81777.219907066799351
4826 53192.726001581810124 81771.158139993203804
4826.5 53301.620025546078978 81903.738709328652476
4827 53257.893245715989906 81843.277101870495244
4827.5 53259.181334106833674 81848.642795237450628
4828 53272.378669498793897 81874.630929098813795
4828.5 53253.615650490814005 81857.142494880055892
4829 53208.075132626858249 81812.50676024837594
4829.5 53243.459909727593185 81863.591512822720688
4830 53242.120016682361893 81873.157067814594484
4830.5 53254.050637873660889 81863.314195524784736
4831 53231.780069860324147 81825.808807252120459
4831.5 53259.945970994740492 81882.323666852127644
4832 53251.911958633783797 81878.06170501386805
4832.5 53309.681401772126264 81942.935568571017939
4833 53258.450449546486198 81897.880825362735777
4833.5 53268.314716217122623 81910.392141789649031
4834 53257.480703380359046 81901.97908142801316
4834.5 53274.568982499353297 81917.751820259887609
4835 53293.517129171945271 81973.285002861652174
4835.5 53329.359793458221247 82037.834139201688231
4836 53317.271516162523767 82035.86359438834188
4836.5 53289.519940366517403 81975.510824382858118
4837 53281.476206725725206 81960.586426234222017
4837.5 53288.293003565369872 82005.502532328799134
4838 53295.22099452715338 82012.115845501582953
4838.5 53308.844277661512024 82010.69188297718938
4839 53254.230151744195609 81942.547203881535097
4839.5 53298.45932786227786 82009.262655462618568
4840 53292.442745539767202 82028.340235678639146
4840.5 53311.573462407373881 82041.293102013834869
4841 53332.597497592585569 82059.370804165722802
4841.5 53340.679403733833169 82057.857457965350477
4842 53294.479389236199495 82002.859426294162404
4842.5 53324.512599799883901 82057.896003716363339
4843 53344.285342457347724 82079.73944783238403
4843.5 53335.930879660954815 82088.082850551261799
4844 53346.376797411197913 82095.162458290709765
4844.5 53341.753579581658414 82095.097333689001971
4845 53317.034153084583522 82082.28657518705586
4845.5 53291.991437144075462 82050.593632535135839
4846 53311.997152203279256 82093.877049144401099
4846.5 53334.659997056012799 82105.974319733752054
4847 53348.32922234981379 82125.077308166684816
4847.5 53330.21955226391583 82087.329786148184212
4848 53307.199949921792722 82091.730974984850036
4848.5 53376.792482430508244 82175.927283775075921
4849 53401.731710975902388 82215.138685970348888
4849.5 53396.767642868580879 82226.076976205804385
4850 53365.602994917775504 82202.906495888310019
4850.5 53386.239379773141991 82239.071026751495083
4851 53388.217233855393715 82238.510907831368968
4851.5 53368.680420446202334 82211.562942314063548
4852 53399.767816789171775 82248.771268164622597
4852.5 53429.259079701616429 82291.151661454176065
4853 53457.5701981908569 82351.753373276806087
4853.5 53402.313160523066472 82299.918834823489306
4854 53413.910759322563536 82286.140164154552622
4854.5 53439.657361299687182 82298.778324686893029
4855 53462.400624089197663 82318.118211271561449
4855.5 53445.592512374802027 82322.11998059778125
4856 53392.162436598693603 82252.836895463100518
4856.5 53415.2613770521275 82297.684515651795664
4857 53465.513189375669754 82355.619043006576248
4857.5 53480.667507462349022 82364.064148371398915
4858 53495.224604830669705 82390.217274887021631
4858.5 53508.562787598202704 82402.224320040462771
4859 53468.033575093570107 82387.270832809444983
4859.5 53501.860949471272761 82428.447408433625242
4860 53522.277047771269281 82435.303726802943856
4860.5 53431.161182343013934 82321.951710196546628
4861 53468.822604524764756 82377.785711807664484
4861.5 53507.205477859773964 82442.394988671017927
4862 53450.624344117095461 82367.170065875470755
4862.5 53473.374647668693797 82392.346833271556534
4863 53464.676575328288891 82403.489018041902455
4863.5 53430.513948415304185 82400.717374156898586
4864 53454.730235211158288 82408.432250990445027
4864.5 53475.093393018149072 82429.244669716150383
4865 53493.782341602971428 82462.064099642666406
4865.5 53450.086765106840176 82424.598996266751783
4866 53459.619337963711587 82439.292658840175136
4866.5 53543.0111809762966 82538.673683738539694
4867 53457.094370234503003 82436.403927140228916
4867.5 53427.95028282662679 82403.489278190856567
4868 53463.648060356623319 82444.624505750849494
4868.5 53489.522119198118162 82492.707349385818816
4869 53519.587776092907006 82528.457784505939344
4869.5 53472.53120124203997 82464.590868673563818
4870 53496.085803623391257 82513.465693467238452
4870.5 53508.051740140617767 82523.010679388346034
4871 53466.437710570753552 82469.460335878276965
4871.5 53455.113712294551078 82453.176560680789407
4872 53495.21557961198414 82520.666254125273554
4872.5 53510.888438526853861 82544.795605512292241
4873 53518.435293827467831 82567.312918533250922
4873.5 53517.271403805658338 82555.893207479297416
4874 53550.721448075441003 82592.27644072115072
4874.5 53522.974901393528853 82571.972511114145163
4875 53529.289923796481162 82578.620398931059754
4875.5 53476.753135291255603 82551.344004019818385
4876 53560.670729012643278 82649.168928304628935
4876.5 53576.775543500756612 82650.677798642689595
4877 53535.918703607938369 82597.246145080396673
4877.5 53540.413391844100261 82590.589768525242107
4878 53510.350476036561304 82582.383711294824025
4878.5 53552.305345524386212 82643.303559165869956
4879 53584.361845172192261 82659.45811530102219
4879.5 53577.138433716310828 82681.51852076537034
4880 53528.354650191227847 82591.788891741089174
4880.5 53599.436790362327883 82702.550999211365706
4881 53555.816927502914041 82625.556635858840309
4881.5 53553.773824809708458 82663.658191820592037
4882 53555.162658403853129 82643.541881479264703
4882.5 53570.63639249085827 82695.224457360964152
4883 53609.210789732358535 82754.13598582832492
4883.5 53609.496952861758473 82759.857973405902158
4884 53540.877287517789227 82662.472026080868091
4884.5 53585.88183819247206 82725.398945398730575
4885 53566.915170543143176 82704.301042750972556
4885.5 53579.969018800162303 82692.120224950398551
4886 53612.827418183842383 82747.100682597825653
4886.5 53617.561276180298591 82749.520105038565816
4887 53607.753669305762742 82709.672686420104583
4887.5 53710.10153224044916 82833.187176486419048
4888 53667.516753909658291 82802.741402811923763
4888.5 53643.099858572204539 82799.543706119700801
4889 53712.272132424113806 82881.061967245666892
4889.5 53697.745030629062967 82836.158937092346605
4890 53640.419390314535121 82756.336781983947731
4890.5 53654.391773834904598 82798.182722122699488
4891 53613.533721170628269 82718.670228671806399
4891.5 53650.214245735740406 82796.395235117073753
4892 53611.51487408689718 82778.371828036833904
4892.5 53645.532641441415763 82802.489302379093715
4893 53674.299823307235783 82844.665668199071661
4893.5 53632.661668139422545 82802.170662290111068
4894 53622.340546041348716 82782.138725066455663
4894.5 53711.682976997981314 82889.990709320976748
4895 53708.32211974238453 82881.357058887399035
4895.5 53627.13566648021515 82790.06129898004292
4896 53663.517340297046758 82868.775225091347238
4896.5 53681.965294468813227 82901.855974469712237
4897 53620.313672438875074 82790.028883637132822
4897.5 53718.52258693085605 82927.623729547558469
4898 53678.754013745085103 82880.667597419873346
4898.5 53642.744126566845807 82843.202916149763041
4899 53657.938146878579573 82865.337256888728007
4899.5 53638.399979699155665 82827.557468863626127
4900 53676.662829734021216 82879.940871054190211
4900.5 53708.245913504448254 82958.734675228595734
4901 53675.605306808247406 82912.986504953543772
4901.5 53683.993069258474861 82911.823817780503305
4902 53697.80359736878745 82913.781067908144905
4902.5 53720.608357897843234 82966.1877664468484
4903 53720.652552283230762 82959.959558399466914
4903.5 53682.712607934692642 82937.864243381118285
4904 53726.744993373977195 82986.950452748031239
4904.5 53781.861932583582529 83071.391916839129408
4905 53707.304195763776079 82994.941999407761614
4905.5 53720.035978322819574 83022.797099919131142
4906 53697.648315044403716 82982.639696566373459
4906.5 53751.405781213499722 83067.712359078795998
4907 53707.891452190793643 82989.467384459378081
4907.5 53778.387566957215313 83059.906740025151521
4908 53733.845769349536567 83040.565088024639408
4908.5 53744.795904259881354 83079.086906609445577
4909 53784.551824891263095 83127.174798314095824
4909.5 53759.5324093579693 83075.528344490201562
4910 53750.102971479813277 83079.510910479802988
4910.5 53712.636130606886582 83026.356405423895922
4911 53782.704834944532195 83126.589032002491876
4911.5 53783.077347868580546 83107.458279345082701
4912 53806.510925943664915 83137.236922894051531
4912.5 53738.934073458076455 83058.397309056221275
4913 53712.620257107468206 83029.295676468638703
4913.5 53741.755938284019066 83087.619336788848159
4914 53725.246923065918963 83071.811860860136221
4914.5 53752.178042926498165 83134.000509307952598
4915 53760.330495724469074 83125.671764719620114
4915.5 53756.79310894083028 83109.29436668366543
4916 53738.050982004730031 83136.405841261090245
4916.5 53759.756991131478571 83191.08013076937641
4917 53780.215392236525076 83181.526624593665474
4917.5 53768.873860599393083 83188.719783168024151
4918 53761.759790192598302 83156.587868254660862
4918.5 53795.262081931941793 83221.720037758874241
4919 53787.30906847523147 83222.156587416116963
4919.5 53801.203779968753224 83215.117277070748969
4920 53809.444237529656675 83221.633698019795702
4920.5 53814.220315136830322 83217.813165224899421
4921 53817.486010566011828 83230.002467135636834
4921.5 53830.059913034143392 83251.445608191439533
4922 53849.792946818350174 83283.382750354270684
4922.5 53832.702264818632102 83266.104817943079979
4923 53827.862358417587529 83272.36186826240737
4923.5 53892.052389388118172 83343.983868343420909
4924 53826.248707799124531 83265.69209449373011
4924.5 53813.067135224693629 83258.559968587331241
4925 53874.037243417726131 83330.095505416291417
4925.5 53854.584055881830864 83305.380799793201732
4926 53824.447451653803 83261.858756607645773
4926.5 53854.350915600822191 83295.521693783608498
4927 53856.216242433431034 83314.364157809279277
4927.5 53798.286551389574015 83247.830689351976616
4928 53885.997366495008464 83367.838095325161703
4928.5 53852.682921377505409 83329.120981346233748
4929 53885.506191093227244 83390.94751559557335
4929.5 53896.031563759039273 83397.507477580773411
4930 53862.319901881135593 83336.581457311680424
4930.5 53891.471051790096681 83370.188918246218236
4931 53905.946968779702729 83392.520352814957732
4931.5 53858.750590091622144 83326.264545814148732
4932 53930.639902188049746 83447.441399418108631
4932.5 53925.763398816772678 83452.054223048995482
4933 53844.165807393052091 83333.946867653852678
4933.5 53856.715046427198104 83399.781132673335378
4934 53890.081217051483691 83424.608084149076603
4934.5 53870.789626574689464 83413.684509275990422
4935 53862.018553302936198 83424.00717634819739
4935.5 53852.242295055271825 83400.815722169732908
4936 53953.415087267538183 83518.553771533624968
4936.5 53899.665532237013394 83443.406324882060289
4937 53875.201032181881601 83425.904856575711165
4937.5 53905.797795624850551 83449.633316305960761
4938 53855.552987768423918 83405.275788833925617
4938.5 53893.478924323251704 83449.715892781561706
4939 53908.382063729892252 83479.061955979370396
4939.5 53903.668676921915903 83497.174017411394743
4940 53887.014961539869546 83475.787130316661205
4940.5 53880.617469779899693 83451.015992706059478
4941 53904.187754044483881 83508.316816724836826
4941.5 53863.964220973517513 83459.319916529813781
4942 53872.804781263883342 83472.388084716687445
4942.5 53865.660538794560125 83457.903432784660254
4943 53903.647714721737429 83491.416617725146352
4943.5 53975.889805067206908 83600.442512295325287
4944 53941.7891939787296 83566.814504926325753
4944.5 53953.074501269191387 83581.216123762642383
4945 53960.655495297090965 83577.793902445147978
4945.5 53948.499058845576656 83557.922503127192613
4946 53973.23383783569443 83579.374624655931257
4946.5 54011.00398985202628 83649.053999275784008
4947 53975.686094709591998 83609.819124828427448
4947.5 53985.035901042363548 83630.348896438445081
4948 53951.651244606480759 83613.84781536522496
4948.5 53917.0193098165837 83558.255735803963034
4949 54007.31041851064947 83681.413452234191936
4949.5 53970.510348673909903 83644.063300543697551
4950 53991.068838464881992 83670.557230745325796
4950.5 53991.728560986783123 83663.693291631381726
4951 53937.236600337811979 83584.023737388852169
4951.5 53948.027677959638822 83624.734569132808247
4952 54001.040282476460561 83698.902745335377404
4952.5 54030.686329553202086 83731.397309390245937
4953 54060.547317327545898 83772.887547493344755
4953.5 53991.648949079768499 83714.907496496773092
4954 54019.769646985230793 83742.731200419701054
4954.5 54050.260669836687157 83788.074753827575478
4955 53994.816358166957798 83726.203549028461566
4955.5 54059.052849775034701 83839.542463851947105
4956 54062.688802608165133 83843.233631417577271
4956.5 54062.50623379892204 83841.532154697793885
4957 54049.283982739427302 83847.141594796819845
4957.5 53995.996369517524727 83741.130445038768812
4958 54066.809667703644664 83841.744817946120747
4958.5 54043.186928017777973 83823.431007635444985
4959 54010.431389992671029 83790.33040539448848
4959.5 53973.44302236722433 83747.56017883765162
4960 53974.584479467659548 83756.537166790410993
4960.5 54022.849534877444967 83824.679647347380524
4961 54041.195990025618812 83841.062199141219025
4961.5 54088.128956745415053 83901.849942333530635
4962 54020.106447829559329 83816.869930028711678
4962.5 54005.988071296400449 83798.347446509258589
4963 54009.354770949335943 83826.168632556742523
4963.5 54069.536868915121886 83892.217684844974428
4964 54030.302556822105544 83844.462576704157982
4964.5 54000.57487861939444 83811.101975018260418
4965 54103.374149703951844 83910.540586837523733
4965.5 54117.135741780526587 83938.269534791877959
4966 54048.004028222727356 83835.56321868802479
4966.5 54037.705950249306625 83858.549062022255384
4967 54033.643320915020013 83850.806426988725434
4967.5 54086.8908457419966 83892.279971940806718
4968 54110.10296836240741 83947.865388421079842
4968.5 54071.718135390692623 83920.988280830482836
4969 53989.515991705178749 83828.937711592836422
4969.5 54087.912011681619333 83960.425275776928174
4970 54097.270568077081407 83970.248211014855769
4970.5 54020.367729640543985 83897.698285257036332
4971 54049.65253802126972 83944.776819939273992
4971.5 54085.271365689550294 83967.442349904464209
4972 54086.832364770009008 83980.72748848045012
4972.5 54110.98080482595833 84026.433520957667497
4973 54101.105573998851469 84028.114518915943336
4973.5 54063.643590506966575 83965.586561001691734
4974 54141.455700806887762 84090.707493585636257
4974.5 54115.775666823617939 84061.838320911032497
4975 54139.004686117899837 84098.960109198276768
4975.5 54125.305577502680535 84058.229180691705551
4976 54073.993861751936493 83981.007084804397891
4976.5 54116.264837161579635 84085.949065082022571
4977 54132.474315266357735 84098.176747321864241
4977.5 54080.516015065782994 84040.025757721741684
4978 54116.891422613967734 84085.607079190594959
4978.5 54112.235798755391443 84089.457305143863778
4979 54012.752002296605497 83983.809970441594487
4979.5 54057.846282430509746 84034.566948042484
4980 54088.166053003122215 84082.914844286991865
4980.5 54088.799887699628016 84084.187044139456702
4981 54065.701712619273167 84044.048648460724507
4981.5 54086.152350485055649 84086.831523923770874
4982 54097.292472212655412 84114.204255333941546
4982.5 54148.189491155237192 84151.295872576607508
4983 54112.618287933859392 84099.513843115229975
4983.5 54151.569079759210581 84159.483790701517137
4984 54161.608961127458315 84177.615110430837376
4984.5 54116.861416313084192 84134.256744101221557
4985 54157.404259225389978 84228.84334251403925
4985.5 54158.320769090772956 84205.289210816190462
4986 54201.942606008815346 84272.260464895356563
4986.5 54127.936188130654045 84196.637200636556372
4987 54154.777612840953225 84233.307271312936791
4987.5 54182.704886426377925 84291.026070770283695
4988 54137.355254088135553 84217.912846294319024
4988.5 54175.358696720461012 84268.175816125687561
4989 54184.603750920818129 84265.597283531242283
4989.5 54184.560686684621032 84273.859348400961608
4990 54128.612471155589446 84213.478864733304363
4990.5 54149.205332904224633 84246.06004912086064
4991 54185.151942199539917 84246.751775955461198
4991.5 54213.777572898135986 84303.592639357040753
4992 54181.356263220164692 84273.14126447091985
4992.5 54174.530799404179561 84298.761117818212369
4993 54221.807541361937183 84368.636808005947387
4993.5 54230.130959990943666 84385.456917981733568
4994 54181.488580283607007 84341.230232797650388
4994.5 54174.809283796043019 84334.208606854008394
4995 54165.039125585710281 84313.607599692433723
4995.5 54193.123443149757804 84388.359549328568392
4996 54191.438581864247681 84373.323557037816499
4996.5 54181.93358682248072 84326.645000251024612
4997 54196.126284206104174 84373.536415007518372
4997.5 54215.001293405061006 84381.852005714681582
4998 54221.890467238714336 84383.417903710505925
4998.5 54231.481323602594784 84394.998822259469307
4999 54148.054438508523162 84327.712816522849607
4999.5 54201.448031479783822 84398.545738749817247
5000 54255.627315789562999 84418.305031082141795
